{
"type": "FeatureCollection",
"name": "buildings",
"crs": { "type": "name", "properties": { "name": "urn:ogc:def:crs:EPSG::32719" } },
"features": [
{ "type": "Feature", "properties": { "id": 1, "instance": 1, "mean_prob": 0.963, "area_m2": 498.9, "split_by_accepted_cut": false }, "geometry": { "type": "Polygon", "coordinates": [ [ [ 600869.305540000088513, 8171382.947730001062155 ], [ 600869.305540000088513, 8171382.647730000317097 ], [ 600869.005540000041947, 8171382.647730000317097 ], [ 600869.005540000041947, 8171381.447730001062155 ], [ 600868.705540000111796, 8171381.447730001062155 ], [ 600868.705540000111796, 8171381.147730000317097 ], [ 600868.105540000135079, 8171381.147730000317097 ], [ 600868.105540000135079, 8171381.447730001062155 ], [ 600867.205540000111796, 8171381.447730001062155 ], [ 600867.205540000111796, 8171381.147730000317097 ], [ 600866.90554000006523, 8171381.147730000317097 ], [ 600866.90554000006523, 8171380.547730000689626 ], [ 600866.305540000088513, 8171380.547730000689626 ], [ 600866.305540000088513, 8171380.24773000087589 ], [ 600866.005540000041947, 8171380.24773000087589 ], [ 600866.005540000041947, 8171380.547730000689626 ], [ 600865.105540000135079, 8171380.547730000689626 ], [ 600865.105540000135079, 8171381.147730000317097 ], [ 600864.805540000088513, 8171381.147730000317097 ], [ 600864.805540000088513, 8171381.74773000087589 ], [ 600864.505540000041947, 8171381.74773000087589 ], [ 600864.505540000041947, 8171382.047730000689626 ], [ 600863.605540000135079, 8171382.047730000689626 ], [ 600863.605540000135079, 8171381.74773000087589 ], [ 600862.705540000111796, 8171381.74773000087589 ], [ 600862.705540000111796, 8171382.047730000689626 ], [ 600862.105540000135079, 8171382.047730000689626 ], [ 600862.105540000135079, 8171381.74773000087589 ], [ 600861.505540000041947, 8171381.447730001062155 ], [ 600861.505540000041947, 8171380.547730000689626 ], [ 600861.205540000111796, 8171380.547730000689626 ], [ 600861.205540000111796, 8171379.947730001062155 ], [ 600860.90554000006523, 8171379.947730001062155 ], [ 600860.90554000006523, 8171378.147730000317097 ], [ 600860.605540000135079, 8171378.147730000317097 ], [ 600860.605540000135079, 8171377.24773000087589 ], [ 600860.305540000088513, 8171377.24773000087589 ], [ 600860.305540000088513, 8171376.647730000317097 ], [ 600860.005540000041947, 8171376.647730000317097 ], [ 600860.005540000041947, 8171376.047730000689626 ], [ 600860.305540000088513, 8171376.047730000689626 ], [ 600860.305540000088513, 8171374.24773000087589 ], [ 600859.705540000111796, 8171373.947730001062155 ], [ 600859.705540000111796, 8171373.347730000503361 ], [ 600859.40554000006523, 8171373.347730000503361 ], [ 600859.40554000006523, 8171372.147730000317097 ], [ 600859.105540000135079, 8171372.147730000317097 ], [ 600859.105540000135079, 8171369.74773000087589 ], [ 600858.805540000088513, 8171369.74773000087589 ], [ 600858.805540000088513, 8171366.74773000087589 ], [ 600858.505540000041947, 8171366.74773000087589 ], [ 600858.505540000041947, 8171364.047730000689626 ], [ 600858.805540000088513, 8171364.047730000689626 ], [ 600858.805540000088513, 8171363.447730001062155 ], [ 600859.105540000135079, 8171363.447730001062155 ], [ 600859.105540000135079, 8171362.847730000503361 ], [ 600858.805540000088513, 8171362.847730000503361 ], [ 600858.805540000088513, 8171362.24773000087589 ], [ 600858.505540000041947, 8171362.24773000087589 ], [ 600858.505540000041947, 8171359.847730000503361 ], [ 600857.305540000088513, 8171359.847730000503361 ], [ 600857.305540000088513, 8171360.147730000317097 ], [ 600856.705540000111796, 8171360.147730000317097 ], [ 600856.705540000111796, 8171359.847730000503361 ], [ 600855.805540000088513, 8171359.847730000503361 ], [ 600855.805540000088513, 8171360.147730000317097 ], [ 600854.605540000135079, 8171360.147730000317097 ], [ 600854.605540000135079, 8171359.847730000503361 ], [ 600854.005540000041947, 8171359.547730000689626 ], [ 600854.005540000041947, 8171358.647730000317097 ], [ 600853.705540000111796, 8171358.647730000317097 ], [ 600853.705540000111796, 8171357.147730000317097 ], [ 600853.40554000006523, 8171357.147730000317097 ], [ 600853.40554000006523, 8171356.547730000689626 ], [ 600851.005540000041947, 8171356.847730000503361 ], [ 600851.005540000041947, 8171357.147730000317097 ], [ 600850.105540000135079, 8171357.147730000317097 ], [ 600850.105540000135079, 8171356.847730000503361 ], [ 600849.805540000088513, 8171356.847730000503361 ], [ 600849.805540000088513, 8171353.547730000689626 ], [ 600849.505540000041947, 8171353.547730000689626 ], [ 600849.505540000041947, 8171351.74773000087589 ], [ 600849.805540000088513, 8171351.74773000087589 ], [ 600850.105540000135079, 8171350.547730000689626 ], [ 600850.705540000111796, 8171350.547730000689626 ], [ 600850.705540000111796, 8171350.24773000087589 ], [ 600851.305540000088513, 8171350.24773000087589 ], [ 600851.305540000088513, 8171349.947730001062155 ], [ 600852.205540000111796, 8171349.947730001062155 ], [ 600852.505540000041947, 8171349.347730000503361 ], [ 600853.105540000135079, 8171349.347730000503361 ], [ 600853.105540000135079, 8171349.047730000689626 ], [ 600853.705540000111796, 8171349.047730000689626 ], [ 600853.705540000111796, 8171348.74773000087589 ], [ 600855.205540000111796, 8171348.74773000087589 ], [ 600855.205540000111796, 8171348.447730001062155 ], [ 600857.605540000135079, 8171348.447730001062155 ], [ 600857.605540000135079, 8171348.147730000317097 ], [ 600863.005540000041947, 8171348.147730000317097 ], [ 600863.005540000041947, 8171348.447730001062155 ], [ 600863.605540000135079, 8171348.447730001062155 ], [ 600863.605540000135079, 8171348.147730000317097 ], [ 600864.205540000111796, 8171348.147730000317097 ], [ 600864.505540000041947, 8171347.547730000689626 ], [ 600865.40554000006523, 8171347.547730000689626 ], [ 600865.40554000006523, 8171347.24773000087589 ], [ 600865.705540000111796, 8171347.24773000087589 ], [ 600865.705540000111796, 8171347.547730000689626 ], [ 600866.90554000006523, 8171347.547730000689626 ], [ 600866.90554000006523, 8171347.847730000503361 ], [ 600867.205540000111796, 8171347.847730000503361 ], [ 600867.205540000111796, 8171349.047730000689626 ], [ 600867.505540000041947, 8171349.047730000689626 ], [ 600867.505540000041947, 8171352.347730000503361 ], [ 600867.205540000111796, 8171352.347730000503361 ], [ 600867.205540000111796, 8171352.947730001062155 ], [ 600866.90554000006523, 8171352.947730001062155 ], [ 600866.605540000135079, 8171353.547730000689626 ], [ 600866.305540000088513, 8171353.547730000689626 ], [ 600866.305540000088513, 8171354.447730001062155 ], [ 600866.605540000135079, 8171354.447730001062155 ], [ 600866.605540000135079, 8171356.547730000689626 ], [ 600867.205540000111796, 8171356.847730000503361 ], [ 600867.205540000111796, 8171357.147730000317097 ], [ 600867.805540000088513, 8171357.147730000317097 ], [ 600867.805540000088513, 8171357.447730001062155 ], [ 600868.105540000135079, 8171357.447730001062155 ], [ 600868.105540000135079, 8171358.347730000503361 ], [ 600867.805540000088513, 8171358.347730000503361 ], [ 600867.805540000088513, 8171358.947730001062155 ], [ 600867.505540000041947, 8171358.947730001062155 ], [ 600867.505540000041947, 8171363.147730000317097 ], [ 600868.40554000006523, 8171363.147730000317097 ], [ 600868.40554000006523, 8171362.847730000503361 ], [ 600869.305540000088513, 8171362.847730000503361 ], [ 600869.305540000088513, 8171362.547730000689626 ], [ 600871.705540000111796, 8171362.547730000689626 ], [ 600871.705540000111796, 8171362.24773000087589 ], [ 600872.90554000006523, 8171362.24773000087589 ], [ 600872.90554000006523, 8171362.547730000689626 ], [ 600873.505540000041947, 8171362.847730000503361 ], [ 600873.505540000041947, 8171365.547730000689626 ], [ 600873.805540000088513, 8171365.547730000689626 ], [ 600873.805540000088513, 8171367.647730000317097 ], [ 600874.105540000135079, 8171367.647730000317097 ], [ 600874.105540000135079, 8171369.147730000317097 ], [ 600874.40554000006523, 8171369.147730000317097 ], [ 600874.40554000006523, 8171370.047730000689626 ], [ 600875.005540000041947, 8171370.347730000503361 ], [ 600875.005540000041947, 8171370.947730001062155 ], [ 600875.305540000088513, 8171370.947730001062155 ], [ 600875.305540000088513, 8171373.647730000317097 ], [ 600875.005540000041947, 8171373.647730000317097 ], [ 600875.005540000041947, 8171374.847730000503361 ], [ 600875.305540000088513, 8171374.847730000503361 ], [ 600875.305540000088513, 8171376.047730000689626 ], [ 600875.005540000041947, 8171376.047730000689626 ], [ 600875.005540000041947, 8171378.74773000087589 ], [ 600875.305540000088513, 8171378.74773000087589 ], [ 600875.305540000088513, 8171381.147730000317097 ], [ 600875.005540000041947, 8171381.147730000317097 ], [ 600875.005540000041947, 8171381.74773000087589 ], [ 600874.40554000006523, 8171382.047730000689626 ], [ 600874.40554000006523, 8171382.347730000503361 ], [ 600872.605540000135079, 8171382.347730000503361 ], [ 600872.605540000135079, 8171382.647730000317097 ], [ 600870.205540000111796, 8171382.647730000317097 ], [ 600870.205540000111796, 8171382.947730001062155 ], [ 600869.305540000088513, 8171382.947730001062155 ] ] ] } },
{ "type": "Feature", "properties": { "id": 2, "instance": 9, "mean_prob": 0.842, "area_m2": 16.8, "split_by_accepted_cut": false }, "geometry": { "type": "Polygon", "coordinates": [ [ [ 600943.105540000135079, 8171348.147730000317097 ], [ 600943.105540000135079, 8171346.947730001062155 ], [ 600943.705540000111796, 8171346.647730000317097 ], [ 600943.705540000111796, 8171346.047730000689626 ], [ 600944.305540000088513, 8171345.74773000087589 ], [ 600944.605540000135079, 8171344.547730000689626 ], [ 600945.205540000111796, 8171344.547730000689626 ], [ 600945.505540000041947, 8171343.947730001062155 ], [ 600945.805540000088513, 8171343.947730001062155 ], [ 600945.805540000088513, 8171343.647730000317097 ], [ 600946.40554000006523, 8171343.647730000317097 ], [ 600946.705540000111796, 8171343.047730000689626 ], [ 600947.90554000006523, 8171343.047730000689626 ], [ 600947.90554000006523, 8171344.547730000689626 ], [ 600948.205540000111796, 8171344.547730000689626 ], [ 600948.205540000111796, 8171347.547730000689626 ], [ 600944.90554000006523, 8171347.547730000689626 ], [ 600944.90554000006523, 8171347.847730000503361 ], [ 600944.305540000088513, 8171347.847730000503361 ], [ 600944.305540000088513, 8171348.147730000317097 ], [ 600943.105540000135079, 8171348.147730000317097 ] ] ] } },
{ "type": "Feature", "properties": { "id": 3, "instance": 11, "mean_prob": 0.923, "area_m2": 18.6, "split_by_accepted_cut": false }, "geometry": { "type": "Polygon", "coordinates": [ [ [ 600974.005540000041947, 8171340.047730000689626 ], [ 600973.705540000111796, 8171339.447730001062155 ], [ 600973.105540000135079, 8171339.447730001062155 ], [ 600973.105540000135079, 8171339.147730000317097 ], [ 600971.90554000006523, 8171338.847730000503361 ], [ 600971.605540000135079, 8171338.24773000087589 ], [ 600970.40554000006523, 8171337.947730001062155 ], [ 600970.40554000006523, 8171337.347730000503361 ], [ 600970.705540000111796, 8171337.347730000503361 ], [ 600970.705540000111796, 8171336.74773000087589 ], [ 600971.305540000088513, 8171336.447730001062155 ], [ 600971.305540000088513, 8171335.547730000689626 ], [ 600971.605540000135079, 8171335.547730000689626 ], [ 600971.605540000135079, 8171334.947730001062155 ], [ 600971.90554000006523, 8171334.947730001062155 ], [ 600971.90554000006523, 8171334.647730000317097 ], [ 600973.705540000111796, 8171334.647730000317097 ], [ 600973.705540000111796, 8171334.947730001062155 ], [ 600974.305540000088513, 8171334.947730001062155 ], [ 600974.305540000088513, 8171335.24773000087589 ], [ 600974.90554000006523, 8171335.24773000087589 ], [ 600974.90554000006523, 8171335.547730000689626 ], [ 600975.805540000088513, 8171335.547730000689626 ], [ 600975.805540000088513, 8171336.74773000087589 ], [ 600975.505540000041947, 8171336.74773000087589 ], [ 600975.505540000041947, 8171337.647730000317097 ], [ 600975.205540000111796, 8171337.647730000317097 ], [ 600974.90554000006523, 8171339.447730001062155 ], [ 600974.605540000135079, 8171339.447730001062155 ], [ 600974.605540000135079, 8171340.047730000689626 ], [ 600974.005540000041947, 8171340.047730000689626 ] ] ] } },
{ "type": "Feature", "properties": { "id": 4, "instance": 12, "mean_prob": 0.972, "area_m2": 201.6, "split_by_accepted_cut": false }, "geometry": { "type": "Polygon", "coordinates": [ [ [ 600945.805540000088513, 8171334.347730000503361 ], [ 600945.805540000088513, 8171334.047730000689626 ], [ 600945.505540000041947, 8171334.047730000689626 ], [ 600945.505540000041947, 8171333.147730000317097 ], [ 600945.205540000111796, 8171333.147730000317097 ], [ 600945.205540000111796, 8171332.847730000503361 ], [ 600945.505540000041947, 8171332.847730000503361 ], [ 600945.505540000041947, 8171330.447730001062155 ], [ 600945.205540000111796, 8171330.447730001062155 ], [ 600945.205540000111796, 8171330.147730000317097 ], [ 600944.305540000088513, 8171330.147730000317097 ], [ 600944.305540000088513, 8171329.847730000503361 ], [ 600944.005540000041947, 8171329.847730000503361 ], [ 600944.005540000041947, 8171330.147730000317097 ], [ 600943.40554000006523, 8171330.147730000317097 ], [ 600943.40554000006523, 8171329.847730000503361 ], [ 600938.005540000041947, 8171329.847730000503361 ], [ 600938.005540000041947, 8171330.147730000317097 ], [ 600935.605540000135079, 8171330.147730000317097 ], [ 600935.605540000135079, 8171329.547730000689626 ], [ 600935.305540000088513, 8171329.547730000689626 ], [ 600935.305540000088513, 8171327.147730000317097 ], [ 600935.005540000041947, 8171327.147730000317097 ], [ 600935.005540000041947, 8171326.24773000087589 ], [ 600934.705540000111796, 8171326.24773000087589 ], [ 600934.705540000111796, 8171324.147730000317097 ], [ 600934.40554000006523, 8171324.147730000317097 ], [ 600934.40554000006523, 8171321.147730000317097 ], [ 600934.705540000111796, 8171321.147730000317097 ], [ 600934.705540000111796, 8171319.647730000317097 ], [ 600935.005540000041947, 8171319.647730000317097 ], [ 600935.005540000041947, 8171319.347730000503361 ], [ 600938.305540000088513, 8171319.347730000503361 ], [ 600938.305540000088513, 8171319.047730000689626 ], [ 600941.305540000088513, 8171319.047730000689626 ], [ 600941.305540000088513, 8171318.74773000087589 ], [ 600944.605540000135079, 8171318.74773000087589 ], [ 600944.605540000135079, 8171319.047730000689626 ], [ 600945.505540000041947, 8171319.047730000689626 ], [ 600945.505540000041947, 8171319.347730000503361 ], [ 600946.105540000135079, 8171319.647730000317097 ], [ 600946.105540000135079, 8171319.947730001062155 ], [ 600946.705540000111796, 8171319.947730001062155 ], [ 600947.005540000041947, 8171320.547730000689626 ], [ 600947.305540000088513, 8171320.547730000689626 ], [ 600947.305540000088513, 8171320.847730000503361 ], [ 600947.90554000006523, 8171321.147730000317097 ], [ 600947.90554000006523, 8171321.447730001062155 ], [ 600948.505540000041947, 8171321.447730001062155 ], [ 600948.505540000041947, 8171322.047730000689626 ], [ 600948.805540000088513, 8171322.047730000689626 ], [ 600948.805540000088513, 8171322.347730000503361 ], [ 600949.40554000006523, 8171322.347730000503361 ], [ 600949.705540000111796, 8171322.947730001062155 ], [ 600950.305540000088513, 8171322.947730001062155 ], [ 600950.305540000088513, 8171323.24773000087589 ], [ 600950.605540000135079, 8171323.24773000087589 ], [ 600950.605540000135079, 8171323.547730000689626 ], [ 600951.205540000111796, 8171323.547730000689626 ], [ 600951.205540000111796, 8171323.847730000503361 ], [ 600952.40554000006523, 8171323.847730000503361 ], [ 600952.705540000111796, 8171324.447730001062155 ], [ 600953.005540000041947, 8171324.447730001062155 ], [ 600953.005540000041947, 8171329.547730000689626 ], [ 600952.705540000111796, 8171329.547730000689626 ], [ 600952.705540000111796, 8171329.847730000503361 ], [ 600952.105540000135079, 8171330.147730000317097 ], [ 600952.105540000135079, 8171333.74773000087589 ], [ 600949.40554000006523, 8171333.74773000087589 ], [ 600949.40554000006523, 8171334.047730000689626 ], [ 600946.705540000111796, 8171334.047730000689626 ], [ 600946.705540000111796, 8171334.347730000503361 ], [ 600945.805540000088513, 8171334.347730000503361 ] ] ] } },
{ "type": "Feature", "properties": { "id": 5, "instance": 14, "mean_prob": 0.899, "area_m2": 16.7, "split_by_accepted_cut": true }, "geometry": { "type": "Polygon", "coordinates": [ [ [ 600796.705540000111796, 8171323.24773000087589 ], [ 600796.705540000111796, 8171322.947730001062155 ], [ 600794.90554000006523, 8171322.947730001062155 ], [ 600794.90554000006523, 8171322.647730000317097 ], [ 600794.605540000135079, 8171322.647730000317097 ], [ 600794.605540000135079, 8171321.74773000087589 ], [ 600794.305540000088513, 8171321.74773000087589 ], [ 600794.305540000088513, 8171318.447730001062155 ], [ 600795.205540000111796, 8171318.447730001062155 ], [ 600795.205540000111796, 8171318.147730000317097 ], [ 600797.305540000088513, 8171318.147730000317097 ], [ 600797.305540000088513, 8171318.447730001062155 ], [ 600797.90554000006523, 8171318.447730001062155 ], [ 600797.90554000006523, 8171320.847730000503361 ], [ 600798.205540000111796, 8171320.847730000503361 ], [ 600798.205540000111796, 8171321.147730000317097 ], [ 600797.90554000006523, 8171321.147730000317097 ], [ 600797.90554000006523, 8171322.947730001062155 ], [ 600797.605540000135079, 8171322.947730001062155 ], [ 600797.605540000135079, 8171323.24773000087589 ], [ 600796.705540000111796, 8171323.24773000087589 ] ] ] } },
{ "type": "Feature", "properties": { "id": 6, "instance": 13, "mean_prob": 0.916, "area_m2": 49.6, "split_by_accepted_cut": true }, "geometry": { "type": "Polygon", "coordinates": [ [ [ 600798.205540000111796, 8171323.24773000087589 ], [ 600798.205540000111796, 8171322.947730001062155 ], [ 600797.90554000006523, 8171322.947730001062155 ], [ 600797.90554000006523, 8171321.147730000317097 ], [ 600798.205540000111796, 8171321.147730000317097 ], [ 600798.205540000111796, 8171320.847730000503361 ], [ 600797.90554000006523, 8171320.847730000503361 ], [ 600797.90554000006523, 8171318.447730001062155 ], [ 600798.205540000111796, 8171318.447730001062155 ], [ 600798.205540000111796, 8171318.147730000317097 ], [ 600800.305540000088513, 8171318.147730000317097 ], [ 600800.305540000088513, 8171317.847730000503361 ], [ 600800.605540000135079, 8171317.847730000503361 ], [ 600800.605540000135079, 8171316.347730000503361 ], [ 600800.305540000088513, 8171316.347730000503361 ], [ 600800.305540000088513, 8171315.74773000087589 ], [ 600800.605540000135079, 8171315.74773000087589 ], [ 600800.605540000135079, 8171315.147730000317097 ], [ 600800.90554000006523, 8171315.147730000317097 ], [ 600800.90554000006523, 8171314.847730000503361 ], [ 600802.705540000111796, 8171314.847730000503361 ], [ 600802.705540000111796, 8171314.547730000689626 ], [ 600804.805540000088513, 8171314.547730000689626 ], [ 600804.805540000088513, 8171319.047730000689626 ], [ 600805.105540000135079, 8171319.047730000689626 ], [ 600805.105540000135079, 8171323.24773000087589 ], [ 600803.90554000006523, 8171323.24773000087589 ], [ 600803.90554000006523, 8171322.947730001062155 ], [ 600799.705540000111796, 8171322.947730001062155 ], [ 600799.705540000111796, 8171323.24773000087589 ], [ 600798.205540000111796, 8171323.24773000087589 ] ] ] } },
{ "type": "Feature", "properties": { "id": 7, "instance": 16, "mean_prob": 0.907, "area_m2": 14.4, "split_by_accepted_cut": false }, "geometry": { "type": "Polygon", "coordinates": [ [ [ 600791.005540000041947, 8171313.047730000689626 ], [ 600791.005540000041947, 8171312.74773000087589 ], [ 600790.705540000111796, 8171312.74773000087589 ], [ 600790.705540000111796, 8171311.547730000689626 ], [ 600790.40554000006523, 8171311.547730000689626 ], [ 600790.40554000006523, 8171309.447730001062155 ], [ 600791.005540000041947, 8171309.447730001062155 ], [ 600791.005540000041947, 8171309.147730000317097 ], [ 600793.705540000111796, 8171309.147730000317097 ], [ 600793.705540000111796, 8171309.447730001062155 ], [ 600794.305540000088513, 8171309.74773000087589 ], [ 600794.305540000088513, 8171310.347730000503361 ], [ 600794.605540000135079, 8171310.347730000503361 ], [ 600794.605540000135079, 8171312.74773000087589 ], [ 600792.505540000041947, 8171312.74773000087589 ], [ 600792.505540000041947, 8171313.047730000689626 ], [ 600791.005540000041947, 8171313.047730000689626 ] ] ] } },
{ "type": "Feature", "properties": { "id": 8, "instance": 15, "mean_prob": 0.966, "area_m2": 205.2, "split_by_accepted_cut": false }, "geometry": { "type": "Polygon", "coordinates": [ [ [ 600937.40554000006523, 8171315.147730000317097 ], [ 600937.40554000006523, 8171314.847730000503361 ], [ 600937.105540000135079, 8171314.847730000503361 ], [ 600937.105540000135079, 8171313.947730001062155 ], [ 600936.805540000088513, 8171313.947730001062155 ], [ 600936.805540000088513, 8171308.847730000503361 ], [ 600936.505540000041947, 8171308.847730000503361 ], [ 600936.505540000041947, 8171304.647730000317097 ], [ 600936.205540000111796, 8171304.647730000317097 ], [ 600936.205540000111796, 8171301.947730001062155 ], [ 600941.005540000041947, 8171301.947730001062155 ], [ 600941.005540000041947, 8171301.647730000317097 ], [ 600943.705540000111796, 8171301.647730000317097 ], [ 600943.705540000111796, 8171301.347730000503361 ], [ 600947.605540000135079, 8171301.347730000503361 ], [ 600947.605540000135079, 8171301.047730000689626 ], [ 600950.605540000135079, 8171301.047730000689626 ], [ 600950.90554000006523, 8171301.647730000317097 ], [ 600951.205540000111796, 8171301.647730000317097 ], [ 600951.205540000111796, 8171302.847730000503361 ], [ 600951.505540000041947, 8171302.847730000503361 ], [ 600951.505540000041947, 8171304.947730001062155 ], [ 600951.805540000088513, 8171304.947730001062155 ], [ 600951.805540000088513, 8171306.147730000317097 ], [ 600952.105540000135079, 8171306.147730000317097 ], [ 600952.105540000135079, 8171306.74773000087589 ], [ 600953.90554000006523, 8171306.74773000087589 ], [ 600953.90554000006523, 8171307.347730000503361 ], [ 600954.205540000111796, 8171307.347730000503361 ], [ 600954.205540000111796, 8171308.24773000087589 ], [ 600953.90554000006523, 8171308.24773000087589 ], [ 600953.605540000135079, 8171308.847730000503361 ], [ 600953.305540000088513, 8171308.847730000503361 ], [ 600953.305540000088513, 8171313.947730001062155 ], [ 600953.605540000135079, 8171313.947730001062155 ], [ 600953.605540000135079, 8171314.24773000087589 ], [ 600953.305540000088513, 8171314.24773000087589 ], [ 600953.005540000041947, 8171314.847730000503361 ], [ 600952.105540000135079, 8171314.847730000503361 ], [ 600952.105540000135079, 8171314.547730000689626 ], [ 600951.505540000041947, 8171314.547730000689626 ], [ 600951.205540000111796, 8171313.947730001062155 ], [ 600950.90554000006523, 8171313.947730001062155 ], [ 600950.90554000006523, 8171313.647730000317097 ], [ 600950.005540000041947, 8171313.647730000317097 ], [ 600950.005540000041947, 8171313.347730000503361 ], [ 600949.105540000135079, 8171313.347730000503361 ], [ 600949.105540000135079, 8171313.647730000317097 ], [ 600946.105540000135079, 8171313.347730000503361 ], [ 600946.105540000135079, 8171313.647730000317097 ], [ 600943.705540000111796, 8171313.647730000317097 ], [ 600943.705540000111796, 8171313.947730001062155 ], [ 600943.105540000135079, 8171313.947730001062155 ], [ 600942.805540000088513, 8171314.547730000689626 ], [ 600942.205540000111796, 8171314.547730000689626 ], [ 600942.205540000111796, 8171314.847730000503361 ], [ 600941.605540000135079, 8171314.847730000503361 ], [ 600941.605540000135079, 8171315.147730000317097 ], [ 600937.40554000006523, 8171315.147730000317097 ] ] ] } },
{ "type": "Feature", "properties": { "id": 9, "instance": 17, "mean_prob": 0.947, "area_m2": 83.5, "split_by_accepted_cut": false }, "geometry": { "type": "Polygon", "coordinates": [ [ [ 600784.40554000006523, 8171311.547730000689626 ], [ 600784.105540000135079, 8171310.947730001062155 ], [ 600783.805540000088513, 8171310.947730001062155 ], [ 600783.805540000088513, 8171310.647730000317097 ], [ 600783.505540000041947, 8171310.647730000317097 ], [ 600783.205540000111796, 8171309.447730001062155 ], [ 600782.90554000006523, 8171309.447730001062155 ], [ 600782.90554000006523, 8171308.847730000503361 ], [ 600782.605540000135079, 8171308.847730000503361 ], [ 600782.605540000135079, 8171308.24773000087589 ], [ 600782.305540000088513, 8171308.24773000087589 ], [ 600782.305540000088513, 8171307.647730000317097 ], [ 600782.005540000041947, 8171307.647730000317097 ], [ 600782.005540000041947, 8171306.74773000087589 ], [ 600781.705540000111796, 8171306.74773000087589 ], [ 600781.705540000111796, 8171305.847730000503361 ], [ 600781.40554000006523, 8171305.847730000503361 ], [ 600781.105540000135079, 8171304.647730000317097 ], [ 600780.805540000088513, 8171304.647730000317097 ], [ 600780.805540000088513, 8171304.047730000689626 ], [ 600780.505540000041947, 8171304.047730000689626 ], [ 600780.505540000041947, 8171303.447730001062155 ], [ 600780.205540000111796, 8171303.447730001062155 ], [ 600780.205540000111796, 8171302.547730000689626 ], [ 600779.90554000006523, 8171302.547730000689626 ], [ 600779.605540000135079, 8171301.347730000503361 ], [ 600779.005540000041947, 8171301.047730000689626 ], [ 600779.005540000041947, 8171300.447730001062155 ], [ 600778.705540000111796, 8171300.447730001062155 ], [ 600778.705540000111796, 8171300.147730000317097 ], [ 600779.305540000088513, 8171299.847730000503361 ], [ 600779.305540000088513, 8171299.547730000689626 ], [ 600780.205540000111796, 8171299.547730000689626 ], [ 600780.205540000111796, 8171299.24773000087589 ], [ 600781.40554000006523, 8171298.947730001062155 ], [ 600781.40554000006523, 8171298.647730000317097 ], [ 600782.305540000088513, 8171298.647730000317097 ], [ 600782.305540000088513, 8171298.347730000503361 ], [ 600782.90554000006523, 8171298.347730000503361 ], [ 600783.205540000111796, 8171297.74773000087589 ], [ 600783.805540000088513, 8171297.74773000087589 ], [ 600783.805540000088513, 8171297.447730001062155 ], [ 600784.705540000111796, 8171297.447730001062155 ], [ 600784.705540000111796, 8171297.147730000317097 ], [ 600785.005540000041947, 8171297.147730000317097 ], [ 600785.005540000041947, 8171297.447730001062155 ], [ 600785.305540000088513, 8171297.447730001062155 ], [ 600785.305540000088513, 8171298.947730001062155 ], [ 600785.605540000135079, 8171298.947730001062155 ], [ 600785.605540000135079, 8171301.347730000503361 ], [ 600784.40554000006523, 8171301.947730001062155 ], [ 600784.40554000006523, 8171303.147730000317097 ], [ 600785.305540000088513, 8171303.147730000317097 ], [ 600785.305540000088513, 8171302.847730000503361 ], [ 600785.90554000006523, 8171302.847730000503361 ], [ 600785.90554000006523, 8171302.547730000689626 ], [ 600787.705540000111796, 8171302.547730000689626 ], [ 600788.005540000041947, 8171303.147730000317097 ], [ 600788.305540000088513, 8171303.147730000317097 ], [ 600788.305540000088513, 8171303.74773000087589 ], [ 600788.605540000135079, 8171303.74773000087589 ], [ 600788.605540000135079, 8171304.347730000503361 ], [ 600788.90554000006523, 8171304.347730000503361 ], [ 600788.90554000006523, 8171304.947730001062155 ], [ 600789.205540000111796, 8171304.947730001062155 ], [ 600789.505540000041947, 8171306.74773000087589 ], [ 600789.805540000088513, 8171306.74773000087589 ], [ 600789.805540000088513, 8171307.347730000503361 ], [ 600790.105540000135079, 8171307.347730000503361 ], [ 600790.105540000135079, 8171308.24773000087589 ], [ 600790.40554000006523, 8171308.24773000087589 ], [ 600790.40554000006523, 8171308.547730000689626 ], [ 600789.805540000088513, 8171308.847730000503361 ], [ 600789.805540000088513, 8171309.147730000317097 ], [ 600789.205540000111796, 8171309.147730000317097 ], [ 600789.205540000111796, 8171309.447730001062155 ], [ 600788.005540000041947, 8171309.74773000087589 ], [ 600788.005540000041947, 8171310.047730000689626 ], [ 600787.105540000135079, 8171310.047730000689626 ], [ 600787.105540000135079, 8171310.347730000503361 ], [ 600786.505540000041947, 8171310.347730000503361 ], [ 600786.505540000041947, 8171310.647730000317097 ], [ 600785.90554000006523, 8171310.647730000317097 ], [ 600785.90554000006523, 8171310.947730001062155 ], [ 600785.305540000088513, 8171310.947730001062155 ], [ 600785.305540000088513, 8171311.24773000087589 ], [ 600784.705540000111796, 8171311.24773000087589 ], [ 600784.705540000111796, 8171311.547730000689626 ], [ 600784.40554000006523, 8171311.547730000689626 ] ] ] } },
{ "type": "Feature", "properties": { "id": 10, "instance": 19, "mean_prob": 0.835, "area_m2": 128.2, "split_by_accepted_cut": false }, "geometry": { "type": "Polygon", "coordinates": [ [ [ 600910.705540000111796, 8171303.447730001062155 ], [ 600910.705540000111796, 8171303.147730000317097 ], [ 600910.105540000135079, 8171303.147730000317097 ], [ 600910.105540000135079, 8171302.847730000503361 ], [ 600909.505540000041947, 8171302.547730000689626 ], [ 600909.505540000041947, 8171301.947730001062155 ], [ 600909.205540000111796, 8171301.947730001062155 ], [ 600908.90554000006523, 8171301.347730000503361 ], [ 600908.305540000088513, 8171301.347730000503361 ], [ 600908.305540000088513, 8171301.047730000689626 ], [ 600908.005540000041947, 8171301.047730000689626 ], [ 600907.705540000111796, 8171299.847730000503361 ], [ 600906.805540000088513, 8171299.847730000503361 ], [ 600906.805540000088513, 8171299.547730000689626 ], [ 600905.90554000006523, 8171299.547730000689626 ], [ 600905.90554000006523, 8171299.24773000087589 ], [ 600905.305540000088513, 8171299.24773000087589 ], [ 600905.305540000088513, 8171299.547730000689626 ], [ 600904.705540000111796, 8171299.847730000503361 ], [ 600904.705540000111796, 8171299.547730000689626 ], [ 600904.40554000006523, 8171299.547730000689626 ], [ 600904.105540000135079, 8171298.947730001062155 ], [ 600903.805540000088513, 8171298.947730001062155 ], [ 600903.505540000041947, 8171298.347730000503361 ], [ 600902.305540000088513, 8171298.047730000689626 ], [ 600902.305540000088513, 8171297.74773000087589 ], [ 600902.90554000006523, 8171297.447730001062155 ], [ 600903.205540000111796, 8171296.24773000087589 ], [ 600903.805540000088513, 8171295.947730001062155 ], [ 600903.805540000088513, 8171295.647730000317097 ], [ 600904.105540000135079, 8171295.647730000317097 ], [ 600904.105540000135079, 8171295.047730000689626 ], [ 600904.705540000111796, 8171294.74773000087589 ], [ 600904.705540000111796, 8171294.147730000317097 ], [ 600905.005540000041947, 8171294.147730000317097 ], [ 600905.005540000041947, 8171293.547730000689626 ], [ 600905.305540000088513, 8171293.547730000689626 ], [ 600905.305540000088513, 8171292.347730000503361 ], [ 600905.90554000006523, 8171292.047730000689626 ], [ 600905.90554000006523, 8171291.447730001062155 ], [ 600906.205540000111796, 8171291.447730001062155 ], [ 600906.205540000111796, 8171291.147730000317097 ], [ 600908.005540000041947, 8171291.147730000317097 ], [ 600908.005540000041947, 8171291.447730001062155 ], [ 600908.305540000088513, 8171291.447730001062155 ], [ 600908.605540000135079, 8171292.047730000689626 ], [ 600911.605540000135079, 8171292.047730000689626 ], [ 600911.605540000135079, 8171291.74773000087589 ], [ 600913.105540000135079, 8171291.74773000087589 ], [ 600913.105540000135079, 8171291.447730001062155 ], [ 600914.605540000135079, 8171291.447730001062155 ], [ 600914.605540000135079, 8171291.147730000317097 ], [ 600915.205540000111796, 8171291.147730000317097 ], [ 600915.205540000111796, 8171292.947730001062155 ], [ 600914.90554000006523, 8171292.947730001062155 ], [ 600914.605540000135079, 8171293.547730000689626 ], [ 600914.005540000041947, 8171293.847730000503361 ], [ 600914.005540000041947, 8171294.447730001062155 ], [ 600913.705540000111796, 8171294.447730001062155 ], [ 600913.705540000111796, 8171295.647730000317097 ], [ 600914.005540000041947, 8171295.647730000317097 ], [ 600914.005540000041947, 8171295.947730001062155 ], [ 600916.105540000135079, 8171295.947730001062155 ], [ 600916.40554000006523, 8171295.347730000503361 ], [ 600917.005540000041947, 8171295.347730000503361 ], [ 600917.005540000041947, 8171295.047730000689626 ], [ 600917.90554000006523, 8171295.047730000689626 ], [ 600917.90554000006523, 8171295.347730000503361 ], [ 600918.505540000041947, 8171295.347730000503361 ], [ 600918.505540000041947, 8171295.947730001062155 ], [ 600918.805540000088513, 8171295.947730001062155 ], [ 600918.805540000088513, 8171296.547730000689626 ], [ 600919.105540000135079, 8171296.547730000689626 ], [ 600919.105540000135079, 8171297.74773000087589 ], [ 600919.40554000006523, 8171297.74773000087589 ], [ 600919.40554000006523, 8171299.24773000087589 ], [ 600919.105540000135079, 8171299.24773000087589 ], [ 600919.105540000135079, 8171299.847730000503361 ], [ 600918.505540000041947, 8171300.147730000317097 ], [ 600918.505540000041947, 8171301.347730000503361 ], [ 600917.90554000006523, 8171301.647730000317097 ], [ 600917.90554000006523, 8171301.947730001062155 ], [ 600917.305540000088513, 8171301.947730001062155 ], [ 600917.305540000088513, 8171301.647730000317097 ], [ 600916.105540000135079, 8171301.647730000317097 ], [ 600916.105540000135079, 8171301.947730001062155 ], [ 600915.505540000041947, 8171301.947730001062155 ], [ 600915.505540000041947, 8171302.547730000689626 ], [ 600915.205540000111796, 8171302.547730000689626 ], [ 600915.205540000111796, 8171302.847730000503361 ], [ 600914.305540000088513, 8171302.847730000503361 ], [ 600914.005540000041947, 8171302.24773000087589 ], [ 600913.40554000006523, 8171302.24773000087589 ], [ 600913.105540000135079, 8171302.847730000503361 ], [ 600912.505540000041947, 8171302.847730000503361 ], [ 600912.505540000041947, 8171303.147730000317097 ], [ 600912.205540000111796, 8171303.147730000317097 ], [ 600912.205540000111796, 8171303.447730001062155 ], [ 600910.705540000111796, 8171303.447730001062155 ] ], [ [ 600913.705540000111796, 8171300.74773000087589 ], [ 600914.305540000088513, 8171300.74773000087589 ], [ 600914.305540000088513, 8171300.447730001062155 ], [ 600914.605540000135079, 8171300.447730001062155 ], [ 600914.605540000135079, 8171300.147730000317097 ], [ 600914.305540000088513, 8171300.147730000317097 ], [ 600914.005540000041947, 8171299.547730000689626 ], [ 600913.705540000111796, 8171299.547730000689626 ], [ 600913.705540000111796, 8171300.74773000087589 ] ], [ [ 600915.205540000111796, 8171299.847730000503361 ], [ 600915.505540000041947, 8171299.847730000503361 ], [ 600915.505540000041947, 8171298.947730001062155 ], [ 600914.90554000006523, 8171299.24773000087589 ], [ 600915.205540000111796, 8171299.847730000503361 ] ], [ [ 600908.005540000041947, 8171299.547730000689626 ], [ 600909.205540000111796, 8171299.547730000689626 ], [ 600909.205540000111796, 8171298.647730000317097 ], [ 600908.005540000041947, 8171298.647730000317097 ], [ 600908.005540000041947, 8171299.547730000689626 ] ] ] } },
{ "type": "Feature", "properties": { "id": 11, "instance": 18, "mean_prob": 0.962, "area_m2": 131.5, "split_by_accepted_cut": false }, "geometry": { "type": "Polygon", "coordinates": [ [ [ 600976.705540000111796, 8171306.147730000317097 ], [ 600976.705540000111796, 8171305.847730000503361 ], [ 600975.505540000041947, 8171305.547730000689626 ], [ 600975.505540000041947, 8171305.24773000087589 ], [ 600974.90554000006523, 8171305.24773000087589 ], [ 600974.90554000006523, 8171304.947730001062155 ], [ 600974.005540000041947, 8171304.947730001062155 ], [ 600974.005540000041947, 8171304.647730000317097 ], [ 600973.40554000006523, 8171304.647730000317097 ], [ 600973.40554000006523, 8171304.347730000503361 ], [ 600972.805540000088513, 8171304.347730000503361 ], [ 600972.805540000088513, 8171304.047730000689626 ], [ 600971.605540000135079, 8171303.74773000087589 ], [ 600971.605540000135079, 8171303.447730001062155 ], [ 600971.005540000041947, 8171303.447730001062155 ], [ 600971.005540000041947, 8171303.147730000317097 ], [ 600970.40554000006523, 8171303.147730000317097 ], [ 600970.40554000006523, 8171302.847730000503361 ], [ 600969.805540000088513, 8171302.847730000503361 ], [ 600969.805540000088513, 8171302.547730000689626 ], [ 600968.605540000135079, 8171302.24773000087589 ], [ 600968.605540000135079, 8171301.947730001062155 ], [ 600968.005540000041947, 8171301.947730001062155 ], [ 600968.005540000041947, 8171301.647730000317097 ], [ 600967.40554000006523, 8171301.647730000317097 ], [ 600967.105540000135079, 8171301.047730000689626 ], [ 600966.805540000088513, 8171301.047730000689626 ], [ 600966.805540000088513, 8171298.947730001062155 ], [ 600967.105540000135079, 8171298.947730001062155 ], [ 600967.105540000135079, 8171298.647730000317097 ], [ 600967.705540000111796, 8171298.347730000503361 ], [ 600967.705540000111796, 8171298.047730000689626 ], [ 600968.305540000088513, 8171297.74773000087589 ], [ 600968.305540000088513, 8171297.447730001062155 ], [ 600968.605540000135079, 8171297.447730001062155 ], [ 600968.605540000135079, 8171296.547730000689626 ], [ 600967.40554000006523, 8171295.947730001062155 ], [ 600967.40554000006523, 8171295.047730000689626 ], [ 600967.705540000111796, 8171295.047730000689626 ], [ 600967.705540000111796, 8171294.447730001062155 ], [ 600968.005540000041947, 8171294.447730001062155 ], [ 600968.005540000041947, 8171293.847730000503361 ], [ 600968.605540000135079, 8171293.547730000689626 ], [ 600968.90554000006523, 8171292.347730000503361 ], [ 600969.205540000111796, 8171292.347730000503361 ], [ 600969.205540000111796, 8171291.74773000087589 ], [ 600969.505540000041947, 8171291.74773000087589 ], [ 600969.505540000041947, 8171291.147730000317097 ], [ 600970.105540000135079, 8171291.147730000317097 ], [ 600970.105540000135079, 8171291.447730001062155 ], [ 600971.305540000088513, 8171291.74773000087589 ], [ 600971.605540000135079, 8171292.347730000503361 ], [ 600972.805540000088513, 8171292.647730000317097 ], [ 600973.105540000135079, 8171293.24773000087589 ], [ 600974.005540000041947, 8171293.24773000087589 ], [ 600974.005540000041947, 8171293.547730000689626 ], [ 600975.205540000111796, 8171293.847730000503361 ], [ 600975.505540000041947, 8171294.447730001062155 ], [ 600976.705540000111796, 8171294.74773000087589 ], [ 600977.005540000041947, 8171295.347730000503361 ], [ 600978.205540000111796, 8171295.647730000317097 ], [ 600978.505540000041947, 8171296.24773000087589 ], [ 600979.105540000135079, 8171296.24773000087589 ], [ 600979.105540000135079, 8171296.547730000689626 ], [ 600979.705540000111796, 8171296.547730000689626 ], [ 600979.705540000111796, 8171296.847730000503361 ], [ 600980.005540000041947, 8171296.847730000503361 ], [ 600980.005540000041947, 8171297.74773000087589 ], [ 600980.305540000088513, 8171297.74773000087589 ], [ 600980.305540000088513, 8171301.047730000689626 ], [ 600980.005540000041947, 8171301.047730000689626 ], [ 600980.005540000041947, 8171304.347730000503361 ], [ 600979.705540000111796, 8171304.347730000503361 ], [ 600979.705540000111796, 8171305.24773000087589 ], [ 600979.105540000135079, 8171305.547730000689626 ], [ 600979.105540000135079, 8171305.24773000087589 ], [ 600978.505540000041947, 8171304.947730001062155 ], [ 600978.505540000041947, 8171305.24773000087589 ], [ 600977.90554000006523, 8171305.24773000087589 ], [ 600977.90554000006523, 8171305.547730000689626 ], [ 600977.305540000088513, 8171305.847730000503361 ], [ 600977.305540000088513, 8171306.147730000317097 ], [ 600976.705540000111796, 8171306.147730000317097 ] ] ] } },
{ "type": "Feature", "properties": { "id": 12, "instance": 23, "mean_prob": 0.899, "area_m2": 44.7, "split_by_accepted_cut": false }, "geometry": { "type": "Polygon", "coordinates": [ [ [ 600746.005540000041947, 8171290.547730000689626 ], [ 600746.005540000041947, 8171290.24773000087589 ], [ 600743.90554000006523, 8171290.24773000087589 ], [ 600743.90554000006523, 8171289.947730001062155 ], [ 600742.705540000111796, 8171289.947730001062155 ], [ 600742.705540000111796, 8171289.647730000317097 ], [ 600742.105540000135079, 8171289.647730000317097 ], [ 600742.105540000135079, 8171289.347730000503361 ], [ 600740.90554000006523, 8171289.047730000689626 ], [ 600740.605540000135079, 8171288.447730001062155 ], [ 600740.305540000088513, 8171288.447730001062155 ], [ 600740.305540000088513, 8171288.147730000317097 ], [ 600740.005540000041947, 8171288.147730000317097 ], [ 600740.005540000041947, 8171283.647730000317097 ], [ 600740.305540000088513, 8171283.647730000317097 ], [ 600740.305540000088513, 8171283.347730000503361 ], [ 600740.605540000135079, 8171283.347730000503361 ], [ 600740.605540000135079, 8171283.647730000317097 ], [ 600741.805540000088513, 8171283.647730000317097 ], [ 600741.805540000088513, 8171283.947730001062155 ], [ 600742.40554000006523, 8171283.947730001062155 ], [ 600742.40554000006523, 8171284.24773000087589 ], [ 600743.005540000041947, 8171284.24773000087589 ], [ 600743.005540000041947, 8171284.547730000689626 ], [ 600743.605540000135079, 8171284.547730000689626 ], [ 600743.605540000135079, 8171284.847730000503361 ], [ 600744.205540000111796, 8171284.847730000503361 ], [ 600744.205540000111796, 8171285.447730001062155 ], [ 600744.505540000041947, 8171285.447730001062155 ], [ 600744.505540000041947, 8171285.74773000087589 ], [ 600745.705540000111796, 8171285.74773000087589 ], [ 600745.705540000111796, 8171286.047730000689626 ], [ 600747.505540000041947, 8171286.047730000689626 ], [ 600747.505540000041947, 8171286.347730000503361 ], [ 600748.705540000111796, 8171286.647730000317097 ], [ 600748.705540000111796, 8171286.947730001062155 ], [ 600749.605540000135079, 8171286.947730001062155 ], [ 600749.605540000135079, 8171287.24773000087589 ], [ 600749.90554000006523, 8171287.24773000087589 ], [ 600749.90554000006523, 8171287.547730000689626 ], [ 600749.605540000135079, 8171287.547730000689626 ], [ 600749.605540000135079, 8171289.047730000689626 ], [ 600749.305540000088513, 8171289.047730000689626 ], [ 600749.305540000088513, 8171289.947730001062155 ], [ 600749.005540000041947, 8171289.947730001062155 ], [ 600748.705540000111796, 8171290.547730000689626 ], [ 600746.005540000041947, 8171290.547730000689626 ] ] ] } },
{ "type": "Feature", "properties": { "id": 13, "instance": 21, "mean_prob": 0.955, "area_m2": 109.7, "split_by_accepted_cut": false }, "geometry": { "type": "Polygon", "coordinates": [ [ [ 600974.90554000006523, 8171291.147730000317097 ], [ 600974.90554000006523, 8171290.847730000503361 ], [ 600974.305540000088513, 8171290.547730000689626 ], [ 600974.305540000088513, 8171290.24773000087589 ], [ 600973.105540000135079, 8171289.947730001062155 ], [ 600973.105540000135079, 8171288.74773000087589 ], [ 600973.40554000006523, 8171288.74773000087589 ], [ 600973.40554000006523, 8171288.147730000317097 ], [ 600973.705540000111796, 8171288.147730000317097 ], [ 600973.705540000111796, 8171286.947730001062155 ], [ 600973.105540000135079, 8171286.947730001062155 ], [ 600972.805540000088513, 8171286.347730000503361 ], [ 600972.205540000111796, 8171286.347730000503361 ], [ 600971.90554000006523, 8171285.74773000087589 ], [ 600971.305540000088513, 8171285.74773000087589 ], [ 600971.305540000088513, 8171285.447730001062155 ], [ 600971.005540000041947, 8171285.447730001062155 ], [ 600970.705540000111796, 8171284.847730000503361 ], [ 600969.505540000041947, 8171284.547730000689626 ], [ 600969.205540000111796, 8171283.947730001062155 ], [ 600968.90554000006523, 8171283.947730001062155 ], [ 600968.90554000006523, 8171283.647730000317097 ], [ 600968.005540000041947, 8171283.647730000317097 ], [ 600968.005540000041947, 8171283.347730000503361 ], [ 600967.705540000111796, 8171283.347730000503361 ], [ 600968.005540000041947, 8171282.147730000317097 ], [ 600968.305540000088513, 8171282.147730000317097 ], [ 600968.305540000088513, 8171280.947730001062155 ], [ 600968.605540000135079, 8171280.947730001062155 ], [ 600968.605540000135079, 8171279.147730000317097 ], [ 600968.90554000006523, 8171279.147730000317097 ], [ 600968.90554000006523, 8171278.547730000689626 ], [ 600969.205540000111796, 8171278.547730000689626 ], [ 600969.205540000111796, 8171277.947730001062155 ], [ 600969.505540000041947, 8171277.947730001062155 ], [ 600969.505540000041947, 8171277.347730000503361 ], [ 600969.805540000088513, 8171277.347730000503361 ], [ 600969.805540000088513, 8171276.74773000087589 ], [ 600970.105540000135079, 8171276.74773000087589 ], [ 600970.105540000135079, 8171276.447730001062155 ], [ 600971.305540000088513, 8171276.447730001062155 ], [ 600971.305540000088513, 8171276.147730000317097 ], [ 600971.605540000135079, 8171276.147730000317097 ], [ 600971.605540000135079, 8171275.24773000087589 ], [ 600971.90554000006523, 8171275.24773000087589 ], [ 600971.90554000006523, 8171274.947730001062155 ], [ 600973.105540000135079, 8171274.947730001062155 ], [ 600973.105540000135079, 8171275.24773000087589 ], [ 600973.705540000111796, 8171275.24773000087589 ], [ 600974.005540000041947, 8171275.847730000503361 ], [ 600974.605540000135079, 8171275.847730000503361 ], [ 600974.605540000135079, 8171276.147730000317097 ], [ 600975.205540000111796, 8171276.147730000317097 ], [ 600975.205540000111796, 8171276.447730001062155 ], [ 600975.805540000088513, 8171276.447730001062155 ], [ 600976.105540000135079, 8171277.047730000689626 ], [ 600976.705540000111796, 8171277.047730000689626 ], [ 600976.705540000111796, 8171277.347730000503361 ], [ 600977.005540000041947, 8171277.347730000503361 ], [ 600977.005540000041947, 8171277.947730001062155 ], [ 600977.305540000088513, 8171277.947730001062155 ], [ 600977.305540000088513, 8171279.147730000317097 ], [ 600977.605540000135079, 8171279.147730000317097 ], [ 600977.605540000135079, 8171281.24773000087589 ], [ 600977.90554000006523, 8171281.24773000087589 ], [ 600977.90554000006523, 8171283.347730000503361 ], [ 600978.205540000111796, 8171283.347730000503361 ], [ 600978.205540000111796, 8171285.74773000087589 ], [ 600978.505540000041947, 8171285.74773000087589 ], [ 600978.505540000041947, 8171287.547730000689626 ], [ 600978.805540000088513, 8171287.547730000689626 ], [ 600978.805540000088513, 8171289.347730000503361 ], [ 600978.505540000041947, 8171289.347730000503361 ], [ 600978.505540000041947, 8171289.647730000317097 ], [ 600977.305540000088513, 8171289.647730000317097 ], [ 600977.305540000088513, 8171290.847730000503361 ], [ 600977.005540000041947, 8171290.847730000503361 ], [ 600977.005540000041947, 8171291.147730000317097 ], [ 600974.90554000006523, 8171291.147730000317097 ] ] ] } },
{ "type": "Feature", "properties": { "id": 14, "instance": 37, "mean_prob": 0.914, "area_m2": 35.4, "split_by_accepted_cut": true }, "geometry": { "type": "Polygon", "coordinates": [ [ [ 600746.005540000041947, 8171273.147730000317097 ], [ 600746.005540000041947, 8171272.847730000503361 ], [ 600745.705540000111796, 8171272.847730000503361 ], [ 600745.705540000111796, 8171272.24773000087589 ], [ 600746.005540000041947, 8171272.24773000087589 ], [ 600746.005540000041947, 8171271.647730000317097 ], [ 600745.705540000111796, 8171271.647730000317097 ], [ 600745.705540000111796, 8171268.647730000317097 ], [ 600746.005540000041947, 8171268.647730000317097 ], [ 600746.005540000041947, 8171268.347730000503361 ], [ 600746.90554000006523, 8171268.347730000503361 ], [ 600746.90554000006523, 8171268.047730000689626 ], [ 600746.605540000135079, 8171268.047730000689626 ], [ 600746.605540000135079, 8171267.447730001062155 ], [ 600747.205540000111796, 8171267.74773000087589 ], [ 600747.205540000111796, 8171268.047730000689626 ], [ 600747.805540000088513, 8171268.047730000689626 ], [ 600747.805540000088513, 8171268.947730001062155 ], [ 600747.505540000041947, 8171268.947730001062155 ], [ 600747.805540000088513, 8171269.547730000689626 ], [ 600749.305540000088513, 8171269.547730000689626 ], [ 600749.605540000135079, 8171268.947730001062155 ], [ 600749.005540000041947, 8171268.947730001062155 ], [ 600749.005540000041947, 8171268.047730000689626 ], [ 600750.505540000041947, 8171268.047730000689626 ], [ 600750.505540000041947, 8171267.74773000087589 ], [ 600750.805540000088513, 8171267.74773000087589 ], [ 600750.805540000088513, 8171267.147730000317097 ], [ 600751.105540000135079, 8171267.147730000317097 ], [ 600751.105540000135079, 8171266.847730000503361 ], [ 600751.705540000111796, 8171266.847730000503361 ], [ 600751.705540000111796, 8171267.447730001062155 ], [ 600752.305540000088513, 8171267.447730001062155 ], [ 600752.305540000088513, 8171268.047730000689626 ], [ 600752.605540000135079, 8171268.047730000689626 ], [ 600752.605540000135079, 8171268.647730000317097 ], [ 600752.90554000006523, 8171268.647730000317097 ], [ 600752.90554000006523, 8171273.147730000317097 ], [ 600746.005540000041947, 8171273.147730000317097 ] ] ] } },
{ "type": "Feature", "properties": { "id": 15, "instance": 39, "mean_prob": 0.848, "area_m2": 17.6, "split_by_accepted_cut": false }, "geometry": { "type": "Polygon", "coordinates": [ [ [ 600717.505540000041947, 8171272.24773000087589 ], [ 600717.205540000111796, 8171271.647730000317097 ], [ 600716.90554000006523, 8171271.647730000317097 ], [ 600716.90554000006523, 8171268.947730001062155 ], [ 600717.205540000111796, 8171268.947730001062155 ], [ 600717.205540000111796, 8171267.447730001062155 ], [ 600717.805540000088513, 8171267.447730001062155 ], [ 600717.805540000088513, 8171266.847730000503361 ], [ 600718.105540000135079, 8171266.847730000503361 ], [ 600718.105540000135079, 8171266.547730000689626 ], [ 600718.705540000111796, 8171266.547730000689626 ], [ 600718.705540000111796, 8171266.847730000503361 ], [ 600719.605540000135079, 8171266.847730000503361 ], [ 600719.605540000135079, 8171266.547730000689626 ], [ 600720.205540000111796, 8171266.547730000689626 ], [ 600720.205540000111796, 8171266.847730000503361 ], [ 600720.505540000041947, 8171266.847730000503361 ], [ 600720.505540000041947, 8171271.947730001062155 ], [ 600719.605540000135079, 8171271.947730001062155 ], [ 600719.605540000135079, 8171271.647730000317097 ], [ 600719.005540000041947, 8171271.647730000317097 ], [ 600719.005540000041947, 8171271.947730001062155 ], [ 600718.105540000135079, 8171271.947730001062155 ], [ 600718.105540000135079, 8171272.24773000087589 ], [ 600717.505540000041947, 8171272.24773000087589 ] ] ] } },
{ "type": "Feature", "properties": { "id": 16, "instance": 26, "mean_prob": 0.904, "area_m2": 12.7, "split_by_accepted_cut": true }, "geometry": { "type": "Polygon", "coordinates": [ [ [ 600934.105540000135079, 8171265.047730000689626 ], [ 600933.805540000088513, 8171263.847730000503361 ], [ 600933.505540000041947, 8171263.847730000503361 ], [ 600933.505540000041947, 8171262.947730001062155 ], [ 600933.805540000088513, 8171262.947730001062155 ], [ 600933.805540000088513, 8171261.447730001062155 ], [ 600934.40554000006523, 8171261.447730001062155 ], [ 600934.40554000006523, 8171261.147730000317097 ], [ 600935.605540000135079, 8171261.147730000317097 ], [ 600935.605540000135079, 8171261.447730001062155 ], [ 600936.205540000111796, 8171261.147730000317097 ], [ 600936.205540000111796, 8171261.447730001062155 ], [ 600937.40554000006523, 8171261.447730001062155 ], [ 600937.40554000006523, 8171264.74773000087589 ], [ 600934.705540000111796, 8171264.74773000087589 ], [ 600934.705540000111796, 8171265.047730000689626 ], [ 600934.105540000135079, 8171265.047730000689626 ] ] ] } },
{ "type": "Feature", "properties": { "id": 17, "instance": 38, "mean_prob": 0.943, "area_m2": 69.7, "split_by_accepted_cut": true }, "geometry": { "type": "Polygon", "coordinates": [ [ [ 600747.805540000088513, 8171269.547730000689626 ], [ 600747.805540000088513, 8171269.24773000087589 ], [ 600747.505540000041947, 8171269.24773000087589 ], [ 600747.505540000041947, 8171268.947730001062155 ], [ 600747.805540000088513, 8171268.947730001062155 ], [ 600747.805540000088513, 8171268.047730000689626 ], [ 600747.205540000111796, 8171268.047730000689626 ], [ 600746.90554000006523, 8171267.447730001062155 ], [ 600746.605540000135079, 8171267.447730001062155 ], [ 600746.605540000135079, 8171267.74773000087589 ], [ 600743.90554000006523, 8171267.74773000087589 ], [ 600743.90554000006523, 8171267.447730001062155 ], [ 600743.305540000088513, 8171267.447730001062155 ], [ 600743.605540000135079, 8171265.647730000317097 ], [ 600743.305540000088513, 8171265.647730000317097 ], [ 600743.305540000088513, 8171264.447730001062155 ], [ 600743.005540000041947, 8171264.447730001062155 ], [ 600743.005540000041947, 8171263.847730000503361 ], [ 600742.705540000111796, 8171263.847730000503361 ], [ 600742.705540000111796, 8171263.547730000689626 ], [ 600743.305540000088513, 8171263.24773000087589 ], [ 600743.305540000088513, 8171262.947730001062155 ], [ 600746.005540000041947, 8171262.947730001062155 ], [ 600746.005540000041947, 8171258.447730001062155 ], [ 600750.505540000041947, 8171258.447730001062155 ], [ 600750.505540000041947, 8171258.147730000317097 ], [ 600751.705540000111796, 8171258.147730000317097 ], [ 600751.705540000111796, 8171258.447730001062155 ], [ 600752.005540000041947, 8171258.447730001062155 ], [ 600752.005540000041947, 8171259.647730000317097 ], [ 600751.705540000111796, 8171259.647730000317097 ], [ 600751.705540000111796, 8171260.547730000689626 ], [ 600752.005540000041947, 8171260.547730000689626 ], [ 600752.005540000041947, 8171261.147730000317097 ], [ 600752.305540000088513, 8171261.147730000317097 ], [ 600752.305540000088513, 8171262.347730000503361 ], [ 600751.705540000111796, 8171262.647730000317097 ], [ 600751.705540000111796, 8171263.24773000087589 ], [ 600751.40554000006523, 8171263.24773000087589 ], [ 600751.40554000006523, 8171265.347730000503361 ], [ 600751.705540000111796, 8171265.347730000503361 ], [ 600751.705540000111796, 8171265.947730001062155 ], [ 600752.005540000041947, 8171265.947730001062155 ], [ 600752.005540000041947, 8171266.847730000503361 ], [ 600751.105540000135079, 8171266.847730000503361 ], [ 600750.505540000041947, 8171268.047730000689626 ], [ 600749.005540000041947, 8171268.047730000689626 ], [ 600749.005540000041947, 8171268.947730001062155 ], [ 600749.605540000135079, 8171268.947730001062155 ], [ 600749.305540000088513, 8171269.547730000689626 ], [ 600747.805540000088513, 8171269.547730000689626 ] ] ] } },
{ "type": "Feature", "properties": { "id": 18, "instance": 42, "mean_prob": 0.928, "area_m2": 33.5, "split_by_accepted_cut": true }, "geometry": { "type": "Polygon", "coordinates": [ [ [ 600736.40554000006523, 8171268.347730000503361 ], [ 600736.40554000006523, 8171268.047730000689626 ], [ 600736.105540000135079, 8171268.047730000689626 ], [ 600736.105540000135079, 8171266.547730000689626 ], [ 600736.40554000006523, 8171266.547730000689626 ], [ 600736.40554000006523, 8171265.947730001062155 ], [ 600736.105540000135079, 8171265.947730001062155 ], [ 600736.105540000135079, 8171263.847730000503361 ], [ 600736.40554000006523, 8171263.847730000503361 ], [ 600736.40554000006523, 8171262.047730000689626 ], [ 600736.105540000135079, 8171262.047730000689626 ], [ 600736.105540000135079, 8171257.24773000087589 ], [ 600736.40554000006523, 8171257.24773000087589 ], [ 600736.40554000006523, 8171256.947730001062155 ], [ 600737.605540000135079, 8171256.947730001062155 ], [ 600737.605540000135079, 8171257.24773000087589 ], [ 600737.005540000041947, 8171257.24773000087589 ], [ 600737.005540000041947, 8171257.547730000689626 ], [ 600736.705540000111796, 8171257.547730000689626 ], [ 600736.705540000111796, 8171261.74773000087589 ], [ 600737.005540000041947, 8171261.74773000087589 ], [ 600737.005540000041947, 8171262.347730000503361 ], [ 600737.305540000088513, 8171262.347730000503361 ], [ 600737.305540000088513, 8171262.647730000317097 ], [ 600740.005540000041947, 8171262.647730000317097 ], [ 600740.005540000041947, 8171262.347730000503361 ], [ 600740.305540000088513, 8171262.347730000503361 ], [ 600740.305540000088513, 8171262.047730000689626 ], [ 600740.90554000006523, 8171261.74773000087589 ], [ 600740.90554000006523, 8171262.347730000503361 ], [ 600741.205540000111796, 8171262.347730000503361 ], [ 600741.205540000111796, 8171266.24773000087589 ], [ 600741.505540000041947, 8171266.24773000087589 ], [ 600741.505540000041947, 8171268.047730000689626 ], [ 600741.205540000111796, 8171268.047730000689626 ], [ 600741.205540000111796, 8171268.347730000503361 ], [ 600736.40554000006523, 8171268.347730000503361 ] ] ] } },
{ "type": "Feature", "properties": { "id": 19, "instance": 43, "mean_prob": 0.972, "area_m2": 21.5, "split_by_accepted_cut": true }, "geometry": { "type": "Polygon", "coordinates": [ [ [ 600737.305540000088513, 8171262.647730000317097 ], [ 600737.305540000088513, 8171262.347730000503361 ], [ 600737.005540000041947, 8171262.347730000503361 ], [ 600737.005540000041947, 8171261.74773000087589 ], [ 600736.705540000111796, 8171261.74773000087589 ], [ 600736.705540000111796, 8171257.547730000689626 ], [ 600737.005540000041947, 8171257.547730000689626 ], [ 600737.005540000041947, 8171257.24773000087589 ], [ 600737.605540000135079, 8171257.24773000087589 ], [ 600737.605540000135079, 8171256.947730001062155 ], [ 600740.305540000088513, 8171256.947730001062155 ], [ 600740.305540000088513, 8171257.24773000087589 ], [ 600740.605540000135079, 8171257.24773000087589 ], [ 600740.605540000135079, 8171260.547730000689626 ], [ 600740.90554000006523, 8171260.547730000689626 ], [ 600740.90554000006523, 8171261.74773000087589 ], [ 600740.305540000088513, 8171262.047730000689626 ], [ 600740.305540000088513, 8171262.347730000503361 ], [ 600740.005540000041947, 8171262.347730000503361 ], [ 600740.005540000041947, 8171262.647730000317097 ], [ 600737.305540000088513, 8171262.647730000317097 ] ] ] } },
{ "type": "Feature", "properties": { "id": 20, "instance": 44, "mean_prob": 0.956, "area_m2": 98.8, "split_by_accepted_cut": true }, "geometry": { "type": "Polygon", "coordinates": [ [ [ 600712.105540000135079, 8171266.847730000503361 ], [ 600712.105540000135079, 8171266.547730000689626 ], [ 600711.805540000088513, 8171266.547730000689626 ], [ 600711.805540000088513, 8171265.347730000503361 ], [ 600711.505540000041947, 8171265.347730000503361 ], [ 600711.505540000041947, 8171263.547730000689626 ], [ 600710.90554000006523, 8171263.547730000689626 ], [ 600710.90554000006523, 8171263.847730000503361 ], [ 600708.505540000041947, 8171263.847730000503361 ], [ 600708.505540000041947, 8171263.547730000689626 ], [ 600707.305540000088513, 8171263.547730000689626 ], [ 600707.305540000088513, 8171263.24773000087589 ], [ 600706.705540000111796, 8171262.947730001062155 ], [ 600706.705540000111796, 8171262.647730000317097 ], [ 600706.40554000006523, 8171262.647730000317097 ], [ 600706.40554000006523, 8171262.047730000689626 ], [ 600706.105540000135079, 8171262.047730000689626 ], [ 600706.105540000135079, 8171261.447730001062155 ], [ 600705.805540000088513, 8171261.447730001062155 ], [ 600705.805540000088513, 8171261.147730000317097 ], [ 600705.505540000041947, 8171261.147730000317097 ], [ 600705.505540000041947, 8171260.847730000503361 ], [ 600704.90554000006523, 8171260.847730000503361 ], [ 600704.605540000135079, 8171260.24773000087589 ], [ 600704.005540000041947, 8171260.24773000087589 ], [ 600704.005540000041947, 8171259.947730001062155 ], [ 600703.705540000111796, 8171259.947730001062155 ], [ 600703.705540000111796, 8171259.347730000503361 ], [ 600703.40554000006523, 8171259.347730000503361 ], [ 600703.40554000006523, 8171256.947730001062155 ], [ 600703.705540000111796, 8171256.947730001062155 ], [ 600703.705540000111796, 8171256.047730000689626 ], [ 600705.505540000041947, 8171256.047730000689626 ], [ 600705.505540000041947, 8171255.74773000087589 ], [ 600708.205540000111796, 8171255.74773000087589 ], [ 600708.205540000111796, 8171255.447730001062155 ], [ 600711.505540000041947, 8171255.447730001062155 ], [ 600711.505540000041947, 8171255.74773000087589 ], [ 600712.105540000135079, 8171255.74773000087589 ], [ 600712.105540000135079, 8171256.347730000503361 ], [ 600712.705540000111796, 8171256.647730000317097 ], [ 600712.705540000111796, 8171257.24773000087589 ], [ 600712.40554000006523, 8171257.24773000087589 ], [ 600712.40554000006523, 8171258.74773000087589 ], [ 600712.705540000111796, 8171258.74773000087589 ], [ 600712.705540000111796, 8171259.047730000689626 ], [ 600713.305540000088513, 8171259.347730000503361 ], [ 600713.305540000088513, 8171259.647730000317097 ], [ 600714.205540000111796, 8171259.647730000317097 ], [ 600714.205540000111796, 8171259.347730000503361 ], [ 600714.805540000088513, 8171259.347730000503361 ], [ 600714.805540000088513, 8171259.047730000689626 ], [ 600715.705540000111796, 8171259.047730000689626 ], [ 600716.005540000041947, 8171259.647730000317097 ], [ 600716.305540000088513, 8171259.647730000317097 ], [ 600716.305540000088513, 8171259.947730001062155 ], [ 600716.90554000006523, 8171260.24773000087589 ], [ 600717.205540000111796, 8171262.047730000689626 ], [ 600717.505540000041947, 8171262.047730000689626 ], [ 600717.505540000041947, 8171265.647730000317097 ], [ 600717.805540000088513, 8171265.647730000317097 ], [ 600717.805540000088513, 8171265.947730001062155 ], [ 600717.505540000041947, 8171265.947730001062155 ], [ 600717.505540000041947, 8171266.24773000087589 ], [ 600715.105540000135079, 8171266.24773000087589 ], [ 600715.105540000135079, 8171266.547730000689626 ], [ 600712.705540000111796, 8171266.547730000689626 ], [ 600712.705540000111796, 8171266.847730000503361 ], [ 600712.105540000135079, 8171266.847730000503361 ] ] ] } },
{ "type": "Feature", "properties": { "id": 21, "instance": 30, "mean_prob": 0.921, "area_m2": 48.1, "split_by_accepted_cut": true }, "geometry": { "type": "Polygon", "coordinates": [ [ [ 600944.005540000041947, 8171253.947730001062155 ], [ 600944.005540000041947, 8171253.347730000503361 ], [ 600943.40554000006523, 8171253.047730000689626 ], [ 600943.105540000135079, 8171252.447730001062155 ], [ 600942.805540000088513, 8171252.447730001062155 ], [ 600942.805540000088513, 8171252.147730000317097 ], [ 600940.705540000111796, 8171252.147730000317097 ], [ 600940.705540000111796, 8171251.847730000503361 ], [ 600939.805540000088513, 8171251.847730000503361 ], [ 600939.805540000088513, 8171251.547730000689626 ], [ 600939.205540000111796, 8171251.547730000689626 ], [ 600939.205540000111796, 8171251.24773000087589 ], [ 600938.90554000006523, 8171251.24773000087589 ], [ 600938.90554000006523, 8171250.347730000503361 ], [ 600938.605540000135079, 8171250.347730000503361 ], [ 600938.605540000135079, 8171249.74773000087589 ], [ 600938.90554000006523, 8171249.74773000087589 ], [ 600938.90554000006523, 8171247.647730000317097 ], [ 600939.205540000111796, 8171247.647730000317097 ], [ 600939.205540000111796, 8171245.847730000503361 ], [ 600939.505540000041947, 8171245.847730000503361 ], [ 600939.505540000041947, 8171245.24773000087589 ], [ 600941.305540000088513, 8171245.24773000087589 ], [ 600941.305540000088513, 8171245.547730000689626 ], [ 600942.205540000111796, 8171245.547730000689626 ], [ 600942.205540000111796, 8171245.847730000503361 ], [ 600944.005540000041947, 8171246.147730000317097 ], [ 600944.005540000041947, 8171246.447730001062155 ], [ 600945.505540000041947, 8171246.447730001062155 ], [ 600945.505540000041947, 8171246.74773000087589 ], [ 600946.40554000006523, 8171246.74773000087589 ], [ 600946.40554000006523, 8171247.047730000689626 ], [ 600946.705540000111796, 8171247.047730000689626 ], [ 600946.705540000111796, 8171248.847730000503361 ], [ 600946.40554000006523, 8171248.847730000503361 ], [ 600946.40554000006523, 8171250.347730000503361 ], [ 600946.105540000135079, 8171250.347730000503361 ], [ 600946.105540000135079, 8171250.947730001062155 ], [ 600945.805540000088513, 8171250.947730001062155 ], [ 600945.805540000088513, 8171251.847730000503361 ], [ 600945.505540000041947, 8171251.847730000503361 ], [ 600945.505540000041947, 8171253.047730000689626 ], [ 600944.90554000006523, 8171253.347730000503361 ], [ 600944.90554000006523, 8171253.947730001062155 ], [ 600944.005540000041947, 8171253.947730001062155 ] ] ] } },
{ "type": "Feature", "properties": { "id": 22, "instance": 51, "mean_prob": 0.81, "area_m2": 12.5, "split_by_accepted_cut": false }, "geometry": { "type": "Polygon", "coordinates": [ [ [ 600851.005540000041947, 8171248.847730000503361 ], [ 600851.005540000041947, 8171248.547730000689626 ], [ 600850.705540000111796, 8171248.547730000689626 ], [ 600850.705540000111796, 8171247.647730000317097 ], [ 600851.305540000088513, 8171247.347730000503361 ], [ 600851.305540000088513, 8171246.74773000087589 ], [ 600851.90554000006523, 8171246.447730001062155 ], [ 600851.90554000006523, 8171245.847730000503361 ], [ 600852.205540000111796, 8171245.847730000503361 ], [ 600852.205540000111796, 8171245.24773000087589 ], [ 600852.505540000041947, 8171245.24773000087589 ], [ 600852.505540000041947, 8171244.047730000689626 ], [ 600854.605540000135079, 8171244.047730000689626 ], [ 600854.605540000135079, 8171247.947730001062155 ], [ 600853.705540000111796, 8171247.947730001062155 ], [ 600853.705540000111796, 8171247.647730000317097 ], [ 600853.40554000006523, 8171247.647730000317097 ], [ 600853.40554000006523, 8171247.947730001062155 ], [ 600852.805540000088513, 8171248.24773000087589 ], [ 600852.805540000088513, 8171248.847730000503361 ], [ 600851.005540000041947, 8171248.847730000503361 ] ] ] } },
{ "type": "Feature", "properties": { "id": 23, "instance": 50, "mean_prob": 0.777, "area_m2": 13.5, "split_by_accepted_cut": false }, "geometry": { "type": "Polygon", "coordinates": [ [ [ 600973.705540000111796, 8171249.147730000317097 ], [ 600973.705540000111796, 8171248.847730000503361 ], [ 600972.205540000111796, 8171248.847730000503361 ], [ 600972.205540000111796, 8171248.547730000689626 ], [ 600971.305540000088513, 8171248.547730000689626 ], [ 600971.305540000088513, 8171248.24773000087589 ], [ 600971.005540000041947, 8171248.24773000087589 ], [ 600971.005540000041947, 8171247.647730000317097 ], [ 600971.305540000088513, 8171247.647730000317097 ], [ 600971.305540000088513, 8171247.347730000503361 ], [ 600971.90554000006523, 8171247.347730000503361 ], [ 600971.90554000006523, 8171245.547730000689626 ], [ 600972.205540000111796, 8171245.547730000689626 ], [ 600972.205540000111796, 8171246.447730001062155 ], [ 600972.805540000088513, 8171246.74773000087589 ], [ 600972.805540000088513, 8171247.047730000689626 ], [ 600973.40554000006523, 8171247.047730000689626 ], [ 600973.40554000006523, 8171246.74773000087589 ], [ 600973.705540000111796, 8171246.74773000087589 ], [ 600973.705540000111796, 8171246.147730000317097 ], [ 600973.105540000135079, 8171245.847730000503361 ], [ 600973.105540000135079, 8171244.347730000503361 ], [ 600973.40554000006523, 8171244.347730000503361 ], [ 600973.40554000006523, 8171243.74773000087589 ], [ 600974.005540000041947, 8171243.447730001062155 ], [ 600974.005540000041947, 8171243.147730000317097 ], [ 600974.605540000135079, 8171243.147730000317097 ], [ 600974.605540000135079, 8171243.447730001062155 ], [ 600974.90554000006523, 8171243.447730001062155 ], [ 600974.90554000006523, 8171244.047730000689626 ], [ 600975.205540000111796, 8171244.047730000689626 ], [ 600975.205540000111796, 8171245.847730000503361 ], [ 600974.90554000006523, 8171245.847730000503361 ], [ 600974.90554000006523, 8171248.847730000503361 ], [ 600974.605540000135079, 8171248.847730000503361 ], [ 600974.605540000135079, 8171249.147730000317097 ], [ 600973.705540000111796, 8171249.147730000317097 ] ] ] } },
{ "type": "Feature", "properties": { "id": 24, "instance": 45, "mean_prob": 0.935, "area_m2": 208.7, "split_by_accepted_cut": true }, "geometry": { "type": "Polygon", "coordinates": [ [ [ 600713.305540000088513, 8171259.647730000317097 ], [ 600713.305540000088513, 8171259.347730000503361 ], [ 600713.005540000041947, 8171259.347730000503361 ], [ 600712.705540000111796, 8171258.74773000087589 ], [ 600712.40554000006523, 8171258.74773000087589 ], [ 600712.40554000006523, 8171257.24773000087589 ], [ 600713.305540000088513, 8171257.24773000087589 ], [ 600713.305540000088513, 8171257.547730000689626 ], [ 600713.605540000135079, 8171257.547730000689626 ], [ 600713.605540000135079, 8171256.647730000317097 ], [ 600714.205540000111796, 8171256.347730000503361 ], [ 600714.205540000111796, 8171254.24773000087589 ], [ 600713.305540000088513, 8171254.24773000087589 ], [ 600713.305540000088513, 8171253.947730001062155 ], [ 600712.705540000111796, 8171253.947730001062155 ], [ 600712.705540000111796, 8171253.647730000317097 ], [ 600711.805540000088513, 8171253.647730000317097 ], [ 600711.505540000041947, 8171253.047730000689626 ], [ 600711.205540000111796, 8171253.047730000689626 ], [ 600711.205540000111796, 8171253.347730000503361 ], [ 600710.90554000006523, 8171253.347730000503361 ], [ 600710.90554000006523, 8171253.947730001062155 ], [ 600710.305540000088513, 8171253.947730001062155 ], [ 600710.305540000088513, 8171254.24773000087589 ], [ 600707.90554000006523, 8171254.24773000087589 ], [ 600707.90554000006523, 8171253.947730001062155 ], [ 600707.605540000135079, 8171253.947730001062155 ], [ 600707.605540000135079, 8171252.447730001062155 ], [ 600707.305540000088513, 8171252.447730001062155 ], [ 600707.305540000088513, 8171252.147730000317097 ], [ 600705.805540000088513, 8171252.147730000317097 ], [ 600705.805540000088513, 8171251.847730000503361 ], [ 600704.90554000006523, 8171251.847730000503361 ], [ 600704.90554000006523, 8171251.547730000689626 ], [ 600702.805540000088513, 8171251.547730000689626 ], [ 600702.805540000088513, 8171251.847730000503361 ], [ 600702.505540000041947, 8171251.847730000503361 ], [ 600702.505540000041947, 8171251.547730000689626 ], [ 600701.90554000006523, 8171251.547730000689626 ], [ 600701.90554000006523, 8171250.347730000503361 ], [ 600702.205540000111796, 8171250.347730000503361 ], [ 600702.205540000111796, 8171249.147730000317097 ], [ 600701.90554000006523, 8171249.147730000317097 ], [ 600701.90554000006523, 8171247.347730000503361 ], [ 600701.605540000135079, 8171247.347730000503361 ], [ 600701.605540000135079, 8171247.047730000689626 ], [ 600701.305540000088513, 8171247.047730000689626 ], [ 600701.305540000088513, 8171246.74773000087589 ], [ 600700.705540000111796, 8171246.447730001062155 ], [ 600700.705540000111796, 8171245.847730000503361 ], [ 600700.40554000006523, 8171245.847730000503361 ], [ 600700.40554000006523, 8171245.547730000689626 ], [ 600699.805540000088513, 8171245.24773000087589 ], [ 600699.805540000088513, 8171244.947730001062155 ], [ 600698.605540000135079, 8171244.947730001062155 ], [ 600698.605540000135079, 8171243.147730000317097 ], [ 600699.805540000088513, 8171243.147730000317097 ], [ 600699.805540000088513, 8171243.447730001062155 ], [ 600701.305540000088513, 8171243.447730001062155 ], [ 600701.305540000088513, 8171243.147730000317097 ], [ 600703.40554000006523, 8171243.147730000317097 ], [ 600703.705540000111796, 8171243.74773000087589 ], [ 600704.605540000135079, 8171243.74773000087589 ], [ 600704.605540000135079, 8171243.447730001062155 ], [ 600704.90554000006523, 8171243.447730001062155 ], [ 600704.90554000006523, 8171241.947730001062155 ], [ 600705.205540000111796, 8171241.947730001062155 ], [ 600705.205540000111796, 8171241.647730000317097 ], [ 600707.305540000088513, 8171241.647730000317097 ], [ 600707.305540000088513, 8171241.347730000503361 ], [ 600710.005540000041947, 8171241.347730000503361 ], [ 600710.005540000041947, 8171241.047730000689626 ], [ 600712.40554000006523, 8171241.047730000689626 ], [ 600712.40554000006523, 8171241.347730000503361 ], [ 600714.205540000111796, 8171241.347730000503361 ], [ 600714.205540000111796, 8171241.647730000317097 ], [ 600714.505540000041947, 8171241.647730000317097 ], [ 600714.505540000041947, 8171242.547730000689626 ], [ 600714.805540000088513, 8171242.547730000689626 ], [ 600714.805540000088513, 8171244.947730001062155 ], [ 600715.105540000135079, 8171244.947730001062155 ], [ 600715.105540000135079, 8171247.647730000317097 ], [ 600715.705540000111796, 8171247.947730001062155 ], [ 600716.005540000041947, 8171247.347730000503361 ], [ 600716.605540000135079, 8171247.347730000503361 ], [ 600716.605540000135079, 8171247.047730000689626 ], [ 600717.505540000041947, 8171247.047730000689626 ], [ 600717.505540000041947, 8171247.347730000503361 ], [ 600718.105540000135079, 8171247.647730000317097 ], [ 600718.105540000135079, 8171247.947730001062155 ], [ 600718.705540000111796, 8171248.24773000087589 ], [ 600719.005540000041947, 8171248.847730000503361 ], [ 600719.305540000088513, 8171248.847730000503361 ], [ 600719.305540000088513, 8171250.347730000503361 ], [ 600719.605540000135079, 8171250.347730000503361 ], [ 600719.605540000135079, 8171250.947730001062155 ], [ 600719.90554000006523, 8171250.947730001062155 ], [ 600719.90554000006523, 8171251.847730000503361 ], [ 600720.205540000111796, 8171251.847730000503361 ], [ 600720.205540000111796, 8171254.24773000087589 ], [ 600719.90554000006523, 8171254.24773000087589 ], [ 600719.90554000006523, 8171256.047730000689626 ], [ 600719.605540000135079, 8171256.047730000689626 ], [ 600719.605540000135079, 8171256.647730000317097 ], [ 600719.305540000088513, 8171256.647730000317097 ], [ 600719.305540000088513, 8171256.947730001062155 ], [ 600718.705540000111796, 8171256.947730001062155 ], [ 600718.705540000111796, 8171257.24773000087589 ], [ 600718.105540000135079, 8171257.24773000087589 ], [ 600718.105540000135079, 8171256.947730001062155 ], [ 600717.205540000111796, 8171256.947730001062155 ], [ 600717.205540000111796, 8171257.24773000087589 ], [ 600716.605540000135079, 8171257.24773000087589 ], [ 600716.605540000135079, 8171257.847730000503361 ], [ 600716.305540000088513, 8171257.847730000503361 ], [ 600716.305540000088513, 8171258.147730000317097 ], [ 600715.40554000006523, 8171258.147730000317097 ], [ 600715.40554000006523, 8171259.047730000689626 ], [ 600714.805540000088513, 8171259.047730000689626 ], [ 600714.805540000088513, 8171259.347730000503361 ], [ 600714.205540000111796, 8171259.347730000503361 ], [ 600714.205540000111796, 8171259.647730000317097 ], [ 600713.305540000088513, 8171259.647730000317097 ] ], [ [ 600710.90554000006523, 8171253.047730000689626 ], [ 600711.205540000111796, 8171253.047730000689626 ], [ 600711.205540000111796, 8171252.74773000087589 ], [ 600710.90554000006523, 8171252.74773000087589 ], [ 600710.90554000006523, 8171253.047730000689626 ] ] ] } },
{ "type": "Feature", "properties": { "id": 25, "instance": 48, "mean_prob": 0.973, "area_m2": 248.3, "split_by_accepted_cut": false }, "geometry": { "type": "Polygon", "coordinates": [ [ [ 600810.205540000111796, 8171256.947730001062155 ], [ 600810.205540000111796, 8171254.24773000087589 ], [ 600809.90554000006523, 8171254.24773000087589 ], [ 600809.90554000006523, 8171252.447730001062155 ], [ 600809.605540000135079, 8171252.447730001062155 ], [ 600809.305540000088513, 8171248.847730000503361 ], [ 600809.005540000041947, 8171248.847730000503361 ], [ 600809.005540000041947, 8171247.047730000689626 ], [ 600808.705540000111796, 8171247.047730000689626 ], [ 600808.705540000111796, 8171245.547730000689626 ], [ 600808.40554000006523, 8171245.547730000689626 ], [ 600808.40554000006523, 8171238.647730000317097 ], [ 600808.705540000111796, 8171238.647730000317097 ], [ 600808.705540000111796, 8171238.347730000503361 ], [ 600810.505540000041947, 8171238.347730000503361 ], [ 600810.505540000041947, 8171238.647730000317097 ], [ 600811.705540000111796, 8171238.647730000317097 ], [ 600811.705540000111796, 8171238.347730000503361 ], [ 600814.40554000006523, 8171238.347730000503361 ], [ 600814.40554000006523, 8171238.047730000689626 ], [ 600819.505540000041947, 8171238.047730000689626 ], [ 600819.505540000041947, 8171237.74773000087589 ], [ 600821.605540000135079, 8171237.74773000087589 ], [ 600821.605540000135079, 8171238.047730000689626 ], [ 600822.205540000111796, 8171238.047730000689626 ], [ 600822.205540000111796, 8171239.24773000087589 ], [ 600821.90554000006523, 8171239.24773000087589 ], [ 600821.90554000006523, 8171239.847730000503361 ], [ 600822.205540000111796, 8171239.847730000503361 ], [ 600822.205540000111796, 8171244.047730000689626 ], [ 600822.505540000041947, 8171244.047730000689626 ], [ 600822.505540000041947, 8171248.547730000689626 ], [ 600822.805540000088513, 8171248.547730000689626 ], [ 600822.805540000088513, 8171253.947730001062155 ], [ 600823.105540000135079, 8171253.947730001062155 ], [ 600822.805540000088513, 8171255.147730000317097 ], [ 600822.505540000041947, 8171255.147730000317097 ], [ 600822.505540000041947, 8171255.447730001062155 ], [ 600821.90554000006523, 8171255.447730001062155 ], [ 600821.605540000135079, 8171256.047730000689626 ], [ 600821.005540000041947, 8171256.047730000689626 ], [ 600821.005540000041947, 8171256.347730000503361 ], [ 600820.105540000135079, 8171256.347730000503361 ], [ 600820.105540000135079, 8171256.647730000317097 ], [ 600815.005540000041947, 8171256.647730000317097 ], [ 600815.005540000041947, 8171256.947730001062155 ], [ 600810.205540000111796, 8171256.947730001062155 ] ] ] } },
{ "type": "Feature", "properties": { "id": 26, "instance": 56, "mean_prob": 0.914, "area_m2": 33.6, "split_by_accepted_cut": false }, "geometry": { "type": "Polygon", "coordinates": [ [ [ 600752.90554000006523, 8171246.147730000317097 ], [ 600752.605540000135079, 8171245.547730000689626 ], [ 600752.305540000088513, 8171245.547730000689626 ], [ 600752.305540000088513, 8171240.147730000317097 ], [ 600752.005540000041947, 8171240.147730000317097 ], [ 600752.005540000041947, 8171237.147730000317097 ], [ 600752.305540000088513, 8171237.147730000317097 ], [ 600752.305540000088513, 8171236.847730000503361 ], [ 600755.605540000135079, 8171236.847730000503361 ], [ 600755.605540000135079, 8171237.147730000317097 ], [ 600756.205540000111796, 8171237.147730000317097 ], [ 600756.205540000111796, 8171237.74773000087589 ], [ 600756.505540000041947, 8171237.74773000087589 ], [ 600756.505540000041947, 8171239.547730000689626 ], [ 600755.305540000088513, 8171240.147730000317097 ], [ 600755.305540000088513, 8171241.047730000689626 ], [ 600755.605540000135079, 8171241.047730000689626 ], [ 600755.605540000135079, 8171242.547730000689626 ], [ 600755.90554000006523, 8171242.547730000689626 ], [ 600755.90554000006523, 8171245.847730000503361 ], [ 600755.605540000135079, 8171245.847730000503361 ], [ 600755.605540000135079, 8171246.147730000317097 ], [ 600755.305540000088513, 8171246.147730000317097 ], [ 600755.305540000088513, 8171245.847730000503361 ], [ 600753.205540000111796, 8171245.847730000503361 ], [ 600753.205540000111796, 8171246.147730000317097 ], [ 600752.90554000006523, 8171246.147730000317097 ] ] ] } },
{ "type": "Feature", "properties": { "id": 27, "instance": 52, "mean_prob": 0.946, "area_m2": 103.4, "split_by_accepted_cut": false }, "geometry": { "type": "Polygon", "coordinates": [ [ [ 600736.105540000135079, 8171248.24773000087589 ], [ 600736.105540000135079, 8171247.647730000317097 ], [ 600735.805540000088513, 8171247.647730000317097 ], [ 600735.805540000088513, 8171244.647730000317097 ], [ 600732.205540000111796, 8171244.347730000503361 ], [ 600732.205540000111796, 8171239.847730000503361 ], [ 600732.505540000041947, 8171239.847730000503361 ], [ 600732.505540000041947, 8171239.24773000087589 ], [ 600732.205540000111796, 8171239.24773000087589 ], [ 600732.205540000111796, 8171235.947730001062155 ], [ 600733.40554000006523, 8171235.947730001062155 ], [ 600733.40554000006523, 8171235.647730000317097 ], [ 600734.005540000041947, 8171235.647730000317097 ], [ 600734.005540000041947, 8171235.347730000503361 ], [ 600734.90554000006523, 8171235.347730000503361 ], [ 600734.90554000006523, 8171235.647730000317097 ], [ 600735.505540000041947, 8171235.647730000317097 ], [ 600735.505540000041947, 8171235.347730000503361 ], [ 600735.805540000088513, 8171235.347730000503361 ], [ 600735.805540000088513, 8171234.147730000317097 ], [ 600736.105540000135079, 8171234.147730000317097 ], [ 600736.105540000135079, 8171233.847730000503361 ], [ 600740.005540000041947, 8171233.847730000503361 ], [ 600740.005540000041947, 8171233.547730000689626 ], [ 600740.90554000006523, 8171233.547730000689626 ], [ 600740.90554000006523, 8171233.847730000503361 ], [ 600741.505540000041947, 8171234.147730000317097 ], [ 600741.505540000041947, 8171236.547730000689626 ], [ 600740.305540000088513, 8171237.147730000317097 ], [ 600740.305540000088513, 8171237.74773000087589 ], [ 600740.605540000135079, 8171237.74773000087589 ], [ 600740.605540000135079, 8171238.647730000317097 ], [ 600740.90554000006523, 8171238.647730000317097 ], [ 600740.90554000006523, 8171244.047730000689626 ], [ 600740.605540000135079, 8171244.047730000689626 ], [ 600740.605540000135079, 8171245.24773000087589 ], [ 600740.305540000088513, 8171245.24773000087589 ], [ 600740.305540000088513, 8171247.047730000689626 ], [ 600740.605540000135079, 8171247.047730000689626 ], [ 600740.605540000135079, 8171247.647730000317097 ], [ 600740.305540000088513, 8171247.647730000317097 ], [ 600740.305540000088513, 8171247.947730001062155 ], [ 600738.205540000111796, 8171247.947730001062155 ], [ 600738.205540000111796, 8171248.24773000087589 ], [ 600736.105540000135079, 8171248.24773000087589 ] ] ] } },
{ "type": "Feature", "properties": { "id": 28, "instance": 58, "mean_prob": 0.928, "area_m2": 40.9, "split_by_accepted_cut": true }, "geometry": { "type": "Polygon", "coordinates": [ [ [ 600945.805540000088513, 8171239.24773000087589 ], [ 600945.805540000088513, 8171238.947730001062155 ], [ 600944.605540000135079, 8171238.947730001062155 ], [ 600944.605540000135079, 8171238.047730000689626 ], [ 600944.305540000088513, 8171238.047730000689626 ], [ 600944.305540000088513, 8171234.74773000087589 ], [ 600944.90554000006523, 8171234.74773000087589 ], [ 600944.90554000006523, 8171234.447730001062155 ], [ 600944.605540000135079, 8171234.447730001062155 ], [ 600944.605540000135079, 8171233.847730000503361 ], [ 600944.305540000088513, 8171233.847730000503361 ], [ 600944.305540000088513, 8171232.647730000317097 ], [ 600944.605540000135079, 8171232.647730000317097 ], [ 600944.605540000135079, 8171232.047730000689626 ], [ 600944.305540000088513, 8171232.047730000689626 ], [ 600944.305540000088513, 8171231.147730000317097 ], [ 600948.205540000111796, 8171231.147730000317097 ], [ 600948.205540000111796, 8171230.847730000503361 ], [ 600948.805540000088513, 8171230.847730000503361 ], [ 600949.105540000135079, 8171231.447730001062155 ], [ 600949.40554000006523, 8171231.447730001062155 ], [ 600949.40554000006523, 8171235.047730000689626 ], [ 600949.705540000111796, 8171235.047730000689626 ], [ 600949.40554000006523, 8171238.047730000689626 ], [ 600949.705540000111796, 8171238.047730000689626 ], [ 600949.705540000111796, 8171238.947730001062155 ], [ 600949.40554000006523, 8171238.947730001062155 ], [ 600949.40554000006523, 8171239.24773000087589 ], [ 600945.805540000088513, 8171239.24773000087589 ] ] ] } },
{ "type": "Feature", "properties": { "id": 29, "instance": 59, "mean_prob": 0.967, "area_m2": 120.7, "split_by_accepted_cut": true }, "geometry": { "type": "Polygon", "coordinates": [ [ [ 600940.105540000135079, 8171239.24773000087589 ], [ 600940.105540000135079, 8171238.947730001062155 ], [ 600937.105540000135079, 8171238.947730001062155 ], [ 600937.105540000135079, 8171238.647730000317097 ], [ 600931.105540000135079, 8171238.647730000317097 ], [ 600931.105540000135079, 8171238.347730000503361 ], [ 600930.805540000088513, 8171238.347730000503361 ], [ 600930.805540000088513, 8171237.74773000087589 ], [ 600930.505540000041947, 8171237.74773000087589 ], [ 600930.505540000041947, 8171237.447730001062155 ], [ 600930.805540000088513, 8171237.447730001062155 ], [ 600930.805540000088513, 8171233.24773000087589 ], [ 600929.305540000088513, 8171233.24773000087589 ], [ 600929.305540000088513, 8171233.547730000689626 ], [ 600929.005540000041947, 8171233.547730000689626 ], [ 600929.005540000041947, 8171233.24773000087589 ], [ 600928.40554000006523, 8171233.24773000087589 ], [ 600928.40554000006523, 8171230.547730000689626 ], [ 600928.705540000111796, 8171230.547730000689626 ], [ 600928.705540000111796, 8171230.24773000087589 ], [ 600933.205540000111796, 8171230.24773000087589 ], [ 600933.205540000111796, 8171230.547730000689626 ], [ 600942.805540000088513, 8171230.547730000689626 ], [ 600942.805540000088513, 8171230.847730000503361 ], [ 600944.305540000088513, 8171230.847730000503361 ], [ 600944.305540000088513, 8171232.047730000689626 ], [ 600944.605540000135079, 8171232.047730000689626 ], [ 600944.605540000135079, 8171232.647730000317097 ], [ 600944.305540000088513, 8171232.647730000317097 ], [ 600944.305540000088513, 8171238.047730000689626 ], [ 600944.605540000135079, 8171238.047730000689626 ], [ 600944.605540000135079, 8171238.947730001062155 ], [ 600944.305540000088513, 8171238.947730001062155 ], [ 600944.305540000088513, 8171239.24773000087589 ], [ 600940.105540000135079, 8171239.24773000087589 ] ] ] } },
{ "type": "Feature", "properties": { "id": 30, "instance": 63, "mean_prob": 0.944, "area_m2": 88.1, "split_by_accepted_cut": true }, "geometry": { "type": "Polygon", "coordinates": [ [ [ 600974.305540000088513, 8171231.74773000087589 ], [ 600974.305540000088513, 8171231.447730001062155 ], [ 600973.105540000135079, 8171231.447730001062155 ], [ 600973.105540000135079, 8171231.147730000317097 ], [ 600971.90554000006523, 8171231.147730000317097 ], [ 600971.605540000135079, 8171230.547730000689626 ], [ 600971.005540000041947, 8171230.547730000689626 ], [ 600971.005540000041947, 8171230.24773000087589 ], [ 600970.40554000006523, 8171230.24773000087589 ], [ 600970.40554000006523, 8171229.947730001062155 ], [ 600969.205540000111796, 8171229.947730001062155 ], [ 600969.205540000111796, 8171229.647730000317097 ], [ 600968.305540000088513, 8171229.647730000317097 ], [ 600968.305540000088513, 8171229.347730000503361 ], [ 600967.705540000111796, 8171229.347730000503361 ], [ 600967.705540000111796, 8171229.047730000689626 ], [ 600967.105540000135079, 8171229.047730000689626 ], [ 600967.105540000135079, 8171228.74773000087589 ], [ 600966.205540000111796, 8171228.74773000087589 ], [ 600966.205540000111796, 8171228.447730001062155 ], [ 600965.305540000088513, 8171228.447730001062155 ], [ 600965.305540000088513, 8171228.147730000317097 ], [ 600964.105540000135079, 8171228.147730000317097 ], [ 600964.105540000135079, 8171227.847730000503361 ], [ 600963.505540000041947, 8171227.847730000503361 ], [ 600963.505540000041947, 8171227.547730000689626 ], [ 600963.205540000111796, 8171227.547730000689626 ], [ 600963.205540000111796, 8171226.047730000689626 ], [ 600963.505540000041947, 8171226.047730000689626 ], [ 600963.505540000041947, 8171224.847730000503361 ], [ 600963.805540000088513, 8171224.847730000503361 ], [ 600963.805540000088513, 8171224.24773000087589 ], [ 600964.40554000006523, 8171223.947730001062155 ], [ 600964.705540000111796, 8171223.347730000503361 ], [ 600965.305540000088513, 8171223.347730000503361 ], [ 600965.305540000088513, 8171223.047730000689626 ], [ 600967.40554000006523, 8171223.047730000689626 ], [ 600967.40554000006523, 8171223.347730000503361 ], [ 600968.005540000041947, 8171223.347730000503361 ], [ 600968.605540000135079, 8171222.147730000317097 ], [ 600968.90554000006523, 8171222.147730000317097 ], [ 600968.90554000006523, 8171221.847730000503361 ], [ 600969.805540000088513, 8171221.847730000503361 ], [ 600969.805540000088513, 8171221.547730000689626 ], [ 600971.305540000088513, 8171221.547730000689626 ], [ 600971.305540000088513, 8171222.147730000317097 ], [ 600971.605540000135079, 8171222.147730000317097 ], [ 600971.605540000135079, 8171222.447730001062155 ], [ 600972.205540000111796, 8171222.447730001062155 ], [ 600972.505540000041947, 8171223.047730000689626 ], [ 600973.105540000135079, 8171223.047730000689626 ], [ 600973.105540000135079, 8171223.347730000503361 ], [ 600974.005540000041947, 8171223.347730000503361 ], [ 600974.005540000041947, 8171222.447730001062155 ], [ 600974.305540000088513, 8171222.447730001062155 ], [ 600974.305540000088513, 8171222.74773000087589 ], [ 600974.605540000135079, 8171222.74773000087589 ], [ 600974.605540000135079, 8171224.24773000087589 ], [ 600975.205540000111796, 8171224.24773000087589 ], [ 600975.205540000111796, 8171224.547730000689626 ], [ 600975.805540000088513, 8171224.547730000689626 ], [ 600975.805540000088513, 8171224.24773000087589 ], [ 600976.105540000135079, 8171224.24773000087589 ], [ 600976.105540000135079, 8171230.547730000689626 ], [ 600975.805540000088513, 8171230.547730000689626 ], [ 600975.805540000088513, 8171231.74773000087589 ], [ 600974.305540000088513, 8171231.74773000087589 ] ] ] } },
{ "type": "Feature", "properties": { "id": 31, "instance": 61, "mean_prob": 0.925, "area_m2": 304.8, "split_by_accepted_cut": false }, "geometry": { "type": "Polygon", "coordinates": [ [ [ 600704.305540000088513, 8171238.947730001062155 ], [ 600704.305540000088513, 8171238.647730000317097 ], [ 600703.40554000006523, 8171238.647730000317097 ], [ 600703.40554000006523, 8171238.347730000503361 ], [ 600703.105540000135079, 8171238.347730000503361 ], [ 600703.105540000135079, 8171237.74773000087589 ], [ 600702.805540000088513, 8171237.74773000087589 ], [ 600703.105540000135079, 8171237.147730000317097 ], [ 600702.805540000088513, 8171237.147730000317097 ], [ 600702.505540000041947, 8171236.547730000689626 ], [ 600701.605540000135079, 8171236.547730000689626 ], [ 600701.90554000006523, 8171237.147730000317097 ], [ 600701.305540000088513, 8171237.147730000317097 ], [ 600701.305540000088513, 8171235.347730000503361 ], [ 600701.605540000135079, 8171235.347730000503361 ], [ 600701.605540000135079, 8171234.447730001062155 ], [ 600701.305540000088513, 8171234.447730001062155 ], [ 600701.305540000088513, 8171233.24773000087589 ], [ 600700.40554000006523, 8171233.24773000087589 ], [ 600700.40554000006523, 8171233.547730000689626 ], [ 600700.105540000135079, 8171233.547730000689626 ], [ 600700.105540000135079, 8171234.447730001062155 ], [ 600698.90554000006523, 8171234.447730001062155 ], [ 600698.90554000006523, 8171233.547730000689626 ], [ 600698.605540000135079, 8171233.547730000689626 ], [ 600698.605540000135079, 8171231.447730001062155 ], [ 600698.90554000006523, 8171231.447730001062155 ], [ 600698.90554000006523, 8171229.647730000317097 ], [ 600699.205540000111796, 8171229.647730000317097 ], [ 600699.205540000111796, 8171229.347730000503361 ], [ 600701.005540000041947, 8171229.347730000503361 ], [ 600701.005540000041947, 8171229.647730000317097 ], [ 600701.605540000135079, 8171229.647730000317097 ], [ 600701.605540000135079, 8171229.347730000503361 ], [ 600701.90554000006523, 8171229.347730000503361 ], [ 600701.90554000006523, 8171228.74773000087589 ], [ 600700.105540000135079, 8171228.74773000087589 ], [ 600700.105540000135079, 8171226.047730000689626 ], [ 600699.805540000088513, 8171226.047730000689626 ], [ 600699.805540000088513, 8171223.647730000317097 ], [ 600700.105540000135079, 8171223.647730000317097 ], [ 600700.105540000135079, 8171223.347730000503361 ], [ 600703.105540000135079, 8171223.347730000503361 ], [ 600703.105540000135079, 8171223.647730000317097 ], [ 600703.705540000111796, 8171223.647730000317097 ], [ 600703.705540000111796, 8171223.947730001062155 ], [ 600705.505540000041947, 8171223.947730001062155 ], [ 600705.505540000041947, 8171223.647730000317097 ], [ 600707.005540000041947, 8171223.647730000317097 ], [ 600707.005540000041947, 8171223.947730001062155 ], [ 600707.305540000088513, 8171223.947730001062155 ], [ 600707.305540000088513, 8171224.847730000503361 ], [ 600707.605540000135079, 8171224.847730000503361 ], [ 600707.605540000135079, 8171226.347730000503361 ], [ 600707.90554000006523, 8171226.347730000503361 ], [ 600707.90554000006523, 8171227.24773000087589 ], [ 600708.205540000111796, 8171227.24773000087589 ], [ 600708.205540000111796, 8171228.447730001062155 ], [ 600707.90554000006523, 8171228.447730001062155 ], [ 600707.90554000006523, 8171228.74773000087589 ], [ 600702.505540000041947, 8171228.74773000087589 ], [ 600702.505540000041947, 8171229.047730000689626 ], [ 600708.805540000088513, 8171229.047730000689626 ], [ 600708.805540000088513, 8171229.347730000503361 ], [ 600709.40554000006523, 8171229.647730000317097 ], [ 600709.40554000006523, 8171229.947730001062155 ], [ 600709.705540000111796, 8171229.947730001062155 ], [ 600709.705540000111796, 8171230.547730000689626 ], [ 600710.005540000041947, 8171230.547730000689626 ], [ 600710.005540000041947, 8171235.347730000503361 ], [ 600710.305540000088513, 8171235.347730000503361 ], [ 600710.305540000088513, 8171236.547730000689626 ], [ 600710.605540000135079, 8171236.547730000689626 ], [ 600710.605540000135079, 8171235.947730001062155 ], [ 600710.90554000006523, 8171235.947730001062155 ], [ 600711.205540000111796, 8171235.347730000503361 ], [ 600711.505540000041947, 8171235.347730000503361 ], [ 600711.505540000041947, 8171235.647730000317097 ], [ 600712.705540000111796, 8171235.647730000317097 ], [ 600712.705540000111796, 8171235.947730001062155 ], [ 600713.005540000041947, 8171235.947730001062155 ], [ 600713.005540000041947, 8171234.447730001062155 ], [ 600712.705540000111796, 8171234.447730001062155 ], [ 600712.705540000111796, 8171234.147730000317097 ], [ 600712.105540000135079, 8171234.147730000317097 ], [ 600712.105540000135079, 8171233.847730000503361 ], [ 600711.505540000041947, 8171233.847730000503361 ], [ 600711.505540000041947, 8171232.947730001062155 ], [ 600711.805540000088513, 8171232.947730001062155 ], [ 600711.805540000088513, 8171229.647730000317097 ], [ 600712.105540000135079, 8171229.647730000317097 ], [ 600712.105540000135079, 8171228.447730001062155 ], [ 600710.605540000135079, 8171228.447730001062155 ], [ 600710.605540000135079, 8171228.147730000317097 ], [ 600710.305540000088513, 8171228.147730000317097 ], [ 600710.305540000088513, 8171224.24773000087589 ], [ 600710.005540000041947, 8171224.24773000087589 ], [ 600710.005540000041947, 8171223.947730001062155 ], [ 600709.105540000135079, 8171223.947730001062155 ], [ 600709.105540000135079, 8171223.647730000317097 ], [ 600708.805540000088513, 8171223.647730000317097 ], [ 600708.805540000088513, 8171220.947730001062155 ], [ 600709.105540000135079, 8171220.947730001062155 ], [ 600709.105540000135079, 8171220.647730000317097 ], [ 600710.305540000088513, 8171220.647730000317097 ], [ 600710.305540000088513, 8171220.347730000503361 ], [ 600713.90554000006523, 8171220.347730000503361 ], [ 600713.90554000006523, 8171220.047730000689626 ], [ 600716.005540000041947, 8171220.047730000689626 ], [ 600716.005540000041947, 8171219.74773000087589 ], [ 600716.90554000006523, 8171219.74773000087589 ], [ 600716.90554000006523, 8171220.047730000689626 ], [ 600718.705540000111796, 8171219.74773000087589 ], [ 600718.705540000111796, 8171220.047730000689626 ], [ 600720.205540000111796, 8171220.047730000689626 ], [ 600720.205540000111796, 8171220.347730000503361 ], [ 600720.805540000088513, 8171220.347730000503361 ], [ 600720.505540000041947, 8171220.947730001062155 ], [ 600721.105540000135079, 8171220.947730001062155 ], [ 600721.105540000135079, 8171221.24773000087589 ], [ 600722.305540000088513, 8171221.24773000087589 ], [ 600722.305540000088513, 8171221.547730000689626 ], [ 600722.605540000135079, 8171221.547730000689626 ], [ 600722.605540000135079, 8171223.347730000503361 ], [ 600722.90554000006523, 8171223.347730000503361 ], [ 600722.90554000006523, 8171226.047730000689626 ], [ 600723.205540000111796, 8171226.047730000689626 ], [ 600723.205540000111796, 8171226.647730000317097 ], [ 600723.505540000041947, 8171226.647730000317097 ], [ 600723.505540000041947, 8171227.847730000503361 ], [ 600723.205540000111796, 8171227.847730000503361 ], [ 600723.205540000111796, 8171228.147730000317097 ], [ 600722.305540000088513, 8171228.147730000317097 ], [ 600722.305540000088513, 8171228.447730001062155 ], [ 600719.305540000088513, 8171228.447730001062155 ], [ 600719.305540000088513, 8171228.74773000087589 ], [ 600719.005540000041947, 8171228.74773000087589 ], [ 600719.005540000041947, 8171229.347730000503361 ], [ 600719.305540000088513, 8171229.347730000503361 ], [ 600719.305540000088513, 8171231.447730001062155 ], [ 600719.005540000041947, 8171231.447730001062155 ], [ 600719.005540000041947, 8171232.047730000689626 ], [ 600719.305540000088513, 8171232.047730000689626 ], [ 600719.305540000088513, 8171237.74773000087589 ], [ 600719.005540000041947, 8171237.74773000087589 ], [ 600719.005540000041947, 8171238.047730000689626 ], [ 600718.40554000006523, 8171238.047730000689626 ], [ 600718.40554000006523, 8171237.74773000087589 ], [ 600718.105540000135079, 8171237.74773000087589 ], [ 600718.105540000135079, 8171238.047730000689626 ], [ 600715.705540000111796, 8171238.047730000689626 ], [ 600715.40554000006523, 8171238.647730000317097 ], [ 600714.205540000111796, 8171238.347730000503361 ], [ 600714.205540000111796, 8171237.74773000087589 ], [ 600713.90554000006523, 8171237.74773000087589 ], [ 600713.90554000006523, 8171237.447730001062155 ], [ 600714.505540000041947, 8171237.147730000317097 ], [ 600714.505540000041947, 8171235.347730000503361 ], [ 600714.805540000088513, 8171235.347730000503361 ], [ 600714.805540000088513, 8171234.447730001062155 ], [ 600714.505540000041947, 8171234.447730001062155 ], [ 600714.505540000041947, 8171234.147730000317097 ], [ 600713.605540000135079, 8171234.147730000317097 ], [ 600713.605540000135079, 8171234.447730001062155 ], [ 600713.305540000088513, 8171234.447730001062155 ], [ 600713.305540000088513, 8171234.74773000087589 ], [ 600713.605540000135079, 8171234.74773000087589 ], [ 600713.605540000135079, 8171235.647730000317097 ], [ 600713.305540000088513, 8171235.647730000317097 ], [ 600713.305540000088513, 8171236.24773000087589 ], [ 600713.005540000041947, 8171236.24773000087589 ], [ 600713.005540000041947, 8171236.547730000689626 ], [ 600713.605540000135079, 8171236.847730000503361 ], [ 600713.605540000135079, 8171237.447730001062155 ], [ 600713.005540000041947, 8171237.447730001062155 ], [ 600713.005540000041947, 8171237.74773000087589 ], [ 600711.205540000111796, 8171237.74773000087589 ], [ 600711.205540000111796, 8171237.447730001062155 ], [ 600710.605540000135079, 8171237.447730001062155 ], [ 600710.605540000135079, 8171237.147730000317097 ], [ 600710.305540000088513, 8171237.147730000317097 ], [ 600710.305540000088513, 8171237.447730001062155 ], [ 600710.005540000041947, 8171237.447730001062155 ], [ 600710.005540000041947, 8171238.947730001062155 ], [ 600709.40554000006523, 8171238.947730001062155 ], [ 600709.40554000006523, 8171238.647730000317097 ], [ 600708.805540000088513, 8171238.347730000503361 ], [ 600708.805540000088513, 8171238.047730000689626 ], [ 600707.605540000135079, 8171238.047730000689626 ], [ 600707.305540000088513, 8171238.647730000317097 ], [ 600705.505540000041947, 8171238.647730000317097 ], [ 600705.505540000041947, 8171238.947730001062155 ], [ 600704.305540000088513, 8171238.947730001062155 ] ], [ [ 600713.90554000006523, 8171229.347730000503361 ], [ 600715.105540000135079, 8171229.347730000503361 ], [ 600715.105540000135079, 8171228.447730001062155 ], [ 600713.90554000006523, 8171228.447730001062155 ], [ 600713.90554000006523, 8171229.347730000503361 ] ] ] } },
{ "type": "Feature", "properties": { "id": 32, "instance": 74, "mean_prob": 0.947, "area_m2": 62.7, "split_by_accepted_cut": false }, "geometry": { "type": "Polygon", "coordinates": [ [ [ 600909.505540000041947, 8171225.147730000317097 ], [ 600909.505540000041947, 8171224.847730000503361 ], [ 600903.805540000088513, 8171224.847730000503361 ], [ 600903.805540000088513, 8171224.547730000689626 ], [ 600903.205540000111796, 8171224.547730000689626 ], [ 600903.205540000111796, 8171220.647730000317097 ], [ 600906.205540000111796, 8171220.647730000317097 ], [ 600906.205540000111796, 8171220.347730000503361 ], [ 600906.505540000041947, 8171220.347730000503361 ], [ 600906.505540000041947, 8171220.647730000317097 ], [ 600908.305540000088513, 8171220.647730000317097 ], [ 600908.305540000088513, 8171220.347730000503361 ], [ 600908.90554000006523, 8171220.347730000503361 ], [ 600908.90554000006523, 8171220.047730000689626 ], [ 600909.205540000111796, 8171220.047730000689626 ], [ 600909.205540000111796, 8171219.447730001062155 ], [ 600909.505540000041947, 8171219.447730001062155 ], [ 600909.805540000088513, 8171218.847730000503361 ], [ 600914.305540000088513, 8171218.847730000503361 ], [ 600914.305540000088513, 8171219.147730000317097 ], [ 600914.605540000135079, 8171219.147730000317097 ], [ 600914.605540000135079, 8171219.74773000087589 ], [ 600914.90554000006523, 8171219.74773000087589 ], [ 600915.205540000111796, 8171222.147730000317097 ], [ 600915.505540000041947, 8171222.147730000317097 ], [ 600915.505540000041947, 8171224.847730000503361 ], [ 600915.205540000111796, 8171224.847730000503361 ], [ 600915.205540000111796, 8171225.147730000317097 ], [ 600909.505540000041947, 8171225.147730000317097 ] ] ] } },
{ "type": "Feature", "properties": { "id": 33, "instance": 64, "mean_prob": 0.833, "area_m2": 17.8, "split_by_accepted_cut": true }, "geometry": { "type": "Polygon", "coordinates": [ [ [ 600975.205540000111796, 8171224.547730000689626 ], [ 600975.205540000111796, 8171224.24773000087589 ], [ 600974.605540000135079, 8171224.24773000087589 ], [ 600974.605540000135079, 8171222.74773000087589 ], [ 600974.305540000088513, 8171222.74773000087589 ], [ 600974.305540000088513, 8171222.447730001062155 ], [ 600973.705540000111796, 8171222.74773000087589 ], [ 600973.40554000006523, 8171222.147730000317097 ], [ 600972.205540000111796, 8171221.847730000503361 ], [ 600972.205540000111796, 8171221.547730000689626 ], [ 600971.90554000006523, 8171221.547730000689626 ], [ 600971.605540000135079, 8171220.947730001062155 ], [ 600971.90554000006523, 8171220.947730001062155 ], [ 600971.90554000006523, 8171220.347730000503361 ], [ 600972.205540000111796, 8171220.347730000503361 ], [ 600972.505540000041947, 8171219.74773000087589 ], [ 600973.105540000135079, 8171219.74773000087589 ], [ 600973.40554000006523, 8171219.147730000317097 ], [ 600973.705540000111796, 8171219.147730000317097 ], [ 600973.705540000111796, 8171218.547730000689626 ], [ 600975.505540000041947, 8171218.547730000689626 ], [ 600975.505540000041947, 8171218.24773000087589 ], [ 600976.40554000006523, 8171218.24773000087589 ], [ 600976.40554000006523, 8171221.847730000503361 ], [ 600976.105540000135079, 8171221.847730000503361 ], [ 600976.105540000135079, 8171224.24773000087589 ], [ 600975.805540000088513, 8171224.24773000087589 ], [ 600975.805540000088513, 8171224.547730000689626 ], [ 600975.205540000111796, 8171224.547730000689626 ] ] ] } },
{ "type": "Feature", "properties": { "id": 34, "instance": 73, "mean_prob": 0.894, "area_m2": 53.4, "split_by_accepted_cut": false }, "geometry": { "type": "Polygon", "coordinates": [ [ [ 600749.605540000135079, 8171226.047730000689626 ], [ 600749.605540000135079, 8171225.74773000087589 ], [ 600749.005540000041947, 8171225.74773000087589 ], [ 600749.005540000041947, 8171225.447730001062155 ], [ 600747.505540000041947, 8171225.447730001062155 ], [ 600747.505540000041947, 8171225.74773000087589 ], [ 600746.605540000135079, 8171225.74773000087589 ], [ 600746.605540000135079, 8171225.447730001062155 ], [ 600746.305540000088513, 8171225.447730001062155 ], [ 600746.305540000088513, 8171224.847730000503361 ], [ 600746.005540000041947, 8171224.847730000503361 ], [ 600745.705540000111796, 8171224.24773000087589 ], [ 600744.505540000041947, 8171224.547730000689626 ], [ 600744.505540000041947, 8171224.847730000503361 ], [ 600743.605540000135079, 8171224.847730000503361 ], [ 600743.605540000135079, 8171224.547730000689626 ], [ 600743.305540000088513, 8171224.547730000689626 ], [ 600743.305540000088513, 8171222.447730001062155 ], [ 600743.005540000041947, 8171222.447730001062155 ], [ 600743.005540000041947, 8171219.74773000087589 ], [ 600742.705540000111796, 8171219.74773000087589 ], [ 600742.705540000111796, 8171219.147730000317097 ], [ 600743.005540000041947, 8171219.147730000317097 ], [ 600743.005540000041947, 8171218.24773000087589 ], [ 600742.705540000111796, 8171218.24773000087589 ], [ 600742.705540000111796, 8171217.947730001062155 ], [ 600743.005540000041947, 8171217.947730001062155 ], [ 600743.005540000041947, 8171217.347730000503361 ], [ 600745.105540000135079, 8171217.347730000503361 ], [ 600745.105540000135079, 8171217.647730000317097 ], [ 600749.005540000041947, 8171217.647730000317097 ], [ 600749.005540000041947, 8171217.947730001062155 ], [ 600749.305540000088513, 8171217.947730001062155 ], [ 600749.305540000088513, 8171218.547730000689626 ], [ 600749.005540000041947, 8171218.547730000689626 ], [ 600749.005540000041947, 8171221.24773000087589 ], [ 600749.305540000088513, 8171221.24773000087589 ], [ 600749.305540000088513, 8171221.847730000503361 ], [ 600749.605540000135079, 8171221.847730000503361 ], [ 600749.605540000135079, 8171222.447730001062155 ], [ 600750.205540000111796, 8171222.447730001062155 ], [ 600750.205540000111796, 8171222.147730000317097 ], [ 600751.105540000135079, 8171222.147730000317097 ], [ 600751.40554000006523, 8171223.947730001062155 ], [ 600751.705540000111796, 8171223.947730001062155 ], [ 600751.705540000111796, 8171224.847730000503361 ], [ 600751.40554000006523, 8171224.847730000503361 ], [ 600751.40554000006523, 8171225.147730000317097 ], [ 600750.805540000088513, 8171225.147730000317097 ], [ 600750.805540000088513, 8171225.447730001062155 ], [ 600750.505540000041947, 8171225.447730001062155 ], [ 600750.505540000041947, 8171226.047730000689626 ], [ 600749.605540000135079, 8171226.047730000689626 ] ] ] } },
{ "type": "Feature", "properties": { "id": 35, "instance": 31, "mean_prob": 0.938, "area_m2": 106.7, "split_by_accepted_cut": true }, "geometry": { "type": "Polygon", "coordinates": [ [ [ 600936.205540000111796, 8171226.947730001062155 ], [ 600936.205540000111796, 8171226.647730000317097 ], [ 600934.705540000111796, 8171226.647730000317097 ], [ 600934.705540000111796, 8171226.347730000503361 ], [ 600932.005540000041947, 8171226.347730000503361 ], [ 600932.005540000041947, 8171226.047730000689626 ], [ 600931.105540000135079, 8171226.047730000689626 ], [ 600931.105540000135079, 8171225.74773000087589 ], [ 600930.505540000041947, 8171225.447730001062155 ], [ 600930.505540000041947, 8171225.147730000317097 ], [ 600929.305540000088513, 8171225.147730000317097 ], [ 600929.305540000088513, 8171224.847730000503361 ], [ 600929.005540000041947, 8171224.847730000503361 ], [ 600929.005540000041947, 8171223.947730001062155 ], [ 600928.705540000111796, 8171223.947730001062155 ], [ 600928.705540000111796, 8171223.647730000317097 ], [ 600928.105540000135079, 8171223.347730000503361 ], [ 600928.105540000135079, 8171222.447730001062155 ], [ 600927.805540000088513, 8171222.447730001062155 ], [ 600927.805540000088513, 8171220.647730000317097 ], [ 600927.505540000041947, 8171220.647730000317097 ], [ 600927.505540000041947, 8171217.947730001062155 ], [ 600927.205540000111796, 8171217.947730001062155 ], [ 600927.205540000111796, 8171217.047730000689626 ], [ 600926.605540000135079, 8171216.74773000087589 ], [ 600926.605540000135079, 8171216.147730000317097 ], [ 600929.005540000041947, 8171216.147730000317097 ], [ 600929.005540000041947, 8171215.847730000503361 ], [ 600929.605540000135079, 8171215.847730000503361 ], [ 600929.605540000135079, 8171216.447730001062155 ], [ 600930.205540000111796, 8171216.74773000087589 ], [ 600930.205540000111796, 8171217.047730000689626 ], [ 600931.705540000111796, 8171217.047730000689626 ], [ 600931.705540000111796, 8171217.347730000503361 ], [ 600935.90554000006523, 8171217.347730000503361 ], [ 600935.90554000006523, 8171217.647730000317097 ], [ 600938.005540000041947, 8171217.647730000317097 ], [ 600938.305540000088513, 8171218.24773000087589 ], [ 600938.90554000006523, 8171218.24773000087589 ], [ 600938.90554000006523, 8171218.547730000689626 ], [ 600939.505540000041947, 8171218.847730000503361 ], [ 600939.505540000041947, 8171220.347730000503361 ], [ 600939.805540000088513, 8171220.347730000503361 ], [ 600939.805540000088513, 8171221.547730000689626 ], [ 600940.105540000135079, 8171221.547730000689626 ], [ 600940.105540000135079, 8171222.447730001062155 ], [ 600939.805540000088513, 8171222.447730001062155 ], [ 600939.805540000088513, 8171223.047730000689626 ], [ 600939.505540000041947, 8171223.047730000689626 ], [ 600939.205540000111796, 8171223.647730000317097 ], [ 600939.805540000088513, 8171223.947730001062155 ], [ 600939.805540000088513, 8171224.547730000689626 ], [ 600940.105540000135079, 8171224.547730000689626 ], [ 600940.105540000135079, 8171226.347730000503361 ], [ 600939.805540000088513, 8171226.347730000503361 ], [ 600939.805540000088513, 8171226.647730000317097 ], [ 600937.705540000111796, 8171226.647730000317097 ], [ 600937.705540000111796, 8171226.947730001062155 ], [ 600936.205540000111796, 8171226.947730001062155 ] ] ] } },
{ "type": "Feature", "properties": { "id": 36, "instance": 79, "mean_prob": 0.881, "area_m2": 42.6, "split_by_accepted_cut": false }, "geometry": { "type": "Polygon", "coordinates": [ [ [ 600965.005540000041947, 8171218.547730000689626 ], [ 600965.005540000041947, 8171218.24773000087589 ], [ 600963.205540000111796, 8171218.24773000087589 ], [ 600963.205540000111796, 8171217.947730001062155 ], [ 600962.605540000135079, 8171217.947730001062155 ], [ 600962.605540000135079, 8171217.647730000317097 ], [ 600962.90554000006523, 8171217.647730000317097 ], [ 600962.90554000006523, 8171217.047730000689626 ], [ 600963.205540000111796, 8171217.047730000689626 ], [ 600963.205540000111796, 8171216.147730000317097 ], [ 600963.505540000041947, 8171216.147730000317097 ], [ 600963.505540000041947, 8171215.547730000689626 ], [ 600963.805540000088513, 8171215.547730000689626 ], [ 600963.805540000088513, 8171214.947730001062155 ], [ 600964.105540000135079, 8171214.947730001062155 ], [ 600964.105540000135079, 8171214.047730000689626 ], [ 600964.40554000006523, 8171214.047730000689626 ], [ 600964.40554000006523, 8171213.447730001062155 ], [ 600964.705540000111796, 8171213.447730001062155 ], [ 600964.705540000111796, 8171212.847730000503361 ], [ 600965.305540000088513, 8171212.547730000689626 ], [ 600965.305540000088513, 8171212.24773000087589 ], [ 600965.605540000135079, 8171212.24773000087589 ], [ 600965.605540000135079, 8171211.647730000317097 ], [ 600966.805540000088513, 8171211.647730000317097 ], [ 600966.805540000088513, 8171212.24773000087589 ], [ 600967.105540000135079, 8171212.24773000087589 ], [ 600967.105540000135079, 8171212.547730000689626 ], [ 600967.705540000111796, 8171212.547730000689626 ], [ 600967.705540000111796, 8171212.847730000503361 ], [ 600968.90554000006523, 8171212.847730000503361 ], [ 600968.90554000006523, 8171213.147730000317097 ], [ 600970.105540000135079, 8171213.147730000317097 ], [ 600970.105540000135079, 8171213.447730001062155 ], [ 600970.705540000111796, 8171213.447730001062155 ], [ 600970.705540000111796, 8171213.74773000087589 ], [ 600971.005540000041947, 8171213.74773000087589 ], [ 600971.005540000041947, 8171214.047730000689626 ], [ 600970.705540000111796, 8171214.047730000689626 ], [ 600970.705540000111796, 8171215.847730000503361 ], [ 600971.305540000088513, 8171216.147730000317097 ], [ 600971.305540000088513, 8171216.74773000087589 ], [ 600971.605540000135079, 8171216.74773000087589 ], [ 600971.605540000135079, 8171217.047730000689626 ], [ 600971.305540000088513, 8171217.047730000689626 ], [ 600971.305540000088513, 8171217.647730000317097 ], [ 600971.005540000041947, 8171217.647730000317097 ], [ 600971.005540000041947, 8171217.947730001062155 ], [ 600971.305540000088513, 8171217.947730001062155 ], [ 600971.305540000088513, 8171218.547730000689626 ], [ 600965.005540000041947, 8171218.547730000689626 ] ] ] } },
{ "type": "Feature", "properties": { "id": 37, "instance": 80, "mean_prob": 0.96, "area_m2": 71.3, "split_by_accepted_cut": false }, "geometry": { "type": "Polygon", "coordinates": [ [ [ 600940.105540000135079, 8171214.947730001062155 ], [ 600940.105540000135079, 8171212.24773000087589 ], [ 600939.805540000088513, 8171212.24773000087589 ], [ 600939.805540000088513, 8171208.347730000503361 ], [ 600939.505540000041947, 8171208.347730000503361 ], [ 600939.505540000041947, 8171206.547730000689626 ], [ 600940.105540000135079, 8171206.547730000689626 ], [ 600940.105540000135079, 8171206.24773000087589 ], [ 600940.705540000111796, 8171206.547730000689626 ], [ 600940.705540000111796, 8171206.24773000087589 ], [ 600944.605540000135079, 8171206.24773000087589 ], [ 600944.605540000135079, 8171205.947730001062155 ], [ 600947.605540000135079, 8171205.947730001062155 ], [ 600947.605540000135079, 8171206.24773000087589 ], [ 600947.90554000006523, 8171206.24773000087589 ], [ 600947.90554000006523, 8171207.447730001062155 ], [ 600948.205540000111796, 8171207.447730001062155 ], [ 600948.205540000111796, 8171210.74773000087589 ], [ 600947.90554000006523, 8171210.74773000087589 ], [ 600947.90554000006523, 8171212.24773000087589 ], [ 600948.205540000111796, 8171212.24773000087589 ], [ 600948.205540000111796, 8171214.347730000503361 ], [ 600947.90554000006523, 8171214.347730000503361 ], [ 600947.90554000006523, 8171214.647730000317097 ], [ 600943.705540000111796, 8171214.647730000317097 ], [ 600943.705540000111796, 8171214.947730001062155 ], [ 600940.105540000135079, 8171214.947730001062155 ] ] ] } },
{ "type": "Feature", "properties": { "id": 38, "instance": 81, "mean_prob": 0.831, "area_m2": 40.4, "split_by_accepted_cut": true }, "geometry": { "type": "Polygon", "coordinates": [ [ [ 600976.40554000006523, 8171212.847730000503361 ], [ 600976.40554000006523, 8171212.547730000689626 ], [ 600975.805540000088513, 8171212.547730000689626 ], [ 600975.805540000088513, 8171211.647730000317097 ], [ 600976.40554000006523, 8171211.347730000503361 ], [ 600976.40554000006523, 8171210.74773000087589 ], [ 600975.805540000088513, 8171210.447730001062155 ], [ 600975.805540000088513, 8171210.147730000317097 ], [ 600975.205540000111796, 8171210.147730000317097 ], [ 600975.205540000111796, 8171209.847730000503361 ], [ 600974.305540000088513, 8171209.847730000503361 ], [ 600973.705540000111796, 8171211.047730000689626 ], [ 600973.105540000135079, 8171211.047730000689626 ], [ 600973.105540000135079, 8171211.347730000503361 ], [ 600971.90554000006523, 8171211.347730000503361 ], [ 600971.90554000006523, 8171211.647730000317097 ], [ 600971.605540000135079, 8171211.647730000317097 ], [ 600971.605540000135079, 8171211.347730000503361 ], [ 600971.305540000088513, 8171211.347730000503361 ], [ 600971.305540000088513, 8171211.647730000317097 ], [ 600969.805540000088513, 8171211.647730000317097 ], [ 600969.805540000088513, 8171211.347730000503361 ], [ 600968.90554000006523, 8171211.347730000503361 ], [ 600968.90554000006523, 8171211.047730000689626 ], [ 600968.605540000135079, 8171211.047730000689626 ], [ 600968.605540000135079, 8171210.447730001062155 ], [ 600968.305540000088513, 8171210.447730001062155 ], [ 600968.305540000088513, 8171210.147730000317097 ], [ 600968.605540000135079, 8171210.147730000317097 ], [ 600968.605540000135079, 8171209.847730000503361 ], [ 600969.205540000111796, 8171209.547730000689626 ], [ 600969.505540000041947, 8171208.947730001062155 ], [ 600969.805540000088513, 8171208.947730001062155 ], [ 600969.805540000088513, 8171208.647730000317097 ], [ 600970.105540000135079, 8171208.647730000317097 ], [ 600970.105540000135079, 8171208.047730000689626 ], [ 600970.705540000111796, 8171207.74773000087589 ], [ 600970.705540000111796, 8171206.847730000503361 ], [ 600971.005540000041947, 8171206.847730000503361 ], [ 600971.005540000041947, 8171206.547730000689626 ], [ 600971.305540000088513, 8171206.547730000689626 ], [ 600971.305540000088513, 8171206.24773000087589 ], [ 600971.90554000006523, 8171205.947730001062155 ], [ 600971.90554000006523, 8171205.347730000503361 ], [ 600972.205540000111796, 8171205.347730000503361 ], [ 600972.505540000041947, 8171204.74773000087589 ], [ 600973.105540000135079, 8171204.74773000087589 ], [ 600973.40554000006523, 8171205.347730000503361 ], [ 600973.705540000111796, 8171205.347730000503361 ], [ 600973.705540000111796, 8171205.947730001062155 ], [ 600973.40554000006523, 8171205.947730001062155 ], [ 600973.40554000006523, 8171206.24773000087589 ], [ 600973.705540000111796, 8171206.24773000087589 ], [ 600973.705540000111796, 8171206.847730000503361 ], [ 600974.605540000135079, 8171206.847730000503361 ], [ 600974.605540000135079, 8171207.447730001062155 ], [ 600974.90554000006523, 8171207.447730001062155 ], [ 600974.90554000006523, 8171207.147730000317097 ], [ 600976.705540000111796, 8171207.447730001062155 ], [ 600976.705540000111796, 8171206.847730000503361 ], [ 600977.005540000041947, 8171206.847730000503361 ], [ 600977.005540000041947, 8171207.447730001062155 ], [ 600977.305540000088513, 8171207.447730001062155 ], [ 600977.305540000088513, 8171207.74773000087589 ], [ 600976.705540000111796, 8171207.74773000087589 ], [ 600976.705540000111796, 8171208.647730000317097 ], [ 600977.005540000041947, 8171208.647730000317097 ], [ 600977.305540000088513, 8171209.24773000087589 ], [ 600978.505540000041947, 8171209.24773000087589 ], [ 600978.505540000041947, 8171209.547730000689626 ], [ 600978.805540000088513, 8171209.547730000689626 ], [ 600978.805540000088513, 8171211.347730000503361 ], [ 600978.505540000041947, 8171211.347730000503361 ], [ 600978.205540000111796, 8171212.547730000689626 ], [ 600977.605540000135079, 8171212.547730000689626 ], [ 600977.605540000135079, 8171212.847730000503361 ], [ 600977.305540000088513, 8171212.847730000503361 ], [ 600977.305540000088513, 8171212.547730000689626 ], [ 600977.005540000041947, 8171212.547730000689626 ], [ 600977.005540000041947, 8171212.847730000503361 ], [ 600976.40554000006523, 8171212.847730000503361 ] ] ] } },
{ "type": "Feature", "properties": { "id": 39, "instance": 70, "mean_prob": 0.948, "area_m2": 258.0, "split_by_accepted_cut": true }, "geometry": { "type": "Polygon", "coordinates": [ [ [ 600683.90554000006523, 8171226.947730001062155 ], [ 600683.90554000006523, 8171226.647730000317097 ], [ 600682.40554000006523, 8171226.647730000317097 ], [ 600682.40554000006523, 8171226.347730000503361 ], [ 600681.205540000111796, 8171226.347730000503361 ], [ 600681.205540000111796, 8171226.047730000689626 ], [ 600677.605540000135079, 8171225.74773000087589 ], [ 600677.605540000135079, 8171225.447730001062155 ], [ 600676.705540000111796, 8171225.447730001062155 ], [ 600676.705540000111796, 8171225.147730000317097 ], [ 600674.305540000088513, 8171225.147730000317097 ], [ 600674.305540000088513, 8171224.847730000503361 ], [ 600674.005540000041947, 8171224.847730000503361 ], [ 600674.005540000041947, 8171223.047730000689626 ], [ 600673.705540000111796, 8171223.047730000689626 ], [ 600673.705540000111796, 8171222.447730001062155 ], [ 600673.40554000006523, 8171222.447730001062155 ], [ 600673.40554000006523, 8171221.547730000689626 ], [ 600673.105540000135079, 8171221.547730000689626 ], [ 600673.105540000135079, 8171212.547730000689626 ], [ 600673.40554000006523, 8171212.547730000689626 ], [ 600673.40554000006523, 8171211.947730001062155 ], [ 600673.705540000111796, 8171211.947730001062155 ], [ 600673.705540000111796, 8171211.047730000689626 ], [ 600674.005540000041947, 8171211.047730000689626 ], [ 600674.005540000041947, 8171210.447730001062155 ], [ 600674.305540000088513, 8171210.447730001062155 ], [ 600674.305540000088513, 8171209.547730000689626 ], [ 600674.605540000135079, 8171209.547730000689626 ], [ 600674.90554000006523, 8171208.947730001062155 ], [ 600676.105540000135079, 8171208.947730001062155 ], [ 600676.105540000135079, 8171209.24773000087589 ], [ 600679.705540000111796, 8171208.947730001062155 ], [ 600680.005540000041947, 8171209.547730000689626 ], [ 600680.605540000135079, 8171209.547730000689626 ], [ 600680.90554000006523, 8171210.147730000317097 ], [ 600681.805540000088513, 8171210.147730000317097 ], [ 600681.805540000088513, 8171210.447730001062155 ], [ 600683.605540000135079, 8171210.447730001062155 ], [ 600683.605540000135079, 8171210.74773000087589 ], [ 600685.105540000135079, 8171210.74773000087589 ], [ 600684.805540000088513, 8171210.147730000317097 ], [ 600684.505540000041947, 8171210.147730000317097 ], [ 600684.505540000041947, 8171208.647730000317097 ], [ 600684.805540000088513, 8171208.647730000317097 ], [ 600684.805540000088513, 8171207.447730001062155 ], [ 600685.105540000135079, 8171207.447730001062155 ], [ 600685.105540000135079, 8171205.647730000317097 ], [ 600685.40554000006523, 8171205.647730000317097 ], [ 600685.40554000006523, 8171205.347730000503361 ], [ 600686.005540000041947, 8171205.347730000503361 ], [ 600686.005540000041947, 8171205.047730000689626 ], [ 600686.605540000135079, 8171205.047730000689626 ], [ 600686.90554000006523, 8171204.447730001062155 ], [ 600689.305540000088513, 8171204.447730001062155 ], [ 600689.305540000088513, 8171204.147730000317097 ], [ 600690.505540000041947, 8171204.147730000317097 ], [ 600690.505540000041947, 8171204.447730001062155 ], [ 600691.40554000006523, 8171204.447730001062155 ], [ 600691.40554000006523, 8171204.74773000087589 ], [ 600692.005540000041947, 8171204.74773000087589 ], [ 600692.005540000041947, 8171205.047730000689626 ], [ 600692.305540000088513, 8171205.047730000689626 ], [ 600692.305540000088513, 8171205.947730001062155 ], [ 600692.005540000041947, 8171205.947730001062155 ], [ 600691.705540000111796, 8171206.547730000689626 ], [ 600691.40554000006523, 8171206.547730000689626 ], [ 600691.40554000006523, 8171207.147730000317097 ], [ 600691.105540000135079, 8171207.147730000317097 ], [ 600691.105540000135079, 8171207.447730001062155 ], [ 600691.40554000006523, 8171207.447730001062155 ], [ 600691.40554000006523, 8171211.047730000689626 ], [ 600687.805540000088513, 8171211.047730000689626 ], [ 600687.505540000041947, 8171214.047730000689626 ], [ 600687.205540000111796, 8171214.047730000689626 ], [ 600687.205540000111796, 8171215.24773000087589 ], [ 600686.605540000135079, 8171215.547730000689626 ], [ 600686.605540000135079, 8171218.24773000087589 ], [ 600686.305540000088513, 8171218.24773000087589 ], [ 600686.305540000088513, 8171220.647730000317097 ], [ 600686.605540000135079, 8171220.647730000317097 ], [ 600686.605540000135079, 8171222.447730001062155 ], [ 600686.305540000088513, 8171222.447730001062155 ], [ 600686.305540000088513, 8171223.047730000689626 ], [ 600686.005540000041947, 8171223.047730000689626 ], [ 600686.005540000041947, 8171224.847730000503361 ], [ 600685.705540000111796, 8171224.847730000503361 ], [ 600685.705540000111796, 8171225.147730000317097 ], [ 600686.005540000041947, 8171225.147730000317097 ], [ 600686.005540000041947, 8171225.74773000087589 ], [ 600686.305540000088513, 8171225.74773000087589 ], [ 600686.305540000088513, 8171226.047730000689626 ], [ 600687.205540000111796, 8171226.047730000689626 ], [ 600687.205540000111796, 8171225.74773000087589 ], [ 600688.40554000006523, 8171226.047730000689626 ], [ 600688.40554000006523, 8171226.947730001062155 ], [ 600687.205540000111796, 8171226.947730001062155 ], [ 600687.205540000111796, 8171226.647730000317097 ], [ 600686.605540000135079, 8171226.647730000317097 ], [ 600686.605540000135079, 8171226.347730000503361 ], [ 600685.40554000006523, 8171226.347730000503361 ], [ 600685.105540000135079, 8171226.947730001062155 ], [ 600683.90554000006523, 8171226.947730001062155 ] ], [ [ 600673.40554000006523, 8171220.347730000503361 ], [ 600674.305540000088513, 8171220.347730000503361 ], [ 600674.305540000088513, 8171219.74773000087589 ], [ 600673.40554000006523, 8171219.74773000087589 ], [ 600673.40554000006523, 8171220.347730000503361 ] ] ] } },
{ "type": "Feature", "properties": { "id": 40, "instance": 25, "mean_prob": 0.934, "area_m2": 1856.9, "split_by_accepted_cut": true }, "geometry": { "type": "Polygon", "coordinates": [ [ [ 600900.805540000088513, 8171285.74773000087589 ], [ 600900.805540000088513, 8171285.147730000317097 ], [ 600901.105540000135079, 8171285.147730000317097 ], [ 600901.105540000135079, 8171283.047730000689626 ], [ 600901.40554000006523, 8171283.047730000689626 ], [ 600901.40554000006523, 8171282.447730001062155 ], [ 600901.705540000111796, 8171282.447730001062155 ], [ 600901.705540000111796, 8171282.74773000087589 ], [ 600902.305540000088513, 8171282.74773000087589 ], [ 600902.305540000088513, 8171282.147730000317097 ], [ 600902.005540000041947, 8171282.147730000317097 ], [ 600902.005540000041947, 8171280.647730000317097 ], [ 600902.305540000088513, 8171280.647730000317097 ], [ 600902.305540000088513, 8171280.047730000689626 ], [ 600902.005540000041947, 8171280.047730000689626 ], [ 600902.005540000041947, 8171279.447730001062155 ], [ 600900.205540000111796, 8171279.147730000317097 ], [ 600900.205540000111796, 8171278.847730000503361 ], [ 600899.605540000135079, 8171278.547730000689626 ], [ 600899.605540000135079, 8171277.347730000503361 ], [ 600899.90554000006523, 8171277.347730000503361 ], [ 600899.90554000006523, 8171276.74773000087589 ], [ 600900.505540000041947, 8171276.447730001062155 ], [ 600900.505540000041947, 8171276.147730000317097 ], [ 600900.205540000111796, 8171276.147730000317097 ], [ 600900.205540000111796, 8171275.24773000087589 ], [ 600899.90554000006523, 8171275.24773000087589 ], [ 600899.90554000006523, 8171274.947730001062155 ], [ 600899.305540000088513, 8171275.24773000087589 ], [ 600899.305540000088513, 8171275.547730000689626 ], [ 600899.005540000041947, 8171275.547730000689626 ], [ 600899.005540000041947, 8171274.647730000317097 ], [ 600899.605540000135079, 8171274.647730000317097 ], [ 600899.605540000135079, 8171274.047730000689626 ], [ 600899.90554000006523, 8171274.047730000689626 ], [ 600899.90554000006523, 8171273.74773000087589 ], [ 600900.505540000041947, 8171273.447730001062155 ], [ 600900.505540000041947, 8171272.547730000689626 ], [ 600900.205540000111796, 8171272.547730000689626 ], [ 600900.205540000111796, 8171271.947730001062155 ], [ 600899.605540000135079, 8171271.947730001062155 ], [ 600899.605540000135079, 8171271.647730000317097 ], [ 600899.005540000041947, 8171271.347730000503361 ], [ 600899.005540000041947, 8171269.24773000087589 ], [ 600899.605540000135079, 8171268.947730001062155 ], [ 600899.605540000135079, 8171268.647730000317097 ], [ 600900.205540000111796, 8171268.647730000317097 ], [ 600900.205540000111796, 8171268.347730000503361 ], [ 600900.505540000041947, 8171268.347730000503361 ], [ 600900.505540000041947, 8171268.047730000689626 ], [ 600900.805540000088513, 8171268.047730000689626 ], [ 600900.805540000088513, 8171267.74773000087589 ], [ 600901.40554000006523, 8171267.447730001062155 ], [ 600901.705540000111796, 8171266.847730000503361 ], [ 600902.605540000135079, 8171266.847730000503361 ], [ 600902.605540000135079, 8171266.547730000689626 ], [ 600906.205540000111796, 8171266.547730000689626 ], [ 600906.205540000111796, 8171266.24773000087589 ], [ 600906.805540000088513, 8171266.24773000087589 ], [ 600906.805540000088513, 8171266.547730000689626 ], [ 600908.605540000135079, 8171266.547730000689626 ], [ 600908.605540000135079, 8171266.847730000503361 ], [ 600909.205540000111796, 8171266.847730000503361 ], [ 600909.205540000111796, 8171267.147730000317097 ], [ 600911.005540000041947, 8171267.147730000317097 ], [ 600911.005540000041947, 8171266.847730000503361 ], [ 600912.205540000111796, 8171266.847730000503361 ], [ 600912.205540000111796, 8171267.147730000317097 ], [ 600912.505540000041947, 8171267.147730000317097 ], [ 600912.505540000041947, 8171266.847730000503361 ], [ 600914.605540000135079, 8171266.847730000503361 ], [ 600914.605540000135079, 8171267.147730000317097 ], [ 600915.505540000041947, 8171267.147730000317097 ], [ 600915.505540000041947, 8171266.847730000503361 ], [ 600916.105540000135079, 8171266.547730000689626 ], [ 600916.105540000135079, 8171266.24773000087589 ], [ 600917.605540000135079, 8171266.24773000087589 ], [ 600917.90554000006523, 8171266.847730000503361 ], [ 600918.505540000041947, 8171267.147730000317097 ], [ 600918.505540000041947, 8171267.447730001062155 ], [ 600919.105540000135079, 8171267.447730001062155 ], [ 600919.105540000135079, 8171267.74773000087589 ], [ 600919.40554000006523, 8171267.74773000087589 ], [ 600919.40554000006523, 8171267.447730001062155 ], [ 600920.005540000041947, 8171267.447730001062155 ], [ 600920.005540000041947, 8171267.147730000317097 ], [ 600920.305540000088513, 8171267.147730000317097 ], [ 600920.305540000088513, 8171266.547730000689626 ], [ 600920.605540000135079, 8171266.547730000689626 ], [ 600920.605540000135079, 8171266.24773000087589 ], [ 600921.505540000041947, 8171266.24773000087589 ], [ 600921.505540000041947, 8171265.947730001062155 ], [ 600923.005540000041947, 8171265.947730001062155 ], [ 600923.005540000041947, 8171265.647730000317097 ], [ 600923.605540000135079, 8171265.347730000503361 ], [ 600923.305540000088513, 8171264.74773000087589 ], [ 600922.40554000006523, 8171264.74773000087589 ], [ 600922.40554000006523, 8171264.147730000317097 ], [ 600922.105540000135079, 8171264.147730000317097 ], [ 600922.105540000135079, 8171262.947730001062155 ], [ 600921.805540000088513, 8171262.947730001062155 ], [ 600921.805540000088513, 8171262.647730000317097 ], [ 600921.505540000041947, 8171262.647730000317097 ], [ 600921.505540000041947, 8171263.24773000087589 ], [ 600921.205540000111796, 8171263.24773000087589 ], [ 600921.205540000111796, 8171264.147730000317097 ], [ 600920.90554000006523, 8171264.147730000317097 ], [ 600920.90554000006523, 8171264.447730001062155 ], [ 600917.605540000135079, 8171264.447730001062155 ], [ 600917.605540000135079, 8171264.74773000087589 ], [ 600916.705540000111796, 8171264.74773000087589 ], [ 600916.705540000111796, 8171265.047730000689626 ], [ 600915.505540000041947, 8171265.047730000689626 ], [ 600915.505540000041947, 8171264.74773000087589 ], [ 600915.205540000111796, 8171264.74773000087589 ], [ 600915.205540000111796, 8171263.547730000689626 ], [ 600914.90554000006523, 8171263.547730000689626 ], [ 600914.90554000006523, 8171262.947730001062155 ], [ 600914.605540000135079, 8171262.947730001062155 ], [ 600914.605540000135079, 8171262.647730000317097 ], [ 600913.705540000111796, 8171262.647730000317097 ], [ 600913.705540000111796, 8171262.347730000503361 ], [ 600913.105540000135079, 8171262.347730000503361 ], [ 600913.105540000135079, 8171263.24773000087589 ], [ 600912.805540000088513, 8171263.24773000087589 ], [ 600912.805540000088513, 8171263.547730000689626 ], [ 600912.205540000111796, 8171263.547730000689626 ], [ 600912.205540000111796, 8171263.24773000087589 ], [ 600911.90554000006523, 8171263.24773000087589 ], [ 600911.90554000006523, 8171262.647730000317097 ], [ 600911.305540000088513, 8171262.347730000503361 ], [ 600911.305540000088513, 8171261.447730001062155 ], [ 600910.105540000135079, 8171261.447730001062155 ], [ 600910.105540000135079, 8171261.74773000087589 ], [ 600910.40554000006523, 8171261.74773000087589 ], [ 600910.40554000006523, 8171262.647730000317097 ], [ 600910.705540000111796, 8171262.647730000317097 ], [ 600910.705540000111796, 8171264.74773000087589 ], [ 600910.40554000006523, 8171264.74773000087589 ], [ 600910.40554000006523, 8171265.047730000689626 ], [ 600909.205540000111796, 8171265.047730000689626 ], [ 600909.205540000111796, 8171264.74773000087589 ], [ 600908.90554000006523, 8171264.74773000087589 ], [ 600908.90554000006523, 8171263.547730000689626 ], [ 600908.305540000088513, 8171263.24773000087589 ], [ 600908.305540000088513, 8171262.647730000317097 ], [ 600908.005540000041947, 8171262.647730000317097 ], [ 600907.705540000111796, 8171262.047730000689626 ], [ 600907.105540000135079, 8171262.047730000689626 ], [ 600907.105540000135079, 8171261.74773000087589 ], [ 600906.805540000088513, 8171261.74773000087589 ], [ 600906.805540000088513, 8171260.547730000689626 ], [ 600906.505540000041947, 8171260.547730000689626 ], [ 600906.505540000041947, 8171258.147730000317097 ], [ 600905.90554000006523, 8171257.847730000503361 ], [ 600905.605540000135079, 8171257.24773000087589 ], [ 600905.005540000041947, 8171257.24773000087589 ], [ 600905.005540000041947, 8171256.947730001062155 ], [ 600904.705540000111796, 8171256.947730001062155 ], [ 600904.705540000111796, 8171256.647730000317097 ], [ 600904.40554000006523, 8171256.647730000317097 ], [ 600904.105540000135079, 8171256.047730000689626 ], [ 600903.505540000041947, 8171256.047730000689626 ], [ 600903.505540000041947, 8171254.547730000689626 ], [ 600903.205540000111796, 8171254.547730000689626 ], [ 600903.205540000111796, 8171241.947730001062155 ], [ 600903.505540000041947, 8171241.947730001062155 ], [ 600903.505540000041947, 8171239.24773000087589 ], [ 600903.205540000111796, 8171239.24773000087589 ], [ 600903.205540000111796, 8171229.047730000689626 ], [ 600906.505540000041947, 8171229.047730000689626 ], [ 600906.505540000041947, 8171229.347730000503361 ], [ 600917.605540000135079, 8171229.347730000503361 ], [ 600917.605540000135079, 8171229.647730000317097 ], [ 600920.605540000135079, 8171229.647730000317097 ], [ 600920.605540000135079, 8171221.24773000087589 ], [ 600918.505540000041947, 8171221.24773000087589 ], [ 600918.505540000041947, 8171220.947730001062155 ], [ 600918.205540000111796, 8171220.947730001062155 ], [ 600918.205540000111796, 8171219.74773000087589 ], [ 600918.505540000041947, 8171219.74773000087589 ], [ 600918.505540000041947, 8171217.347730000503361 ], [ 600918.805540000088513, 8171217.347730000503361 ], [ 600918.805540000088513, 8171217.047730000689626 ], [ 600920.005540000041947, 8171217.047730000689626 ], [ 600920.005540000041947, 8171216.74773000087589 ], [ 600920.305540000088513, 8171216.74773000087589 ], [ 600920.305540000088513, 8171217.047730000689626 ], [ 600921.505540000041947, 8171216.74773000087589 ], [ 600921.505540000041947, 8171214.947730001062155 ], [ 600921.805540000088513, 8171214.947730001062155 ], [ 600921.805540000088513, 8171213.447730001062155 ], [ 600922.105540000135079, 8171213.447730001062155 ], [ 600922.105540000135079, 8171213.147730000317097 ], [ 600925.40554000006523, 8171213.147730000317097 ], [ 600925.40554000006523, 8171212.847730000503361 ], [ 600925.705540000111796, 8171212.847730000503361 ], [ 600925.705540000111796, 8171211.947730001062155 ], [ 600925.40554000006523, 8171211.947730001062155 ], [ 600925.40554000006523, 8171210.447730001062155 ], [ 600925.705540000111796, 8171210.447730001062155 ], [ 600925.705540000111796, 8171209.547730000689626 ], [ 600925.40554000006523, 8171209.547730000689626 ], [ 600925.40554000006523, 8171209.24773000087589 ], [ 600924.505540000041947, 8171209.24773000087589 ], [ 600924.505540000041947, 8171208.947730001062155 ], [ 600923.605540000135079, 8171208.947730001062155 ], [ 600923.605540000135079, 8171208.647730000317097 ], [ 600922.705540000111796, 8171208.647730000317097 ], [ 600922.40554000006523, 8171207.447730001062155 ], [ 600923.605540000135079, 8171207.447730001062155 ], [ 600923.605540000135079, 8171207.147730000317097 ], [ 600924.205540000111796, 8171206.847730000503361 ], [ 600924.205540000111796, 8171205.947730001062155 ], [ 600924.505540000041947, 8171205.947730001062155 ], [ 600924.505540000041947, 8171205.647730000317097 ], [ 600924.805540000088513, 8171205.647730000317097 ], [ 600924.805540000088513, 8171205.347730000503361 ], [ 600925.105540000135079, 8171205.347730000503361 ], [ 600925.40554000006523, 8171204.74773000087589 ], [ 600926.005540000041947, 8171204.447730001062155 ], [ 600926.005540000041947, 8171204.147730000317097 ], [ 600928.40554000006523, 8171204.147730000317097 ], [ 600928.40554000006523, 8171204.74773000087589 ], [ 600929.005540000041947, 8171204.74773000087589 ], [ 600929.005540000041947, 8171205.047730000689626 ], [ 600929.605540000135079, 8171205.347730000503361 ], [ 600929.605540000135079, 8171214.947730001062155 ], [ 600929.90554000006523, 8171214.947730001062155 ], [ 600929.90554000006523, 8171215.847730000503361 ], [ 600929.005540000041947, 8171215.847730000503361 ], [ 600929.005540000041947, 8171216.147730000317097 ], [ 600926.605540000135079, 8171216.147730000317097 ], [ 600926.605540000135079, 8171216.74773000087589 ], [ 600926.305540000088513, 8171216.74773000087589 ], [ 600926.305540000088513, 8171226.347730000503361 ], [ 600926.605540000135079, 8171226.347730000503361 ], [ 600926.605540000135079, 8171229.947730001062155 ], [ 600924.205540000111796, 8171229.947730001062155 ], [ 600924.205540000111796, 8171229.647730000317097 ], [ 600922.40554000006523, 8171229.647730000317097 ], [ 600922.40554000006523, 8171229.947730001062155 ], [ 600922.105540000135079, 8171229.947730001062155 ], [ 600922.105540000135079, 8171230.847730000503361 ], [ 600922.40554000006523, 8171230.847730000503361 ], [ 600922.40554000006523, 8171242.547730000689626 ], [ 600922.705540000111796, 8171242.547730000689626 ], [ 600922.705540000111796, 8171242.847730000503361 ], [ 600924.805540000088513, 8171242.847730000503361 ], [ 600924.805540000088513, 8171243.147730000317097 ], [ 600925.40554000006523, 8171243.147730000317097 ], [ 600925.40554000006523, 8171243.447730001062155 ], [ 600926.005540000041947, 8171243.74773000087589 ], [ 600926.005540000041947, 8171244.647730000317097 ], [ 600926.305540000088513, 8171244.647730000317097 ], [ 600926.305540000088513, 8171244.947730001062155 ], [ 600926.90554000006523, 8171244.947730001062155 ], [ 600926.90554000006523, 8171245.547730000689626 ], [ 600926.305540000088513, 8171245.847730000503361 ], [ 600926.305540000088513, 8171246.447730001062155 ], [ 600926.605540000135079, 8171246.447730001062155 ], [ 600926.605540000135079, 8171247.047730000689626 ], [ 600926.90554000006523, 8171247.047730000689626 ], [ 600926.90554000006523, 8171247.347730000503361 ], [ 600926.605540000135079, 8171247.347730000503361 ], [ 600926.605540000135079, 8171247.647730000317097 ], [ 600926.005540000041947, 8171247.647730000317097 ], [ 600926.005540000041947, 8171247.947730001062155 ], [ 600925.40554000006523, 8171248.24773000087589 ], [ 600925.40554000006523, 8171249.147730000317097 ], [ 600926.005540000041947, 8171249.447730001062155 ], [ 600926.005540000041947, 8171249.147730000317097 ], [ 600926.305540000088513, 8171249.147730000317097 ], [ 600926.305540000088513, 8171248.847730000503361 ], [ 600926.90554000006523, 8171248.847730000503361 ], [ 600926.90554000006523, 8171248.547730000689626 ], [ 600928.105540000135079, 8171248.547730000689626 ], [ 600928.105540000135079, 8171249.147730000317097 ], [ 600927.505540000041947, 8171249.447730001062155 ], [ 600927.505540000041947, 8171250.647730000317097 ], [ 600927.805540000088513, 8171250.647730000317097 ], [ 600927.805540000088513, 8171250.947730001062155 ], [ 600928.40554000006523, 8171250.947730001062155 ], [ 600928.40554000006523, 8171251.24773000087589 ], [ 600929.005540000041947, 8171251.24773000087589 ], [ 600929.005540000041947, 8171251.847730000503361 ], [ 600929.305540000088513, 8171251.847730000503361 ], [ 600929.305540000088513, 8171253.047730000689626 ], [ 600929.605540000135079, 8171253.047730000689626 ], [ 600929.605540000135079, 8171254.24773000087589 ], [ 600929.305540000088513, 8171254.24773000087589 ], [ 600929.305540000088513, 8171254.847730000503361 ], [ 600929.605540000135079, 8171254.847730000503361 ], [ 600929.605540000135079, 8171256.647730000317097 ], [ 600929.90554000006523, 8171256.647730000317097 ], [ 600929.90554000006523, 8171256.947730001062155 ], [ 600930.205540000111796, 8171256.947730001062155 ], [ 600930.205540000111796, 8171256.647730000317097 ], [ 600931.105540000135079, 8171256.647730000317097 ], [ 600931.105540000135079, 8171256.947730001062155 ], [ 600931.40554000006523, 8171256.947730001062155 ], [ 600931.40554000006523, 8171256.647730000317097 ], [ 600933.205540000111796, 8171256.647730000317097 ], [ 600933.205540000111796, 8171256.947730001062155 ], [ 600933.505540000041947, 8171256.947730001062155 ], [ 600933.505540000041947, 8171261.74773000087589 ], [ 600933.805540000088513, 8171261.74773000087589 ], [ 600933.805540000088513, 8171262.947730001062155 ], [ 600933.505540000041947, 8171262.947730001062155 ], [ 600933.505540000041947, 8171263.847730000503361 ], [ 600933.805540000088513, 8171263.847730000503361 ], [ 600933.805540000088513, 8171264.447730001062155 ], [ 600934.105540000135079, 8171264.447730001062155 ], [ 600934.105540000135079, 8171264.74773000087589 ], [ 600933.505540000041947, 8171264.74773000087589 ], [ 600933.505540000041947, 8171265.047730000689626 ], [ 600929.90554000006523, 8171265.047730000689626 ], [ 600929.90554000006523, 8171264.74773000087589 ], [ 600929.605540000135079, 8171264.74773000087589 ], [ 600929.605540000135079, 8171265.047730000689626 ], [ 600929.305540000088513, 8171265.047730000689626 ], [ 600929.305540000088513, 8171265.647730000317097 ], [ 600929.605540000135079, 8171265.647730000317097 ], [ 600929.605540000135079, 8171265.947730001062155 ], [ 600930.505540000041947, 8171265.947730001062155 ], [ 600930.505540000041947, 8171265.647730000317097 ], [ 600930.805540000088513, 8171265.647730000317097 ], [ 600930.805540000088513, 8171265.947730001062155 ], [ 600931.40554000006523, 8171265.947730001062155 ], [ 600931.40554000006523, 8171266.24773000087589 ], [ 600932.305540000088513, 8171266.24773000087589 ], [ 600932.305540000088513, 8171266.547730000689626 ], [ 600933.805540000088513, 8171266.547730000689626 ], [ 600933.805540000088513, 8171266.24773000087589 ], [ 600937.40554000006523, 8171266.24773000087589 ], [ 600937.40554000006523, 8171265.947730001062155 ], [ 600940.105540000135079, 8171265.947730001062155 ], [ 600940.105540000135079, 8171265.647730000317097 ], [ 600941.305540000088513, 8171265.647730000317097 ], [ 600941.305540000088513, 8171265.347730000503361 ], [ 600943.705540000111796, 8171265.347730000503361 ], [ 600943.705540000111796, 8171264.74773000087589 ], [ 600941.605540000135079, 8171264.74773000087589 ], [ 600941.605540000135079, 8171264.447730001062155 ], [ 600941.305540000088513, 8171264.447730001062155 ], [ 600941.305540000088513, 8171263.847730000503361 ], [ 600941.005540000041947, 8171263.847730000503361 ], [ 600941.005540000041947, 8171263.547730000689626 ], [ 600940.40554000006523, 8171263.547730000689626 ], [ 600940.40554000006523, 8171262.947730001062155 ], [ 600941.005540000041947, 8171262.947730001062155 ], [ 600941.005540000041947, 8171263.24773000087589 ], [ 600941.305540000088513, 8171263.24773000087589 ], [ 600941.005540000041947, 8171260.24773000087589 ], [ 600941.305540000088513, 8171260.24773000087589 ], [ 600941.305540000088513, 8171258.74773000087589 ], [ 600941.605540000135079, 8171258.74773000087589 ], [ 600941.605540000135079, 8171257.847730000503361 ], [ 600941.305540000088513, 8171257.847730000503361 ], [ 600941.305540000088513, 8171256.947730001062155 ], [ 600941.005540000041947, 8171256.947730001062155 ], [ 600941.005540000041947, 8171254.547730000689626 ], [ 600941.305540000088513, 8171254.547730000689626 ], [ 600941.305540000088513, 8171254.24773000087589 ], [ 600942.805540000088513, 8171254.24773000087589 ], [ 600942.805540000088513, 8171253.947730001062155 ], [ 600943.705540000111796, 8171253.947730001062155 ], [ 600943.705540000111796, 8171253.647730000317097 ], [ 600944.005540000041947, 8171253.647730000317097 ], [ 600944.005540000041947, 8171253.947730001062155 ], [ 600945.205540000111796, 8171253.947730001062155 ], [ 600945.205540000111796, 8171254.547730000689626 ], [ 600945.505540000041947, 8171254.547730000689626 ], [ 600945.505540000041947, 8171256.947730001062155 ], [ 600945.805540000088513, 8171256.947730001062155 ], [ 600945.805540000088513, 8171260.847730000503361 ], [ 600947.305540000088513, 8171260.847730000503361 ], [ 600947.305540000088513, 8171261.147730000317097 ], [ 600948.805540000088513, 8171261.147730000317097 ], [ 600948.805540000088513, 8171261.447730001062155 ], [ 600949.705540000111796, 8171261.447730001062155 ], [ 600949.705540000111796, 8171263.24773000087589 ], [ 600949.40554000006523, 8171263.24773000087589 ], [ 600949.40554000006523, 8171263.847730000503361 ], [ 600949.105540000135079, 8171263.847730000503361 ], [ 600949.105540000135079, 8171264.447730001062155 ], [ 600948.805540000088513, 8171264.447730001062155 ], [ 600948.805540000088513, 8171265.347730000503361 ], [ 600949.40554000006523, 8171265.347730000503361 ], [ 600949.705540000111796, 8171265.947730001062155 ], [ 600951.205540000111796, 8171265.947730001062155 ], [ 600951.205540000111796, 8171266.24773000087589 ], [ 600951.505540000041947, 8171266.24773000087589 ], [ 600951.505540000041947, 8171266.847730000503361 ], [ 600951.805540000088513, 8171266.847730000503361 ], [ 600951.805540000088513, 8171268.947730001062155 ], [ 600950.005540000041947, 8171268.947730001062155 ], [ 600950.005540000041947, 8171269.24773000087589 ], [ 600949.705540000111796, 8171269.24773000087589 ], [ 600949.705540000111796, 8171270.74773000087589 ], [ 600950.005540000041947, 8171270.74773000087589 ], [ 600950.005540000041947, 8171279.447730001062155 ], [ 600950.305540000088513, 8171279.447730001062155 ], [ 600950.305540000088513, 8171280.647730000317097 ], [ 600950.605540000135079, 8171280.647730000317097 ], [ 600950.605540000135079, 8171281.847730000503361 ], [ 600950.005540000041947, 8171281.847730000503361 ], [ 600950.005540000041947, 8171282.147730000317097 ], [ 600948.805540000088513, 8171282.147730000317097 ], [ 600948.805540000088513, 8171281.847730000503361 ], [ 600947.605540000135079, 8171281.847730000503361 ], [ 600947.605540000135079, 8171281.547730000689626 ], [ 600947.005540000041947, 8171281.547730000689626 ], [ 600947.005540000041947, 8171281.847730000503361 ], [ 600946.40554000006523, 8171281.847730000503361 ], [ 600946.40554000006523, 8171282.147730000317097 ], [ 600943.40554000006523, 8171282.447730001062155 ], [ 600943.40554000006523, 8171282.147730000317097 ], [ 600942.805540000088513, 8171282.147730000317097 ], [ 600942.805540000088513, 8171281.547730000689626 ], [ 600942.505540000041947, 8171281.547730000689626 ], [ 600942.205540000111796, 8171280.947730001062155 ], [ 600941.90554000006523, 8171280.947730001062155 ], [ 600941.605540000135079, 8171280.347730000503361 ], [ 600941.305540000088513, 8171280.347730000503361 ], [ 600941.305540000088513, 8171280.647730000317097 ], [ 600939.505540000041947, 8171280.647730000317097 ], [ 600939.505540000041947, 8171280.347730000503361 ], [ 600938.305540000088513, 8171280.347730000503361 ], [ 600938.305540000088513, 8171280.647730000317097 ], [ 600936.205540000111796, 8171280.647730000317097 ], [ 600936.205540000111796, 8171281.24773000087589 ], [ 600935.90554000006523, 8171281.24773000087589 ], [ 600935.90554000006523, 8171281.547730000689626 ], [ 600936.205540000111796, 8171281.547730000689626 ], [ 600936.205540000111796, 8171282.147730000317097 ], [ 600935.605540000135079, 8171282.147730000317097 ], [ 600935.605540000135079, 8171282.447730001062155 ], [ 600935.305540000088513, 8171282.447730001062155 ], [ 600935.305540000088513, 8171282.147730000317097 ], [ 600934.705540000111796, 8171282.147730000317097 ], [ 600934.705540000111796, 8171281.847730000503361 ], [ 600934.40554000006523, 8171281.847730000503361 ], [ 600934.105540000135079, 8171281.24773000087589 ], [ 600933.505540000041947, 8171280.947730001062155 ], [ 600933.505540000041947, 8171280.347730000503361 ], [ 600933.205540000111796, 8171280.347730000503361 ], [ 600933.205540000111796, 8171277.647730000317097 ], [ 600932.305540000088513, 8171277.647730000317097 ], [ 600932.305540000088513, 8171277.947730001062155 ], [ 600931.705540000111796, 8171277.947730001062155 ], [ 600931.705540000111796, 8171278.24773000087589 ], [ 600931.40554000006523, 8171278.24773000087589 ], [ 600931.40554000006523, 8171278.847730000503361 ], [ 600931.105540000135079, 8171278.847730000503361 ], [ 600931.105540000135079, 8171280.047730000689626 ], [ 600930.805540000088513, 8171280.047730000689626 ], [ 600930.505540000041947, 8171280.647730000317097 ], [ 600929.90554000006523, 8171280.647730000317097 ], [ 600929.90554000006523, 8171281.24773000087589 ], [ 600928.705540000111796, 8171281.547730000689626 ], [ 600928.705540000111796, 8171282.147730000317097 ], [ 600928.40554000006523, 8171282.147730000317097 ], [ 600928.40554000006523, 8171283.047730000689626 ], [ 600927.805540000088513, 8171283.347730000503361 ], [ 600927.805540000088513, 8171283.647730000317097 ], [ 600927.205540000111796, 8171283.647730000317097 ], [ 600927.205540000111796, 8171283.947730001062155 ], [ 600925.705540000111796, 8171283.947730001062155 ], [ 600925.705540000111796, 8171284.24773000087589 ], [ 600917.305540000088513, 8171284.24773000087589 ], [ 600917.305540000088513, 8171284.547730000689626 ], [ 600915.505540000041947, 8171284.547730000689626 ], [ 600915.505540000041947, 8171284.847730000503361 ], [ 600912.805540000088513, 8171284.847730000503361 ], [ 600912.805540000088513, 8171285.147730000317097 ], [ 600908.605540000135079, 8171285.147730000317097 ], [ 600908.605540000135079, 8171285.447730001062155 ], [ 600905.605540000135079, 8171285.447730001062155 ], [ 600905.605540000135079, 8171285.147730000317097 ], [ 600903.805540000088513, 8171285.147730000317097 ], [ 600903.805540000088513, 8171284.847730000503361 ], [ 600903.205540000111796, 8171284.847730000503361 ], [ 600903.205540000111796, 8171284.547730000689626 ], [ 600902.305540000088513, 8171284.547730000689626 ], [ 600901.705540000111796, 8171285.74773000087589 ], [ 600900.805540000088513, 8171285.74773000087589 ] ], [ [ 600902.305540000088513, 8171281.547730000689626 ], [ 600902.90554000006523, 8171281.547730000689626 ], [ 600902.90554000006523, 8171280.947730001062155 ], [ 600902.305540000088513, 8171280.947730001062155 ], [ 600902.305540000088513, 8171281.547730000689626 ] ], [ [ 600910.705540000111796, 8171280.347730000503361 ], [ 600911.305540000088513, 8171280.347730000503361 ], [ 600911.305540000088513, 8171279.74773000087589 ], [ 600910.705540000111796, 8171279.74773000087589 ], [ 600910.705540000111796, 8171280.347730000503361 ] ], [ [ 600904.705540000111796, 8171280.047730000689626 ], [ 600905.305540000088513, 8171280.047730000689626 ], [ 600905.305540000088513, 8171278.847730000503361 ], [ 600905.005540000041947, 8171278.847730000503361 ], [ 600905.005540000041947, 8171277.947730001062155 ], [ 600904.705540000111796, 8171277.947730001062155 ], [ 600904.705540000111796, 8171277.647730000317097 ], [ 600904.40554000006523, 8171277.647730000317097 ], [ 600904.105540000135079, 8171277.047730000689626 ], [ 600903.805540000088513, 8171277.047730000689626 ], [ 600903.805540000088513, 8171276.147730000317097 ], [ 600903.505540000041947, 8171276.147730000317097 ], [ 600903.505540000041947, 8171275.847730000503361 ], [ 600902.305540000088513, 8171275.847730000503361 ], [ 600902.305540000088513, 8171276.147730000317097 ], [ 600901.705540000111796, 8171276.147730000317097 ], [ 600901.705540000111796, 8171276.447730001062155 ], [ 600902.005540000041947, 8171276.447730001062155 ], [ 600902.005540000041947, 8171276.74773000087589 ], [ 600902.605540000135079, 8171277.047730000689626 ], [ 600902.90554000006523, 8171277.647730000317097 ], [ 600903.205540000111796, 8171277.647730000317097 ], [ 600903.205540000111796, 8171277.947730001062155 ], [ 600903.505540000041947, 8171277.947730001062155 ], [ 600903.505540000041947, 8171278.847730000503361 ], [ 600903.805540000088513, 8171278.847730000503361 ], [ 600903.805540000088513, 8171279.447730001062155 ], [ 600904.105540000135079, 8171279.447730001062155 ], [ 600904.105540000135079, 8171279.74773000087589 ], [ 600904.705540000111796, 8171279.74773000087589 ], [ 600904.705540000111796, 8171280.047730000689626 ] ], [ [ 600941.605540000135079, 8171272.24773000087589 ], [ 600942.205540000111796, 8171272.24773000087589 ], [ 600942.205540000111796, 8171271.047730000689626 ], [ 600941.605540000135079, 8171271.047730000689626 ], [ 600941.605540000135079, 8171271.347730000503361 ], [ 600941.305540000088513, 8171271.347730000503361 ], [ 600941.305540000088513, 8171271.947730001062155 ], [ 600941.605540000135079, 8171271.947730001062155 ], [ 600941.605540000135079, 8171272.24773000087589 ] ], [ [ 600915.205540000111796, 8171271.347730000503361 ], [ 600916.105540000135079, 8171271.347730000503361 ], [ 600916.105540000135079, 8171270.74773000087589 ], [ 600915.505540000041947, 8171270.447730001062155 ], [ 600915.505540000041947, 8171270.74773000087589 ], [ 600915.205540000111796, 8171270.74773000087589 ], [ 600915.205540000111796, 8171271.347730000503361 ] ], [ [ 600912.805540000088513, 8171262.047730000689626 ], [ 600913.105540000135079, 8171262.047730000689626 ], [ 600913.105540000135079, 8171261.447730001062155 ], [ 600912.505540000041947, 8171261.447730001062155 ], [ 600912.805540000088513, 8171262.047730000689626 ] ], [ [ 600925.105540000135079, 8171250.947730001062155 ], [ 600926.005540000041947, 8171250.947730001062155 ], [ 600926.005540000041947, 8171250.647730000317097 ], [ 600926.305540000088513, 8171250.647730000317097 ], [ 600926.305540000088513, 8171249.447730001062155 ], [ 600926.005540000041947, 8171249.447730001062155 ], [ 600926.005540000041947, 8171249.74773000087589 ], [ 600925.40554000006523, 8171249.74773000087589 ], [ 600925.105540000135079, 8171250.947730001062155 ] ], [ [ 600920.305540000088513, 8171245.547730000689626 ], [ 600920.605540000135079, 8171245.547730000689626 ], [ 600920.605540000135079, 8171245.24773000087589 ], [ 600920.305540000088513, 8171245.24773000087589 ], [ 600920.305540000088513, 8171245.547730000689626 ] ] ] } },
{ "type": "Feature", "properties": { "id": 41, "instance": 82, "mean_prob": 0.878, "area_m2": 35.6, "split_by_accepted_cut": true }, "geometry": { "type": "Polygon", "coordinates": [ [ [ 600968.305540000088513, 8171210.147730000317097 ], [ 600968.305540000088513, 8171209.847730000503361 ], [ 600967.705540000111796, 8171209.847730000503361 ], [ 600967.40554000006523, 8171209.24773000087589 ], [ 600966.805540000088513, 8171209.24773000087589 ], [ 600966.505540000041947, 8171208.647730000317097 ], [ 600965.90554000006523, 8171208.347730000503361 ], [ 600965.605540000135079, 8171207.74773000087589 ], [ 600965.305540000088513, 8171207.74773000087589 ], [ 600965.305540000088513, 8171207.147730000317097 ], [ 600965.005540000041947, 8171207.147730000317097 ], [ 600965.005540000041947, 8171204.147730000317097 ], [ 600965.305540000088513, 8171204.147730000317097 ], [ 600965.605540000135079, 8171202.947730001062155 ], [ 600966.805540000088513, 8171202.947730001062155 ], [ 600966.805540000088513, 8171203.847730000503361 ], [ 600967.40554000006523, 8171204.147730000317097 ], [ 600967.705540000111796, 8171204.74773000087589 ], [ 600968.90554000006523, 8171204.74773000087589 ], [ 600968.90554000006523, 8171204.447730001062155 ], [ 600969.205540000111796, 8171204.447730001062155 ], [ 600969.205540000111796, 8171202.947730001062155 ], [ 600968.90554000006523, 8171202.947730001062155 ], [ 600968.90554000006523, 8171202.047730000689626 ], [ 600969.805540000088513, 8171202.047730000689626 ], [ 600969.805540000088513, 8171202.347730000503361 ], [ 600970.40554000006523, 8171202.347730000503361 ], [ 600970.40554000006523, 8171202.647730000317097 ], [ 600971.005540000041947, 8171202.647730000317097 ], [ 600971.005540000041947, 8171202.947730001062155 ], [ 600971.605540000135079, 8171202.947730001062155 ], [ 600971.605540000135079, 8171203.24773000087589 ], [ 600971.90554000006523, 8171203.24773000087589 ], [ 600972.205540000111796, 8171204.447730001062155 ], [ 600972.505540000041947, 8171204.447730001062155 ], [ 600972.505540000041947, 8171205.047730000689626 ], [ 600971.90554000006523, 8171205.347730000503361 ], [ 600971.90554000006523, 8171205.947730001062155 ], [ 600971.605540000135079, 8171205.947730001062155 ], [ 600971.605540000135079, 8171206.24773000087589 ], [ 600971.305540000088513, 8171206.24773000087589 ], [ 600971.305540000088513, 8171206.547730000689626 ], [ 600970.705540000111796, 8171206.847730000503361 ], [ 600970.705540000111796, 8171207.74773000087589 ], [ 600970.105540000135079, 8171208.047730000689626 ], [ 600970.105540000135079, 8171208.647730000317097 ], [ 600969.805540000088513, 8171208.647730000317097 ], [ 600969.805540000088513, 8171208.947730001062155 ], [ 600969.505540000041947, 8171208.947730001062155 ], [ 600969.205540000111796, 8171209.547730000689626 ], [ 600968.90554000006523, 8171209.547730000689626 ], [ 600968.605540000135079, 8171210.147730000317097 ], [ 600968.305540000088513, 8171210.147730000317097 ] ] ] } },
{ "type": "Feature", "properties": { "id": 42, "instance": 85, "mean_prob": 0.867, "area_m2": 61.8, "split_by_accepted_cut": false }, "geometry": { "type": "Polygon", "coordinates": [ [ [ 600757.40554000006523, 8171208.647730000317097 ], [ 600757.40554000006523, 8171208.347730000503361 ], [ 600756.505540000041947, 8171208.347730000503361 ], [ 600756.205540000111796, 8171207.74773000087589 ], [ 600755.305540000088513, 8171207.74773000087589 ], [ 600755.305540000088513, 8171207.447730001062155 ], [ 600754.105540000135079, 8171207.447730001062155 ], [ 600754.105540000135079, 8171207.147730000317097 ], [ 600753.505540000041947, 8171207.147730000317097 ], [ 600753.505540000041947, 8171206.847730000503361 ], [ 600753.205540000111796, 8171206.847730000503361 ], [ 600753.205540000111796, 8171204.147730000317097 ], [ 600753.805540000088513, 8171203.847730000503361 ], [ 600753.805540000088513, 8171203.547730000689626 ], [ 600754.40554000006523, 8171203.547730000689626 ], [ 600754.40554000006523, 8171203.24773000087589 ], [ 600754.705540000111796, 8171203.24773000087589 ], [ 600754.705540000111796, 8171202.647730000317097 ], [ 600755.005540000041947, 8171202.647730000317097 ], [ 600755.005540000041947, 8171202.047730000689626 ], [ 600755.305540000088513, 8171202.047730000689626 ], [ 600755.305540000088513, 8171201.74773000087589 ], [ 600759.505540000041947, 8171201.74773000087589 ], [ 600759.505540000041947, 8171202.047730000689626 ], [ 600760.40554000006523, 8171202.047730000689626 ], [ 600760.705540000111796, 8171201.447730001062155 ], [ 600761.305540000088513, 8171201.447730001062155 ], [ 600761.305540000088513, 8171201.74773000087589 ], [ 600762.205540000111796, 8171201.74773000087589 ], [ 600762.205540000111796, 8171202.047730000689626 ], [ 600762.805540000088513, 8171202.047730000689626 ], [ 600762.805540000088513, 8171202.347730000503361 ], [ 600763.105540000135079, 8171202.347730000503361 ], [ 600763.105540000135079, 8171203.547730000689626 ], [ 600763.40554000006523, 8171203.547730000689626 ], [ 600763.40554000006523, 8171204.74773000087589 ], [ 600763.705540000111796, 8171204.74773000087589 ], [ 600763.705540000111796, 8171208.347730000503361 ], [ 600759.205540000111796, 8171208.347730000503361 ], [ 600759.205540000111796, 8171208.647730000317097 ], [ 600757.40554000006523, 8171208.647730000317097 ] ] ] } },
{ "type": "Feature", "properties": { "id": 43, "instance": 77, "mean_prob": 0.933, "area_m2": 411.0, "split_by_accepted_cut": false }, "geometry": { "type": "Polygon", "coordinates": [ [ [ 600716.305540000088513, 8171218.847730000503361 ], [ 600716.305540000088513, 8171215.847730000503361 ], [ 600716.605540000135079, 8171215.847730000503361 ], [ 600716.605540000135079, 8171214.347730000503361 ], [ 600716.90554000006523, 8171214.347730000503361 ], [ 600716.90554000006523, 8171213.74773000087589 ], [ 600716.605540000135079, 8171213.74773000087589 ], [ 600716.605540000135079, 8171213.447730001062155 ], [ 600715.705540000111796, 8171213.447730001062155 ], [ 600715.705540000111796, 8171213.74773000087589 ], [ 600715.105540000135079, 8171213.74773000087589 ], [ 600714.805540000088513, 8171214.347730000503361 ], [ 600714.205540000111796, 8171214.347730000503361 ], [ 600714.205540000111796, 8171214.647730000317097 ], [ 600713.90554000006523, 8171214.647730000317097 ], [ 600713.90554000006523, 8171215.24773000087589 ], [ 600714.805540000088513, 8171215.24773000087589 ], [ 600714.805540000088513, 8171215.547730000689626 ], [ 600715.105540000135079, 8171215.547730000689626 ], [ 600715.40554000006523, 8171216.74773000087589 ], [ 600714.505540000041947, 8171216.74773000087589 ], [ 600714.505540000041947, 8171216.447730001062155 ], [ 600714.205540000111796, 8171216.447730001062155 ], [ 600714.205540000111796, 8171216.147730000317097 ], [ 600713.605540000135079, 8171215.847730000503361 ], [ 600713.605540000135079, 8171214.947730001062155 ], [ 600713.005540000041947, 8171214.947730001062155 ], [ 600713.005540000041947, 8171214.647730000317097 ], [ 600711.505540000041947, 8171214.647730000317097 ], [ 600711.505540000041947, 8171215.24773000087589 ], [ 600711.205540000111796, 8171215.24773000087589 ], [ 600711.205540000111796, 8171215.847730000503361 ], [ 600711.505540000041947, 8171215.847730000503361 ], [ 600711.505540000041947, 8171218.24773000087589 ], [ 600711.205540000111796, 8171218.24773000087589 ], [ 600711.205540000111796, 8171218.547730000689626 ], [ 600708.505540000041947, 8171218.547730000689626 ], [ 600708.505540000041947, 8171216.447730001062155 ], [ 600701.005540000041947, 8171216.447730001062155 ], [ 600701.005540000041947, 8171214.647730000317097 ], [ 600701.305540000088513, 8171214.647730000317097 ], [ 600701.305540000088513, 8171212.24773000087589 ], [ 600701.605540000135079, 8171212.24773000087589 ], [ 600701.605540000135079, 8171211.347730000503361 ], [ 600705.805540000088513, 8171211.347730000503361 ], [ 600705.805540000088513, 8171211.047730000689626 ], [ 600708.505540000041947, 8171211.047730000689626 ], [ 600708.505540000041947, 8171210.74773000087589 ], [ 600711.505540000041947, 8171210.74773000087589 ], [ 600711.505540000041947, 8171210.447730001062155 ], [ 600712.105540000135079, 8171210.447730001062155 ], [ 600712.105540000135079, 8171210.147730000317097 ], [ 600712.705540000111796, 8171210.147730000317097 ], [ 600713.005540000041947, 8171209.547730000689626 ], [ 600713.305540000088513, 8171209.547730000689626 ], [ 600713.305540000088513, 8171208.947730001062155 ], [ 600713.90554000006523, 8171208.947730001062155 ], [ 600714.205540000111796, 8171208.347730000503361 ], [ 600714.805540000088513, 8171208.647730000317097 ], [ 600714.805540000088513, 8171208.347730000503361 ], [ 600715.40554000006523, 8171208.047730000689626 ], [ 600715.40554000006523, 8171207.447730001062155 ], [ 600714.805540000088513, 8171207.147730000317097 ], [ 600714.805540000088513, 8171206.24773000087589 ], [ 600710.305540000088513, 8171206.24773000087589 ], [ 600710.305540000088513, 8171206.547730000689626 ], [ 600709.40554000006523, 8171206.547730000689626 ], [ 600709.40554000006523, 8171206.847730000503361 ], [ 600708.505540000041947, 8171206.847730000503361 ], [ 600708.505540000041947, 8171207.147730000317097 ], [ 600703.105540000135079, 8171207.147730000317097 ], [ 600703.105540000135079, 8171206.847730000503361 ], [ 600702.505540000041947, 8171206.847730000503361 ], [ 600702.505540000041947, 8171206.24773000087589 ], [ 600702.205540000111796, 8171206.24773000087589 ], [ 600702.205540000111796, 8171205.647730000317097 ], [ 600702.505540000041947, 8171205.647730000317097 ], [ 600702.505540000041947, 8171205.047730000689626 ], [ 600702.805540000088513, 8171205.047730000689626 ], [ 600702.805540000088513, 8171203.24773000087589 ], [ 600703.105540000135079, 8171203.24773000087589 ], [ 600703.105540000135079, 8171202.047730000689626 ], [ 600706.40554000006523, 8171202.047730000689626 ], [ 600706.40554000006523, 8171201.74773000087589 ], [ 600709.705540000111796, 8171201.74773000087589 ], [ 600709.705540000111796, 8171202.047730000689626 ], [ 600711.505540000041947, 8171202.047730000689626 ], [ 600711.505540000041947, 8171201.74773000087589 ], [ 600712.40554000006523, 8171201.74773000087589 ], [ 600712.40554000006523, 8171201.447730001062155 ], [ 600715.40554000006523, 8171201.447730001062155 ], [ 600715.40554000006523, 8171201.147730000317097 ], [ 600718.705540000111796, 8171201.147730000317097 ], [ 600718.705540000111796, 8171200.847730000503361 ], [ 600721.705540000111796, 8171200.847730000503361 ], [ 600721.705540000111796, 8171200.547730000689626 ], [ 600723.505540000041947, 8171200.547730000689626 ], [ 600723.505540000041947, 8171200.24773000087589 ], [ 600724.105540000135079, 8171200.24773000087589 ], [ 600724.105540000135079, 8171200.547730000689626 ], [ 600724.40554000006523, 8171200.547730000689626 ], [ 600724.40554000006523, 8171200.24773000087589 ], [ 600725.005540000041947, 8171200.24773000087589 ], [ 600725.005540000041947, 8171200.547730000689626 ], [ 600725.605540000135079, 8171200.547730000689626 ], [ 600725.605540000135079, 8171202.647730000317097 ], [ 600725.90554000006523, 8171202.647730000317097 ], [ 600725.90554000006523, 8171203.547730000689626 ], [ 600726.205540000111796, 8171203.547730000689626 ], [ 600726.505540000041947, 8171206.547730000689626 ], [ 600727.105540000135079, 8171206.847730000503361 ], [ 600727.105540000135079, 8171207.447730001062155 ], [ 600728.005540000041947, 8171207.447730001062155 ], [ 600728.005540000041947, 8171207.74773000087589 ], [ 600728.605540000135079, 8171207.74773000087589 ], [ 600728.605540000135079, 8171208.047730000689626 ], [ 600728.90554000006523, 8171208.047730000689626 ], [ 600728.90554000006523, 8171209.547730000689626 ], [ 600729.205540000111796, 8171209.547730000689626 ], [ 600729.505540000041947, 8171210.147730000317097 ], [ 600730.705540000111796, 8171210.147730000317097 ], [ 600730.705540000111796, 8171210.447730001062155 ], [ 600731.90554000006523, 8171210.447730001062155 ], [ 600731.90554000006523, 8171210.74773000087589 ], [ 600737.005540000041947, 8171210.74773000087589 ], [ 600737.005540000041947, 8171210.447730001062155 ], [ 600738.205540000111796, 8171210.447730001062155 ], [ 600738.505540000041947, 8171211.047730000689626 ], [ 600739.105540000135079, 8171211.047730000689626 ], [ 600739.105540000135079, 8171212.547730000689626 ], [ 600738.805540000088513, 8171212.547730000689626 ], [ 600738.805540000088513, 8171216.74773000087589 ], [ 600738.505540000041947, 8171216.74773000087589 ], [ 600738.505540000041947, 8171217.047730000689626 ], [ 600735.505540000041947, 8171217.047730000689626 ], [ 600735.505540000041947, 8171216.74773000087589 ], [ 600734.90554000006523, 8171217.047730000689626 ], [ 600734.90554000006523, 8171216.74773000087589 ], [ 600733.40554000006523, 8171216.74773000087589 ], [ 600733.40554000006523, 8171216.447730001062155 ], [ 600727.705540000111796, 8171216.447730001062155 ], [ 600727.705540000111796, 8171216.147730000317097 ], [ 600727.105540000135079, 8171216.147730000317097 ], [ 600727.105540000135079, 8171215.847730000503361 ], [ 600726.805540000088513, 8171215.847730000503361 ], [ 600726.805540000088513, 8171215.24773000087589 ], [ 600726.205540000111796, 8171215.24773000087589 ], [ 600726.205540000111796, 8171215.547730000689626 ], [ 600725.90554000006523, 8171215.547730000689626 ], [ 600725.90554000006523, 8171215.847730000503361 ], [ 600726.205540000111796, 8171215.847730000503361 ], [ 600726.205540000111796, 8171217.947730001062155 ], [ 600722.90554000006523, 8171217.947730001062155 ], [ 600722.90554000006523, 8171218.24773000087589 ], [ 600722.005540000041947, 8171218.24773000087589 ], [ 600722.005540000041947, 8171218.547730000689626 ], [ 600719.005540000041947, 8171218.547730000689626 ], [ 600719.005540000041947, 8171218.847730000503361 ], [ 600718.40554000006523, 8171218.847730000503361 ], [ 600718.40554000006523, 8171218.547730000689626 ], [ 600717.505540000041947, 8171218.547730000689626 ], [ 600717.505540000041947, 8171218.847730000503361 ], [ 600716.305540000088513, 8171218.847730000503361 ] ], [ [ 600718.105540000135079, 8171211.947730001062155 ], [ 600718.705540000111796, 8171211.947730001062155 ], [ 600718.705540000111796, 8171208.947730001062155 ], [ 600718.40554000006523, 8171208.947730001062155 ], [ 600718.40554000006523, 8171208.647730000317097 ], [ 600717.505540000041947, 8171208.647730000317097 ], [ 600717.505540000041947, 8171208.947730001062155 ], [ 600716.90554000006523, 8171208.947730001062155 ], [ 600716.90554000006523, 8171209.847730000503361 ], [ 600717.205540000111796, 8171209.847730000503361 ], [ 600717.505540000041947, 8171210.447730001062155 ], [ 600717.805540000088513, 8171210.447730001062155 ], [ 600717.805540000088513, 8171211.347730000503361 ], [ 600718.105540000135079, 8171211.347730000503361 ], [ 600718.105540000135079, 8171211.947730001062155 ] ] ] } },
{ "type": "Feature", "properties": { "id": 44, "instance": 72, "mean_prob": 0.894, "area_m2": 44.2, "split_by_accepted_cut": true }, "geometry": { "type": "Polygon", "coordinates": [ [ [ 600683.90554000006523, 8171204.74773000087589 ], [ 600683.90554000006523, 8171199.647730000317097 ], [ 600686.605540000135079, 8171199.647730000317097 ], [ 600686.605540000135079, 8171199.347730000503361 ], [ 600689.005540000041947, 8171199.347730000503361 ], [ 600689.005540000041947, 8171199.647730000317097 ], [ 600690.805540000088513, 8171199.647730000317097 ], [ 600690.805540000088513, 8171199.947730001062155 ], [ 600692.90554000006523, 8171199.947730001062155 ], [ 600692.90554000006523, 8171199.647730000317097 ], [ 600693.505540000041947, 8171199.647730000317097 ], [ 600693.505540000041947, 8171199.947730001062155 ], [ 600693.805540000088513, 8171199.947730001062155 ], [ 600693.805540000088513, 8171201.447730001062155 ], [ 600693.505540000041947, 8171201.447730001062155 ], [ 600693.505540000041947, 8171203.847730000503361 ], [ 600689.90554000006523, 8171203.847730000503361 ], [ 600689.90554000006523, 8171204.147730000317097 ], [ 600689.005540000041947, 8171204.147730000317097 ], [ 600689.005540000041947, 8171204.447730001062155 ], [ 600686.605540000135079, 8171204.447730001062155 ], [ 600686.605540000135079, 8171204.147730000317097 ], [ 600685.705540000111796, 8171204.147730000317097 ], [ 600685.705540000111796, 8171204.447730001062155 ], [ 600683.90554000006523, 8171204.74773000087589 ] ] ] } },
{ "type": "Feature", "properties": { "id": 45, "instance": 33, "mean_prob": 0.897, "area_m2": 59.4, "split_by_accepted_cut": true }, "geometry": { "type": "Polygon", "coordinates": [ [ [ 600932.305540000088513, 8171204.447730001062155 ], [ 600932.305540000088513, 8171204.147730000317097 ], [ 600925.705540000111796, 8171204.147730000317097 ], [ 600925.705540000111796, 8171203.847730000503361 ], [ 600924.805540000088513, 8171203.847730000503361 ], [ 600924.805540000088513, 8171203.547730000689626 ], [ 600924.505540000041947, 8171203.547730000689626 ], [ 600924.505540000041947, 8171202.647730000317097 ], [ 600924.805540000088513, 8171202.647730000317097 ], [ 600924.805540000088513, 8171200.547730000689626 ], [ 600925.105540000135079, 8171200.547730000689626 ], [ 600925.105540000135079, 8171199.347730000503361 ], [ 600924.805540000088513, 8171199.347730000503361 ], [ 600924.805540000088513, 8171197.847730000503361 ], [ 600924.505540000041947, 8171197.847730000503361 ], [ 600924.505540000041947, 8171195.447730001062155 ], [ 600924.805540000088513, 8171195.447730001062155 ], [ 600925.105540000135079, 8171194.847730000503361 ], [ 600925.705540000111796, 8171194.847730000503361 ], [ 600925.705540000111796, 8171195.147730000317097 ], [ 600929.005540000041947, 8171195.147730000317097 ], [ 600929.005540000041947, 8171195.447730001062155 ], [ 600929.90554000006523, 8171195.447730001062155 ], [ 600929.90554000006523, 8171196.047730000689626 ], [ 600930.205540000111796, 8171196.047730000689626 ], [ 600930.205540000111796, 8171197.547730000689626 ], [ 600929.90554000006523, 8171197.547730000689626 ], [ 600929.605540000135079, 8171198.147730000317097 ], [ 600928.705540000111796, 8171198.147730000317097 ], [ 600928.705540000111796, 8171199.047730000689626 ], [ 600929.005540000041947, 8171199.047730000689626 ], [ 600929.005540000041947, 8171199.647730000317097 ], [ 600929.605540000135079, 8171199.647730000317097 ], [ 600929.605540000135079, 8171199.947730001062155 ], [ 600931.40554000006523, 8171199.947730001062155 ], [ 600931.40554000006523, 8171200.24773000087589 ], [ 600932.90554000006523, 8171200.24773000087589 ], [ 600932.90554000006523, 8171200.547730000689626 ], [ 600933.505540000041947, 8171200.547730000689626 ], [ 600933.505540000041947, 8171202.347730000503361 ], [ 600933.205540000111796, 8171202.347730000503361 ], [ 600933.205540000111796, 8171202.647730000317097 ], [ 600933.505540000041947, 8171202.647730000317097 ], [ 600933.505540000041947, 8171204.447730001062155 ], [ 600932.305540000088513, 8171204.447730001062155 ] ] ] } },
{ "type": "Feature", "properties": { "id": 46, "instance": 83, "mean_prob": 0.78, "area_m2": 40.1, "split_by_accepted_cut": true }, "geometry": { "type": "Polygon", "coordinates": [ [ [ 600978.805540000088513, 8171209.847730000503361 ], [ 600978.805540000088513, 8171209.547730000689626 ], [ 600978.505540000041947, 8171209.547730000689626 ], [ 600978.205540000111796, 8171208.947730001062155 ], [ 600977.90554000006523, 8171208.947730001062155 ], [ 600977.90554000006523, 8171208.347730000503361 ], [ 600977.305540000088513, 8171208.047730000689626 ], [ 600977.305540000088513, 8171207.447730001062155 ], [ 600977.005540000041947, 8171207.447730001062155 ], [ 600977.005540000041947, 8171206.547730000689626 ], [ 600977.305540000088513, 8171206.547730000689626 ], [ 600977.305540000088513, 8171206.847730000503361 ], [ 600977.90554000006523, 8171206.847730000503361 ], [ 600977.90554000006523, 8171207.147730000317097 ], [ 600978.505540000041947, 8171207.147730000317097 ], [ 600978.505540000041947, 8171204.74773000087589 ], [ 600978.205540000111796, 8171204.74773000087589 ], [ 600978.205540000111796, 8171204.447730001062155 ], [ 600977.305540000088513, 8171204.447730001062155 ], [ 600977.305540000088513, 8171204.147730000317097 ], [ 600976.705540000111796, 8171203.847730000503361 ], [ 600976.705540000111796, 8171203.24773000087589 ], [ 600976.40554000006523, 8171203.24773000087589 ], [ 600976.105540000135079, 8171202.647730000317097 ], [ 600975.805540000088513, 8171202.647730000317097 ], [ 600975.805540000088513, 8171201.74773000087589 ], [ 600977.005540000041947, 8171201.74773000087589 ], [ 600977.005540000041947, 8171201.447730001062155 ], [ 600977.305540000088513, 8171201.447730001062155 ], [ 600977.305540000088513, 8171199.947730001062155 ], [ 600977.605540000135079, 8171199.947730001062155 ], [ 600977.605540000135079, 8171199.647730000317097 ], [ 600978.205540000111796, 8171199.347730000503361 ], [ 600978.205540000111796, 8171199.047730000689626 ], [ 600978.805540000088513, 8171199.047730000689626 ], [ 600978.805540000088513, 8171198.74773000087589 ], [ 600979.105540000135079, 8171198.74773000087589 ], [ 600979.105540000135079, 8171198.147730000317097 ], [ 600979.40554000006523, 8171198.147730000317097 ], [ 600979.40554000006523, 8171197.547730000689626 ], [ 600979.705540000111796, 8171197.547730000689626 ], [ 600979.705540000111796, 8171197.24773000087589 ], [ 600980.305540000088513, 8171197.24773000087589 ], [ 600980.305540000088513, 8171197.547730000689626 ], [ 600981.205540000111796, 8171197.547730000689626 ], [ 600981.205540000111796, 8171197.24773000087589 ], [ 600981.505540000041947, 8171197.24773000087589 ], [ 600981.505540000041947, 8171196.647730000317097 ], [ 600981.205540000111796, 8171196.647730000317097 ], [ 600981.205540000111796, 8171195.74773000087589 ], [ 600981.505540000041947, 8171195.74773000087589 ], [ 600981.505540000041947, 8171196.047730000689626 ], [ 600982.105540000135079, 8171196.047730000689626 ], [ 600982.105540000135079, 8171194.847730000503361 ], [ 600981.805540000088513, 8171194.847730000503361 ], [ 600981.805540000088513, 8171194.547730000689626 ], [ 600981.205540000111796, 8171194.547730000689626 ], [ 600981.205540000111796, 8171194.24773000087589 ], [ 600980.605540000135079, 8171193.947730001062155 ], [ 600980.90554000006523, 8171193.347730000503361 ], [ 600981.505540000041947, 8171193.347730000503361 ], [ 600981.805540000088513, 8171193.947730001062155 ], [ 600983.005540000041947, 8171194.24773000087589 ], [ 600983.005540000041947, 8171194.847730000503361 ], [ 600982.705540000111796, 8171194.847730000503361 ], [ 600982.705540000111796, 8171195.447730001062155 ], [ 600982.40554000006523, 8171195.447730001062155 ], [ 600982.40554000006523, 8171197.24773000087589 ], [ 600982.105540000135079, 8171197.24773000087589 ], [ 600981.805540000088513, 8171199.647730000317097 ], [ 600981.505540000041947, 8171199.647730000317097 ], [ 600981.505540000041947, 8171201.447730001062155 ], [ 600981.205540000111796, 8171201.447730001062155 ], [ 600980.90554000006523, 8171203.24773000087589 ], [ 600980.605540000135079, 8171203.24773000087589 ], [ 600980.605540000135079, 8171204.447730001062155 ], [ 600980.305540000088513, 8171204.447730001062155 ], [ 600980.305540000088513, 8171205.347730000503361 ], [ 600980.005540000041947, 8171205.347730000503361 ], [ 600980.005540000041947, 8171206.547730000689626 ], [ 600979.705540000111796, 8171206.547730000689626 ], [ 600979.705540000111796, 8171207.447730001062155 ], [ 600979.40554000006523, 8171207.447730001062155 ], [ 600979.40554000006523, 8171208.947730001062155 ], [ 600979.105540000135079, 8171208.947730001062155 ], [ 600979.105540000135079, 8171209.847730000503361 ], [ 600978.805540000088513, 8171209.847730000503361 ] ] ] } },
{ "type": "Feature", "properties": { "id": 47, "instance": 91, "mean_prob": 0.815, "area_m2": 49.8, "split_by_accepted_cut": false }, "geometry": { "type": "Polygon", "coordinates": [ [ [ 600970.105540000135079, 8171198.74773000087589 ], [ 600970.105540000135079, 8171198.447730001062155 ], [ 600969.505540000041947, 8171198.447730001062155 ], [ 600969.505540000041947, 8171198.147730000317097 ], [ 600968.90554000006523, 8171198.147730000317097 ], [ 600968.90554000006523, 8171197.847730000503361 ], [ 600968.305540000088513, 8171197.847730000503361 ], [ 600968.305540000088513, 8171197.547730000689626 ], [ 600967.105540000135079, 8171197.24773000087589 ], [ 600967.105540000135079, 8171196.947730001062155 ], [ 600961.705540000111796, 8171196.947730001062155 ], [ 600961.705540000111796, 8171196.647730000317097 ], [ 600961.105540000135079, 8171196.647730000317097 ], [ 600961.105540000135079, 8171196.347730000503361 ], [ 600960.505540000041947, 8171196.047730000689626 ], [ 600960.505540000041947, 8171194.547730000689626 ], [ 600960.805540000088513, 8171194.547730000689626 ], [ 600960.805540000088513, 8171193.947730001062155 ], [ 600961.105540000135079, 8171193.947730001062155 ], [ 600961.105540000135079, 8171191.847730000503361 ], [ 600961.40554000006523, 8171191.847730000503361 ], [ 600961.40554000006523, 8171191.24773000087589 ], [ 600962.90554000006523, 8171191.24773000087589 ], [ 600963.205540000111796, 8171190.647730000317097 ], [ 600963.805540000088513, 8171190.347730000503361 ], [ 600963.805540000088513, 8171190.047730000689626 ], [ 600964.105540000135079, 8171190.047730000689626 ], [ 600964.105540000135079, 8171189.447730001062155 ], [ 600965.305540000088513, 8171189.74773000087589 ], [ 600965.305540000088513, 8171190.047730000689626 ], [ 600965.605540000135079, 8171190.047730000689626 ], [ 600965.605540000135079, 8171190.947730001062155 ], [ 600965.305540000088513, 8171190.947730001062155 ], [ 600965.305540000088513, 8171192.147730000317097 ], [ 600965.605540000135079, 8171192.147730000317097 ], [ 600965.90554000006523, 8171193.347730000503361 ], [ 600966.505540000041947, 8171193.647730000317097 ], [ 600966.805540000088513, 8171194.24773000087589 ], [ 600967.40554000006523, 8171194.24773000087589 ], [ 600967.40554000006523, 8171194.547730000689626 ], [ 600969.205540000111796, 8171194.547730000689626 ], [ 600969.205540000111796, 8171194.847730000503361 ], [ 600970.105540000135079, 8171194.847730000503361 ], [ 600970.105540000135079, 8171195.147730000317097 ], [ 600970.705540000111796, 8171195.147730000317097 ], [ 600970.705540000111796, 8171195.447730001062155 ], [ 600971.305540000088513, 8171195.447730001062155 ], [ 600971.305540000088513, 8171195.74773000087589 ], [ 600971.90554000006523, 8171196.047730000689626 ], [ 600971.90554000006523, 8171196.647730000317097 ], [ 600972.205540000111796, 8171196.647730000317097 ], [ 600972.205540000111796, 8171197.547730000689626 ], [ 600971.90554000006523, 8171197.547730000689626 ], [ 600971.90554000006523, 8171198.147730000317097 ], [ 600971.305540000088513, 8171198.147730000317097 ], [ 600971.005540000041947, 8171198.74773000087589 ], [ 600970.105540000135079, 8171198.74773000087589 ] ] ] } },
{ "type": "Feature", "properties": { "id": 48, "instance": 95, "mean_prob": 0.94, "area_m2": 132.4, "split_by_accepted_cut": true }, "geometry": { "type": "Polygon", "coordinates": [ [ [ 600685.105540000135079, 8171195.447730001062155 ], [ 600685.105540000135079, 8171195.147730000317097 ], [ 600684.805540000088513, 8171195.147730000317097 ], [ 600684.805540000088513, 8171192.447730001062155 ], [ 600685.105540000135079, 8171192.447730001062155 ], [ 600685.105540000135079, 8171191.24773000087589 ], [ 600684.505540000041947, 8171191.24773000087589 ], [ 600684.505540000041947, 8171190.947730001062155 ], [ 600683.90554000006523, 8171190.947730001062155 ], [ 600683.90554000006523, 8171190.647730000317097 ], [ 600683.605540000135079, 8171190.647730000317097 ], [ 600683.605540000135079, 8171189.447730001062155 ], [ 600683.305540000088513, 8171189.447730001062155 ], [ 600683.305540000088513, 8171187.347730000503361 ], [ 600683.90554000006523, 8171187.347730000503361 ], [ 600683.90554000006523, 8171186.74773000087589 ], [ 600684.505540000041947, 8171186.447730001062155 ], [ 600684.505540000041947, 8171185.847730000503361 ], [ 600684.805540000088513, 8171185.847730000503361 ], [ 600684.805540000088513, 8171185.24773000087589 ], [ 600685.105540000135079, 8171185.24773000087589 ], [ 600685.105540000135079, 8171184.647730000317097 ], [ 600685.705540000111796, 8171184.347730000503361 ], [ 600686.005540000041947, 8171183.74773000087589 ], [ 600686.605540000135079, 8171183.74773000087589 ], [ 600686.605540000135079, 8171183.447730001062155 ], [ 600687.205540000111796, 8171183.447730001062155 ], [ 600687.205540000111796, 8171183.147730000317097 ], [ 600687.805540000088513, 8171183.147730000317097 ], [ 600688.105540000135079, 8171182.547730000689626 ], [ 600689.305540000088513, 8171182.547730000689626 ], [ 600689.305540000088513, 8171182.24773000087589 ], [ 600691.105540000135079, 8171182.24773000087589 ], [ 600691.105540000135079, 8171182.547730000689626 ], [ 600691.705540000111796, 8171182.547730000689626 ], [ 600691.705540000111796, 8171182.24773000087589 ], [ 600693.505540000041947, 8171182.24773000087589 ], [ 600693.505540000041947, 8171183.447730001062155 ], [ 600693.805540000088513, 8171183.447730001062155 ], [ 600693.805540000088513, 8171183.74773000087589 ], [ 600694.40554000006523, 8171183.74773000087589 ], [ 600694.40554000006523, 8171184.047730000689626 ], [ 600695.005540000041947, 8171184.347730000503361 ], [ 600695.005540000041947, 8171185.24773000087589 ], [ 600695.305540000088513, 8171185.24773000087589 ], [ 600695.305540000088513, 8171185.847730000503361 ], [ 600695.605540000135079, 8171185.847730000503361 ], [ 600695.605540000135079, 8171186.447730001062155 ], [ 600695.305540000088513, 8171186.447730001062155 ], [ 600695.305540000088513, 8171188.847730000503361 ], [ 600695.605540000135079, 8171188.847730000503361 ], [ 600695.605540000135079, 8171190.647730000317097 ], [ 600695.305540000088513, 8171190.647730000317097 ], [ 600695.305540000088513, 8171192.74773000087589 ], [ 600695.005540000041947, 8171192.74773000087589 ], [ 600695.005540000041947, 8171194.24773000087589 ], [ 600694.705540000111796, 8171194.24773000087589 ], [ 600694.705540000111796, 8171194.847730000503361 ], [ 600694.40554000006523, 8171194.847730000503361 ], [ 600694.40554000006523, 8171195.147730000317097 ], [ 600693.505540000041947, 8171195.147730000317097 ], [ 600693.505540000041947, 8171194.847730000503361 ], [ 600691.705540000111796, 8171194.847730000503361 ], [ 600691.705540000111796, 8171195.147730000317097 ], [ 600689.605540000135079, 8171195.147730000317097 ], [ 600689.605540000135079, 8171195.447730001062155 ], [ 600685.105540000135079, 8171195.447730001062155 ] ] ] } },
{ "type": "Feature", "properties": { "id": 49, "instance": 89, "mean_prob": 0.925, "area_m2": 128.8, "split_by_accepted_cut": false }, "geometry": { "type": "Polygon", "coordinates": [ [ [ 600940.105540000135079, 8171199.647730000317097 ], [ 600940.105540000135079, 8171199.347730000503361 ], [ 600939.805540000088513, 8171199.347730000503361 ], [ 600939.805540000088513, 8171196.647730000317097 ], [ 600940.105540000135079, 8171196.647730000317097 ], [ 600940.105540000135079, 8171196.047730000689626 ], [ 600940.40554000006523, 8171196.047730000689626 ], [ 600940.40554000006523, 8171194.847730000503361 ], [ 600940.105540000135079, 8171194.847730000503361 ], [ 600940.105540000135079, 8171194.24773000087589 ], [ 600939.505540000041947, 8171194.24773000087589 ], [ 600939.505540000041947, 8171194.547730000689626 ], [ 600938.90554000006523, 8171194.847730000503361 ], [ 600938.90554000006523, 8171195.147730000317097 ], [ 600938.005540000041947, 8171195.147730000317097 ], [ 600938.005540000041947, 8171195.447730001062155 ], [ 600936.505540000041947, 8171195.447730001062155 ], [ 600936.505540000041947, 8171195.147730000317097 ], [ 600936.205540000111796, 8171195.147730000317097 ], [ 600936.205540000111796, 8171193.347730000503361 ], [ 600936.505540000041947, 8171193.347730000503361 ], [ 600936.505540000041947, 8171192.147730000317097 ], [ 600936.205540000111796, 8171192.147730000317097 ], [ 600936.205540000111796, 8171189.74773000087589 ], [ 600935.90554000006523, 8171189.74773000087589 ], [ 600935.90554000006523, 8171185.847730000503361 ], [ 600935.605540000135079, 8171185.847730000503361 ], [ 600935.605540000135079, 8171184.047730000689626 ], [ 600935.305540000088513, 8171184.047730000689626 ], [ 600935.305540000088513, 8171183.447730001062155 ], [ 600935.605540000135079, 8171183.447730001062155 ], [ 600935.90554000006523, 8171182.847730000503361 ], [ 600937.40554000006523, 8171182.847730000503361 ], [ 600937.40554000006523, 8171182.547730000689626 ], [ 600939.205540000111796, 8171182.547730000689626 ], [ 600939.505540000041947, 8171181.947730001062155 ], [ 600940.105540000135079, 8171181.947730001062155 ], [ 600940.105540000135079, 8171181.647730000317097 ], [ 600941.305540000088513, 8171181.647730000317097 ], [ 600941.305540000088513, 8171181.347730000503361 ], [ 600941.605540000135079, 8171181.347730000503361 ], [ 600941.605540000135079, 8171181.647730000317097 ], [ 600942.505540000041947, 8171181.647730000317097 ], [ 600942.505540000041947, 8171181.347730000503361 ], [ 600942.805540000088513, 8171181.347730000503361 ], [ 600942.805540000088513, 8171181.647730000317097 ], [ 600943.40554000006523, 8171181.647730000317097 ], [ 600943.40554000006523, 8171182.547730000689626 ], [ 600943.705540000111796, 8171182.547730000689626 ], [ 600943.705540000111796, 8171185.547730000689626 ], [ 600943.40554000006523, 8171185.547730000689626 ], [ 600943.40554000006523, 8171187.647730000317097 ], [ 600943.705540000111796, 8171187.647730000317097 ], [ 600943.705540000111796, 8171191.547730000689626 ], [ 600944.005540000041947, 8171191.547730000689626 ], [ 600944.005540000041947, 8171192.447730001062155 ], [ 600944.305540000088513, 8171192.447730001062155 ], [ 600944.305540000088513, 8171193.047730000689626 ], [ 600944.605540000135079, 8171193.047730000689626 ], [ 600944.605540000135079, 8171193.947730001062155 ], [ 600944.90554000006523, 8171193.947730001062155 ], [ 600944.90554000006523, 8171195.74773000087589 ], [ 600945.205540000111796, 8171195.74773000087589 ], [ 600945.205540000111796, 8171196.347730000503361 ], [ 600945.805540000088513, 8171196.647730000317097 ], [ 600945.805540000088513, 8171196.947730001062155 ], [ 600946.105540000135079, 8171196.947730001062155 ], [ 600946.40554000006523, 8171198.147730000317097 ], [ 600946.705540000111796, 8171198.147730000317097 ], [ 600946.705540000111796, 8171199.047730000689626 ], [ 600946.40554000006523, 8171199.047730000689626 ], [ 600946.40554000006523, 8171199.347730000503361 ], [ 600945.205540000111796, 8171199.347730000503361 ], [ 600945.205540000111796, 8171199.647730000317097 ], [ 600940.105540000135079, 8171199.647730000317097 ] ] ] } },
{ "type": "Feature", "properties": { "id": 50, "instance": 108, "mean_prob": 0.916, "area_m2": 26.9, "split_by_accepted_cut": false }, "geometry": { "type": "Polygon", "coordinates": [ [ [ 600929.605540000135079, 8171186.447730001062155 ], [ 600929.605540000135079, 8171186.147730000317097 ], [ 600929.305540000088513, 8171186.147730000317097 ], [ 600929.305540000088513, 8171185.547730000689626 ], [ 600929.005540000041947, 8171185.547730000689626 ], [ 600929.005540000041947, 8171184.947730001062155 ], [ 600926.605540000135079, 8171184.947730001062155 ], [ 600926.605540000135079, 8171184.647730000317097 ], [ 600926.005540000041947, 8171184.347730000503361 ], [ 600926.005540000041947, 8171182.847730000503361 ], [ 600925.705540000111796, 8171182.847730000503361 ], [ 600925.705540000111796, 8171181.647730000317097 ], [ 600926.005540000041947, 8171181.647730000317097 ], [ 600926.005540000041947, 8171181.347730000503361 ], [ 600930.805540000088513, 8171181.347730000503361 ], [ 600930.805540000088513, 8171181.047730000689626 ], [ 600932.005540000041947, 8171181.347730000503361 ], [ 600932.005540000041947, 8171182.847730000503361 ], [ 600932.305540000088513, 8171182.847730000503361 ], [ 600932.305540000088513, 8171186.147730000317097 ], [ 600931.705540000111796, 8171186.147730000317097 ], [ 600931.705540000111796, 8171186.447730001062155 ], [ 600929.605540000135079, 8171186.447730001062155 ] ] ] } },
{ "type": "Feature", "properties": { "id": 51, "instance": 99, "mean_prob": 0.658, "area_m2": 18.6, "split_by_accepted_cut": true }, "geometry": { "type": "Polygon", "coordinates": [ [ [ 600916.40554000006523, 8171187.347730000503361 ], [ 600916.40554000006523, 8171187.047730000689626 ], [ 600914.90554000006523, 8171187.047730000689626 ], [ 600914.605540000135079, 8171186.447730001062155 ], [ 600914.305540000088513, 8171186.447730001062155 ], [ 600914.305540000088513, 8171185.24773000087589 ], [ 600914.90554000006523, 8171185.24773000087589 ], [ 600915.205540000111796, 8171185.847730000503361 ], [ 600916.105540000135079, 8171185.847730000503361 ], [ 600916.105540000135079, 8171185.547730000689626 ], [ 600915.805540000088513, 8171185.547730000689626 ], [ 600915.805540000088513, 8171184.647730000317097 ], [ 600915.205540000111796, 8171184.647730000317097 ], [ 600915.205540000111796, 8171184.347730000503361 ], [ 600914.90554000006523, 8171184.347730000503361 ], [ 600914.90554000006523, 8171183.74773000087589 ], [ 600914.305540000088513, 8171183.447730001062155 ], [ 600914.305540000088513, 8171181.947730001062155 ], [ 600914.605540000135079, 8171181.947730001062155 ], [ 600914.605540000135079, 8171181.647730000317097 ], [ 600915.805540000088513, 8171181.647730000317097 ], [ 600915.805540000088513, 8171181.947730001062155 ], [ 600916.105540000135079, 8171181.947730001062155 ], [ 600916.105540000135079, 8171181.647730000317097 ], [ 600917.305540000088513, 8171181.647730000317097 ], [ 600917.305540000088513, 8171181.347730000503361 ], [ 600917.605540000135079, 8171181.347730000503361 ], [ 600917.90554000006523, 8171180.74773000087589 ], [ 600918.205540000111796, 8171180.74773000087589 ], [ 600918.205540000111796, 8171186.147730000317097 ], [ 600917.605540000135079, 8171186.147730000317097 ], [ 600917.305540000088513, 8171187.347730000503361 ], [ 600916.40554000006523, 8171187.347730000503361 ] ] ] } },
{ "type": "Feature", "properties": { "id": 52, "instance": 105, "mean_prob": 0.838, "area_m2": 53.0, "split_by_accepted_cut": true }, "geometry": { "type": "Polygon", "coordinates": [ [ [ 600743.305540000088513, 8171187.947730001062155 ], [ 600743.305540000088513, 8171187.647730000317097 ], [ 600741.805540000088513, 8171187.647730000317097 ], [ 600741.805540000088513, 8171187.347730000503361 ], [ 600740.90554000006523, 8171187.347730000503361 ], [ 600740.90554000006523, 8171187.047730000689626 ], [ 600740.305540000088513, 8171187.047730000689626 ], [ 600740.305540000088513, 8171186.74773000087589 ], [ 600740.005540000041947, 8171186.74773000087589 ], [ 600740.005540000041947, 8171186.147730000317097 ], [ 600739.705540000111796, 8171186.147730000317097 ], [ 600739.705540000111796, 8171184.047730000689626 ], [ 600739.40554000006523, 8171184.047730000689626 ], [ 600739.40554000006523, 8171182.24773000087589 ], [ 600739.705540000111796, 8171182.24773000087589 ], [ 600739.705540000111796, 8171181.347730000503361 ], [ 600740.005540000041947, 8171181.347730000503361 ], [ 600740.005540000041947, 8171181.047730000689626 ], [ 600742.40554000006523, 8171181.047730000689626 ], [ 600742.40554000006523, 8171180.147730000317097 ], [ 600742.705540000111796, 8171180.147730000317097 ], [ 600742.705540000111796, 8171179.547730000689626 ], [ 600743.005540000041947, 8171179.547730000689626 ], [ 600743.005540000041947, 8171179.24773000087589 ], [ 600743.605540000135079, 8171179.547730000689626 ], [ 600743.605540000135079, 8171180.147730000317097 ], [ 600744.205540000111796, 8171180.147730000317097 ], [ 600744.205540000111796, 8171180.447730001062155 ], [ 600744.505540000041947, 8171180.447730001062155 ], [ 600744.505540000041947, 8171180.74773000087589 ], [ 600745.105540000135079, 8171180.74773000087589 ], [ 600745.105540000135079, 8171181.047730000689626 ], [ 600745.40554000006523, 8171181.047730000689626 ], [ 600745.40554000006523, 8171180.74773000087589 ], [ 600746.90554000006523, 8171180.74773000087589 ], [ 600746.90554000006523, 8171180.447730001062155 ], [ 600747.205540000111796, 8171180.447730001062155 ], [ 600747.205540000111796, 8171181.347730000503361 ], [ 600748.40554000006523, 8171181.947730001062155 ], [ 600748.40554000006523, 8171183.147730000317097 ], [ 600748.705540000111796, 8171183.147730000317097 ], [ 600748.705540000111796, 8171184.347730000503361 ], [ 600747.505540000041947, 8171184.647730000317097 ], [ 600747.505540000041947, 8171184.947730001062155 ], [ 600746.90554000006523, 8171185.24773000087589 ], [ 600747.205540000111796, 8171186.447730001062155 ], [ 600746.005540000041947, 8171186.74773000087589 ], [ 600745.705540000111796, 8171187.947730001062155 ], [ 600743.305540000088513, 8171187.947730001062155 ] ], [ [ 600745.40554000006523, 8171182.547730000689626 ], [ 600746.305540000088513, 8171182.547730000689626 ], [ 600746.605540000135079, 8171181.347730000503361 ], [ 600744.505540000041947, 8171181.347730000503361 ], [ 600744.505540000041947, 8171181.947730001062155 ], [ 600744.805540000088513, 8171181.947730001062155 ], [ 600744.805540000088513, 8171182.24773000087589 ], [ 600745.40554000006523, 8171182.24773000087589 ], [ 600745.40554000006523, 8171182.547730000689626 ] ] ] } },
{ "type": "Feature", "properties": { "id": 53, "instance": 65, "mean_prob": 0.961, "area_m2": 1672.3, "split_by_accepted_cut": true }, "geometry": { "type": "Polygon", "coordinates": [ [ [ 600841.40554000006523, 8171230.24773000087589 ], [ 600841.40554000006523, 8171229.947730001062155 ], [ 600840.805540000088513, 8171229.947730001062155 ], [ 600840.505540000041947, 8171229.347730000503361 ], [ 600839.90554000006523, 8171229.347730000503361 ], [ 600839.605540000135079, 8171228.74773000087589 ], [ 600839.005540000041947, 8171228.447730001062155 ], [ 600839.005540000041947, 8171228.147730000317097 ], [ 600838.40554000006523, 8171227.847730000503361 ], [ 600838.105540000135079, 8171227.24773000087589 ], [ 600837.805540000088513, 8171227.24773000087589 ], [ 600837.805540000088513, 8171225.447730001062155 ], [ 600838.105540000135079, 8171225.447730001062155 ], [ 600838.105540000135079, 8171218.24773000087589 ], [ 600837.805540000088513, 8171218.24773000087589 ], [ 600837.805540000088513, 8171217.947730001062155 ], [ 600837.205540000111796, 8171217.947730001062155 ], [ 600837.205540000111796, 8171217.647730000317097 ], [ 600835.705540000111796, 8171217.647730000317097 ], [ 600835.705540000111796, 8171217.947730001062155 ], [ 600834.505540000041947, 8171217.947730001062155 ], [ 600834.505540000041947, 8171218.24773000087589 ], [ 600833.90554000006523, 8171218.24773000087589 ], [ 600833.90554000006523, 8171219.147730000317097 ], [ 600834.205540000111796, 8171219.147730000317097 ], [ 600834.205540000111796, 8171219.74773000087589 ], [ 600834.505540000041947, 8171219.74773000087589 ], [ 600834.505540000041947, 8171220.047730000689626 ], [ 600834.205540000111796, 8171220.047730000689626 ], [ 600834.205540000111796, 8171220.647730000317097 ], [ 600834.505540000041947, 8171220.647730000317097 ], [ 600834.505540000041947, 8171221.847730000503361 ], [ 600832.705540000111796, 8171221.847730000503361 ], [ 600832.705540000111796, 8171221.547730000689626 ], [ 600831.505540000041947, 8171221.547730000689626 ], [ 600831.505540000041947, 8171221.24773000087589 ], [ 600829.40554000006523, 8171221.24773000087589 ], [ 600829.40554000006523, 8171221.547730000689626 ], [ 600828.205540000111796, 8171221.547730000689626 ], [ 600828.205540000111796, 8171221.847730000503361 ], [ 600826.40554000006523, 8171221.847730000503361 ], [ 600826.40554000006523, 8171221.547730000689626 ], [ 600816.205540000111796, 8171221.547730000689626 ], [ 600816.205540000111796, 8171221.24773000087589 ], [ 600815.305540000088513, 8171221.24773000087589 ], [ 600815.305540000088513, 8171220.947730001062155 ], [ 600814.705540000111796, 8171220.947730001062155 ], [ 600814.705540000111796, 8171220.647730000317097 ], [ 600812.90554000006523, 8171220.647730000317097 ], [ 600812.90554000006523, 8171220.347730000503361 ], [ 600812.305540000088513, 8171220.347730000503361 ], [ 600812.305540000088513, 8171220.047730000689626 ], [ 600811.705540000111796, 8171220.047730000689626 ], [ 600811.705540000111796, 8171219.74773000087589 ], [ 600808.40554000006523, 8171219.74773000087589 ], [ 600808.40554000006523, 8171219.447730001062155 ], [ 600807.505540000041947, 8171219.447730001062155 ], [ 600807.505540000041947, 8171219.147730000317097 ], [ 600807.205540000111796, 8171219.147730000317097 ], [ 600807.205540000111796, 8171218.547730000689626 ], [ 600807.505540000041947, 8171218.547730000689626 ], [ 600807.505540000041947, 8171214.347730000503361 ], [ 600807.205540000111796, 8171214.347730000503361 ], [ 600807.205540000111796, 8171213.147730000317097 ], [ 600806.90554000006523, 8171213.147730000317097 ], [ 600806.90554000006523, 8171212.24773000087589 ], [ 600806.605540000135079, 8171212.24773000087589 ], [ 600806.605540000135079, 8171211.347730000503361 ], [ 600806.90554000006523, 8171211.347730000503361 ], [ 600806.90554000006523, 8171205.347730000503361 ], [ 600806.605540000135079, 8171205.347730000503361 ], [ 600806.605540000135079, 8171202.647730000317097 ], [ 600806.90554000006523, 8171202.647730000317097 ], [ 600806.90554000006523, 8171201.74773000087589 ], [ 600811.105540000135079, 8171201.74773000087589 ], [ 600811.105540000135079, 8171201.447730001062155 ], [ 600814.105540000135079, 8171201.447730001062155 ], [ 600814.105540000135079, 8171201.147730000317097 ], [ 600817.705540000111796, 8171201.147730000317097 ], [ 600817.705540000111796, 8171200.847730000503361 ], [ 600819.805540000088513, 8171200.847730000503361 ], [ 600819.805540000088513, 8171200.547730000689626 ], [ 600821.005540000041947, 8171200.547730000689626 ], [ 600821.005540000041947, 8171200.847730000503361 ], [ 600821.90554000006523, 8171200.847730000503361 ], [ 600821.90554000006523, 8171200.547730000689626 ], [ 600826.105540000135079, 8171200.547730000689626 ], [ 600826.105540000135079, 8171200.24773000087589 ], [ 600826.705540000111796, 8171200.24773000087589 ], [ 600826.705540000111796, 8171198.147730000317097 ], [ 600826.40554000006523, 8171198.147730000317097 ], [ 600826.40554000006523, 8171197.847730000503361 ], [ 600824.305540000088513, 8171197.847730000503361 ], [ 600824.305540000088513, 8171198.147730000317097 ], [ 600819.805540000088513, 8171198.147730000317097 ], [ 600819.805540000088513, 8171197.847730000503361 ], [ 600819.505540000041947, 8171197.847730000503361 ], [ 600819.505540000041947, 8171198.147730000317097 ], [ 600818.90554000006523, 8171198.147730000317097 ], [ 600818.90554000006523, 8171198.447730001062155 ], [ 600813.205540000111796, 8171198.447730001062155 ], [ 600813.205540000111796, 8171198.74773000087589 ], [ 600811.705540000111796, 8171198.74773000087589 ], [ 600811.705540000111796, 8171197.24773000087589 ], [ 600811.105540000135079, 8171197.24773000087589 ], [ 600811.105540000135079, 8171198.74773000087589 ], [ 600810.805540000088513, 8171198.74773000087589 ], [ 600810.805540000088513, 8171199.047730000689626 ], [ 600807.205540000111796, 8171199.047730000689626 ], [ 600807.205540000111796, 8171199.347730000503361 ], [ 600804.205540000111796, 8171199.347730000503361 ], [ 600804.205540000111796, 8171199.647730000317097 ], [ 600803.90554000006523, 8171199.647730000317097 ], [ 600803.90554000006523, 8171199.347730000503361 ], [ 600803.305540000088513, 8171199.347730000503361 ], [ 600803.305540000088513, 8171197.547730000689626 ], [ 600803.005540000041947, 8171197.547730000689626 ], [ 600803.005540000041947, 8171192.147730000317097 ], [ 600802.705540000111796, 8171192.147730000317097 ], [ 600802.705540000111796, 8171191.847730000503361 ], [ 600803.005540000041947, 8171191.847730000503361 ], [ 600803.005540000041947, 8171189.447730001062155 ], [ 600802.705540000111796, 8171189.447730001062155 ], [ 600802.705540000111796, 8171186.447730001062155 ], [ 600803.605540000135079, 8171186.447730001062155 ], [ 600803.605540000135079, 8171186.147730000317097 ], [ 600807.205540000111796, 8171186.147730000317097 ], [ 600807.205540000111796, 8171185.847730000503361 ], [ 600816.805540000088513, 8171185.847730000503361 ], [ 600816.805540000088513, 8171185.547730000689626 ], [ 600819.805540000088513, 8171185.547730000689626 ], [ 600819.805540000088513, 8171185.24773000087589 ], [ 600821.605540000135079, 8171185.24773000087589 ], [ 600821.605540000135079, 8171185.547730000689626 ], [ 600823.705540000111796, 8171185.547730000689626 ], [ 600823.705540000111796, 8171185.24773000087589 ], [ 600824.605540000135079, 8171185.24773000087589 ], [ 600824.90554000006523, 8171185.847730000503361 ], [ 600825.505540000041947, 8171186.147730000317097 ], [ 600825.505540000041947, 8171187.647730000317097 ], [ 600825.805540000088513, 8171187.647730000317097 ], [ 600825.805540000088513, 8171190.647730000317097 ], [ 600826.105540000135079, 8171190.647730000317097 ], [ 600826.105540000135079, 8171191.24773000087589 ], [ 600827.005540000041947, 8171191.24773000087589 ], [ 600827.005540000041947, 8171191.847730000503361 ], [ 600826.705540000111796, 8171191.847730000503361 ], [ 600826.705540000111796, 8171193.047730000689626 ], [ 600826.40554000006523, 8171193.047730000689626 ], [ 600826.40554000006523, 8171194.547730000689626 ], [ 600827.005540000041947, 8171194.547730000689626 ], [ 600827.005540000041947, 8171194.847730000503361 ], [ 600828.205540000111796, 8171194.847730000503361 ], [ 600828.505540000041947, 8171195.447730001062155 ], [ 600829.105540000135079, 8171195.447730001062155 ], [ 600829.40554000006523, 8171196.047730000689626 ], [ 600830.005540000041947, 8171196.347730000503361 ], [ 600830.005540000041947, 8171197.547730000689626 ], [ 600831.205540000111796, 8171197.547730000689626 ], [ 600831.505540000041947, 8171196.947730001062155 ], [ 600831.805540000088513, 8171196.947730001062155 ], [ 600831.805540000088513, 8171195.147730000317097 ], [ 600831.505540000041947, 8171195.147730000317097 ], [ 600831.205540000111796, 8171194.547730000689626 ], [ 600830.90554000006523, 8171194.547730000689626 ], [ 600830.605540000135079, 8171193.347730000503361 ], [ 600830.305540000088513, 8171193.347730000503361 ], [ 600830.305540000088513, 8171190.047730000689626 ], [ 600830.005540000041947, 8171190.047730000689626 ], [ 600830.005540000041947, 8171189.447730001062155 ], [ 600830.305540000088513, 8171189.447730001062155 ], [ 600830.305540000088513, 8171188.547730000689626 ], [ 600829.40554000006523, 8171188.547730000689626 ], [ 600829.40554000006523, 8171186.74773000087589 ], [ 600829.705540000111796, 8171186.74773000087589 ], [ 600829.705540000111796, 8171186.447730001062155 ], [ 600830.005540000041947, 8171186.447730001062155 ], [ 600830.005540000041947, 8171186.74773000087589 ], [ 600831.505540000041947, 8171186.74773000087589 ], [ 600831.505540000041947, 8171187.047730000689626 ], [ 600832.105540000135079, 8171187.347730000503361 ], [ 600832.105540000135079, 8171187.647730000317097 ], [ 600833.605540000135079, 8171187.647730000317097 ], [ 600833.605540000135079, 8171187.947730001062155 ], [ 600834.205540000111796, 8171187.947730001062155 ], [ 600834.205540000111796, 8171187.647730000317097 ], [ 600835.705540000111796, 8171187.647730000317097 ], [ 600835.705540000111796, 8171187.347730000503361 ], [ 600836.605540000135079, 8171187.347730000503361 ], [ 600836.605540000135079, 8171187.647730000317097 ], [ 600837.205540000111796, 8171187.647730000317097 ], [ 600837.205540000111796, 8171187.947730001062155 ], [ 600837.505540000041947, 8171187.947730001062155 ], [ 600837.505540000041947, 8171187.647730000317097 ], [ 600839.605540000135079, 8171187.647730000317097 ], [ 600839.605540000135079, 8171187.947730001062155 ], [ 600840.205540000111796, 8171187.947730001062155 ], [ 600840.205540000111796, 8171188.24773000087589 ], [ 600840.505540000041947, 8171188.24773000087589 ], [ 600840.505540000041947, 8171187.947730001062155 ], [ 600841.105540000135079, 8171187.947730001062155 ], [ 600841.105540000135079, 8171187.647730000317097 ], [ 600841.40554000006523, 8171187.647730000317097 ], [ 600841.40554000006523, 8171187.947730001062155 ], [ 600842.305540000088513, 8171187.947730001062155 ], [ 600842.605540000135079, 8171187.347730000503361 ], [ 600842.90554000006523, 8171187.347730000503361 ], [ 600842.90554000006523, 8171187.647730000317097 ], [ 600843.805540000088513, 8171187.647730000317097 ], [ 600843.805540000088513, 8171187.347730000503361 ], [ 600844.105540000135079, 8171187.347730000503361 ], [ 600844.105540000135079, 8171187.647730000317097 ], [ 600845.005540000041947, 8171187.647730000317097 ], [ 600845.005540000041947, 8171187.347730000503361 ], [ 600846.505540000041947, 8171187.347730000503361 ], [ 600846.505540000041947, 8171187.047730000689626 ], [ 600848.605540000135079, 8171187.047730000689626 ], [ 600848.605540000135079, 8171185.547730000689626 ], [ 600848.305540000088513, 8171185.547730000689626 ], [ 600848.305540000088513, 8171184.047730000689626 ], [ 600848.005540000041947, 8171184.047730000689626 ], [ 600848.005540000041947, 8171183.74773000087589 ], [ 600848.305540000088513, 8171183.74773000087589 ], [ 600848.305540000088513, 8171182.547730000689626 ], [ 600848.605540000135079, 8171182.547730000689626 ], [ 600848.605540000135079, 8171180.147730000317097 ], [ 600849.205540000111796, 8171179.847730000503361 ], [ 600849.505540000041947, 8171179.24773000087589 ], [ 600850.705540000111796, 8171179.24773000087589 ], [ 600850.705540000111796, 8171178.947730001062155 ], [ 600853.105540000135079, 8171178.947730001062155 ], [ 600853.105540000135079, 8171179.24773000087589 ], [ 600854.005540000041947, 8171179.24773000087589 ], [ 600854.005540000041947, 8171178.947730001062155 ], [ 600854.305540000088513, 8171178.947730001062155 ], [ 600854.605540000135079, 8171180.147730000317097 ], [ 600855.205540000111796, 8171180.447730001062155 ], [ 600855.205540000111796, 8171184.347730000503361 ], [ 600855.805540000088513, 8171184.647730000317097 ], [ 600855.805540000088513, 8171186.447730001062155 ], [ 600855.205540000111796, 8171186.447730001062155 ], [ 600855.205540000111796, 8171187.347730000503361 ], [ 600855.805540000088513, 8171187.647730000317097 ], [ 600855.805540000088513, 8171188.847730000503361 ], [ 600856.105540000135079, 8171188.847730000503361 ], [ 600856.105540000135079, 8171191.547730000689626 ], [ 600855.805540000088513, 8171191.547730000689626 ], [ 600855.805540000088513, 8171192.447730001062155 ], [ 600856.105540000135079, 8171192.447730001062155 ], [ 600856.105540000135079, 8171195.74773000087589 ], [ 600855.805540000088513, 8171195.74773000087589 ], [ 600855.805540000088513, 8171196.047730000689626 ], [ 600855.205540000111796, 8171196.047730000689626 ], [ 600855.205540000111796, 8171196.347730000503361 ], [ 600853.105540000135079, 8171196.347730000503361 ], [ 600853.105540000135079, 8171196.047730000689626 ], [ 600852.805540000088513, 8171196.047730000689626 ], [ 600852.805540000088513, 8171195.147730000317097 ], [ 600852.505540000041947, 8171195.147730000317097 ], [ 600852.505540000041947, 8171186.447730001062155 ], [ 600852.805540000088513, 8171186.447730001062155 ], [ 600853.105540000135079, 8171185.847730000503361 ], [ 600853.705540000111796, 8171185.847730000503361 ], [ 600853.705540000111796, 8171186.147730000317097 ], [ 600854.605540000135079, 8171186.147730000317097 ], [ 600854.605540000135079, 8171186.447730001062155 ], [ 600854.90554000006523, 8171186.447730001062155 ], [ 600854.90554000006523, 8171185.24773000087589 ], [ 600854.605540000135079, 8171185.24773000087589 ], [ 600854.605540000135079, 8171184.947730001062155 ], [ 600854.005540000041947, 8171184.947730001062155 ], [ 600854.005540000041947, 8171185.24773000087589 ], [ 600853.105540000135079, 8171185.24773000087589 ], [ 600853.105540000135079, 8171185.547730000689626 ], [ 600851.90554000006523, 8171185.547730000689626 ], [ 600851.90554000006523, 8171185.847730000503361 ], [ 600851.605540000135079, 8171185.847730000503361 ], [ 600851.605540000135079, 8171193.047730000689626 ], [ 600851.305540000088513, 8171193.047730000689626 ], [ 600851.305540000088513, 8171193.647730000317097 ], [ 600851.005540000041947, 8171193.647730000317097 ], [ 600851.005540000041947, 8171193.947730001062155 ], [ 600850.705540000111796, 8171193.947730001062155 ], [ 600850.705540000111796, 8171194.547730000689626 ], [ 600850.40554000006523, 8171194.547730000689626 ], [ 600850.40554000006523, 8171194.847730000503361 ], [ 600850.705540000111796, 8171194.847730000503361 ], [ 600850.40554000006523, 8171196.047730000689626 ], [ 600848.605540000135079, 8171196.047730000689626 ], [ 600848.605540000135079, 8171196.347730000503361 ], [ 600848.005540000041947, 8171196.347730000503361 ], [ 600848.005540000041947, 8171196.647730000317097 ], [ 600845.605540000135079, 8171196.647730000317097 ], [ 600845.605540000135079, 8171196.947730001062155 ], [ 600844.40554000006523, 8171196.947730001062155 ], [ 600844.105540000135079, 8171197.547730000689626 ], [ 600839.605540000135079, 8171197.547730000689626 ], [ 600839.605540000135079, 8171197.847730000503361 ], [ 600837.805540000088513, 8171197.847730000503361 ], [ 600837.805540000088513, 8171199.347730000503361 ], [ 600838.105540000135079, 8171199.347730000503361 ], [ 600838.105540000135079, 8171199.947730001062155 ], [ 600838.40554000006523, 8171199.947730001062155 ], [ 600838.40554000006523, 8171199.647730000317097 ], [ 600839.005540000041947, 8171199.647730000317097 ], [ 600839.005540000041947, 8171199.347730000503361 ], [ 600839.90554000006523, 8171199.347730000503361 ], [ 600839.90554000006523, 8171199.647730000317097 ], [ 600842.005540000041947, 8171199.647730000317097 ], [ 600842.005540000041947, 8171199.947730001062155 ], [ 600842.605540000135079, 8171199.947730001062155 ], [ 600842.605540000135079, 8171200.24773000087589 ], [ 600842.90554000006523, 8171200.24773000087589 ], [ 600842.90554000006523, 8171203.847730000503361 ], [ 600842.605540000135079, 8171203.847730000503361 ], [ 600842.605540000135079, 8171204.447730001062155 ], [ 600842.90554000006523, 8171204.447730001062155 ], [ 600842.90554000006523, 8171205.947730001062155 ], [ 600843.205540000111796, 8171205.947730001062155 ], [ 600843.205540000111796, 8171208.347730000503361 ], [ 600843.505540000041947, 8171208.347730000503361 ], [ 600843.505540000041947, 8171211.647730000317097 ], [ 600843.805540000088513, 8171211.647730000317097 ], [ 600843.805540000088513, 8171214.047730000689626 ], [ 600844.105540000135079, 8171214.047730000689626 ], [ 600844.105540000135079, 8171215.24773000087589 ], [ 600844.705540000111796, 8171215.547730000689626 ], [ 600844.705540000111796, 8171215.24773000087589 ], [ 600845.305540000088513, 8171215.24773000087589 ], [ 600845.605540000135079, 8171214.647730000317097 ], [ 600846.205540000111796, 8171214.347730000503361 ], [ 600846.205540000111796, 8171213.74773000087589 ], [ 600845.605540000135079, 8171213.74773000087589 ], [ 600845.605540000135079, 8171213.447730001062155 ], [ 600845.305540000088513, 8171213.447730001062155 ], [ 600845.305540000088513, 8171211.947730001062155 ], [ 600845.90554000006523, 8171211.947730001062155 ], [ 600845.90554000006523, 8171211.647730000317097 ], [ 600846.205540000111796, 8171211.647730000317097 ], [ 600846.205540000111796, 8171211.347730000503361 ], [ 600846.805540000088513, 8171211.047730000689626 ], [ 600846.805540000088513, 8171210.74773000087589 ], [ 600848.305540000088513, 8171210.74773000087589 ], [ 600848.305540000088513, 8171210.447730001062155 ], [ 600851.005540000041947, 8171210.447730001062155 ], [ 600851.005540000041947, 8171210.147730000317097 ], [ 600851.605540000135079, 8171210.147730000317097 ], [ 600851.605540000135079, 8171210.447730001062155 ], [ 600852.205540000111796, 8171210.74773000087589 ], [ 600852.205540000111796, 8171214.647730000317097 ], [ 600852.505540000041947, 8171214.647730000317097 ], [ 600852.505540000041947, 8171217.347730000503361 ], [ 600855.805540000088513, 8171217.347730000503361 ], [ 600855.805540000088513, 8171217.047730000689626 ], [ 600857.90554000006523, 8171217.047730000689626 ], [ 600857.90554000006523, 8171217.347730000503361 ], [ 600858.505540000041947, 8171217.347730000503361 ], [ 600858.505540000041947, 8171219.147730000317097 ], [ 600858.805540000088513, 8171219.147730000317097 ], [ 600858.805540000088513, 8171219.447730001062155 ], [ 600859.105540000135079, 8171219.447730001062155 ], [ 600859.40554000006523, 8171220.047730000689626 ], [ 600860.605540000135079, 8171220.047730000689626 ], [ 600860.605540000135079, 8171220.347730000503361 ], [ 600861.205540000111796, 8171220.347730000503361 ], [ 600861.205540000111796, 8171220.647730000317097 ], [ 600861.505540000041947, 8171220.647730000317097 ], [ 600861.505540000041947, 8171220.947730001062155 ], [ 600862.105540000135079, 8171221.24773000087589 ], [ 600862.40554000006523, 8171221.847730000503361 ], [ 600863.005540000041947, 8171221.847730000503361 ], [ 600863.305540000088513, 8171222.447730001062155 ], [ 600863.90554000006523, 8171222.74773000087589 ], [ 600863.90554000006523, 8171223.947730001062155 ], [ 600864.505540000041947, 8171223.947730001062155 ], [ 600864.505540000041947, 8171224.24773000087589 ], [ 600864.805540000088513, 8171224.24773000087589 ], [ 600865.105540000135079, 8171225.447730001062155 ], [ 600865.40554000006523, 8171225.447730001062155 ], [ 600865.40554000006523, 8171226.347730000503361 ], [ 600865.705540000111796, 8171226.347730000503361 ], [ 600865.705540000111796, 8171228.74773000087589 ], [ 600865.40554000006523, 8171228.74773000087589 ], [ 600865.40554000006523, 8171229.347730000503361 ], [ 600865.105540000135079, 8171229.347730000503361 ], [ 600865.105540000135079, 8171229.947730001062155 ], [ 600864.805540000088513, 8171229.947730001062155 ], [ 600864.805540000088513, 8171230.24773000087589 ], [ 600862.40554000006523, 8171230.24773000087589 ], [ 600862.40554000006523, 8171229.947730001062155 ], [ 600862.105540000135079, 8171229.947730001062155 ], [ 600862.105540000135079, 8171228.74773000087589 ], [ 600861.805540000088513, 8171228.74773000087589 ], [ 600861.805540000088513, 8171228.447730001062155 ], [ 600860.305540000088513, 8171228.447730001062155 ], [ 600860.305540000088513, 8171228.74773000087589 ], [ 600858.805540000088513, 8171228.74773000087589 ], [ 600858.805540000088513, 8171229.047730000689626 ], [ 600857.305540000088513, 8171229.047730000689626 ], [ 600857.305540000088513, 8171229.347730000503361 ], [ 600855.505540000041947, 8171229.347730000503361 ], [ 600855.505540000041947, 8171229.647730000317097 ], [ 600852.505540000041947, 8171229.647730000317097 ], [ 600852.205540000111796, 8171230.24773000087589 ], [ 600851.90554000006523, 8171230.24773000087589 ], [ 600851.90554000006523, 8171229.947730001062155 ], [ 600851.605540000135079, 8171229.947730001062155 ], [ 600851.605540000135079, 8171230.24773000087589 ], [ 600851.305540000088513, 8171230.24773000087589 ], [ 600851.305540000088513, 8171229.947730001062155 ], [ 600848.605540000135079, 8171229.947730001062155 ], [ 600848.605540000135079, 8171229.647730000317097 ], [ 600847.705540000111796, 8171229.647730000317097 ], [ 600847.705540000111796, 8171229.347730000503361 ], [ 600844.705540000111796, 8171229.347730000503361 ], [ 600844.705540000111796, 8171229.647730000317097 ], [ 600844.105540000135079, 8171229.647730000317097 ], [ 600844.105540000135079, 8171229.947730001062155 ], [ 600843.205540000111796, 8171229.947730001062155 ], [ 600843.205540000111796, 8171230.24773000087589 ], [ 600841.40554000006523, 8171230.24773000087589 ] ], [ [ 600839.305540000088513, 8171218.24773000087589 ], [ 600839.90554000006523, 8171217.947730001062155 ], [ 600839.90554000006523, 8171217.647730000317097 ], [ 600839.005540000041947, 8171217.647730000317097 ], [ 600839.305540000088513, 8171218.24773000087589 ] ], [ [ 600820.105540000135079, 8171211.647730000317097 ], [ 600821.605540000135079, 8171211.647730000317097 ], [ 600821.605540000135079, 8171211.347730000503361 ], [ 600822.805540000088513, 8171211.347730000503361 ], [ 600822.805540000088513, 8171211.047730000689626 ], [ 600823.40554000006523, 8171211.047730000689626 ], [ 600823.40554000006523, 8171210.74773000087589 ], [ 600824.005540000041947, 8171210.74773000087589 ], [ 600824.005540000041947, 8171210.447730001062155 ], [ 600824.305540000088513, 8171210.447730001062155 ], [ 600824.305540000088513, 8171209.847730000503361 ], [ 600820.105540000135079, 8171209.847730000503361 ], [ 600820.105540000135079, 8171210.147730000317097 ], [ 600818.90554000006523, 8171210.147730000317097 ], [ 600818.90554000006523, 8171209.847730000503361 ], [ 600816.805540000088513, 8171209.847730000503361 ], [ 600816.805540000088513, 8171210.147730000317097 ], [ 600816.205540000111796, 8171210.147730000317097 ], [ 600816.505540000041947, 8171210.74773000087589 ], [ 600817.40554000006523, 8171210.74773000087589 ], [ 600817.40554000006523, 8171211.047730000689626 ], [ 600817.705540000111796, 8171211.047730000689626 ], [ 600817.705540000111796, 8171210.74773000087589 ], [ 600819.205540000111796, 8171210.74773000087589 ], [ 600819.505540000041947, 8171211.347730000503361 ], [ 600820.105540000135079, 8171211.347730000503361 ], [ 600820.105540000135079, 8171211.647730000317097 ] ], [ [ 600811.40554000006523, 8171210.447730001062155 ], [ 600811.705540000111796, 8171210.447730001062155 ], [ 600811.705540000111796, 8171210.147730000317097 ], [ 600811.40554000006523, 8171210.147730000317097 ], [ 600811.40554000006523, 8171210.447730001062155 ] ], [ [ 600828.805540000088513, 8171200.24773000087589 ], [ 600830.305540000088513, 8171200.24773000087589 ], [ 600830.305540000088513, 8171199.647730000317097 ], [ 600830.005540000041947, 8171199.647730000317097 ], [ 600830.005540000041947, 8171198.74773000087589 ], [ 600829.705540000111796, 8171198.74773000087589 ], [ 600829.705540000111796, 8171198.147730000317097 ], [ 600829.105540000135079, 8171198.147730000317097 ], [ 600829.105540000135079, 8171199.647730000317097 ], [ 600828.805540000088513, 8171199.647730000317097 ], [ 600828.805540000088513, 8171200.24773000087589 ] ] ] } },
{ "type": "Feature", "properties": { "id": 54, "instance": 98, "mean_prob": 0.96, "area_m2": 90.9, "split_by_accepted_cut": true }, "geometry": { "type": "Polygon", "coordinates": [ [ [ 600919.105540000135079, 8171194.847730000503361 ], [ 600919.105540000135079, 8171194.547730000689626 ], [ 600918.505540000041947, 8171194.547730000689626 ], [ 600918.505540000041947, 8171190.947730001062155 ], [ 600918.205540000111796, 8171190.947730001062155 ], [ 600918.205540000111796, 8171180.74773000087589 ], [ 600917.90554000006523, 8171180.74773000087589 ], [ 600917.90554000006523, 8171178.347730000503361 ], [ 600918.205540000111796, 8171178.347730000503361 ], [ 600918.205540000111796, 8171178.047730000689626 ], [ 600922.105540000135079, 8171178.047730000689626 ], [ 600922.105540000135079, 8171178.347730000503361 ], [ 600922.705540000111796, 8171178.347730000503361 ], [ 600923.005540000041947, 8171178.947730001062155 ], [ 600923.305540000088513, 8171178.947730001062155 ], [ 600923.305540000088513, 8171181.047730000689626 ], [ 600923.605540000135079, 8171181.047730000689626 ], [ 600923.605540000135079, 8171189.147730000317097 ], [ 600923.90554000006523, 8171189.147730000317097 ], [ 600923.90554000006523, 8171190.347730000503361 ], [ 600924.205540000111796, 8171190.347730000503361 ], [ 600924.205540000111796, 8171190.947730001062155 ], [ 600923.90554000006523, 8171190.947730001062155 ], [ 600923.90554000006523, 8171192.74773000087589 ], [ 600924.205540000111796, 8171192.74773000087589 ], [ 600924.205540000111796, 8171194.24773000087589 ], [ 600923.90554000006523, 8171194.24773000087589 ], [ 600923.90554000006523, 8171194.847730000503361 ], [ 600919.105540000135079, 8171194.847730000503361 ] ] ] } },
{ "type": "Feature", "properties": { "id": 55, "instance": 92, "mean_prob": 0.858, "area_m2": 172.8, "split_by_accepted_cut": false }, "geometry": { "type": "Polygon", "coordinates": [ [ [ 600764.305540000088513, 8171198.447730001062155 ], [ 600764.305540000088513, 8171198.147730000317097 ], [ 600763.705540000111796, 8171198.147730000317097 ], [ 600763.705540000111796, 8171197.847730000503361 ], [ 600763.105540000135079, 8171197.847730000503361 ], [ 600763.105540000135079, 8171197.547730000689626 ], [ 600762.205540000111796, 8171197.547730000689626 ], [ 600762.205540000111796, 8171197.847730000503361 ], [ 600761.005540000041947, 8171197.847730000503361 ], [ 600760.705540000111796, 8171197.24773000087589 ], [ 600760.105540000135079, 8171196.947730001062155 ], [ 600760.105540000135079, 8171196.347730000503361 ], [ 600759.805540000088513, 8171196.347730000503361 ], [ 600759.805540000088513, 8171195.74773000087589 ], [ 600759.505540000041947, 8171195.74773000087589 ], [ 600759.505540000041947, 8171195.147730000317097 ], [ 600758.90554000006523, 8171195.147730000317097 ], [ 600758.90554000006523, 8171194.847730000503361 ], [ 600757.705540000111796, 8171194.547730000689626 ], [ 600757.705540000111796, 8171194.24773000087589 ], [ 600755.305540000088513, 8171194.24773000087589 ], [ 600755.005540000041947, 8171193.647730000317097 ], [ 600754.705540000111796, 8171193.647730000317097 ], [ 600754.705540000111796, 8171192.74773000087589 ], [ 600754.40554000006523, 8171192.74773000087589 ], [ 600754.40554000006523, 8171190.047730000689626 ], [ 600754.705540000111796, 8171190.047730000689626 ], [ 600754.705540000111796, 8171189.447730001062155 ], [ 600755.005540000041947, 8171189.447730001062155 ], [ 600755.305540000088513, 8171188.847730000503361 ], [ 600755.90554000006523, 8171188.847730000503361 ], [ 600755.90554000006523, 8171188.547730000689626 ], [ 600757.40554000006523, 8171188.547730000689626 ], [ 600757.40554000006523, 8171187.647730000317097 ], [ 600757.705540000111796, 8171187.647730000317097 ], [ 600757.705540000111796, 8171187.047730000689626 ], [ 600758.005540000041947, 8171187.047730000689626 ], [ 600758.005540000041947, 8171186.74773000087589 ], [ 600759.805540000088513, 8171186.74773000087589 ], [ 600759.805540000088513, 8171187.047730000689626 ], [ 600762.205540000111796, 8171187.047730000689626 ], [ 600762.205540000111796, 8171187.347730000503361 ], [ 600762.805540000088513, 8171187.347730000503361 ], [ 600762.805540000088513, 8171187.047730000689626 ], [ 600763.105540000135079, 8171187.047730000689626 ], [ 600763.105540000135079, 8171186.447730001062155 ], [ 600763.705540000111796, 8171186.447730001062155 ], [ 600763.705540000111796, 8171186.147730000317097 ], [ 600764.305540000088513, 8171186.147730000317097 ], [ 600764.305540000088513, 8171186.447730001062155 ], [ 600765.205540000111796, 8171186.447730001062155 ], [ 600765.205540000111796, 8171186.147730000317097 ], [ 600765.805540000088513, 8171186.147730000317097 ], [ 600765.805540000088513, 8171185.547730000689626 ], [ 600766.105540000135079, 8171185.547730000689626 ], [ 600766.40554000006523, 8171184.947730001062155 ], [ 600766.705540000111796, 8171184.947730001062155 ], [ 600766.705540000111796, 8171184.647730000317097 ], [ 600767.005540000041947, 8171184.647730000317097 ], [ 600767.005540000041947, 8171184.347730000503361 ], [ 600767.305540000088513, 8171184.347730000503361 ], [ 600767.305540000088513, 8171184.047730000689626 ], [ 600767.90554000006523, 8171183.74773000087589 ], [ 600767.90554000006523, 8171182.24773000087589 ], [ 600768.205540000111796, 8171182.24773000087589 ], [ 600768.205540000111796, 8171178.047730000689626 ], [ 600768.505540000041947, 8171178.047730000689626 ], [ 600768.505540000041947, 8171177.147730000317097 ], [ 600768.805540000088513, 8171177.147730000317097 ], [ 600768.805540000088513, 8171176.847730000503361 ], [ 600769.105540000135079, 8171176.847730000503361 ], [ 600769.40554000006523, 8171176.24773000087589 ], [ 600769.705540000111796, 8171176.24773000087589 ], [ 600769.705540000111796, 8171176.547730000689626 ], [ 600770.005540000041947, 8171176.547730000689626 ], [ 600770.005540000041947, 8171177.147730000317097 ], [ 600770.305540000088513, 8171177.147730000317097 ], [ 600770.305540000088513, 8171177.74773000087589 ], [ 600770.005540000041947, 8171177.74773000087589 ], [ 600770.005540000041947, 8171178.047730000689626 ], [ 600769.705540000111796, 8171178.047730000689626 ], [ 600769.705540000111796, 8171178.647730000317097 ], [ 600769.40554000006523, 8171178.647730000317097 ], [ 600769.40554000006523, 8171178.947730001062155 ], [ 600769.705540000111796, 8171178.947730001062155 ], [ 600769.705540000111796, 8171181.047730000689626 ], [ 600769.105540000135079, 8171181.347730000503361 ], [ 600769.105540000135079, 8171183.447730001062155 ], [ 600768.805540000088513, 8171183.447730001062155 ], [ 600768.805540000088513, 8171184.047730000689626 ], [ 600769.705540000111796, 8171184.047730000689626 ], [ 600769.705540000111796, 8171184.347730000503361 ], [ 600770.90554000006523, 8171184.347730000503361 ], [ 600770.90554000006523, 8171184.647730000317097 ], [ 600771.505540000041947, 8171184.647730000317097 ], [ 600771.505540000041947, 8171184.947730001062155 ], [ 600772.105540000135079, 8171184.947730001062155 ], [ 600772.105540000135079, 8171184.647730000317097 ], [ 600772.705540000111796, 8171184.347730000503361 ], [ 600772.705540000111796, 8171184.047730000689626 ], [ 600773.305540000088513, 8171184.047730000689626 ], [ 600773.305540000088513, 8171185.24773000087589 ], [ 600773.005540000041947, 8171185.24773000087589 ], [ 600772.705540000111796, 8171185.847730000503361 ], [ 600772.40554000006523, 8171185.847730000503361 ], [ 600772.40554000006523, 8171185.547730000689626 ], [ 600770.90554000006523, 8171185.547730000689626 ], [ 600770.90554000006523, 8171185.847730000503361 ], [ 600770.605540000135079, 8171185.847730000503361 ], [ 600770.605540000135079, 8171187.347730000503361 ], [ 600770.90554000006523, 8171187.347730000503361 ], [ 600770.90554000006523, 8171189.74773000087589 ], [ 600770.605540000135079, 8171189.74773000087589 ], [ 600770.605540000135079, 8171191.847730000503361 ], [ 600770.305540000088513, 8171191.847730000503361 ], [ 600770.305540000088513, 8171193.047730000689626 ], [ 600770.005540000041947, 8171193.047730000689626 ], [ 600770.005540000041947, 8171193.947730001062155 ], [ 600770.305540000088513, 8171193.947730001062155 ], [ 600770.305540000088513, 8171194.847730000503361 ], [ 600770.605540000135079, 8171194.847730000503361 ], [ 600770.605540000135079, 8171195.74773000087589 ], [ 600770.305540000088513, 8171195.74773000087589 ], [ 600770.305540000088513, 8171196.947730001062155 ], [ 600770.005540000041947, 8171196.947730001062155 ], [ 600769.705540000111796, 8171197.547730000689626 ], [ 600769.105540000135079, 8171197.547730000689626 ], [ 600769.105540000135079, 8171197.847730000503361 ], [ 600767.90554000006523, 8171197.847730000503361 ], [ 600767.90554000006523, 8171197.24773000087589 ], [ 600767.305540000088513, 8171197.24773000087589 ], [ 600767.005540000041947, 8171198.447730001062155 ], [ 600764.305540000088513, 8171198.447730001062155 ] ], [ [ 600763.40554000006523, 8171194.547730000689626 ], [ 600764.605540000135079, 8171194.547730000689626 ], [ 600764.90554000006523, 8171193.947730001062155 ], [ 600765.205540000111796, 8171193.947730001062155 ], [ 600765.205540000111796, 8171193.647730000317097 ], [ 600764.90554000006523, 8171193.647730000317097 ], [ 600764.90554000006523, 8171192.74773000087589 ], [ 600764.305540000088513, 8171192.74773000087589 ], [ 600764.005540000041947, 8171192.147730000317097 ], [ 600763.40554000006523, 8171192.147730000317097 ], [ 600763.40554000006523, 8171191.847730000503361 ], [ 600763.105540000135079, 8171191.847730000503361 ], [ 600762.805540000088513, 8171193.647730000317097 ], [ 600763.105540000135079, 8171193.647730000317097 ], [ 600763.105540000135079, 8171194.24773000087589 ], [ 600763.40554000006523, 8171194.24773000087589 ], [ 600763.40554000006523, 8171194.547730000689626 ] ] ] } },
{ "type": "Feature", "properties": { "id": 56, "instance": 106, "mean_prob": 0.923, "area_m2": 25.0, "split_by_accepted_cut": true }, "geometry": { "type": "Polygon", "coordinates": [ [ [ 600745.105540000135079, 8171181.047730000689626 ], [ 600745.105540000135079, 8171180.74773000087589 ], [ 600744.505540000041947, 8171180.74773000087589 ], [ 600744.505540000041947, 8171180.447730001062155 ], [ 600744.205540000111796, 8171180.447730001062155 ], [ 600744.205540000111796, 8171180.147730000317097 ], [ 600743.605540000135079, 8171180.147730000317097 ], [ 600743.605540000135079, 8171179.547730000689626 ], [ 600743.305540000088513, 8171179.547730000689626 ], [ 600743.305540000088513, 8171179.24773000087589 ], [ 600742.705540000111796, 8171179.24773000087589 ], [ 600742.705540000111796, 8171178.647730000317097 ], [ 600742.40554000006523, 8171178.647730000317097 ], [ 600742.40554000006523, 8171177.74773000087589 ], [ 600742.105540000135079, 8171177.74773000087589 ], [ 600742.105540000135079, 8171176.547730000689626 ], [ 600742.705540000111796, 8171176.24773000087589 ], [ 600742.705540000111796, 8171175.947730001062155 ], [ 600743.305540000088513, 8171175.947730001062155 ], [ 600743.305540000088513, 8171175.347730000503361 ], [ 600743.605540000135079, 8171175.347730000503361 ], [ 600743.605540000135079, 8171175.047730000689626 ], [ 600745.40554000006523, 8171175.047730000689626 ], [ 600745.705540000111796, 8171174.447730001062155 ], [ 600746.605540000135079, 8171174.447730001062155 ], [ 600746.605540000135079, 8171174.74773000087589 ], [ 600746.90554000006523, 8171174.74773000087589 ], [ 600746.90554000006523, 8171175.347730000503361 ], [ 600747.205540000111796, 8171175.347730000503361 ], [ 600747.205540000111796, 8171180.447730001062155 ], [ 600746.90554000006523, 8171180.447730001062155 ], [ 600746.90554000006523, 8171180.74773000087589 ], [ 600745.40554000006523, 8171180.74773000087589 ], [ 600745.40554000006523, 8171181.047730000689626 ], [ 600745.105540000135079, 8171181.047730000689626 ] ] ] } },
{ "type": "Feature", "properties": { "id": 57, "instance": 97, "mean_prob": 0.906, "area_m2": 53.9, "split_by_accepted_cut": true }, "geometry": { "type": "Polygon", "coordinates": [ [ [ 600688.105540000135079, 8171182.547730000689626 ], [ 600688.105540000135079, 8171181.647730000317097 ], [ 600687.805540000088513, 8171181.647730000317097 ], [ 600688.105540000135079, 8171180.447730001062155 ], [ 600688.705540000111796, 8171180.147730000317097 ], [ 600688.705540000111796, 8171179.547730000689626 ], [ 600689.305540000088513, 8171179.24773000087589 ], [ 600689.305540000088513, 8171178.647730000317097 ], [ 600689.605540000135079, 8171178.647730000317097 ], [ 600689.90554000006523, 8171178.047730000689626 ], [ 600690.205540000111796, 8171178.047730000689626 ], [ 600690.505540000041947, 8171177.447730001062155 ], [ 600690.805540000088513, 8171177.447730001062155 ], [ 600690.805540000088513, 8171176.847730000503361 ], [ 600691.105540000135079, 8171176.847730000503361 ], [ 600691.40554000006523, 8171176.24773000087589 ], [ 600691.705540000111796, 8171176.24773000087589 ], [ 600691.705540000111796, 8171175.647730000317097 ], [ 600692.005540000041947, 8171175.647730000317097 ], [ 600692.005540000041947, 8171175.047730000689626 ], [ 600692.305540000088513, 8171175.047730000689626 ], [ 600692.305540000088513, 8171174.447730001062155 ], [ 600692.90554000006523, 8171174.447730001062155 ], [ 600692.90554000006523, 8171174.147730000317097 ], [ 600693.805540000088513, 8171174.147730000317097 ], [ 600693.805540000088513, 8171173.847730000503361 ], [ 600695.005540000041947, 8171173.847730000503361 ], [ 600695.005540000041947, 8171174.147730000317097 ], [ 600696.205540000111796, 8171174.147730000317097 ], [ 600696.205540000111796, 8171174.447730001062155 ], [ 600696.805540000088513, 8171174.74773000087589 ], [ 600696.805540000088513, 8171175.347730000503361 ], [ 600697.105540000135079, 8171175.347730000503361 ], [ 600697.105540000135079, 8171175.947730001062155 ], [ 600696.805540000088513, 8171175.947730001062155 ], [ 600696.805540000088513, 8171176.24773000087589 ], [ 600697.105540000135079, 8171176.24773000087589 ], [ 600697.105540000135079, 8171177.447730001062155 ], [ 600696.805540000088513, 8171177.447730001062155 ], [ 600696.805540000088513, 8171180.74773000087589 ], [ 600696.505540000041947, 8171180.74773000087589 ], [ 600696.205540000111796, 8171181.347730000503361 ], [ 600695.605540000135079, 8171181.347730000503361 ], [ 600695.605540000135079, 8171181.647730000317097 ], [ 600694.705540000111796, 8171181.647730000317097 ], [ 600694.705540000111796, 8171181.947730001062155 ], [ 600693.805540000088513, 8171181.947730001062155 ], [ 600693.805540000088513, 8171182.24773000087589 ], [ 600691.705540000111796, 8171182.24773000087589 ], [ 600691.705540000111796, 8171182.547730000689626 ], [ 600691.105540000135079, 8171182.547730000689626 ], [ 600691.105540000135079, 8171182.24773000087589 ], [ 600689.305540000088513, 8171182.24773000087589 ], [ 600689.305540000088513, 8171182.547730000689626 ], [ 600688.105540000135079, 8171182.547730000689626 ] ] ] } },
{ "type": "Feature", "properties": { "id": 58, "instance": 114, "mean_prob": 0.804, "area_m2": 15.0, "split_by_accepted_cut": false }, "geometry": { "type": "Polygon", "coordinates": [ [ [ 600790.705540000111796, 8171178.647730000317097 ], [ 600790.705540000111796, 8171178.347730000503361 ], [ 600790.105540000135079, 8171178.047730000689626 ], [ 600790.105540000135079, 8171176.24773000087589 ], [ 600789.805540000088513, 8171176.24773000087589 ], [ 600789.805540000088513, 8171175.347730000503361 ], [ 600789.505540000041947, 8171175.347730000503361 ], [ 600789.505540000041947, 8171174.74773000087589 ], [ 600788.90554000006523, 8171174.447730001062155 ], [ 600788.90554000006523, 8171173.24773000087589 ], [ 600789.205540000111796, 8171173.24773000087589 ], [ 600789.205540000111796, 8171172.647730000317097 ], [ 600789.805540000088513, 8171172.347730000503361 ], [ 600789.805540000088513, 8171172.047730000689626 ], [ 600790.40554000006523, 8171172.047730000689626 ], [ 600790.40554000006523, 8171172.347730000503361 ], [ 600790.705540000111796, 8171172.347730000503361 ], [ 600790.705540000111796, 8171172.947730001062155 ], [ 600791.305540000088513, 8171173.24773000087589 ], [ 600791.305540000088513, 8171173.547730000689626 ], [ 600791.605540000135079, 8171173.547730000689626 ], [ 600791.605540000135079, 8171174.147730000317097 ], [ 600792.205540000111796, 8171174.447730001062155 ], [ 600792.205540000111796, 8171175.647730000317097 ], [ 600792.505540000041947, 8171175.647730000317097 ], [ 600792.505540000041947, 8171178.347730000503361 ], [ 600792.205540000111796, 8171178.347730000503361 ], [ 600792.205540000111796, 8171178.647730000317097 ], [ 600790.705540000111796, 8171178.647730000317097 ] ] ] } },
{ "type": "Feature", "properties": { "id": 59, "instance": 115, "mean_prob": 0.941, "area_m2": 54.3, "split_by_accepted_cut": false }, "geometry": { "type": "Polygon", "coordinates": [ [ [ 600935.305540000088513, 8171178.047730000689626 ], [ 600935.305540000088513, 8171177.74773000087589 ], [ 600935.005540000041947, 8171177.74773000087589 ], [ 600935.005540000041947, 8171176.547730000689626 ], [ 600934.705540000111796, 8171176.547730000689626 ], [ 600934.705540000111796, 8171174.447730001062155 ], [ 600934.40554000006523, 8171174.447730001062155 ], [ 600934.40554000006523, 8171172.347730000503361 ], [ 600934.705540000111796, 8171172.347730000503361 ], [ 600934.705540000111796, 8171171.147730000317097 ], [ 600935.005540000041947, 8171171.147730000317097 ], [ 600935.005540000041947, 8171170.847730000503361 ], [ 600937.105540000135079, 8171170.847730000503361 ], [ 600937.105540000135079, 8171170.547730000689626 ], [ 600938.305540000088513, 8171170.547730000689626 ], [ 600938.305540000088513, 8171170.847730000503361 ], [ 600941.605540000135079, 8171170.847730000503361 ], [ 600941.605540000135079, 8171171.447730001062155 ], [ 600941.90554000006523, 8171171.447730001062155 ], [ 600941.90554000006523, 8171172.047730000689626 ], [ 600942.205540000111796, 8171172.047730000689626 ], [ 600942.205540000111796, 8171173.24773000087589 ], [ 600942.505540000041947, 8171173.24773000087589 ], [ 600942.505540000041947, 8171175.947730001062155 ], [ 600942.805540000088513, 8171175.947730001062155 ], [ 600942.805540000088513, 8171177.447730001062155 ], [ 600941.605540000135079, 8171177.447730001062155 ], [ 600941.605540000135079, 8171177.74773000087589 ], [ 600938.605540000135079, 8171177.74773000087589 ], [ 600938.605540000135079, 8171178.047730000689626 ], [ 600935.305540000088513, 8171178.047730000689626 ] ] ] } },
{ "type": "Feature", "properties": { "id": 60, "instance": 113, "mean_prob": 0.816, "area_m2": 58.3, "split_by_accepted_cut": false }, "geometry": { "type": "Polygon", "coordinates": [ [ [ 600780.505540000041947, 8171178.947730001062155 ], [ 600780.505540000041947, 8171178.647730000317097 ], [ 600779.90554000006523, 8171178.347730000503361 ], [ 600779.90554000006523, 8171177.74773000087589 ], [ 600780.505540000041947, 8171177.447730001062155 ], [ 600780.505540000041947, 8171176.24773000087589 ], [ 600780.805540000088513, 8171176.24773000087589 ], [ 600780.805540000088513, 8171175.947730001062155 ], [ 600781.40554000006523, 8171175.947730001062155 ], [ 600781.40554000006523, 8171175.647730000317097 ], [ 600781.705540000111796, 8171175.647730000317097 ], [ 600782.005540000041947, 8171175.047730000689626 ], [ 600782.605540000135079, 8171175.047730000689626 ], [ 600782.90554000006523, 8171174.447730001062155 ], [ 600783.205540000111796, 8171174.447730001062155 ], [ 600783.205540000111796, 8171173.847730000503361 ], [ 600783.505540000041947, 8171173.847730000503361 ], [ 600783.505540000041947, 8171173.547730000689626 ], [ 600783.205540000111796, 8171173.547730000689626 ], [ 600783.205540000111796, 8171172.947730001062155 ], [ 600782.90554000006523, 8171172.947730001062155 ], [ 600782.605540000135079, 8171172.347730000503361 ], [ 600782.005540000041947, 8171172.347730000503361 ], [ 600782.005540000041947, 8171172.047730000689626 ], [ 600781.40554000006523, 8171172.047730000689626 ], [ 600781.105540000135079, 8171171.447730001062155 ], [ 600780.805540000088513, 8171171.447730001062155 ], [ 600780.805540000088513, 8171170.847730000503361 ], [ 600780.505540000041947, 8171170.847730000503361 ], [ 600780.505540000041947, 8171169.347730000503361 ], [ 600780.805540000088513, 8171169.347730000503361 ], [ 600781.105540000135079, 8171168.74773000087589 ], [ 600781.705540000111796, 8171168.74773000087589 ], [ 600782.005540000041947, 8171168.147730000317097 ], [ 600782.305540000088513, 8171168.147730000317097 ], [ 600782.305540000088513, 8171167.847730000503361 ], [ 600782.90554000006523, 8171167.847730000503361 ], [ 600782.90554000006523, 8171167.547730000689626 ], [ 600784.705540000111796, 8171167.547730000689626 ], [ 600784.705540000111796, 8171167.24773000087589 ], [ 600785.305540000088513, 8171167.24773000087589 ], [ 600785.305540000088513, 8171166.647730000317097 ], [ 600785.90554000006523, 8171166.347730000503361 ], [ 600786.205540000111796, 8171166.947730001062155 ], [ 600787.40554000006523, 8171167.24773000087589 ], [ 600787.40554000006523, 8171170.24773000087589 ], [ 600787.105540000135079, 8171170.24773000087589 ], [ 600787.105540000135079, 8171170.847730000503361 ], [ 600786.805540000088513, 8171170.847730000503361 ], [ 600786.805540000088513, 8171171.447730001062155 ], [ 600786.505540000041947, 8171171.447730001062155 ], [ 600786.505540000041947, 8171173.547730000689626 ], [ 600786.205540000111796, 8171173.547730000689626 ], [ 600785.90554000006523, 8171174.74773000087589 ], [ 600785.605540000135079, 8171174.74773000087589 ], [ 600785.605540000135079, 8171175.647730000317097 ], [ 600785.90554000006523, 8171175.647730000317097 ], [ 600785.90554000006523, 8171176.847730000503361 ], [ 600786.205540000111796, 8171176.847730000503361 ], [ 600786.205540000111796, 8171177.74773000087589 ], [ 600785.90554000006523, 8171177.74773000087589 ], [ 600785.90554000006523, 8171178.047730000689626 ], [ 600785.305540000088513, 8171178.347730000503361 ], [ 600785.305540000088513, 8171178.647730000317097 ], [ 600784.40554000006523, 8171178.647730000317097 ], [ 600784.40554000006523, 8171178.947730001062155 ], [ 600780.505540000041947, 8171178.947730001062155 ] ] ] } },
{ "type": "Feature", "properties": { "id": 61, "instance": 116, "mean_prob": 0.88, "area_m2": 109.6, "split_by_accepted_cut": false }, "geometry": { "type": "Polygon", "coordinates": [ [ [ 600905.90554000006523, 8171176.547730000689626 ], [ 600905.90554000006523, 8171175.347730000503361 ], [ 600905.605540000135079, 8171175.347730000503361 ], [ 600905.605540000135079, 8171175.047730000689626 ], [ 600905.90554000006523, 8171175.047730000689626 ], [ 600905.90554000006523, 8171174.147730000317097 ], [ 600905.605540000135079, 8171174.147730000317097 ], [ 600905.605540000135079, 8171173.24773000087589 ], [ 600905.90554000006523, 8171173.24773000087589 ], [ 600905.90554000006523, 8171172.947730001062155 ], [ 600905.005540000041947, 8171172.947730001062155 ], [ 600904.705540000111796, 8171174.147730000317097 ], [ 600904.105540000135079, 8171174.147730000317097 ], [ 600904.105540000135079, 8171174.447730001062155 ], [ 600903.805540000088513, 8171174.447730001062155 ], [ 600903.805540000088513, 8171174.147730000317097 ], [ 600903.505540000041947, 8171174.147730000317097 ], [ 600903.505540000041947, 8171173.24773000087589 ], [ 600903.205540000111796, 8171173.24773000087589 ], [ 600903.205540000111796, 8171172.647730000317097 ], [ 600902.90554000006523, 8171172.647730000317097 ], [ 600902.90554000006523, 8171172.047730000689626 ], [ 600902.605540000135079, 8171172.047730000689626 ], [ 600902.605540000135079, 8171170.847730000503361 ], [ 600902.305540000088513, 8171170.847730000503361 ], [ 600902.305540000088513, 8171166.647730000317097 ], [ 600902.605540000135079, 8171166.647730000317097 ], [ 600902.605540000135079, 8171165.74773000087589 ], [ 600902.90554000006523, 8171165.74773000087589 ], [ 600902.90554000006523, 8171165.147730000317097 ], [ 600905.005540000041947, 8171165.147730000317097 ], [ 600905.005540000041947, 8171165.74773000087589 ], [ 600905.305540000088513, 8171165.74773000087589 ], [ 600905.305540000088513, 8171166.647730000317097 ], [ 600905.605540000135079, 8171166.647730000317097 ], [ 600905.605540000135079, 8171167.24773000087589 ], [ 600905.90554000006523, 8171167.24773000087589 ], [ 600906.205540000111796, 8171166.647730000317097 ], [ 600906.505540000041947, 8171166.647730000317097 ], [ 600906.505540000041947, 8171165.74773000087589 ], [ 600906.805540000088513, 8171165.74773000087589 ], [ 600906.805540000088513, 8171165.447730001062155 ], [ 600907.40554000006523, 8171165.447730001062155 ], [ 600907.40554000006523, 8171165.74773000087589 ], [ 600907.705540000111796, 8171165.74773000087589 ], [ 600908.005540000041947, 8171166.347730000503361 ], [ 600908.605540000135079, 8171166.647730000317097 ], [ 600908.605540000135079, 8171166.947730001062155 ], [ 600909.205540000111796, 8171167.24773000087589 ], [ 600909.205540000111796, 8171167.547730000689626 ], [ 600909.805540000088513, 8171167.547730000689626 ], [ 600909.805540000088513, 8171166.947730001062155 ], [ 600910.105540000135079, 8171166.947730001062155 ], [ 600910.105540000135079, 8171164.547730000689626 ], [ 600910.40554000006523, 8171164.547730000689626 ], [ 600910.40554000006523, 8171163.947730001062155 ], [ 600913.105540000135079, 8171163.947730001062155 ], [ 600913.105540000135079, 8171164.24773000087589 ], [ 600914.305540000088513, 8171164.24773000087589 ], [ 600914.305540000088513, 8171164.547730000689626 ], [ 600914.605540000135079, 8171164.547730000689626 ], [ 600914.605540000135079, 8171172.947730001062155 ], [ 600914.90554000006523, 8171172.947730001062155 ], [ 600914.90554000006523, 8171174.147730000317097 ], [ 600914.605540000135079, 8171174.147730000317097 ], [ 600914.605540000135079, 8171174.447730001062155 ], [ 600912.205540000111796, 8171174.447730001062155 ], [ 600912.205540000111796, 8171174.74773000087589 ], [ 600911.90554000006523, 8171174.74773000087589 ], [ 600911.605540000135079, 8171175.347730000503361 ], [ 600910.105540000135079, 8171175.347730000503361 ], [ 600910.105540000135079, 8171174.74773000087589 ], [ 600909.205540000111796, 8171174.74773000087589 ], [ 600909.205540000111796, 8171175.047730000689626 ], [ 600907.40554000006523, 8171175.047730000689626 ], [ 600907.105540000135079, 8171175.647730000317097 ], [ 600906.505540000041947, 8171175.647730000317097 ], [ 600906.505540000041947, 8171176.547730000689626 ], [ 600905.90554000006523, 8171176.547730000689626 ] ], [ [ 600905.605540000135079, 8171172.647730000317097 ], [ 600905.90554000006523, 8171172.647730000317097 ], [ 600905.90554000006523, 8171171.447730001062155 ], [ 600906.205540000111796, 8171171.447730001062155 ], [ 600906.205540000111796, 8171169.947730001062155 ], [ 600906.505540000041947, 8171169.947730001062155 ], [ 600906.505540000041947, 8171169.347730000503361 ], [ 600906.205540000111796, 8171169.347730000503361 ], [ 600906.205540000111796, 8171169.047730000689626 ], [ 600906.505540000041947, 8171169.047730000689626 ], [ 600906.505540000041947, 8171168.447730001062155 ], [ 600906.805540000088513, 8171168.447730001062155 ], [ 600906.505540000041947, 8171167.847730000503361 ], [ 600905.605540000135079, 8171167.847730000503361 ], [ 600905.605540000135079, 8171172.647730000317097 ] ] ] } },
{ "type": "Feature", "properties": { "id": 62, "instance": 102, "mean_prob": 0.96, "area_m2": 675.1, "split_by_accepted_cut": false }, "geometry": { "type": "Polygon", "coordinates": [ [ [ 600858.205540000111796, 8171193.347730000503361 ], [ 600858.205540000111796, 8171193.047730000689626 ], [ 600857.90554000006523, 8171193.047730000689626 ], [ 600857.90554000006523, 8171189.74773000087589 ], [ 600858.205540000111796, 8171189.74773000087589 ], [ 600858.505540000041947, 8171187.947730001062155 ], [ 600858.205540000111796, 8171187.947730001062155 ], [ 600858.205540000111796, 8171187.647730000317097 ], [ 600857.90554000006523, 8171187.647730000317097 ], [ 600857.90554000006523, 8171187.047730000689626 ], [ 600857.605540000135079, 8171187.047730000689626 ], [ 600857.605540000135079, 8171186.147730000317097 ], [ 600857.305540000088513, 8171186.147730000317097 ], [ 600857.305540000088513, 8171184.647730000317097 ], [ 600857.005540000041947, 8171184.647730000317097 ], [ 600857.005540000041947, 8171183.447730001062155 ], [ 600857.305540000088513, 8171183.447730001062155 ], [ 600857.305540000088513, 8171181.947730001062155 ], [ 600857.605540000135079, 8171181.947730001062155 ], [ 600857.605540000135079, 8171180.147730000317097 ], [ 600857.305540000088513, 8171180.147730000317097 ], [ 600857.305540000088513, 8171179.547730000689626 ], [ 600857.005540000041947, 8171179.547730000689626 ], [ 600857.005540000041947, 8171176.24773000087589 ], [ 600857.305540000088513, 8171176.24773000087589 ], [ 600857.305540000088513, 8171169.347730000503361 ], [ 600857.605540000135079, 8171169.347730000503361 ], [ 600857.605540000135079, 8171168.74773000087589 ], [ 600857.90554000006523, 8171168.74773000087589 ], [ 600857.90554000006523, 8171167.24773000087589 ], [ 600857.605540000135079, 8171167.24773000087589 ], [ 600857.605540000135079, 8171166.947730001062155 ], [ 600857.90554000006523, 8171166.947730001062155 ], [ 600857.90554000006523, 8171165.447730001062155 ], [ 600858.205540000111796, 8171165.447730001062155 ], [ 600858.205540000111796, 8171164.847730000503361 ], [ 600858.505540000041947, 8171164.847730000503361 ], [ 600858.505540000041947, 8171164.547730000689626 ], [ 600859.40554000006523, 8171164.547730000689626 ], [ 600859.40554000006523, 8171164.847730000503361 ], [ 600863.005540000041947, 8171164.847730000503361 ], [ 600863.005540000041947, 8171165.147730000317097 ], [ 600864.505540000041947, 8171165.147730000317097 ], [ 600864.505540000041947, 8171164.847730000503361 ], [ 600865.40554000006523, 8171164.847730000503361 ], [ 600865.40554000006523, 8171164.547730000689626 ], [ 600866.605540000135079, 8171164.24773000087589 ], [ 600866.605540000135079, 8171163.947730001062155 ], [ 600866.90554000006523, 8171163.947730001062155 ], [ 600866.90554000006523, 8171164.24773000087589 ], [ 600870.205540000111796, 8171164.24773000087589 ], [ 600870.205540000111796, 8171164.547730000689626 ], [ 600871.105540000135079, 8171164.547730000689626 ], [ 600871.105540000135079, 8171164.24773000087589 ], [ 600873.805540000088513, 8171164.24773000087589 ], [ 600873.805540000088513, 8171164.547730000689626 ], [ 600874.105540000135079, 8171164.547730000689626 ], [ 600874.105540000135079, 8171167.547730000689626 ], [ 600874.40554000006523, 8171167.547730000689626 ], [ 600874.40554000006523, 8171170.547730000689626 ], [ 600874.705540000111796, 8171170.547730000689626 ], [ 600874.705540000111796, 8171175.347730000503361 ], [ 600875.005540000041947, 8171175.347730000503361 ], [ 600875.005540000041947, 8171178.947730001062155 ], [ 600875.605540000135079, 8171179.24773000087589 ], [ 600875.90554000006523, 8171179.847730000503361 ], [ 600876.805540000088513, 8171179.847730000503361 ], [ 600876.805540000088513, 8171180.147730000317097 ], [ 600877.105540000135079, 8171180.147730000317097 ], [ 600877.105540000135079, 8171180.447730001062155 ], [ 600877.705540000111796, 8171180.74773000087589 ], [ 600877.705540000111796, 8171181.047730000689626 ], [ 600878.305540000088513, 8171181.347730000503361 ], [ 600878.305540000088513, 8171181.647730000317097 ], [ 600879.505540000041947, 8171181.647730000317097 ], [ 600879.505540000041947, 8171181.947730001062155 ], [ 600881.005540000041947, 8171181.947730001062155 ], [ 600881.005540000041947, 8171182.24773000087589 ], [ 600881.605540000135079, 8171182.24773000087589 ], [ 600881.605540000135079, 8171181.947730001062155 ], [ 600882.805540000088513, 8171182.24773000087589 ], [ 600882.805540000088513, 8171181.347730000503361 ], [ 600881.005540000041947, 8171180.447730001062155 ], [ 600881.005540000041947, 8171179.24773000087589 ], [ 600882.805540000088513, 8171178.947730001062155 ], [ 600882.805540000088513, 8171178.647730000317097 ], [ 600885.505540000041947, 8171178.647730000317097 ], [ 600885.505540000041947, 8171178.347730000503361 ], [ 600887.005540000041947, 8171178.347730000503361 ], [ 600887.005540000041947, 8171178.047730000689626 ], [ 600888.205540000111796, 8171178.047730000689626 ], [ 600888.205540000111796, 8171178.347730000503361 ], [ 600888.505540000041947, 8171178.347730000503361 ], [ 600888.505540000041947, 8171180.447730001062155 ], [ 600888.805540000088513, 8171180.447730001062155 ], [ 600888.805540000088513, 8171186.447730001062155 ], [ 600889.105540000135079, 8171186.447730001062155 ], [ 600889.105540000135079, 8171192.147730000317097 ], [ 600888.205540000111796, 8171192.147730000317097 ], [ 600888.205540000111796, 8171192.447730001062155 ], [ 600884.005540000041947, 8171192.447730001062155 ], [ 600884.005540000041947, 8171192.74773000087589 ], [ 600881.005540000041947, 8171192.74773000087589 ], [ 600881.005540000041947, 8171193.047730000689626 ], [ 600867.505540000041947, 8171193.047730000689626 ], [ 600867.505540000041947, 8171193.347730000503361 ], [ 600858.205540000111796, 8171193.347730000503361 ] ] ] } },
{ "type": "Feature", "properties": { "id": 63, "instance": 120, "mean_prob": 0.762, "area_m2": 14.0, "split_by_accepted_cut": false }, "geometry": { "type": "Polygon", "coordinates": [ [ [ 600741.505540000041947, 8171167.547730000689626 ], [ 600741.505540000041947, 8171167.24773000087589 ], [ 600741.205540000111796, 8171167.24773000087589 ], [ 600741.205540000111796, 8171163.947730001062155 ], [ 600741.505540000041947, 8171163.947730001062155 ], [ 600741.505540000041947, 8171163.647730000317097 ], [ 600743.305540000088513, 8171163.647730000317097 ], [ 600743.605540000135079, 8171164.24773000087589 ], [ 600744.805540000088513, 8171164.24773000087589 ], [ 600744.805540000088513, 8171164.547730000689626 ], [ 600745.40554000006523, 8171164.547730000689626 ], [ 600745.40554000006523, 8171165.147730000317097 ], [ 600745.705540000111796, 8171165.147730000317097 ], [ 600745.705540000111796, 8171166.047730000689626 ], [ 600745.40554000006523, 8171166.047730000689626 ], [ 600745.105540000135079, 8171166.647730000317097 ], [ 600744.505540000041947, 8171166.647730000317097 ], [ 600744.505540000041947, 8171166.947730001062155 ], [ 600743.90554000006523, 8171167.24773000087589 ], [ 600743.90554000006523, 8171167.547730000689626 ], [ 600741.505540000041947, 8171167.547730000689626 ] ] ] } },
{ "type": "Feature", "properties": { "id": 64, "instance": 100, "mean_prob": 0.958, "area_m2": 447.0, "split_by_accepted_cut": false }, "geometry": { "type": "Polygon", "coordinates": [ [ [ 600705.205540000111796, 8171193.647730000317097 ], [ 600705.205540000111796, 8171193.347730000503361 ], [ 600704.90554000006523, 8171193.347730000503361 ], [ 600704.90554000006523, 8171192.74773000087589 ], [ 600705.205540000111796, 8171192.74773000087589 ], [ 600705.205540000111796, 8171190.947730001062155 ], [ 600705.505540000041947, 8171190.947730001062155 ], [ 600705.505540000041947, 8171189.447730001062155 ], [ 600705.805540000088513, 8171189.447730001062155 ], [ 600705.805540000088513, 8171189.147730000317097 ], [ 600707.305540000088513, 8171189.147730000317097 ], [ 600707.305540000088513, 8171188.847730000503361 ], [ 600707.605540000135079, 8171188.847730000503361 ], [ 600707.605540000135079, 8171186.147730000317097 ], [ 600707.305540000088513, 8171186.147730000317097 ], [ 600707.305540000088513, 8171184.647730000317097 ], [ 600707.605540000135079, 8171184.647730000317097 ], [ 600707.605540000135079, 8171184.347730000503361 ], [ 600711.505540000041947, 8171184.347730000503361 ], [ 600711.805540000088513, 8171184.947730001062155 ], [ 600712.105540000135079, 8171184.947730001062155 ], [ 600712.105540000135079, 8171185.847730000503361 ], [ 600712.705540000111796, 8171186.147730000317097 ], [ 600712.705540000111796, 8171186.447730001062155 ], [ 600713.605540000135079, 8171186.447730001062155 ], [ 600713.605540000135079, 8171184.347730000503361 ], [ 600714.205540000111796, 8171184.047730000689626 ], [ 600714.205540000111796, 8171183.447730001062155 ], [ 600714.505540000041947, 8171183.447730001062155 ], [ 600714.505540000041947, 8171181.947730001062155 ], [ 600714.805540000088513, 8171181.947730001062155 ], [ 600714.805540000088513, 8171179.847730000503361 ], [ 600715.105540000135079, 8171179.847730000503361 ], [ 600715.105540000135079, 8171177.447730001062155 ], [ 600715.40554000006523, 8171177.447730001062155 ], [ 600715.40554000006523, 8171173.847730000503361 ], [ 600715.705540000111796, 8171173.847730000503361 ], [ 600715.705540000111796, 8171172.047730000689626 ], [ 600716.005540000041947, 8171172.047730000689626 ], [ 600716.005540000041947, 8171169.647730000317097 ], [ 600716.305540000088513, 8171169.647730000317097 ], [ 600716.305540000088513, 8171168.447730001062155 ], [ 600716.605540000135079, 8171168.447730001062155 ], [ 600716.605540000135079, 8171168.147730000317097 ], [ 600717.805540000088513, 8171168.147730000317097 ], [ 600717.805540000088513, 8171168.447730001062155 ], [ 600718.705540000111796, 8171168.447730001062155 ], [ 600718.705540000111796, 8171168.74773000087589 ], [ 600719.305540000088513, 8171168.74773000087589 ], [ 600719.305540000088513, 8171169.047730000689626 ], [ 600721.105540000135079, 8171169.047730000689626 ], [ 600721.40554000006523, 8171168.447730001062155 ], [ 600722.005540000041947, 8171168.447730001062155 ], [ 600722.005540000041947, 8171168.147730000317097 ], [ 600722.305540000088513, 8171168.147730000317097 ], [ 600722.305540000088513, 8171166.347730000503361 ], [ 600722.605540000135079, 8171166.347730000503361 ], [ 600722.605540000135079, 8171163.647730000317097 ], [ 600722.90554000006523, 8171163.647730000317097 ], [ 600722.90554000006523, 8171162.74773000087589 ], [ 600723.205540000111796, 8171162.74773000087589 ], [ 600723.205540000111796, 8171162.447730001062155 ], [ 600723.805540000088513, 8171162.74773000087589 ], [ 600723.805540000088513, 8171163.347730000503361 ], [ 600725.005540000041947, 8171163.347730000503361 ], [ 600725.005540000041947, 8171163.647730000317097 ], [ 600725.90554000006523, 8171163.647730000317097 ], [ 600725.90554000006523, 8171163.947730001062155 ], [ 600726.205540000111796, 8171163.947730001062155 ], [ 600726.505540000041947, 8171164.547730000689626 ], [ 600726.805540000088513, 8171164.547730000689626 ], [ 600726.805540000088513, 8171165.147730000317097 ], [ 600727.105540000135079, 8171165.147730000317097 ], [ 600727.105540000135079, 8171165.447730001062155 ], [ 600728.305540000088513, 8171165.447730001062155 ], [ 600728.305540000088513, 8171165.74773000087589 ], [ 600731.305540000088513, 8171165.74773000087589 ], [ 600731.305540000088513, 8171166.047730000689626 ], [ 600732.205540000111796, 8171166.047730000689626 ], [ 600732.205540000111796, 8171166.347730000503361 ], [ 600732.505540000041947, 8171166.347730000503361 ], [ 600732.505540000041947, 8171167.24773000087589 ], [ 600732.205540000111796, 8171167.24773000087589 ], [ 600732.205540000111796, 8171169.047730000689626 ], [ 600731.90554000006523, 8171169.047730000689626 ], [ 600731.90554000006523, 8171170.847730000503361 ], [ 600731.605540000135079, 8171170.847730000503361 ], [ 600731.605540000135079, 8171172.947730001062155 ], [ 600731.305540000088513, 8171172.947730001062155 ], [ 600731.305540000088513, 8171175.047730000689626 ], [ 600731.005540000041947, 8171175.047730000689626 ], [ 600731.005540000041947, 8171177.147730000317097 ], [ 600730.705540000111796, 8171177.147730000317097 ], [ 600730.705540000111796, 8171181.347730000503361 ], [ 600732.505540000041947, 8171181.347730000503361 ], [ 600732.505540000041947, 8171181.647730000317097 ], [ 600732.805540000088513, 8171181.647730000317097 ], [ 600732.805540000088513, 8171182.24773000087589 ], [ 600733.105540000135079, 8171182.24773000087589 ], [ 600733.105540000135079, 8171182.847730000503361 ], [ 600733.40554000006523, 8171182.847730000503361 ], [ 600733.40554000006523, 8171184.047730000689626 ], [ 600733.105540000135079, 8171184.047730000689626 ], [ 600733.105540000135079, 8171187.047730000689626 ], [ 600732.805540000088513, 8171187.047730000689626 ], [ 600732.805540000088513, 8171187.347730000503361 ], [ 600732.205540000111796, 8171187.347730000503361 ], [ 600732.205540000111796, 8171187.047730000689626 ], [ 600731.90554000006523, 8171187.047730000689626 ], [ 600731.605540000135079, 8171186.447730001062155 ], [ 600731.005540000041947, 8171186.447730001062155 ], [ 600731.005540000041947, 8171186.147730000317097 ], [ 600730.705540000111796, 8171186.147730000317097 ], [ 600730.705540000111796, 8171185.547730000689626 ], [ 600730.40554000006523, 8171185.547730000689626 ], [ 600730.40554000006523, 8171184.047730000689626 ], [ 600729.805540000088513, 8171184.347730000503361 ], [ 600729.805540000088513, 8171185.847730000503361 ], [ 600729.505540000041947, 8171185.847730000503361 ], [ 600729.505540000041947, 8171188.847730000503361 ], [ 600719.90554000006523, 8171188.847730000503361 ], [ 600719.605540000135079, 8171188.24773000087589 ], [ 600719.305540000088513, 8171188.24773000087589 ], [ 600719.305540000088513, 8171187.347730000503361 ], [ 600718.40554000006523, 8171187.347730000503361 ], [ 600718.40554000006523, 8171187.047730000689626 ], [ 600717.805540000088513, 8171187.047730000689626 ], [ 600717.505540000041947, 8171186.447730001062155 ], [ 600716.90554000006523, 8171186.447730001062155 ], [ 600716.90554000006523, 8171186.147730000317097 ], [ 600715.705540000111796, 8171186.147730000317097 ], [ 600715.705540000111796, 8171187.047730000689626 ], [ 600716.005540000041947, 8171187.047730000689626 ], [ 600716.005540000041947, 8171187.347730000503361 ], [ 600716.605540000135079, 8171187.347730000503361 ], [ 600716.605540000135079, 8171187.647730000317097 ], [ 600718.105540000135079, 8171187.647730000317097 ], [ 600718.105540000135079, 8171188.847730000503361 ], [ 600717.805540000088513, 8171188.847730000503361 ], [ 600717.505540000041947, 8171189.447730001062155 ], [ 600717.205540000111796, 8171189.447730001062155 ], [ 600717.205540000111796, 8171191.24773000087589 ], [ 600716.90554000006523, 8171191.24773000087589 ], [ 600716.90554000006523, 8171192.74773000087589 ], [ 600717.205540000111796, 8171192.74773000087589 ], [ 600717.205540000111796, 8171193.047730000689626 ], [ 600716.90554000006523, 8171193.047730000689626 ], [ 600716.605540000135079, 8171193.647730000317097 ], [ 600716.005540000041947, 8171193.647730000317097 ], [ 600716.005540000041947, 8171193.347730000503361 ], [ 600711.805540000088513, 8171193.347730000503361 ], [ 600711.805540000088513, 8171193.647730000317097 ], [ 600705.205540000111796, 8171193.647730000317097 ] ] ] } },
{ "type": "Feature", "properties": { "id": 65, "instance": 69, "mean_prob": 0.987, "area_m2": 1170.7, "split_by_accepted_cut": true }, "geometry": { "type": "Polygon", "coordinates": [ [ [ 600830.005540000041947, 8171197.547730000689626 ], [ 600830.005540000041947, 8171196.347730000503361 ], [ 600829.40554000006523, 8171196.047730000689626 ], [ 600829.105540000135079, 8171195.447730001062155 ], [ 600828.505540000041947, 8171195.447730001062155 ], [ 600828.205540000111796, 8171194.847730000503361 ], [ 600827.005540000041947, 8171194.847730000503361 ], [ 600827.005540000041947, 8171194.547730000689626 ], [ 600826.40554000006523, 8171194.547730000689626 ], [ 600826.40554000006523, 8171193.047730000689626 ], [ 600826.705540000111796, 8171193.047730000689626 ], [ 600826.705540000111796, 8171191.847730000503361 ], [ 600827.005540000041947, 8171191.847730000503361 ], [ 600827.005540000041947, 8171191.24773000087589 ], [ 600826.105540000135079, 8171191.24773000087589 ], [ 600826.105540000135079, 8171190.647730000317097 ], [ 600825.805540000088513, 8171190.647730000317097 ], [ 600825.805540000088513, 8171187.647730000317097 ], [ 600825.505540000041947, 8171187.647730000317097 ], [ 600825.505540000041947, 8171186.147730000317097 ], [ 600824.90554000006523, 8171185.847730000503361 ], [ 600824.605540000135079, 8171185.24773000087589 ], [ 600823.705540000111796, 8171185.24773000087589 ], [ 600823.705540000111796, 8171185.547730000689626 ], [ 600821.605540000135079, 8171185.547730000689626 ], [ 600821.605540000135079, 8171185.24773000087589 ], [ 600819.805540000088513, 8171185.24773000087589 ], [ 600819.805540000088513, 8171185.547730000689626 ], [ 600816.805540000088513, 8171185.547730000689626 ], [ 600816.805540000088513, 8171185.847730000503361 ], [ 600807.205540000111796, 8171185.847730000503361 ], [ 600807.205540000111796, 8171186.147730000317097 ], [ 600803.605540000135079, 8171186.147730000317097 ], [ 600803.605540000135079, 8171186.447730001062155 ], [ 600803.005540000041947, 8171186.447730001062155 ], [ 600803.005540000041947, 8171186.147730000317097 ], [ 600802.705540000111796, 8171186.147730000317097 ], [ 600802.705540000111796, 8171178.047730000689626 ], [ 600802.40554000006523, 8171178.047730000689626 ], [ 600802.40554000006523, 8171173.847730000503361 ], [ 600802.105540000135079, 8171173.847730000503361 ], [ 600802.105540000135079, 8171167.847730000503361 ], [ 600801.805540000088513, 8171167.847730000503361 ], [ 600801.805540000088513, 8171164.24773000087589 ], [ 600802.105540000135079, 8171164.24773000087589 ], [ 600802.105540000135079, 8171163.947730001062155 ], [ 600803.305540000088513, 8171163.947730001062155 ], [ 600803.305540000088513, 8171164.24773000087589 ], [ 600804.805540000088513, 8171164.24773000087589 ], [ 600804.805540000088513, 8171163.947730001062155 ], [ 600805.105540000135079, 8171163.947730001062155 ], [ 600805.105540000135079, 8171164.24773000087589 ], [ 600805.40554000006523, 8171164.24773000087589 ], [ 600805.40554000006523, 8171163.947730001062155 ], [ 600807.505540000041947, 8171163.947730001062155 ], [ 600807.505540000041947, 8171163.647730000317097 ], [ 600815.005540000041947, 8171163.647730000317097 ], [ 600815.005540000041947, 8171163.347730000503361 ], [ 600815.90554000006523, 8171163.347730000503361 ], [ 600815.90554000006523, 8171163.047730000689626 ], [ 600817.40554000006523, 8171163.047730000689626 ], [ 600817.40554000006523, 8171163.347730000503361 ], [ 600824.005540000041947, 8171163.347730000503361 ], [ 600824.005540000041947, 8171163.647730000317097 ], [ 600824.305540000088513, 8171163.647730000317097 ], [ 600824.305540000088513, 8171167.24773000087589 ], [ 600824.605540000135079, 8171167.24773000087589 ], [ 600824.605540000135079, 8171167.547730000689626 ], [ 600829.105540000135079, 8171167.547730000689626 ], [ 600829.105540000135079, 8171167.24773000087589 ], [ 600829.40554000006523, 8171167.24773000087589 ], [ 600829.40554000006523, 8171164.547730000689626 ], [ 600829.105540000135079, 8171164.547730000689626 ], [ 600829.105540000135079, 8171163.347730000503361 ], [ 600829.40554000006523, 8171163.347730000503361 ], [ 600829.40554000006523, 8171163.047730000689626 ], [ 600833.90554000006523, 8171163.047730000689626 ], [ 600833.90554000006523, 8171162.74773000087589 ], [ 600836.90554000006523, 8171162.74773000087589 ], [ 600836.90554000006523, 8171163.047730000689626 ], [ 600837.205540000111796, 8171163.047730000689626 ], [ 600837.205540000111796, 8171164.24773000087589 ], [ 600836.90554000006523, 8171164.24773000087589 ], [ 600836.90554000006523, 8171166.047730000689626 ], [ 600837.205540000111796, 8171166.047730000689626 ], [ 600837.205540000111796, 8171167.24773000087589 ], [ 600837.505540000041947, 8171167.24773000087589 ], [ 600837.505540000041947, 8171167.547730000689626 ], [ 600842.005540000041947, 8171167.547730000689626 ], [ 600842.005540000041947, 8171167.24773000087589 ], [ 600842.305540000088513, 8171167.24773000087589 ], [ 600842.305540000088513, 8171166.647730000317097 ], [ 600842.605540000135079, 8171166.647730000317097 ], [ 600842.605540000135079, 8171164.847730000503361 ], [ 600842.305540000088513, 8171164.847730000503361 ], [ 600842.305540000088513, 8171162.447730001062155 ], [ 600842.605540000135079, 8171162.447730001062155 ], [ 600842.605540000135079, 8171162.147730000317097 ], [ 600845.605540000135079, 8171162.147730000317097 ], [ 600845.605540000135079, 8171161.847730000503361 ], [ 600846.805540000088513, 8171161.847730000503361 ], [ 600846.805540000088513, 8171162.147730000317097 ], [ 600850.40554000006523, 8171162.147730000317097 ], [ 600850.40554000006523, 8171162.447730001062155 ], [ 600850.705540000111796, 8171162.447730001062155 ], [ 600850.705540000111796, 8171162.147730000317097 ], [ 600851.605540000135079, 8171162.147730000317097 ], [ 600851.605540000135079, 8171162.447730001062155 ], [ 600852.205540000111796, 8171162.74773000087589 ], [ 600852.505540000041947, 8171163.347730000503361 ], [ 600854.005540000041947, 8171163.347730000503361 ], [ 600854.305540000088513, 8171163.947730001062155 ], [ 600854.90554000006523, 8171163.947730001062155 ], [ 600854.90554000006523, 8171164.547730000689626 ], [ 600855.205540000111796, 8171164.547730000689626 ], [ 600855.205540000111796, 8171165.447730001062155 ], [ 600854.90554000006523, 8171165.447730001062155 ], [ 600854.90554000006523, 8171165.74773000087589 ], [ 600854.305540000088513, 8171165.74773000087589 ], [ 600854.305540000088513, 8171167.547730000689626 ], [ 600854.005540000041947, 8171167.547730000689626 ], [ 600854.005540000041947, 8171167.847730000503361 ], [ 600854.305540000088513, 8171167.847730000503361 ], [ 600854.305540000088513, 8171172.647730000317097 ], [ 600854.605540000135079, 8171172.647730000317097 ], [ 600854.605540000135079, 8171176.847730000503361 ], [ 600854.005540000041947, 8171177.147730000317097 ], [ 600854.005540000041947, 8171178.347730000503361 ], [ 600854.305540000088513, 8171178.347730000503361 ], [ 600854.305540000088513, 8171178.947730001062155 ], [ 600854.005540000041947, 8171178.947730001062155 ], [ 600854.005540000041947, 8171179.24773000087589 ], [ 600853.105540000135079, 8171179.24773000087589 ], [ 600853.105540000135079, 8171178.947730001062155 ], [ 600850.705540000111796, 8171178.947730001062155 ], [ 600850.705540000111796, 8171179.24773000087589 ], [ 600849.505540000041947, 8171179.24773000087589 ], [ 600849.205540000111796, 8171179.847730000503361 ], [ 600848.605540000135079, 8171180.147730000317097 ], [ 600848.605540000135079, 8171182.547730000689626 ], [ 600848.305540000088513, 8171182.547730000689626 ], [ 600848.305540000088513, 8171183.74773000087589 ], [ 600848.005540000041947, 8171183.74773000087589 ], [ 600848.005540000041947, 8171184.047730000689626 ], [ 600848.305540000088513, 8171184.047730000689626 ], [ 600848.305540000088513, 8171185.547730000689626 ], [ 600848.605540000135079, 8171185.547730000689626 ], [ 600848.605540000135079, 8171187.047730000689626 ], [ 600846.505540000041947, 8171187.047730000689626 ], [ 600846.505540000041947, 8171187.347730000503361 ], [ 600845.005540000041947, 8171187.347730000503361 ], [ 600845.005540000041947, 8171187.647730000317097 ], [ 600844.105540000135079, 8171187.647730000317097 ], [ 600844.105540000135079, 8171187.347730000503361 ], [ 600843.805540000088513, 8171187.347730000503361 ], [ 600843.805540000088513, 8171187.647730000317097 ], [ 600842.90554000006523, 8171187.647730000317097 ], [ 600842.90554000006523, 8171187.347730000503361 ], [ 600842.605540000135079, 8171187.347730000503361 ], [ 600842.305540000088513, 8171187.947730001062155 ], [ 600841.40554000006523, 8171187.947730001062155 ], [ 600841.40554000006523, 8171187.647730000317097 ], [ 600841.105540000135079, 8171187.647730000317097 ], [ 600841.105540000135079, 8171187.947730001062155 ], [ 600840.505540000041947, 8171187.947730001062155 ], [ 600840.505540000041947, 8171188.24773000087589 ], [ 600840.205540000111796, 8171188.24773000087589 ], [ 600840.205540000111796, 8171187.947730001062155 ], [ 600839.605540000135079, 8171187.947730001062155 ], [ 600839.605540000135079, 8171187.647730000317097 ], [ 600837.505540000041947, 8171187.647730000317097 ], [ 600837.505540000041947, 8171187.947730001062155 ], [ 600837.205540000111796, 8171187.947730001062155 ], [ 600837.205540000111796, 8171187.647730000317097 ], [ 600836.605540000135079, 8171187.647730000317097 ], [ 600836.605540000135079, 8171187.347730000503361 ], [ 600835.705540000111796, 8171187.347730000503361 ], [ 600835.705540000111796, 8171187.647730000317097 ], [ 600834.205540000111796, 8171187.647730000317097 ], [ 600834.205540000111796, 8171187.947730001062155 ], [ 600833.605540000135079, 8171187.947730001062155 ], [ 600833.605540000135079, 8171187.647730000317097 ], [ 600832.105540000135079, 8171187.647730000317097 ], [ 600832.105540000135079, 8171187.347730000503361 ], [ 600831.505540000041947, 8171187.047730000689626 ], [ 600831.505540000041947, 8171186.74773000087589 ], [ 600830.005540000041947, 8171186.74773000087589 ], [ 600830.005540000041947, 8171186.447730001062155 ], [ 600829.705540000111796, 8171186.447730001062155 ], [ 600829.705540000111796, 8171186.74773000087589 ], [ 600829.40554000006523, 8171186.74773000087589 ], [ 600829.40554000006523, 8171188.547730000689626 ], [ 600830.305540000088513, 8171188.547730000689626 ], [ 600830.305540000088513, 8171189.447730001062155 ], [ 600830.005540000041947, 8171189.447730001062155 ], [ 600830.005540000041947, 8171190.047730000689626 ], [ 600830.305540000088513, 8171190.047730000689626 ], [ 600830.305540000088513, 8171193.347730000503361 ], [ 600830.605540000135079, 8171193.347730000503361 ], [ 600830.90554000006523, 8171194.547730000689626 ], [ 600831.205540000111796, 8171194.547730000689626 ], [ 600831.505540000041947, 8171195.147730000317097 ], [ 600831.805540000088513, 8171195.147730000317097 ], [ 600831.805540000088513, 8171196.947730001062155 ], [ 600831.505540000041947, 8171196.947730001062155 ], [ 600831.205540000111796, 8171197.547730000689626 ], [ 600830.005540000041947, 8171197.547730000689626 ] ] ] } },
{ "type": "Feature", "properties": { "id": 66, "instance": 118, "mean_prob": 0.915, "area_m2": 151.9, "split_by_accepted_cut": false }, "geometry": { "type": "Polygon", "coordinates": [ [ [ 600920.305540000088513, 8171175.047730000689626 ], [ 600920.305540000088513, 8171170.24773000087589 ], [ 600920.005540000041947, 8171170.24773000087589 ], [ 600920.005540000041947, 8171161.847730000503361 ], [ 600920.305540000088513, 8171161.847730000503361 ], [ 600920.605540000135079, 8171161.24773000087589 ], [ 600923.005540000041947, 8171161.547730000689626 ], [ 600923.005540000041947, 8171161.24773000087589 ], [ 600924.205540000111796, 8171161.24773000087589 ], [ 600924.205540000111796, 8171160.947730001062155 ], [ 600924.505540000041947, 8171160.947730001062155 ], [ 600924.505540000041947, 8171161.24773000087589 ], [ 600926.305540000088513, 8171161.24773000087589 ], [ 600926.305540000088513, 8171160.947730001062155 ], [ 600929.305540000088513, 8171160.947730001062155 ], [ 600929.305540000088513, 8171161.24773000087589 ], [ 600930.205540000111796, 8171161.24773000087589 ], [ 600930.505540000041947, 8171161.847730000503361 ], [ 600931.40554000006523, 8171161.847730000503361 ], [ 600931.40554000006523, 8171162.147730000317097 ], [ 600932.005540000041947, 8171162.147730000317097 ], [ 600932.005540000041947, 8171163.047730000689626 ], [ 600932.305540000088513, 8171163.047730000689626 ], [ 600932.305540000088513, 8171163.647730000317097 ], [ 600932.605540000135079, 8171163.647730000317097 ], [ 600932.605540000135079, 8171164.24773000087589 ], [ 600932.305540000088513, 8171164.24773000087589 ], [ 600932.305540000088513, 8171164.847730000503361 ], [ 600931.105540000135079, 8171164.847730000503361 ], [ 600931.105540000135079, 8171164.547730000689626 ], [ 600930.805540000088513, 8171164.547730000689626 ], [ 600930.505540000041947, 8171165.147730000317097 ], [ 600930.805540000088513, 8171165.147730000317097 ], [ 600930.805540000088513, 8171165.74773000087589 ], [ 600932.605540000135079, 8171165.74773000087589 ], [ 600932.605540000135079, 8171165.447730001062155 ], [ 600932.90554000006523, 8171165.447730001062155 ], [ 600932.90554000006523, 8171164.847730000503361 ], [ 600933.505540000041947, 8171165.147730000317097 ], [ 600933.505540000041947, 8171165.447730001062155 ], [ 600934.105540000135079, 8171165.447730001062155 ], [ 600934.105540000135079, 8171167.547730000689626 ], [ 600934.40554000006523, 8171167.547730000689626 ], [ 600934.40554000006523, 8171170.547730000689626 ], [ 600933.805540000088513, 8171170.547730000689626 ], [ 600933.805540000088513, 8171170.24773000087589 ], [ 600931.705540000111796, 8171170.24773000087589 ], [ 600931.705540000111796, 8171170.547730000689626 ], [ 600930.805540000088513, 8171170.547730000689626 ], [ 600930.505540000041947, 8171169.947730001062155 ], [ 600929.305540000088513, 8171169.947730001062155 ], [ 600929.305540000088513, 8171170.547730000689626 ], [ 600928.705540000111796, 8171170.847730000503361 ], [ 600928.705540000111796, 8171172.047730000689626 ], [ 600927.505540000041947, 8171172.647730000317097 ], [ 600927.505540000041947, 8171173.24773000087589 ], [ 600927.205540000111796, 8171173.24773000087589 ], [ 600927.205540000111796, 8171173.547730000689626 ], [ 600926.005540000041947, 8171173.547730000689626 ], [ 600926.005540000041947, 8171173.847730000503361 ], [ 600925.705540000111796, 8171173.847730000503361 ], [ 600925.705540000111796, 8171174.74773000087589 ], [ 600925.40554000006523, 8171174.74773000087589 ], [ 600925.40554000006523, 8171175.047730000689626 ], [ 600920.305540000088513, 8171175.047730000689626 ] ], [ [ 600930.505540000041947, 8171166.647730000317097 ], [ 600931.105540000135079, 8171166.347730000503361 ], [ 600930.805540000088513, 8171165.74773000087589 ], [ 600930.505540000041947, 8171165.74773000087589 ], [ 600930.505540000041947, 8171166.647730000317097 ] ] ] } },
{ "type": "Feature", "properties": { "id": 67, "instance": 121, "mean_prob": 0.856, "area_m2": 16.8, "split_by_accepted_cut": false }, "geometry": { "type": "Polygon", "coordinates": [ [ [ 600905.605540000135079, 8171163.047730000689626 ], [ 600905.605540000135079, 8171160.647730000317097 ], [ 600905.90554000006523, 8171160.647730000317097 ], [ 600905.90554000006523, 8171160.347730000503361 ], [ 600906.805540000088513, 8171160.347730000503361 ], [ 600906.805540000088513, 8171160.647730000317097 ], [ 600907.105540000135079, 8171160.647730000317097 ], [ 600907.40554000006523, 8171160.047730000689626 ], [ 600908.305540000088513, 8171160.047730000689626 ], [ 600908.305540000088513, 8171159.74773000087589 ], [ 600911.305540000088513, 8171159.74773000087589 ], [ 600911.305540000088513, 8171160.047730000689626 ], [ 600911.90554000006523, 8171160.047730000689626 ], [ 600911.90554000006523, 8171160.947730001062155 ], [ 600912.205540000111796, 8171160.947730001062155 ], [ 600911.90554000006523, 8171162.147730000317097 ], [ 600909.805540000088513, 8171162.147730000317097 ], [ 600909.805540000088513, 8171162.447730001062155 ], [ 600909.205540000111796, 8171162.447730001062155 ], [ 600909.205540000111796, 8171162.74773000087589 ], [ 600908.605540000135079, 8171162.74773000087589 ], [ 600908.605540000135079, 8171163.047730000689626 ], [ 600905.605540000135079, 8171163.047730000689626 ] ] ] } },
{ "type": "Feature", "properties": { "id": 68, "instance": 131, "mean_prob": 0.889, "area_m2": 14.8, "split_by_accepted_cut": true }, "geometry": { "type": "Polygon", "coordinates": [ [ [ 600881.90554000006523, 8171148.347730000503361 ], [ 600881.90554000006523, 8171148.047730000689626 ], [ 600878.605540000135079, 8171148.047730000689626 ], [ 600878.605540000135079, 8171147.447730001062155 ], [ 600878.305540000088513, 8171147.447730001062155 ], [ 600878.305540000088513, 8171145.347730000503361 ], [ 600878.605540000135079, 8171145.347730000503361 ], [ 600878.605540000135079, 8171145.047730000689626 ], [ 600883.105540000135079, 8171145.047730000689626 ], [ 600883.105540000135079, 8171145.947730001062155 ], [ 600883.40554000006523, 8171145.947730001062155 ], [ 600883.40554000006523, 8171147.74773000087589 ], [ 600883.105540000135079, 8171147.74773000087589 ], [ 600883.105540000135079, 8171148.047730000689626 ], [ 600882.505540000041947, 8171148.047730000689626 ], [ 600882.505540000041947, 8171148.347730000503361 ], [ 600881.90554000006523, 8171148.347730000503361 ] ] ] } },
{ "type": "Feature", "properties": { "id": 69, "instance": 144, "mean_prob": 0.865, "area_m2": 28.4, "split_by_accepted_cut": false }, "geometry": { "type": "Polygon", "coordinates": [ [ [ 600735.505540000041947, 8171149.547730000689626 ], [ 600735.505540000041947, 8171149.24773000087589 ], [ 600735.205540000111796, 8171149.24773000087589 ], [ 600735.205540000111796, 8171146.547730000689626 ], [ 600735.505540000041947, 8171146.547730000689626 ], [ 600735.505540000041947, 8171145.947730001062155 ], [ 600735.205540000111796, 8171145.947730001062155 ], [ 600735.205540000111796, 8171144.147730000317097 ], [ 600735.505540000041947, 8171144.147730000317097 ], [ 600735.505540000041947, 8171143.847730000503361 ], [ 600736.40554000006523, 8171143.847730000503361 ], [ 600736.40554000006523, 8171144.447730001062155 ], [ 600737.005540000041947, 8171144.447730001062155 ], [ 600737.005540000041947, 8171143.847730000503361 ], [ 600737.305540000088513, 8171143.847730000503361 ], [ 600737.305540000088513, 8171143.547730000689626 ], [ 600738.205540000111796, 8171143.547730000689626 ], [ 600738.205540000111796, 8171143.847730000503361 ], [ 600738.805540000088513, 8171143.847730000503361 ], [ 600738.805540000088513, 8171144.147730000317097 ], [ 600739.705540000111796, 8171144.147730000317097 ], [ 600739.705540000111796, 8171144.447730001062155 ], [ 600740.305540000088513, 8171144.74773000087589 ], [ 600740.305540000088513, 8171145.947730001062155 ], [ 600740.605540000135079, 8171145.947730001062155 ], [ 600740.605540000135079, 8171146.547730000689626 ], [ 600740.90554000006523, 8171146.547730000689626 ], [ 600740.90554000006523, 8171148.947730001062155 ], [ 600739.40554000006523, 8171148.947730001062155 ], [ 600739.40554000006523, 8171149.24773000087589 ], [ 600737.605540000135079, 8171149.24773000087589 ], [ 600737.605540000135079, 8171149.547730000689626 ], [ 600735.505540000041947, 8171149.547730000689626 ] ] ] } },
{ "type": "Feature", "properties": { "id": 70, "instance": 138, "mean_prob": 0.965, "area_m2": 78.7, "split_by_accepted_cut": true }, "geometry": { "type": "Polygon", "coordinates": [ [ [ 600811.40554000006523, 8171149.847730000503361 ], [ 600811.40554000006523, 8171149.547730000689626 ], [ 600810.505540000041947, 8171149.547730000689626 ], [ 600810.205540000111796, 8171148.947730001062155 ], [ 600809.90554000006523, 8171148.947730001062155 ], [ 600809.90554000006523, 8171143.547730000689626 ], [ 600810.205540000111796, 8171143.547730000689626 ], [ 600810.205540000111796, 8171143.24773000087589 ], [ 600812.90554000006523, 8171143.24773000087589 ], [ 600812.90554000006523, 8171142.947730001062155 ], [ 600818.005540000041947, 8171142.947730001062155 ], [ 600818.005540000041947, 8171142.647730000317097 ], [ 600818.605540000135079, 8171142.647730000317097 ], [ 600818.605540000135079, 8171142.947730001062155 ], [ 600821.90554000006523, 8171142.947730001062155 ], [ 600821.90554000006523, 8171147.447730001062155 ], [ 600822.205540000111796, 8171147.447730001062155 ], [ 600822.205540000111796, 8171149.24773000087589 ], [ 600821.605540000135079, 8171149.24773000087589 ], [ 600821.605540000135079, 8171149.547730000689626 ], [ 600821.305540000088513, 8171149.547730000689626 ], [ 600821.305540000088513, 8171149.24773000087589 ], [ 600819.505540000041947, 8171149.24773000087589 ], [ 600819.505540000041947, 8171149.547730000689626 ], [ 600813.505540000041947, 8171149.547730000689626 ], [ 600813.505540000041947, 8171149.847730000503361 ], [ 600811.40554000006523, 8171149.847730000503361 ] ] ] } },
{ "type": "Feature", "properties": { "id": 71, "instance": 130, "mean_prob": 0.759, "area_m2": 10.2, "split_by_accepted_cut": true }, "geometry": { "type": "Polygon", "coordinates": [ [ [ 600785.605540000135079, 8171146.24773000087589 ], [ 600785.305540000088513, 8171145.647730000317097 ], [ 600784.705540000111796, 8171145.347730000503361 ], [ 600784.705540000111796, 8171144.74773000087589 ], [ 600785.005540000041947, 8171144.74773000087589 ], [ 600785.005540000041947, 8171144.447730001062155 ], [ 600783.805540000088513, 8171143.847730000503361 ], [ 600783.805540000088513, 8171142.647730000317097 ], [ 600784.40554000006523, 8171142.347730000503361 ], [ 600784.40554000006523, 8171141.74773000087589 ], [ 600784.705540000111796, 8171141.74773000087589 ], [ 600784.705540000111796, 8171141.447730001062155 ], [ 600785.605540000135079, 8171141.447730001062155 ], [ 600785.90554000006523, 8171140.847730000503361 ], [ 600787.105540000135079, 8171140.847730000503361 ], [ 600787.105540000135079, 8171141.147730000317097 ], [ 600787.40554000006523, 8171141.147730000317097 ], [ 600787.40554000006523, 8171141.74773000087589 ], [ 600786.805540000088513, 8171142.047730000689626 ], [ 600786.805540000088513, 8171142.347730000503361 ], [ 600786.205540000111796, 8171142.347730000503361 ], [ 600786.505540000041947, 8171144.74773000087589 ], [ 600786.205540000111796, 8171144.74773000087589 ], [ 600786.205540000111796, 8171145.947730001062155 ], [ 600785.605540000135079, 8171146.24773000087589 ] ] ] } },
{ "type": "Feature", "properties": { "id": 72, "instance": 129, "mean_prob": 0.897, "area_m2": 41.1, "split_by_accepted_cut": true }, "geometry": { "type": "Polygon", "coordinates": [ [ [ 600784.105540000135079, 8171150.74773000087589 ], [ 600784.105540000135079, 8171150.447730001062155 ], [ 600782.605540000135079, 8171150.447730001062155 ], [ 600782.605540000135079, 8171150.147730000317097 ], [ 600782.305540000088513, 8171150.147730000317097 ], [ 600782.305540000088513, 8171149.24773000087589 ], [ 600782.005540000041947, 8171149.24773000087589 ], [ 600782.005540000041947, 8171146.24773000087589 ], [ 600782.305540000088513, 8171146.24773000087589 ], [ 600782.305540000088513, 8171145.947730001062155 ], [ 600783.505540000041947, 8171145.947730001062155 ], [ 600783.505540000041947, 8171146.24773000087589 ], [ 600784.40554000006523, 8171146.24773000087589 ], [ 600784.40554000006523, 8171146.547730000689626 ], [ 600785.305540000088513, 8171146.547730000689626 ], [ 600785.305540000088513, 8171146.24773000087589 ], [ 600785.90554000006523, 8171146.24773000087589 ], [ 600785.90554000006523, 8171145.947730001062155 ], [ 600786.205540000111796, 8171145.947730001062155 ], [ 600786.205540000111796, 8171144.74773000087589 ], [ 600786.505540000041947, 8171144.74773000087589 ], [ 600786.205540000111796, 8171142.347730000503361 ], [ 600786.805540000088513, 8171142.347730000503361 ], [ 600786.805540000088513, 8171142.047730000689626 ], [ 600787.40554000006523, 8171141.74773000087589 ], [ 600787.40554000006523, 8171141.147730000317097 ], [ 600788.605540000135079, 8171141.147730000317097 ], [ 600788.605540000135079, 8171140.847730000503361 ], [ 600790.105540000135079, 8171140.847730000503361 ], [ 600790.105540000135079, 8171146.547730000689626 ], [ 600789.805540000088513, 8171146.547730000689626 ], [ 600789.805540000088513, 8171146.847730000503361 ], [ 600788.605540000135079, 8171146.847730000503361 ], [ 600788.605540000135079, 8171146.547730000689626 ], [ 600787.705540000111796, 8171146.547730000689626 ], [ 600787.705540000111796, 8171146.847730000503361 ], [ 600787.105540000135079, 8171146.847730000503361 ], [ 600787.105540000135079, 8171149.547730000689626 ], [ 600786.805540000088513, 8171149.547730000689626 ], [ 600786.805540000088513, 8171149.847730000503361 ], [ 600786.205540000111796, 8171150.147730000317097 ], [ 600786.205540000111796, 8171150.447730001062155 ], [ 600785.005540000041947, 8171150.447730001062155 ], [ 600785.005540000041947, 8171150.74773000087589 ], [ 600784.105540000135079, 8171150.74773000087589 ] ] ] } },
{ "type": "Feature", "properties": { "id": 73, "instance": 124, "mean_prob": 0.934, "area_m2": 62.7, "split_by_accepted_cut": false }, "geometry": { "type": "Polygon", "coordinates": [ [ [ 600751.105540000135079, 8171152.24773000087589 ], [ 600751.105540000135079, 8171151.947730001062155 ], [ 600746.90554000006523, 8171151.947730001062155 ], [ 600746.90554000006523, 8171146.547730000689626 ], [ 600746.605540000135079, 8171146.547730000689626 ], [ 600746.605540000135079, 8171144.147730000317097 ], [ 600746.305540000088513, 8171144.147730000317097 ], [ 600746.305540000088513, 8171143.24773000087589 ], [ 600746.605540000135079, 8171143.24773000087589 ], [ 600746.605540000135079, 8171141.447730001062155 ], [ 600746.90554000006523, 8171141.447730001062155 ], [ 600746.90554000006523, 8171141.147730000317097 ], [ 600748.105540000135079, 8171141.147730000317097 ], [ 600748.105540000135079, 8171140.847730000503361 ], [ 600749.005540000041947, 8171140.847730000503361 ], [ 600749.005540000041947, 8171140.547730000689626 ], [ 600750.505540000041947, 8171140.547730000689626 ], [ 600750.505540000041947, 8171140.24773000087589 ], [ 600751.705540000111796, 8171140.24773000087589 ], [ 600751.705540000111796, 8171140.547730000689626 ], [ 600752.005540000041947, 8171140.547730000689626 ], [ 600752.005540000041947, 8171145.347730000503361 ], [ 600752.305540000088513, 8171145.347730000503361 ], [ 600752.305540000088513, 8171148.347730000503361 ], [ 600752.605540000135079, 8171148.347730000503361 ], [ 600752.605540000135079, 8171151.947730001062155 ], [ 600752.305540000088513, 8171151.947730001062155 ], [ 600752.305540000088513, 8171152.24773000087589 ], [ 600751.105540000135079, 8171152.24773000087589 ] ] ] } },
{ "type": "Feature", "properties": { "id": 74, "instance": 122, "mean_prob": 0.919, "area_m2": 65.6, "split_by_accepted_cut": false }, "geometry": { "type": "Polygon", "coordinates": [ [ [ 600766.705540000111796, 8171153.147730000317097 ], [ 600766.705540000111796, 8171152.847730000503361 ], [ 600765.805540000088513, 8171152.847730000503361 ], [ 600765.805540000088513, 8171152.547730000689626 ], [ 600764.305540000088513, 8171152.547730000689626 ], [ 600764.305540000088513, 8171152.847730000503361 ], [ 600763.40554000006523, 8171152.847730000503361 ], [ 600763.105540000135079, 8171152.24773000087589 ], [ 600762.805540000088513, 8171152.24773000087589 ], [ 600762.805540000088513, 8171150.447730001062155 ], [ 600762.505540000041947, 8171150.447730001062155 ], [ 600762.505540000041947, 8171149.847730000503361 ], [ 600762.805540000088513, 8171149.847730000503361 ], [ 600762.805540000088513, 8171147.147730000317097 ], [ 600762.505540000041947, 8171147.147730000317097 ], [ 600762.505540000041947, 8171144.74773000087589 ], [ 600762.205540000111796, 8171144.74773000087589 ], [ 600762.205540000111796, 8171140.847730000503361 ], [ 600761.90554000006523, 8171140.847730000503361 ], [ 600761.90554000006523, 8171139.047730000689626 ], [ 600764.005540000041947, 8171139.047730000689626 ], [ 600764.005540000041947, 8171138.74773000087589 ], [ 600764.605540000135079, 8171138.447730001062155 ], [ 600764.605540000135079, 8171137.847730000503361 ], [ 600764.005540000041947, 8171137.547730000689626 ], [ 600764.305540000088513, 8171136.947730001062155 ], [ 600764.90554000006523, 8171136.947730001062155 ], [ 600764.90554000006523, 8171137.24773000087589 ], [ 600765.205540000111796, 8171137.24773000087589 ], [ 600765.205540000111796, 8171138.147730000317097 ], [ 600766.105540000135079, 8171138.147730000317097 ], [ 600766.105540000135079, 8171138.447730001062155 ], [ 600766.705540000111796, 8171138.74773000087589 ], [ 600767.005540000041947, 8171147.147730000317097 ], [ 600767.305540000088513, 8171147.147730000317097 ], [ 600767.305540000088513, 8171152.847730000503361 ], [ 600766.705540000111796, 8171153.147730000317097 ] ] ] } },
{ "type": "Feature", "properties": { "id": 75, "instance": 127, "mean_prob": 0.964, "area_m2": 142.4, "split_by_accepted_cut": false }, "geometry": { "type": "Polygon", "coordinates": [ [ [ 600828.505540000041947, 8171151.647730000317097 ], [ 600828.505540000041947, 8171151.347730000503361 ], [ 600828.205540000111796, 8171151.347730000503361 ], [ 600828.205540000111796, 8171146.547730000689626 ], [ 600827.90554000006523, 8171146.547730000689626 ], [ 600827.90554000006523, 8171146.24773000087589 ], [ 600826.705540000111796, 8171146.24773000087589 ], [ 600826.705540000111796, 8171145.947730001062155 ], [ 600826.40554000006523, 8171145.947730001062155 ], [ 600826.40554000006523, 8171142.347730000503361 ], [ 600826.705540000111796, 8171142.347730000503361 ], [ 600826.705540000111796, 8171141.74773000087589 ], [ 600827.605540000135079, 8171141.74773000087589 ], [ 600827.605540000135079, 8171141.447730001062155 ], [ 600827.90554000006523, 8171141.447730001062155 ], [ 600827.90554000006523, 8171140.547730000689626 ], [ 600828.205540000111796, 8171140.547730000689626 ], [ 600828.205540000111796, 8171140.24773000087589 ], [ 600831.505540000041947, 8171140.24773000087589 ], [ 600831.505540000041947, 8171139.947730001062155 ], [ 600834.205540000111796, 8171139.947730001062155 ], [ 600834.205540000111796, 8171140.24773000087589 ], [ 600834.805540000088513, 8171140.24773000087589 ], [ 600834.805540000088513, 8171139.947730001062155 ], [ 600835.105540000135079, 8171139.947730001062155 ], [ 600835.105540000135079, 8171139.047730000689626 ], [ 600834.805540000088513, 8171139.047730000689626 ], [ 600834.805540000088513, 8171136.947730001062155 ], [ 600837.805540000088513, 8171136.947730001062155 ], [ 600837.805540000088513, 8171136.647730000317097 ], [ 600838.705540000111796, 8171136.647730000317097 ], [ 600838.705540000111796, 8171136.947730001062155 ], [ 600839.005540000041947, 8171136.947730001062155 ], [ 600839.005540000041947, 8171146.24773000087589 ], [ 600839.305540000088513, 8171146.24773000087589 ], [ 600839.305540000088513, 8171149.847730000503361 ], [ 600839.005540000041947, 8171149.847730000503361 ], [ 600839.005540000041947, 8171150.147730000317097 ], [ 600836.90554000006523, 8171150.147730000317097 ], [ 600836.90554000006523, 8171150.447730001062155 ], [ 600835.705540000111796, 8171150.74773000087589 ], [ 600835.705540000111796, 8171151.347730000503361 ], [ 600835.105540000135079, 8171151.347730000503361 ], [ 600835.105540000135079, 8171151.647730000317097 ], [ 600834.205540000111796, 8171151.647730000317097 ], [ 600834.205540000111796, 8171151.347730000503361 ], [ 600833.605540000135079, 8171151.347730000503361 ], [ 600833.605540000135079, 8171151.647730000317097 ], [ 600828.505540000041947, 8171151.647730000317097 ] ] ] } },
{ "type": "Feature", "properties": { "id": 76, "instance": 148, "mean_prob": 0.748, "area_m2": 21.6, "split_by_accepted_cut": false }, "geometry": { "type": "Polygon", "coordinates": [ [ [ 600734.90554000006523, 8171140.847730000503361 ], [ 600734.605540000135079, 8171139.647730000317097 ], [ 600734.005540000041947, 8171139.647730000317097 ], [ 600733.705540000111796, 8171139.047730000689626 ], [ 600733.40554000006523, 8171139.047730000689626 ], [ 600733.705540000111796, 8171137.847730000503361 ], [ 600734.005540000041947, 8171137.847730000503361 ], [ 600734.005540000041947, 8171137.547730000689626 ], [ 600734.605540000135079, 8171137.547730000689626 ], [ 600734.90554000006523, 8171136.947730001062155 ], [ 600735.205540000111796, 8171136.947730001062155 ], [ 600735.205540000111796, 8171136.647730000317097 ], [ 600735.805540000088513, 8171136.647730000317097 ], [ 600736.40554000006523, 8171135.447730001062155 ], [ 600737.005540000041947, 8171135.447730001062155 ], [ 600737.005540000041947, 8171135.147730000317097 ], [ 600737.305540000088513, 8171135.147730000317097 ], [ 600737.305540000088513, 8171134.847730000503361 ], [ 600737.90554000006523, 8171134.547730000689626 ], [ 600738.205540000111796, 8171133.347730000503361 ], [ 600739.105540000135079, 8171133.347730000503361 ], [ 600739.105540000135079, 8171133.647730000317097 ], [ 600739.40554000006523, 8171133.647730000317097 ], [ 600739.40554000006523, 8171134.547730000689626 ], [ 600739.105540000135079, 8171134.547730000689626 ], [ 600739.105540000135079, 8171135.147730000317097 ], [ 600738.805540000088513, 8171135.147730000317097 ], [ 600738.805540000088513, 8171136.047730000689626 ], [ 600739.105540000135079, 8171136.047730000689626 ], [ 600739.40554000006523, 8171136.647730000317097 ], [ 600739.705540000111796, 8171136.647730000317097 ], [ 600739.705540000111796, 8171137.547730000689626 ], [ 600739.40554000006523, 8171137.547730000689626 ], [ 600739.105540000135079, 8171138.147730000317097 ], [ 600738.505540000041947, 8171138.147730000317097 ], [ 600738.505540000041947, 8171138.447730001062155 ], [ 600737.605540000135079, 8171138.447730001062155 ], [ 600737.605540000135079, 8171138.74773000087589 ], [ 600737.305540000088513, 8171138.74773000087589 ], [ 600737.305540000088513, 8171139.047730000689626 ], [ 600736.705540000111796, 8171139.347730000503361 ], [ 600736.705540000111796, 8171139.947730001062155 ], [ 600736.40554000006523, 8171139.947730001062155 ], [ 600736.40554000006523, 8171140.24773000087589 ], [ 600735.805540000088513, 8171140.547730000689626 ], [ 600735.805540000088513, 8171140.847730000503361 ], [ 600734.90554000006523, 8171140.847730000503361 ] ] ] } },
{ "type": "Feature", "properties": { "id": 77, "instance": 153, "mean_prob": 0.753, "area_m2": 13.8, "split_by_accepted_cut": false }, "geometry": { "type": "Polygon", "coordinates": [ [ [ 600862.705540000111796, 8171138.147730000317097 ], [ 600862.705540000111796, 8171136.347730000503361 ], [ 600862.40554000006523, 8171136.347730000503361 ], [ 600862.40554000006523, 8171133.047730000689626 ], [ 600862.705540000111796, 8171133.047730000689626 ], [ 600862.705540000111796, 8171132.147730000317097 ], [ 600864.805540000088513, 8171132.147730000317097 ], [ 600864.805540000088513, 8171133.947730001062155 ], [ 600864.505540000041947, 8171133.947730001062155 ], [ 600864.505540000041947, 8171134.24773000087589 ], [ 600864.805540000088513, 8171134.24773000087589 ], [ 600864.805540000088513, 8171134.847730000503361 ], [ 600865.105540000135079, 8171134.847730000503361 ], [ 600865.105540000135079, 8171135.447730001062155 ], [ 600864.805540000088513, 8171135.447730001062155 ], [ 600864.805540000088513, 8171136.947730001062155 ], [ 600865.105540000135079, 8171136.947730001062155 ], [ 600865.105540000135079, 8171137.847730000503361 ], [ 600864.205540000111796, 8171137.847730000503361 ], [ 600864.205540000111796, 8171138.147730000317097 ], [ 600862.705540000111796, 8171138.147730000317097 ] ] ] } },
{ "type": "Feature", "properties": { "id": 78, "instance": 132, "mean_prob": 0.919, "area_m2": 92.8, "split_by_accepted_cut": true }, "geometry": { "type": "Polygon", "coordinates": [ [ [ 600880.105540000135079, 8171145.047730000689626 ], [ 600880.105540000135079, 8171144.447730001062155 ], [ 600879.505540000041947, 8171144.447730001062155 ], [ 600879.505540000041947, 8171144.74773000087589 ], [ 600878.90554000006523, 8171144.74773000087589 ], [ 600878.90554000006523, 8171144.447730001062155 ], [ 600878.605540000135079, 8171144.447730001062155 ], [ 600878.605540000135079, 8171143.547730000689626 ], [ 600878.305540000088513, 8171143.547730000689626 ], [ 600878.305540000088513, 8171142.347730000503361 ], [ 600878.005540000041947, 8171142.347730000503361 ], [ 600878.005540000041947, 8171141.74773000087589 ], [ 600877.705540000111796, 8171141.74773000087589 ], [ 600877.705540000111796, 8171137.847730000503361 ], [ 600878.305540000088513, 8171137.547730000689626 ], [ 600878.305540000088513, 8171137.24773000087589 ], [ 600880.40554000006523, 8171137.24773000087589 ], [ 600880.40554000006523, 8171136.947730001062155 ], [ 600881.90554000006523, 8171136.947730001062155 ], [ 600881.90554000006523, 8171136.647730000317097 ], [ 600883.705540000111796, 8171136.647730000317097 ], [ 600884.005540000041947, 8171136.047730000689626 ], [ 600884.305540000088513, 8171136.047730000689626 ], [ 600884.005540000041947, 8171134.847730000503361 ], [ 600884.605540000135079, 8171134.547730000689626 ], [ 600884.605540000135079, 8171133.947730001062155 ], [ 600885.805540000088513, 8171133.947730001062155 ], [ 600885.805540000088513, 8171134.24773000087589 ], [ 600886.40554000006523, 8171134.24773000087589 ], [ 600886.40554000006523, 8171133.947730001062155 ], [ 600888.505540000041947, 8171133.947730001062155 ], [ 600888.505540000041947, 8171133.647730000317097 ], [ 600889.40554000006523, 8171133.647730000317097 ], [ 600889.40554000006523, 8171133.047730000689626 ], [ 600889.705540000111796, 8171133.047730000689626 ], [ 600889.705540000111796, 8171131.547730000689626 ], [ 600890.005540000041947, 8171131.547730000689626 ], [ 600890.005540000041947, 8171135.447730001062155 ], [ 600890.305540000088513, 8171135.447730001062155 ], [ 600890.305540000088513, 8171138.447730001062155 ], [ 600890.005540000041947, 8171138.447730001062155 ], [ 600890.005540000041947, 8171138.74773000087589 ], [ 600890.305540000088513, 8171138.74773000087589 ], [ 600890.305540000088513, 8171141.147730000317097 ], [ 600890.605540000135079, 8171141.147730000317097 ], [ 600890.605540000135079, 8171141.447730001062155 ], [ 600890.305540000088513, 8171141.447730001062155 ], [ 600890.305540000088513, 8171142.047730000689626 ], [ 600889.40554000006523, 8171142.047730000689626 ], [ 600889.40554000006523, 8171142.347730000503361 ], [ 600889.105540000135079, 8171142.347730000503361 ], [ 600889.105540000135079, 8171142.047730000689626 ], [ 600888.205540000111796, 8171142.047730000689626 ], [ 600888.205540000111796, 8171141.74773000087589 ], [ 600887.90554000006523, 8171141.74773000087589 ], [ 600887.90554000006523, 8171140.547730000689626 ], [ 600887.305540000088513, 8171140.24773000087589 ], [ 600887.305540000088513, 8171140.847730000503361 ], [ 600886.705540000111796, 8171141.147730000317097 ], [ 600886.40554000006523, 8171141.74773000087589 ], [ 600885.505540000041947, 8171141.74773000087589 ], [ 600885.505540000041947, 8171142.347730000503361 ], [ 600885.205540000111796, 8171142.347730000503361 ], [ 600885.205540000111796, 8171142.647730000317097 ], [ 600883.40554000006523, 8171142.647730000317097 ], [ 600883.40554000006523, 8171142.947730001062155 ], [ 600882.805540000088513, 8171142.947730001062155 ], [ 600882.505540000041947, 8171143.547730000689626 ], [ 600881.90554000006523, 8171143.547730000689626 ], [ 600881.90554000006523, 8171143.847730000503361 ], [ 600881.605540000135079, 8171143.847730000503361 ], [ 600881.305540000088513, 8171145.047730000689626 ], [ 600880.105540000135079, 8171145.047730000689626 ] ] ] } },
{ "type": "Feature", "properties": { "id": 79, "instance": 134, "mean_prob": 0.929, "area_m2": 138.5, "split_by_accepted_cut": true }, "geometry": { "type": "Polygon", "coordinates": [ [ [ 600875.305540000088513, 8171150.147730000317097 ], [ 600875.305540000088513, 8171149.547730000689626 ], [ 600875.005540000041947, 8171149.547730000689626 ], [ 600874.705540000111796, 8171148.947730001062155 ], [ 600871.40554000006523, 8171148.947730001062155 ], [ 600871.40554000006523, 8171148.647730000317097 ], [ 600871.105540000135079, 8171148.647730000317097 ], [ 600871.105540000135079, 8171145.647730000317097 ], [ 600870.805540000088513, 8171145.647730000317097 ], [ 600870.805540000088513, 8171144.447730001062155 ], [ 600871.105540000135079, 8171144.447730001062155 ], [ 600871.105540000135079, 8171143.547730000689626 ], [ 600870.805540000088513, 8171143.547730000689626 ], [ 600870.805540000088513, 8171142.347730000503361 ], [ 600870.505540000041947, 8171142.347730000503361 ], [ 600870.505540000041947, 8171141.74773000087589 ], [ 600870.205540000111796, 8171141.74773000087589 ], [ 600870.205540000111796, 8171137.24773000087589 ], [ 600870.505540000041947, 8171137.24773000087589 ], [ 600870.505540000041947, 8171136.347730000503361 ], [ 600870.205540000111796, 8171136.347730000503361 ], [ 600870.205540000111796, 8171135.447730001062155 ], [ 600870.505540000041947, 8171135.447730001062155 ], [ 600870.505540000041947, 8171133.347730000503361 ], [ 600870.205540000111796, 8171133.347730000503361 ], [ 600870.205540000111796, 8171130.947730001062155 ], [ 600870.505540000041947, 8171130.947730001062155 ], [ 600870.505540000041947, 8171130.347730000503361 ], [ 600870.805540000088513, 8171130.347730000503361 ], [ 600870.805540000088513, 8171130.047730000689626 ], [ 600876.205540000111796, 8171130.047730000689626 ], [ 600876.205540000111796, 8171130.347730000503361 ], [ 600877.105540000135079, 8171130.347730000503361 ], [ 600877.105540000135079, 8171131.847730000503361 ], [ 600877.40554000006523, 8171131.847730000503361 ], [ 600877.40554000006523, 8171133.647730000317097 ], [ 600877.705540000111796, 8171133.647730000317097 ], [ 600877.705540000111796, 8171134.547730000689626 ], [ 600878.305540000088513, 8171134.547730000689626 ], [ 600878.305540000088513, 8171135.74773000087589 ], [ 600878.005540000041947, 8171135.74773000087589 ], [ 600878.005540000041947, 8171136.347730000503361 ], [ 600876.505540000041947, 8171136.347730000503361 ], [ 600876.505540000041947, 8171136.047730000689626 ], [ 600874.40554000006523, 8171136.047730000689626 ], [ 600874.40554000006523, 8171136.347730000503361 ], [ 600874.105540000135079, 8171136.347730000503361 ], [ 600874.105540000135079, 8171136.947730001062155 ], [ 600874.40554000006523, 8171136.947730001062155 ], [ 600874.40554000006523, 8171137.24773000087589 ], [ 600876.505540000041947, 8171137.24773000087589 ], [ 600876.505540000041947, 8171136.947730001062155 ], [ 600877.705540000111796, 8171136.947730001062155 ], [ 600877.705540000111796, 8171136.647730000317097 ], [ 600880.105540000135079, 8171136.647730000317097 ], [ 600880.105540000135079, 8171136.947730001062155 ], [ 600880.40554000006523, 8171136.947730001062155 ], [ 600880.40554000006523, 8171137.24773000087589 ], [ 600878.305540000088513, 8171137.24773000087589 ], [ 600878.305540000088513, 8171137.547730000689626 ], [ 600877.705540000111796, 8171137.847730000503361 ], [ 600877.705540000111796, 8171141.74773000087589 ], [ 600878.005540000041947, 8171141.74773000087589 ], [ 600878.005540000041947, 8171142.347730000503361 ], [ 600878.305540000088513, 8171142.347730000503361 ], [ 600878.305540000088513, 8171143.547730000689626 ], [ 600878.605540000135079, 8171143.547730000689626 ], [ 600878.605540000135079, 8171144.447730001062155 ], [ 600878.90554000006523, 8171144.447730001062155 ], [ 600878.90554000006523, 8171144.74773000087589 ], [ 600878.005540000041947, 8171144.74773000087589 ], [ 600878.005540000041947, 8171145.047730000689626 ], [ 600877.705540000111796, 8171145.047730000689626 ], [ 600877.705540000111796, 8171145.347730000503361 ], [ 600878.005540000041947, 8171145.347730000503361 ], [ 600877.705540000111796, 8171145.947730001062155 ], [ 600878.305540000088513, 8171145.947730001062155 ], [ 600878.305540000088513, 8171146.547730000689626 ], [ 600878.005540000041947, 8171146.547730000689626 ], [ 600878.005540000041947, 8171146.847730000503361 ], [ 600878.305540000088513, 8171146.847730000503361 ], [ 600878.605540000135079, 8171148.047730000689626 ], [ 600878.305540000088513, 8171148.047730000689626 ], [ 600878.305540000088513, 8171148.347730000503361 ], [ 600877.705540000111796, 8171148.647730000317097 ], [ 600877.705540000111796, 8171148.947730001062155 ], [ 600876.505540000041947, 8171148.947730001062155 ], [ 600876.505540000041947, 8171149.24773000087589 ], [ 600877.105540000135079, 8171149.547730000689626 ], [ 600877.40554000006523, 8171150.147730000317097 ], [ 600875.305540000088513, 8171150.147730000317097 ] ] ] } },
{ "type": "Feature", "properties": { "id": 80, "instance": 149, "mean_prob": 0.897, "area_m2": 60.2, "split_by_accepted_cut": false }, "geometry": { "type": "Polygon", "coordinates": [ [ [ 600741.205540000111796, 8171140.24773000087589 ], [ 600741.205540000111796, 8171138.447730001062155 ], [ 600740.90554000006523, 8171138.447730001062155 ], [ 600740.605540000135079, 8171135.447730001062155 ], [ 600740.90554000006523, 8171135.447730001062155 ], [ 600740.90554000006523, 8171135.147730000317097 ], [ 600741.505540000041947, 8171135.147730000317097 ], [ 600741.505540000041947, 8171134.847730000503361 ], [ 600741.805540000088513, 8171134.847730000503361 ], [ 600741.805540000088513, 8171134.24773000087589 ], [ 600742.105540000135079, 8171134.24773000087589 ], [ 600742.105540000135079, 8171133.947730001062155 ], [ 600741.805540000088513, 8171133.947730001062155 ], [ 600741.805540000088513, 8171133.047730000689626 ], [ 600742.105540000135079, 8171133.047730000689626 ], [ 600742.105540000135079, 8171131.847730000503361 ], [ 600741.805540000088513, 8171131.847730000503361 ], [ 600741.805540000088513, 8171130.047730000689626 ], [ 600742.105540000135079, 8171130.047730000689626 ], [ 600742.105540000135079, 8171129.74773000087589 ], [ 600743.305540000088513, 8171129.74773000087589 ], [ 600743.305540000088513, 8171129.447730001062155 ], [ 600743.605540000135079, 8171129.447730001062155 ], [ 600743.90554000006523, 8171130.047730000689626 ], [ 600744.805540000088513, 8171130.047730000689626 ], [ 600744.805540000088513, 8171130.347730000503361 ], [ 600745.40554000006523, 8171130.347730000503361 ], [ 600745.40554000006523, 8171130.647730000317097 ], [ 600745.705540000111796, 8171130.647730000317097 ], [ 600745.705540000111796, 8171132.147730000317097 ], [ 600745.40554000006523, 8171132.147730000317097 ], [ 600745.40554000006523, 8171132.74773000087589 ], [ 600745.705540000111796, 8171132.74773000087589 ], [ 600746.005540000041947, 8171133.347730000503361 ], [ 600747.505540000041947, 8171133.347730000503361 ], [ 600747.505540000041947, 8171133.647730000317097 ], [ 600748.105540000135079, 8171133.647730000317097 ], [ 600748.105540000135079, 8171133.947730001062155 ], [ 600748.40554000006523, 8171133.947730001062155 ], [ 600748.40554000006523, 8171134.547730000689626 ], [ 600747.805540000088513, 8171134.847730000503361 ], [ 600747.805540000088513, 8171135.147730000317097 ], [ 600747.505540000041947, 8171135.147730000317097 ], [ 600747.505540000041947, 8171135.447730001062155 ], [ 600747.805540000088513, 8171135.447730001062155 ], [ 600747.805540000088513, 8171136.047730000689626 ], [ 600748.105540000135079, 8171136.047730000689626 ], [ 600748.105540000135079, 8171136.947730001062155 ], [ 600748.40554000006523, 8171136.947730001062155 ], [ 600748.705540000111796, 8171139.347730000503361 ], [ 600748.40554000006523, 8171139.347730000503361 ], [ 600748.40554000006523, 8171139.647730000317097 ], [ 600746.605540000135079, 8171139.647730000317097 ], [ 600746.605540000135079, 8171139.947730001062155 ], [ 600745.705540000111796, 8171139.947730001062155 ], [ 600745.705540000111796, 8171140.24773000087589 ], [ 600741.205540000111796, 8171140.24773000087589 ] ] ] } },
{ "type": "Feature", "properties": { "id": 81, "instance": 155, "mean_prob": 0.885, "area_m2": 36.8, "split_by_accepted_cut": false }, "geometry": { "type": "Polygon", "coordinates": [ [ [ 600824.305540000088513, 8171136.647730000317097 ], [ 600824.305540000088513, 8171136.347730000503361 ], [ 600824.005540000041947, 8171136.347730000503361 ], [ 600824.005540000041947, 8171134.847730000503361 ], [ 600824.305540000088513, 8171134.847730000503361 ], [ 600824.305540000088513, 8171134.547730000689626 ], [ 600824.005540000041947, 8171134.547730000689626 ], [ 600824.005540000041947, 8171133.947730001062155 ], [ 600823.705540000111796, 8171133.947730001062155 ], [ 600823.705540000111796, 8171133.647730000317097 ], [ 600824.005540000041947, 8171133.647730000317097 ], [ 600823.705540000111796, 8171130.647730000317097 ], [ 600824.005540000041947, 8171130.647730000317097 ], [ 600824.005540000041947, 8171130.347730000503361 ], [ 600825.505540000041947, 8171130.347730000503361 ], [ 600825.805540000088513, 8171129.74773000087589 ], [ 600826.40554000006523, 8171129.74773000087589 ], [ 600826.40554000006523, 8171129.447730001062155 ], [ 600827.305540000088513, 8171129.447730001062155 ], [ 600827.305540000088513, 8171129.147730000317097 ], [ 600829.40554000006523, 8171129.147730000317097 ], [ 600829.40554000006523, 8171129.447730001062155 ], [ 600830.005540000041947, 8171129.447730001062155 ], [ 600830.005540000041947, 8171129.74773000087589 ], [ 600830.605540000135079, 8171130.047730000689626 ], [ 600830.605540000135079, 8171130.647730000317097 ], [ 600830.305540000088513, 8171130.647730000317097 ], [ 600830.605540000135079, 8171134.24773000087589 ], [ 600830.305540000088513, 8171134.24773000087589 ], [ 600830.005540000041947, 8171134.847730000503361 ], [ 600829.705540000111796, 8171134.847730000503361 ], [ 600829.705540000111796, 8171134.547730000689626 ], [ 600829.105540000135079, 8171134.547730000689626 ], [ 600829.105540000135079, 8171134.24773000087589 ], [ 600827.305540000088513, 8171134.24773000087589 ], [ 600827.305540000088513, 8171134.547730000689626 ], [ 600825.805540000088513, 8171134.547730000689626 ], [ 600825.805540000088513, 8171134.847730000503361 ], [ 600827.005540000041947, 8171134.847730000503361 ], [ 600827.005540000041947, 8171135.147730000317097 ], [ 600827.305540000088513, 8171135.147730000317097 ], [ 600827.005540000041947, 8171136.347730000503361 ], [ 600826.105540000135079, 8171136.347730000503361 ], [ 600826.105540000135079, 8171136.047730000689626 ], [ 600825.505540000041947, 8171136.047730000689626 ], [ 600825.505540000041947, 8171136.347730000503361 ], [ 600824.605540000135079, 8171136.347730000503361 ], [ 600824.605540000135079, 8171136.647730000317097 ], [ 600824.305540000088513, 8171136.647730000317097 ] ] ] } },
{ "type": "Feature", "properties": { "id": 82, "instance": 156, "mean_prob": 0.892, "area_m2": 31.9, "split_by_accepted_cut": false }, "geometry": { "type": "Polygon", "coordinates": [ [ [ 600842.305540000088513, 8171136.047730000689626 ], [ 600842.305540000088513, 8171135.74773000087589 ], [ 600842.005540000041947, 8171135.74773000087589 ], [ 600842.005540000041947, 8171135.447730001062155 ], [ 600842.305540000088513, 8171135.447730001062155 ], [ 600842.305540000088513, 8171134.547730000689626 ], [ 600842.005540000041947, 8171134.547730000689626 ], [ 600842.005540000041947, 8171133.947730001062155 ], [ 600841.40554000006523, 8171133.947730001062155 ], [ 600841.40554000006523, 8171133.647730000317097 ], [ 600841.105540000135079, 8171133.647730000317097 ], [ 600841.105540000135079, 8171132.74773000087589 ], [ 600840.805540000088513, 8171132.74773000087589 ], [ 600840.805540000088513, 8171129.74773000087589 ], [ 600840.505540000041947, 8171129.74773000087589 ], [ 600840.505540000041947, 8171129.147730000317097 ], [ 600841.105540000135079, 8171129.147730000317097 ], [ 600841.105540000135079, 8171128.847730000503361 ], [ 600841.705540000111796, 8171128.847730000503361 ], [ 600841.705540000111796, 8171128.547730000689626 ], [ 600843.805540000088513, 8171128.547730000689626 ], [ 600843.805540000088513, 8171128.847730000503361 ], [ 600844.705540000111796, 8171128.847730000503361 ], [ 600844.705540000111796, 8171129.147730000317097 ], [ 600845.305540000088513, 8171129.147730000317097 ], [ 600845.305540000088513, 8171129.447730001062155 ], [ 600845.90554000006523, 8171129.447730001062155 ], [ 600845.90554000006523, 8171130.347730000503361 ], [ 600846.205540000111796, 8171130.347730000503361 ], [ 600846.205540000111796, 8171133.947730001062155 ], [ 600845.005540000041947, 8171134.547730000689626 ], [ 600845.005540000041947, 8171135.147730000317097 ], [ 600844.105540000135079, 8171135.147730000317097 ], [ 600844.105540000135079, 8171135.447730001062155 ], [ 600843.505540000041947, 8171135.447730001062155 ], [ 600843.205540000111796, 8171136.047730000689626 ], [ 600842.305540000088513, 8171136.047730000689626 ] ] ] } },
{ "type": "Feature", "properties": { "id": 83, "instance": 146, "mean_prob": 0.865, "area_m2": 124.5, "split_by_accepted_cut": false }, "geometry": { "type": "Polygon", "coordinates": [ [ [ 600850.105540000135079, 8171147.147730000317097 ], [ 600850.105540000135079, 8171146.847730000503361 ], [ 600849.505540000041947, 8171146.547730000689626 ], [ 600849.505540000041947, 8171145.047730000689626 ], [ 600849.805540000088513, 8171145.047730000689626 ], [ 600849.805540000088513, 8171144.147730000317097 ], [ 600850.105540000135079, 8171144.147730000317097 ], [ 600850.40554000006523, 8171143.547730000689626 ], [ 600850.705540000111796, 8171143.547730000689626 ], [ 600850.705540000111796, 8171142.647730000317097 ], [ 600850.40554000006523, 8171142.647730000317097 ], [ 600850.40554000006523, 8171142.347730000503361 ], [ 600849.805540000088513, 8171142.347730000503361 ], [ 600849.805540000088513, 8171140.847730000503361 ], [ 600850.40554000006523, 8171140.847730000503361 ], [ 600850.40554000006523, 8171140.547730000689626 ], [ 600851.005540000041947, 8171140.547730000689626 ], [ 600851.005540000041947, 8171140.24773000087589 ], [ 600849.805540000088513, 8171139.647730000317097 ], [ 600849.505540000041947, 8171137.847730000503361 ], [ 600849.805540000088513, 8171137.847730000503361 ], [ 600849.805540000088513, 8171137.547730000689626 ], [ 600852.505540000041947, 8171137.547730000689626 ], [ 600852.505540000041947, 8171136.947730001062155 ], [ 600852.805540000088513, 8171136.947730001062155 ], [ 600852.805540000088513, 8171136.647730000317097 ], [ 600852.205540000111796, 8171136.347730000503361 ], [ 600852.205540000111796, 8171134.847730000503361 ], [ 600851.90554000006523, 8171134.847730000503361 ], [ 600851.90554000006523, 8171135.147730000317097 ], [ 600850.40554000006523, 8171135.147730000317097 ], [ 600850.40554000006523, 8171134.847730000503361 ], [ 600850.105540000135079, 8171134.847730000503361 ], [ 600850.105540000135079, 8171134.24773000087589 ], [ 600849.505540000041947, 8171133.947730001062155 ], [ 600849.505540000041947, 8171133.347730000503361 ], [ 600849.205540000111796, 8171133.347730000503361 ], [ 600849.505540000041947, 8171130.947730001062155 ], [ 600849.205540000111796, 8171130.947730001062155 ], [ 600849.205540000111796, 8171129.147730000317097 ], [ 600848.90554000006523, 8171129.147730000317097 ], [ 600848.90554000006523, 8171128.24773000087589 ], [ 600849.205540000111796, 8171128.24773000087589 ], [ 600849.205540000111796, 8171127.947730001062155 ], [ 600851.005540000041947, 8171127.947730001062155 ], [ 600851.005540000041947, 8171128.24773000087589 ], [ 600853.105540000135079, 8171128.24773000087589 ], [ 600853.105540000135079, 8171128.547730000689626 ], [ 600853.705540000111796, 8171128.547730000689626 ], [ 600853.705540000111796, 8171128.847730000503361 ], [ 600854.005540000041947, 8171128.847730000503361 ], [ 600854.005540000041947, 8171128.547730000689626 ], [ 600854.605540000135079, 8171128.847730000503361 ], [ 600854.605540000135079, 8171129.74773000087589 ], [ 600854.305540000088513, 8171129.74773000087589 ], [ 600854.305540000088513, 8171130.347730000503361 ], [ 600853.705540000111796, 8171130.647730000317097 ], [ 600853.705540000111796, 8171130.947730001062155 ], [ 600853.105540000135079, 8171130.947730001062155 ], [ 600853.105540000135079, 8171131.24773000087589 ], [ 600852.805540000088513, 8171131.24773000087589 ], [ 600852.805540000088513, 8171132.447730001062155 ], [ 600853.105540000135079, 8171132.447730001062155 ], [ 600853.40554000006523, 8171133.047730000689626 ], [ 600853.705540000111796, 8171133.047730000689626 ], [ 600853.705540000111796, 8171133.647730000317097 ], [ 600854.005540000041947, 8171133.647730000317097 ], [ 600854.005540000041947, 8171134.547730000689626 ], [ 600853.705540000111796, 8171134.547730000689626 ], [ 600853.705540000111796, 8171137.24773000087589 ], [ 600853.40554000006523, 8171137.24773000087589 ], [ 600853.40554000006523, 8171137.547730000689626 ], [ 600852.805540000088513, 8171137.547730000689626 ], [ 600852.805540000088513, 8171138.147730000317097 ], [ 600853.105540000135079, 8171138.147730000317097 ], [ 600853.105540000135079, 8171138.447730001062155 ], [ 600854.005540000041947, 8171138.447730001062155 ], [ 600854.005540000041947, 8171138.147730000317097 ], [ 600854.605540000135079, 8171138.147730000317097 ], [ 600854.605540000135079, 8171137.847730000503361 ], [ 600855.805540000088513, 8171137.847730000503361 ], [ 600855.805540000088513, 8171137.547730000689626 ], [ 600856.705540000111796, 8171137.547730000689626 ], [ 600856.705540000111796, 8171137.847730000503361 ], [ 600857.90554000006523, 8171137.847730000503361 ], [ 600858.205540000111796, 8171138.447730001062155 ], [ 600858.505540000041947, 8171138.447730001062155 ], [ 600858.505540000041947, 8171138.74773000087589 ], [ 600858.805540000088513, 8171138.74773000087589 ], [ 600858.805540000088513, 8171139.047730000689626 ], [ 600859.40554000006523, 8171139.347730000503361 ], [ 600859.40554000006523, 8171140.547730000689626 ], [ 600859.105540000135079, 8171140.547730000689626 ], [ 600859.105540000135079, 8171142.947730001062155 ], [ 600860.305540000088513, 8171142.947730001062155 ], [ 600860.305540000088513, 8171143.24773000087589 ], [ 600861.805540000088513, 8171143.24773000087589 ], [ 600861.805540000088513, 8171144.147730000317097 ], [ 600862.105540000135079, 8171144.147730000317097 ], [ 600862.105540000135079, 8171146.547730000689626 ], [ 600861.805540000088513, 8171146.547730000689626 ], [ 600861.805540000088513, 8171146.847730000503361 ], [ 600860.605540000135079, 8171146.847730000503361 ], [ 600860.605540000135079, 8171146.547730000689626 ], [ 600857.305540000088513, 8171146.547730000689626 ], [ 600857.305540000088513, 8171146.847730000503361 ], [ 600857.005540000041947, 8171146.847730000503361 ], [ 600857.005540000041947, 8171146.547730000689626 ], [ 600855.205540000111796, 8171146.547730000689626 ], [ 600855.205540000111796, 8171146.847730000503361 ], [ 600852.205540000111796, 8171146.547730000689626 ], [ 600852.205540000111796, 8171146.847730000503361 ], [ 600851.605540000135079, 8171146.847730000503361 ], [ 600851.605540000135079, 8171147.147730000317097 ], [ 600850.105540000135079, 8171147.147730000317097 ] ] ] } },
{ "type": "Feature", "properties": { "id": 84, "instance": 157, "mean_prob": 0.887, "area_m2": 55.7, "split_by_accepted_cut": true }, "geometry": { "type": "Polygon", "coordinates": [ [ [ 600761.605540000135079, 8171135.447730001062155 ], [ 600761.605540000135079, 8171135.147730000317097 ], [ 600761.305540000088513, 8171135.147730000317097 ], [ 600761.305540000088513, 8171134.24773000087589 ], [ 600761.605540000135079, 8171134.24773000087589 ], [ 600761.605540000135079, 8171133.047730000689626 ], [ 600761.005540000041947, 8171133.047730000689626 ], [ 600761.005540000041947, 8171133.347730000503361 ], [ 600760.705540000111796, 8171133.347730000503361 ], [ 600760.705540000111796, 8171133.947730001062155 ], [ 600759.505540000041947, 8171133.947730001062155 ], [ 600759.505540000041947, 8171134.24773000087589 ], [ 600758.005540000041947, 8171134.24773000087589 ], [ 600758.005540000041947, 8171133.947730001062155 ], [ 600757.40554000006523, 8171133.947730001062155 ], [ 600757.40554000006523, 8171133.647730000317097 ], [ 600756.805540000088513, 8171133.347730000503361 ], [ 600756.805540000088513, 8171132.147730000317097 ], [ 600756.505540000041947, 8171132.147730000317097 ], [ 600756.505540000041947, 8171129.74773000087589 ], [ 600756.205540000111796, 8171129.74773000087589 ], [ 600756.205540000111796, 8171127.347730000503361 ], [ 600756.505540000041947, 8171127.347730000503361 ], [ 600756.505540000041947, 8171126.447730001062155 ], [ 600761.005540000041947, 8171126.447730001062155 ], [ 600761.005540000041947, 8171125.847730000503361 ], [ 600762.205540000111796, 8171125.847730000503361 ], [ 600762.505540000041947, 8171126.447730001062155 ], [ 600763.105540000135079, 8171126.447730001062155 ], [ 600763.105540000135079, 8171127.047730000689626 ], [ 600763.40554000006523, 8171127.047730000689626 ], [ 600763.40554000006523, 8171130.347730000503361 ], [ 600763.705540000111796, 8171130.347730000503361 ], [ 600763.705540000111796, 8171134.24773000087589 ], [ 600764.005540000041947, 8171134.24773000087589 ], [ 600764.005540000041947, 8171135.147730000317097 ], [ 600763.705540000111796, 8171135.147730000317097 ], [ 600763.705540000111796, 8171135.447730001062155 ], [ 600761.605540000135079, 8171135.447730001062155 ] ], [ [ 600761.305540000088513, 8171132.147730000317097 ], [ 600761.605540000135079, 8171132.147730000317097 ], [ 600761.605540000135079, 8171130.947730001062155 ], [ 600761.305540000088513, 8171130.947730001062155 ], [ 600761.305540000088513, 8171130.347730000503361 ], [ 600761.005540000041947, 8171130.347730000503361 ], [ 600761.005540000041947, 8171131.847730000503361 ], [ 600761.305540000088513, 8171131.847730000503361 ], [ 600761.305540000088513, 8171132.147730000317097 ] ], [ [ 600761.005540000041947, 8171127.347730000503361 ], [ 600761.305540000088513, 8171127.347730000503361 ], [ 600761.305540000088513, 8171126.74773000087589 ], [ 600760.705540000111796, 8171126.74773000087589 ], [ 600761.005540000041947, 8171127.347730000503361 ] ] ] } },
{ "type": "Feature", "properties": { "id": 85, "instance": 158, "mean_prob": 0.89, "area_m2": 64.2, "split_by_accepted_cut": true }, "geometry": { "type": "Polygon", "coordinates": [ [ [ 600749.605540000135079, 8171127.347730000503361 ], [ 600749.605540000135079, 8171127.047730000689626 ], [ 600749.305540000088513, 8171127.047730000689626 ], [ 600749.305540000088513, 8171126.447730001062155 ], [ 600748.705540000111796, 8171126.447730001062155 ], [ 600748.705540000111796, 8171126.74773000087589 ], [ 600748.105540000135079, 8171126.447730001062155 ], [ 600747.505540000041947, 8171124.047730000689626 ], [ 600747.805540000088513, 8171124.047730000689626 ], [ 600747.805540000088513, 8171123.447730001062155 ], [ 600748.705540000111796, 8171123.447730001062155 ], [ 600748.705540000111796, 8171123.74773000087589 ], [ 600749.005540000041947, 8171123.74773000087589 ], [ 600749.005540000041947, 8171122.547730000689626 ], [ 600749.305540000088513, 8171122.547730000689626 ], [ 600749.305540000088513, 8171121.947730001062155 ], [ 600749.90554000006523, 8171121.947730001062155 ], [ 600749.90554000006523, 8171121.647730000317097 ], [ 600751.40554000006523, 8171121.647730000317097 ], [ 600751.40554000006523, 8171121.347730000503361 ], [ 600756.205540000111796, 8171121.347730000503361 ], [ 600756.205540000111796, 8171121.647730000317097 ], [ 600757.705540000111796, 8171121.647730000317097 ], [ 600757.705540000111796, 8171121.947730001062155 ], [ 600759.505540000041947, 8171121.947730001062155 ], [ 600759.505540000041947, 8171122.24773000087589 ], [ 600760.40554000006523, 8171122.24773000087589 ], [ 600760.40554000006523, 8171122.547730000689626 ], [ 600760.705540000111796, 8171122.547730000689626 ], [ 600760.705540000111796, 8171124.047730000689626 ], [ 600761.005540000041947, 8171124.047730000689626 ], [ 600761.005540000041947, 8171126.447730001062155 ], [ 600756.505540000041947, 8171126.447730001062155 ], [ 600756.505540000041947, 8171126.74773000087589 ], [ 600754.40554000006523, 8171126.74773000087589 ], [ 600754.40554000006523, 8171127.047730000689626 ], [ 600750.805540000088513, 8171127.047730000689626 ], [ 600750.805540000088513, 8171127.347730000503361 ], [ 600749.605540000135079, 8171127.347730000503361 ] ] ] } },
{ "type": "Feature", "properties": { "id": 86, "instance": 135, "mean_prob": 0.951, "area_m2": 138.6, "split_by_accepted_cut": true }, "geometry": { "type": "Polygon", "coordinates": [ [ [ 600885.805540000088513, 8171134.24773000087589 ], [ 600885.805540000088513, 8171133.947730001062155 ], [ 600883.705540000111796, 8171133.947730001062155 ], [ 600883.705540000111796, 8171133.647730000317097 ], [ 600883.105540000135079, 8171133.647730000317097 ], [ 600883.105540000135079, 8171133.347730000503361 ], [ 600882.805540000088513, 8171133.347730000503361 ], [ 600882.805540000088513, 8171132.447730001062155 ], [ 600883.105540000135079, 8171132.447730001062155 ], [ 600883.105540000135079, 8171129.447730001062155 ], [ 600882.505540000041947, 8171129.447730001062155 ], [ 600882.505540000041947, 8171129.147730000317097 ], [ 600881.305540000088513, 8171129.147730000317097 ], [ 600881.305540000088513, 8171128.847730000503361 ], [ 600880.105540000135079, 8171128.847730000503361 ], [ 600880.105540000135079, 8171128.547730000689626 ], [ 600878.605540000135079, 8171128.547730000689626 ], [ 600878.605540000135079, 8171128.24773000087589 ], [ 600874.705540000111796, 8171128.24773000087589 ], [ 600874.705540000111796, 8171127.947730001062155 ], [ 600874.40554000006523, 8171127.947730001062155 ], [ 600874.40554000006523, 8171127.047730000689626 ], [ 600874.705540000111796, 8171127.047730000689626 ], [ 600874.705540000111796, 8171126.74773000087589 ], [ 600874.40554000006523, 8171126.74773000087589 ], [ 600874.40554000006523, 8171126.147730000317097 ], [ 600874.105540000135079, 8171126.147730000317097 ], [ 600874.105540000135079, 8171125.24773000087589 ], [ 600873.805540000088513, 8171125.24773000087589 ], [ 600873.805540000088513, 8171124.647730000317097 ], [ 600873.505540000041947, 8171124.647730000317097 ], [ 600873.505540000041947, 8171124.347730000503361 ], [ 600873.805540000088513, 8171124.347730000503361 ], [ 600873.805540000088513, 8171122.847730000503361 ], [ 600874.105540000135079, 8171122.847730000503361 ], [ 600874.105540000135079, 8171122.547730000689626 ], [ 600874.705540000111796, 8171122.24773000087589 ], [ 600874.705540000111796, 8171121.947730001062155 ], [ 600875.305540000088513, 8171121.947730001062155 ], [ 600875.305540000088513, 8171121.647730000317097 ], [ 600875.90554000006523, 8171121.647730000317097 ], [ 600875.90554000006523, 8171121.347730000503361 ], [ 600876.805540000088513, 8171121.347730000503361 ], [ 600876.805540000088513, 8171121.647730000317097 ], [ 600878.005540000041947, 8171121.647730000317097 ], [ 600878.005540000041947, 8171121.347730000503361 ], [ 600878.605540000135079, 8171121.347730000503361 ], [ 600878.605540000135079, 8171121.047730000689626 ], [ 600879.205540000111796, 8171121.047730000689626 ], [ 600879.205540000111796, 8171121.347730000503361 ], [ 600882.505540000041947, 8171121.347730000503361 ], [ 600882.505540000041947, 8171121.047730000689626 ], [ 600884.005540000041947, 8171121.047730000689626 ], [ 600884.005540000041947, 8171120.74773000087589 ], [ 600885.205540000111796, 8171120.74773000087589 ], [ 600885.205540000111796, 8171120.447730001062155 ], [ 600886.105540000135079, 8171120.447730001062155 ], [ 600886.105540000135079, 8171120.74773000087589 ], [ 600887.305540000088513, 8171121.047730000689626 ], [ 600887.605540000135079, 8171121.647730000317097 ], [ 600888.205540000111796, 8171121.647730000317097 ], [ 600888.205540000111796, 8171121.947730001062155 ], [ 600888.505540000041947, 8171121.947730001062155 ], [ 600888.505540000041947, 8171123.147730000317097 ], [ 600888.205540000111796, 8171123.147730000317097 ], [ 600888.205540000111796, 8171124.647730000317097 ], [ 600888.505540000041947, 8171124.647730000317097 ], [ 600888.505540000041947, 8171127.647730000317097 ], [ 600888.805540000088513, 8171127.647730000317097 ], [ 600888.805540000088513, 8171128.847730000503361 ], [ 600889.40554000006523, 8171129.147730000317097 ], [ 600889.40554000006523, 8171130.347730000503361 ], [ 600889.705540000111796, 8171130.347730000503361 ], [ 600889.705540000111796, 8171133.047730000689626 ], [ 600889.40554000006523, 8171133.047730000689626 ], [ 600889.40554000006523, 8171133.647730000317097 ], [ 600888.505540000041947, 8171133.647730000317097 ], [ 600888.505540000041947, 8171133.947730001062155 ], [ 600886.40554000006523, 8171133.947730001062155 ], [ 600886.40554000006523, 8171134.24773000087589 ], [ 600885.805540000088513, 8171134.24773000087589 ] ], [ [ 600879.205540000111796, 8171128.24773000087589 ], [ 600879.805540000088513, 8171127.947730001062155 ], [ 600879.805540000088513, 8171127.347730000503361 ], [ 600879.505540000041947, 8171127.347730000503361 ], [ 600879.505540000041947, 8171127.047730000689626 ], [ 600879.205540000111796, 8171127.047730000689626 ], [ 600879.205540000111796, 8171128.24773000087589 ] ] ] } },
{ "type": "Feature", "properties": { "id": 87, "instance": 161, "mean_prob": 0.859, "area_m2": 99.6, "split_by_accepted_cut": false }, "geometry": { "type": "Polygon", "coordinates": [ [ [ 600860.90554000006523, 8171128.547730000689626 ], [ 600860.90554000006523, 8171128.24773000087589 ], [ 600860.005540000041947, 8171128.24773000087589 ], [ 600860.005540000041947, 8171127.947730001062155 ], [ 600859.40554000006523, 8171127.947730001062155 ], [ 600859.105540000135079, 8171126.74773000087589 ], [ 600858.505540000041947, 8171126.447730001062155 ], [ 600858.505540000041947, 8171124.647730000317097 ], [ 600857.90554000006523, 8171124.647730000317097 ], [ 600857.90554000006523, 8171124.347730000503361 ], [ 600856.705540000111796, 8171124.347730000503361 ], [ 600856.705540000111796, 8171124.647730000317097 ], [ 600856.105540000135079, 8171124.647730000317097 ], [ 600856.105540000135079, 8171126.447730001062155 ], [ 600855.505540000041947, 8171126.74773000087589 ], [ 600855.205540000111796, 8171127.347730000503361 ], [ 600854.305540000088513, 8171127.347730000503361 ], [ 600854.305540000088513, 8171126.74773000087589 ], [ 600853.705540000111796, 8171126.74773000087589 ], [ 600853.705540000111796, 8171126.447730001062155 ], [ 600853.40554000006523, 8171126.447730001062155 ], [ 600853.40554000006523, 8171125.847730000503361 ], [ 600854.005540000041947, 8171125.547730000689626 ], [ 600854.005540000041947, 8171124.947730001062155 ], [ 600854.305540000088513, 8171124.947730001062155 ], [ 600854.605540000135079, 8171123.74773000087589 ], [ 600854.305540000088513, 8171123.74773000087589 ], [ 600854.305540000088513, 8171123.447730001062155 ], [ 600853.705540000111796, 8171123.447730001062155 ], [ 600853.705540000111796, 8171123.147730000317097 ], [ 600852.805540000088513, 8171123.147730000317097 ], [ 600852.805540000088513, 8171124.047730000689626 ], [ 600852.505540000041947, 8171124.047730000689626 ], [ 600852.805540000088513, 8171126.447730001062155 ], [ 600852.505540000041947, 8171126.447730001062155 ], [ 600852.505540000041947, 8171126.74773000087589 ], [ 600851.90554000006523, 8171126.74773000087589 ], [ 600851.90554000006523, 8171127.047730000689626 ], [ 600849.505540000041947, 8171127.047730000689626 ], [ 600849.205540000111796, 8171126.447730001062155 ], [ 600848.90554000006523, 8171126.447730001062155 ], [ 600849.205540000111796, 8171125.24773000087589 ], [ 600848.90554000006523, 8171125.24773000087589 ], [ 600848.605540000135079, 8171121.047730000689626 ], [ 600848.305540000088513, 8171121.047730000689626 ], [ 600848.305540000088513, 8171119.24773000087589 ], [ 600848.005540000041947, 8171119.24773000087589 ], [ 600848.005540000041947, 8171118.047730000689626 ], [ 600848.305540000088513, 8171118.047730000689626 ], [ 600848.305540000088513, 8171117.147730000317097 ], [ 600849.505540000041947, 8171116.847730000503361 ], [ 600849.505540000041947, 8171117.147730000317097 ], [ 600850.40554000006523, 8171117.147730000317097 ], [ 600850.40554000006523, 8171117.447730001062155 ], [ 600851.605540000135079, 8171117.447730001062155 ], [ 600851.605540000135079, 8171117.147730000317097 ], [ 600852.805540000088513, 8171117.147730000317097 ], [ 600852.805540000088513, 8171116.847730000503361 ], [ 600853.705540000111796, 8171116.847730000503361 ], [ 600853.705540000111796, 8171117.147730000317097 ], [ 600854.90554000006523, 8171117.147730000317097 ], [ 600854.90554000006523, 8171116.847730000503361 ], [ 600857.005540000041947, 8171116.847730000503361 ], [ 600857.005540000041947, 8171117.147730000317097 ], [ 600857.605540000135079, 8171117.147730000317097 ], [ 600857.605540000135079, 8171117.447730001062155 ], [ 600857.90554000006523, 8171117.447730001062155 ], [ 600857.90554000006523, 8171118.047730000689626 ], [ 600858.205540000111796, 8171118.047730000689626 ], [ 600858.205540000111796, 8171118.647730000317097 ], [ 600858.505540000041947, 8171118.647730000317097 ], [ 600858.505540000041947, 8171120.147730000317097 ], [ 600858.205540000111796, 8171120.147730000317097 ], [ 600858.205540000111796, 8171121.647730000317097 ], [ 600858.505540000041947, 8171121.647730000317097 ], [ 600858.505540000041947, 8171122.847730000503361 ], [ 600858.805540000088513, 8171122.847730000503361 ], [ 600858.805540000088513, 8171123.147730000317097 ], [ 600859.705540000111796, 8171123.147730000317097 ], [ 600859.705540000111796, 8171122.847730000503361 ], [ 600860.305540000088513, 8171122.847730000503361 ], [ 600860.305540000088513, 8171123.147730000317097 ], [ 600860.605540000135079, 8171123.147730000317097 ], [ 600860.605540000135079, 8171123.74773000087589 ], [ 600860.90554000006523, 8171123.74773000087589 ], [ 600860.90554000006523, 8171124.047730000689626 ], [ 600861.505540000041947, 8171124.047730000689626 ], [ 600861.505540000041947, 8171126.447730001062155 ], [ 600861.805540000088513, 8171126.447730001062155 ], [ 600861.805540000088513, 8171127.947730001062155 ], [ 600861.505540000041947, 8171127.947730001062155 ], [ 600861.205540000111796, 8171128.547730000689626 ], [ 600860.90554000006523, 8171128.547730000689626 ] ], [ [ 600854.605540000135079, 8171126.447730001062155 ], [ 600854.90554000006523, 8171126.447730001062155 ], [ 600854.90554000006523, 8171126.147730000317097 ], [ 600854.605540000135079, 8171126.147730000317097 ], [ 600854.605540000135079, 8171126.447730001062155 ] ] ] } },
{ "type": "Feature", "properties": { "id": 88, "instance": 167, "mean_prob": 0.866, "area_m2": 15.7, "split_by_accepted_cut": false }, "geometry": { "type": "Polygon", "coordinates": [ [ [ 600800.605540000135079, 8171119.24773000087589 ], [ 600800.605540000135079, 8171118.947730001062155 ], [ 600800.305540000088513, 8171118.947730001062155 ], [ 600800.305540000088513, 8171117.447730001062155 ], [ 600800.005540000041947, 8171117.447730001062155 ], [ 600800.005540000041947, 8171116.547730000689626 ], [ 600800.305540000088513, 8171116.547730000689626 ], [ 600800.605540000135079, 8171115.947730001062155 ], [ 600804.205540000111796, 8171115.947730001062155 ], [ 600804.205540000111796, 8171116.24773000087589 ], [ 600804.805540000088513, 8171116.24773000087589 ], [ 600804.805540000088513, 8171116.847730000503361 ], [ 600805.105540000135079, 8171116.847730000503361 ], [ 600805.105540000135079, 8171118.347730000503361 ], [ 600805.40554000006523, 8171118.347730000503361 ], [ 600805.40554000006523, 8171119.24773000087589 ], [ 600800.605540000135079, 8171119.24773000087589 ] ] ] } },
{ "type": "Feature", "properties": { "id": 89, "instance": 137, "mean_prob": 0.808, "area_m2": 63.2, "split_by_accepted_cut": true }, "geometry": { "type": "Polygon", "coordinates": [ [ [ 600868.705540000111796, 8171121.647730000317097 ], [ 600868.40554000006523, 8171121.047730000689626 ], [ 600868.705540000111796, 8171121.047730000689626 ], [ 600868.705540000111796, 8171120.447730001062155 ], [ 600869.005540000041947, 8171120.447730001062155 ], [ 600869.005540000041947, 8171120.147730000317097 ], [ 600868.705540000111796, 8171120.147730000317097 ], [ 600868.705540000111796, 8171118.647730000317097 ], [ 600868.40554000006523, 8171118.647730000317097 ], [ 600868.40554000006523, 8171115.047730000689626 ], [ 600868.705540000111796, 8171115.047730000689626 ], [ 600868.705540000111796, 8171113.847730000503361 ], [ 600869.005540000041947, 8171113.847730000503361 ], [ 600869.005540000041947, 8171113.547730000689626 ], [ 600869.305540000088513, 8171113.547730000689626 ], [ 600869.305540000088513, 8171114.147730000317097 ], [ 600869.605540000135079, 8171114.147730000317097 ], [ 600869.605540000135079, 8171114.74773000087589 ], [ 600869.90554000006523, 8171114.74773000087589 ], [ 600869.90554000006523, 8171115.047730000689626 ], [ 600870.805540000088513, 8171115.047730000689626 ], [ 600870.805540000088513, 8171114.74773000087589 ], [ 600871.40554000006523, 8171114.447730001062155 ], [ 600871.40554000006523, 8171114.147730000317097 ], [ 600874.40554000006523, 8171114.147730000317097 ], [ 600874.40554000006523, 8171114.447730001062155 ], [ 600875.005540000041947, 8171114.447730001062155 ], [ 600875.305540000088513, 8171115.047730000689626 ], [ 600875.90554000006523, 8171115.047730000689626 ], [ 600876.205540000111796, 8171115.647730000317097 ], [ 600877.40554000006523, 8171115.647730000317097 ], [ 600877.40554000006523, 8171115.947730001062155 ], [ 600877.705540000111796, 8171115.947730001062155 ], [ 600877.705540000111796, 8171115.647730000317097 ], [ 600878.305540000088513, 8171115.647730000317097 ], [ 600878.305540000088513, 8171115.947730001062155 ], [ 600878.90554000006523, 8171115.947730001062155 ], [ 600878.90554000006523, 8171117.447730001062155 ], [ 600878.605540000135079, 8171117.447730001062155 ], [ 600878.605540000135079, 8171117.74773000087589 ], [ 600878.90554000006523, 8171117.74773000087589 ], [ 600878.90554000006523, 8171119.847730000503361 ], [ 600878.605540000135079, 8171119.847730000503361 ], [ 600878.605540000135079, 8171120.74773000087589 ], [ 600878.305540000088513, 8171120.74773000087589 ], [ 600878.605540000135079, 8171121.347730000503361 ], [ 600878.005540000041947, 8171121.347730000503361 ], [ 600878.005540000041947, 8171121.647730000317097 ], [ 600876.805540000088513, 8171121.647730000317097 ], [ 600876.805540000088513, 8171121.347730000503361 ], [ 600875.90554000006523, 8171121.347730000503361 ], [ 600875.90554000006523, 8171121.047730000689626 ], [ 600875.305540000088513, 8171120.74773000087589 ], [ 600875.305540000088513, 8171120.447730001062155 ], [ 600874.705540000111796, 8171120.447730001062155 ], [ 600874.705540000111796, 8171120.74773000087589 ], [ 600874.105540000135079, 8171120.74773000087589 ], [ 600873.805540000088513, 8171121.347730000503361 ], [ 600872.90554000006523, 8171121.347730000503361 ], [ 600872.90554000006523, 8171121.047730000689626 ], [ 600872.305540000088513, 8171121.047730000689626 ], [ 600872.305540000088513, 8171120.74773000087589 ], [ 600870.805540000088513, 8171120.74773000087589 ], [ 600870.505540000041947, 8171121.347730000503361 ], [ 600868.705540000111796, 8171121.647730000317097 ] ], [ [ 600870.205540000111796, 8171118.947730001062155 ], [ 600870.805540000088513, 8171118.947730001062155 ], [ 600870.805540000088513, 8171118.647730000317097 ], [ 600871.105540000135079, 8171118.647730000317097 ], [ 600871.105540000135079, 8171118.047730000689626 ], [ 600870.805540000088513, 8171118.047730000689626 ], [ 600870.805540000088513, 8171117.447730001062155 ], [ 600870.505540000041947, 8171117.447730001062155 ], [ 600870.505540000041947, 8171116.847730000503361 ], [ 600870.205540000111796, 8171116.847730000503361 ], [ 600870.205540000111796, 8171116.547730000689626 ], [ 600869.605540000135079, 8171116.547730000689626 ], [ 600869.605540000135079, 8171118.047730000689626 ], [ 600869.90554000006523, 8171118.047730000689626 ], [ 600869.90554000006523, 8171118.647730000317097 ], [ 600870.205540000111796, 8171118.647730000317097 ], [ 600870.205540000111796, 8171118.947730001062155 ] ] ] } },
{ "type": "Feature", "properties": { "id": 90, "instance": 164, "mean_prob": 0.831, "area_m2": 38.2, "split_by_accepted_cut": false }, "geometry": { "type": "Polygon", "coordinates": [ [ [ 600862.705540000111796, 8171121.347730000503361 ], [ 600862.705540000111796, 8171120.147730000317097 ], [ 600862.105540000135079, 8171119.847730000503361 ], [ 600862.105540000135079, 8171118.947730001062155 ], [ 600861.805540000088513, 8171118.947730001062155 ], [ 600861.805540000088513, 8171116.547730000689626 ], [ 600861.505540000041947, 8171116.547730000689626 ], [ 600861.505540000041947, 8171113.847730000503361 ], [ 600860.90554000006523, 8171113.547730000689626 ], [ 600860.90554000006523, 8171112.947730001062155 ], [ 600861.205540000111796, 8171112.947730001062155 ], [ 600861.505540000041947, 8171112.347730000503361 ], [ 600861.805540000088513, 8171112.347730000503361 ], [ 600861.805540000088513, 8171112.647730000317097 ], [ 600863.605540000135079, 8171112.647730000317097 ], [ 600863.605540000135079, 8171112.347730000503361 ], [ 600864.805540000088513, 8171112.047730000689626 ], [ 600864.805540000088513, 8171112.347730000503361 ], [ 600865.105540000135079, 8171112.347730000503361 ], [ 600865.105540000135079, 8171112.947730001062155 ], [ 600865.40554000006523, 8171112.947730001062155 ], [ 600865.40554000006523, 8171113.547730000689626 ], [ 600866.005540000041947, 8171113.547730000689626 ], [ 600866.005540000041947, 8171113.847730000503361 ], [ 600866.305540000088513, 8171113.847730000503361 ], [ 600866.305540000088513, 8171114.447730001062155 ], [ 600866.90554000006523, 8171114.74773000087589 ], [ 600867.205540000111796, 8171118.947730001062155 ], [ 600866.90554000006523, 8171118.947730001062155 ], [ 600866.90554000006523, 8171119.547730000689626 ], [ 600866.605540000135079, 8171119.547730000689626 ], [ 600866.605540000135079, 8171119.847730000503361 ], [ 600866.005540000041947, 8171119.547730000689626 ], [ 600866.005540000041947, 8171118.047730000689626 ], [ 600866.305540000088513, 8171118.047730000689626 ], [ 600866.305540000088513, 8171116.847730000503361 ], [ 600865.705540000111796, 8171116.547730000689626 ], [ 600865.705540000111796, 8171116.847730000503361 ], [ 600865.40554000006523, 8171116.847730000503361 ], [ 600865.40554000006523, 8171119.547730000689626 ], [ 600865.105540000135079, 8171119.547730000689626 ], [ 600865.105540000135079, 8171120.147730000317097 ], [ 600864.805540000088513, 8171120.147730000317097 ], [ 600864.805540000088513, 8171121.347730000503361 ], [ 600862.705540000111796, 8171121.347730000503361 ] ] ] } },
{ "type": "Feature", "properties": { "id": 91, "instance": 139, "mean_prob": 0.958, "area_m2": 337.6, "split_by_accepted_cut": true }, "geometry": { "type": "Polygon", "coordinates": [ [ [ 600813.505540000041947, 8171142.947730001062155 ], [ 600813.505540000041947, 8171141.447730001062155 ], [ 600812.605540000135079, 8171141.447730001062155 ], [ 600812.605540000135079, 8171141.147730000317097 ], [ 600812.305540000088513, 8171141.147730000317097 ], [ 600812.305540000088513, 8171140.547730000689626 ], [ 600812.005540000041947, 8171140.547730000689626 ], [ 600812.005540000041947, 8171140.847730000503361 ], [ 600810.505540000041947, 8171140.847730000503361 ], [ 600810.505540000041947, 8171140.24773000087589 ], [ 600810.205540000111796, 8171140.24773000087589 ], [ 600810.205540000111796, 8171133.947730001062155 ], [ 600810.505540000041947, 8171133.947730001062155 ], [ 600810.505540000041947, 8171133.047730000689626 ], [ 600810.205540000111796, 8171133.047730000689626 ], [ 600810.205540000111796, 8171124.647730000317097 ], [ 600812.005540000041947, 8171124.647730000317097 ], [ 600812.005540000041947, 8171124.347730000503361 ], [ 600813.805540000088513, 8171124.347730000503361 ], [ 600813.805540000088513, 8171124.047730000689626 ], [ 600814.105540000135079, 8171124.047730000689626 ], [ 600814.105540000135079, 8171123.74773000087589 ], [ 600813.805540000088513, 8171123.74773000087589 ], [ 600813.805540000088513, 8171118.047730000689626 ], [ 600813.505540000041947, 8171118.047730000689626 ], [ 600813.505540000041947, 8171115.047730000689626 ], [ 600813.805540000088513, 8171115.047730000689626 ], [ 600813.805540000088513, 8171114.147730000317097 ], [ 600814.105540000135079, 8171114.147730000317097 ], [ 600814.105540000135079, 8171110.847730000503361 ], [ 600813.805540000088513, 8171110.847730000503361 ], [ 600813.805540000088513, 8171109.947730001062155 ], [ 600814.105540000135079, 8171109.947730001062155 ], [ 600814.105540000135079, 8171109.647730000317097 ], [ 600815.305540000088513, 8171109.647730000317097 ], [ 600815.305540000088513, 8171108.74773000087589 ], [ 600815.90554000006523, 8171108.74773000087589 ], [ 600815.90554000006523, 8171109.347730000503361 ], [ 600816.205540000111796, 8171109.347730000503361 ], [ 600816.205540000111796, 8171109.047730000689626 ], [ 600816.505540000041947, 8171109.047730000689626 ], [ 600816.505540000041947, 8171109.347730000503361 ], [ 600822.805540000088513, 8171109.347730000503361 ], [ 600822.805540000088513, 8171109.047730000689626 ], [ 600824.005540000041947, 8171108.74773000087589 ], [ 600824.305540000088513, 8171108.147730000317097 ], [ 600826.705540000111796, 8171108.147730000317097 ], [ 600826.705540000111796, 8171107.547730000689626 ], [ 600827.305540000088513, 8171107.24773000087589 ], [ 600827.305540000088513, 8171106.947730001062155 ], [ 600827.605540000135079, 8171106.947730001062155 ], [ 600827.605540000135079, 8171106.647730000317097 ], [ 600828.205540000111796, 8171106.647730000317097 ], [ 600828.205540000111796, 8171106.947730001062155 ], [ 600828.505540000041947, 8171106.947730001062155 ], [ 600828.505540000041947, 8171110.847730000503361 ], [ 600828.205540000111796, 8171110.847730000503361 ], [ 600828.205540000111796, 8171112.647730000317097 ], [ 600828.505540000041947, 8171112.647730000317097 ], [ 600828.505540000041947, 8171113.847730000503361 ], [ 600827.90554000006523, 8171114.147730000317097 ], [ 600827.90554000006523, 8171114.447730001062155 ], [ 600827.305540000088513, 8171114.447730001062155 ], [ 600827.305540000088513, 8171114.74773000087589 ], [ 600825.205540000111796, 8171114.74773000087589 ], [ 600825.205540000111796, 8171115.047730000689626 ], [ 600822.805540000088513, 8171115.047730000689626 ], [ 600822.805540000088513, 8171115.347730000503361 ], [ 600822.505540000041947, 8171115.347730000503361 ], [ 600822.505540000041947, 8171116.24773000087589 ], [ 600822.805540000088513, 8171116.24773000087589 ], [ 600822.805540000088513, 8171123.447730001062155 ], [ 600823.105540000135079, 8171123.447730001062155 ], [ 600823.105540000135079, 8171123.74773000087589 ], [ 600822.805540000088513, 8171123.74773000087589 ], [ 600822.805540000088513, 8171125.847730000503361 ], [ 600823.105540000135079, 8171125.847730000503361 ], [ 600823.105540000135079, 8171126.74773000087589 ], [ 600822.805540000088513, 8171126.74773000087589 ], [ 600822.805540000088513, 8171127.047730000689626 ], [ 600820.40554000006523, 8171127.047730000689626 ], [ 600820.40554000006523, 8171133.047730000689626 ], [ 600820.105540000135079, 8171133.047730000689626 ], [ 600820.105540000135079, 8171133.347730000503361 ], [ 600816.805540000088513, 8171133.347730000503361 ], [ 600816.805540000088513, 8171133.647730000317097 ], [ 600816.205540000111796, 8171133.647730000317097 ], [ 600816.205540000111796, 8171134.547730000689626 ], [ 600816.805540000088513, 8171134.847730000503361 ], [ 600816.805540000088513, 8171135.447730001062155 ], [ 600817.105540000135079, 8171135.447730001062155 ], [ 600817.40554000006523, 8171136.047730000689626 ], [ 600818.005540000041947, 8171136.047730000689626 ], [ 600818.005540000041947, 8171136.347730000503361 ], [ 600818.305540000088513, 8171136.347730000503361 ], [ 600818.305540000088513, 8171137.24773000087589 ], [ 600818.605540000135079, 8171137.24773000087589 ], [ 600818.605540000135079, 8171139.047730000689626 ], [ 600818.305540000088513, 8171139.047730000689626 ], [ 600818.305540000088513, 8171142.647730000317097 ], [ 600818.005540000041947, 8171142.647730000317097 ], [ 600818.005540000041947, 8171142.947730001062155 ], [ 600813.505540000041947, 8171142.947730001062155 ] ] ] } },
{ "type": "Feature", "properties": { "id": 92, "instance": 171, "mean_prob": 0.675, "area_m2": 26.3, "split_by_accepted_cut": true }, "geometry": { "type": "Polygon", "coordinates": [ [ [ 600784.705540000111796, 8171115.047730000689626 ], [ 600784.705540000111796, 8171114.147730000317097 ], [ 600784.105540000135079, 8171114.147730000317097 ], [ 600784.105540000135079, 8171113.547730000689626 ], [ 600783.805540000088513, 8171113.547730000689626 ], [ 600783.805540000088513, 8171112.047730000689626 ], [ 600783.505540000041947, 8171112.047730000689626 ], [ 600783.505540000041947, 8171109.947730001062155 ], [ 600783.805540000088513, 8171109.947730001062155 ], [ 600783.805540000088513, 8171109.647730000317097 ], [ 600784.40554000006523, 8171109.647730000317097 ], [ 600784.40554000006523, 8171109.947730001062155 ], [ 600785.605540000135079, 8171110.24773000087589 ], [ 600785.605540000135079, 8171109.647730000317097 ], [ 600785.005540000041947, 8171109.647730000317097 ], [ 600785.005540000041947, 8171109.047730000689626 ], [ 600785.305540000088513, 8171109.047730000689626 ], [ 600785.305540000088513, 8171108.447730001062155 ], [ 600785.605540000135079, 8171108.447730001062155 ], [ 600785.605540000135079, 8171107.847730000503361 ], [ 600784.40554000006523, 8171107.847730000503361 ], [ 600784.40554000006523, 8171107.547730000689626 ], [ 600784.705540000111796, 8171107.547730000689626 ], [ 600785.005540000041947, 8171106.947730001062155 ], [ 600785.305540000088513, 8171106.947730001062155 ], [ 600785.305540000088513, 8171106.647730000317097 ], [ 600787.705540000111796, 8171106.347730000503361 ], [ 600787.705540000111796, 8171106.047730000689626 ], [ 600789.205540000111796, 8171106.047730000689626 ], [ 600789.205540000111796, 8171107.24773000087589 ], [ 600788.90554000006523, 8171107.24773000087589 ], [ 600788.90554000006523, 8171108.147730000317097 ], [ 600789.205540000111796, 8171108.147730000317097 ], [ 600789.205540000111796, 8171108.447730001062155 ], [ 600788.90554000006523, 8171108.447730001062155 ], [ 600788.90554000006523, 8171109.347730000503361 ], [ 600788.605540000135079, 8171109.347730000503361 ], [ 600788.605540000135079, 8171109.647730000317097 ], [ 600788.90554000006523, 8171109.647730000317097 ], [ 600788.90554000006523, 8171110.24773000087589 ], [ 600789.205540000111796, 8171110.24773000087589 ], [ 600789.205540000111796, 8171110.847730000503361 ], [ 600788.90554000006523, 8171110.847730000503361 ], [ 600788.90554000006523, 8171111.447730001062155 ], [ 600788.605540000135079, 8171111.447730001062155 ], [ 600788.605540000135079, 8171112.347730000503361 ], [ 600788.005540000041947, 8171112.347730000503361 ], [ 600788.005540000041947, 8171112.047730000689626 ], [ 600787.705540000111796, 8171112.047730000689626 ], [ 600787.705540000111796, 8171111.147730000317097 ], [ 600787.40554000006523, 8171111.147730000317097 ], [ 600787.40554000006523, 8171110.847730000503361 ], [ 600786.805540000088513, 8171111.147730000317097 ], [ 600786.805540000088513, 8171111.74773000087589 ], [ 600786.505540000041947, 8171111.74773000087589 ], [ 600786.505540000041947, 8171111.447730001062155 ], [ 600785.605540000135079, 8171111.447730001062155 ], [ 600785.605540000135079, 8171111.147730000317097 ], [ 600785.305540000088513, 8171111.147730000317097 ], [ 600785.305540000088513, 8171111.447730001062155 ], [ 600785.005540000041947, 8171111.447730001062155 ], [ 600785.005540000041947, 8171113.847730000503361 ], [ 600785.305540000088513, 8171113.847730000503361 ], [ 600785.305540000088513, 8171115.047730000689626 ], [ 600784.705540000111796, 8171115.047730000689626 ] ] ] } },
{ "type": "Feature", "properties": { "id": 93, "instance": 168, "mean_prob": 0.889, "area_m2": 102.9, "split_by_accepted_cut": false }, "geometry": { "type": "Polygon", "coordinates": [ [ [ 600757.105540000135079, 8171117.147730000317097 ], [ 600757.105540000135079, 8171116.847730000503361 ], [ 600756.505540000041947, 8171116.847730000503361 ], [ 600756.505540000041947, 8171115.947730001062155 ], [ 600757.105540000135079, 8171115.647730000317097 ], [ 600757.105540000135079, 8171115.047730000689626 ], [ 600757.40554000006523, 8171115.047730000689626 ], [ 600757.40554000006523, 8171114.74773000087589 ], [ 600758.005540000041947, 8171114.447730001062155 ], [ 600758.005540000041947, 8171114.147730000317097 ], [ 600758.305540000088513, 8171114.147730000317097 ], [ 600758.305540000088513, 8171113.847730000503361 ], [ 600758.605540000135079, 8171113.847730000503361 ], [ 600758.90554000006523, 8171113.24773000087589 ], [ 600759.505540000041947, 8171112.947730001062155 ], [ 600759.505540000041947, 8171112.647730000317097 ], [ 600759.805540000088513, 8171112.647730000317097 ], [ 600759.805540000088513, 8171112.347730000503361 ], [ 600760.105540000135079, 8171112.347730000503361 ], [ 600760.40554000006523, 8171111.74773000087589 ], [ 600761.005540000041947, 8171111.447730001062155 ], [ 600761.005540000041947, 8171111.147730000317097 ], [ 600761.605540000135079, 8171110.847730000503361 ], [ 600761.90554000006523, 8171110.24773000087589 ], [ 600762.505540000041947, 8171110.24773000087589 ], [ 600762.505540000041947, 8171109.947730001062155 ], [ 600762.805540000088513, 8171109.947730001062155 ], [ 600762.805540000088513, 8171109.647730000317097 ], [ 600763.105540000135079, 8171109.647730000317097 ], [ 600763.40554000006523, 8171109.047730000689626 ], [ 600763.705540000111796, 8171109.047730000689626 ], [ 600764.005540000041947, 8171108.447730001062155 ], [ 600764.305540000088513, 8171108.447730001062155 ], [ 600764.605540000135079, 8171107.847730000503361 ], [ 600765.205540000111796, 8171107.847730000503361 ], [ 600765.205540000111796, 8171107.24773000087589 ], [ 600765.805540000088513, 8171106.947730001062155 ], [ 600765.805540000088513, 8171106.647730000317097 ], [ 600767.90554000006523, 8171106.647730000317097 ], [ 600767.90554000006523, 8171106.347730000503361 ], [ 600768.505540000041947, 8171106.047730000689626 ], [ 600768.205540000111796, 8171104.847730000503361 ], [ 600768.805540000088513, 8171104.547730000689626 ], [ 600768.805540000088513, 8171103.947730001062155 ], [ 600769.105540000135079, 8171103.947730001062155 ], [ 600769.105540000135079, 8171103.647730000317097 ], [ 600769.705540000111796, 8171103.347730000503361 ], [ 600769.705540000111796, 8171103.047730000689626 ], [ 600770.305540000088513, 8171102.74773000087589 ], [ 600770.305540000088513, 8171102.447730001062155 ], [ 600770.605540000135079, 8171102.447730001062155 ], [ 600770.605540000135079, 8171102.147730000317097 ], [ 600771.205540000111796, 8171101.847730000503361 ], [ 600771.205540000111796, 8171101.547730000689626 ], [ 600771.805540000088513, 8171101.24773000087589 ], [ 600771.805540000088513, 8171100.947730001062155 ], [ 600772.105540000135079, 8171100.947730001062155 ], [ 600772.105540000135079, 8171100.647730000317097 ], [ 600772.705540000111796, 8171100.347730000503361 ], [ 600773.005540000041947, 8171099.74773000087589 ], [ 600774.205540000111796, 8171099.74773000087589 ], [ 600774.205540000111796, 8171100.047730000689626 ], [ 600774.505540000041947, 8171100.047730000689626 ], [ 600774.205540000111796, 8171101.24773000087589 ], [ 600773.90554000006523, 8171101.24773000087589 ], [ 600773.90554000006523, 8171102.447730001062155 ], [ 600774.205540000111796, 8171102.447730001062155 ], [ 600774.205540000111796, 8171103.347730000503361 ], [ 600774.505540000041947, 8171103.347730000503361 ], [ 600774.505540000041947, 8171103.947730001062155 ], [ 600775.105540000135079, 8171104.24773000087589 ], [ 600775.105540000135079, 8171104.847730000503361 ], [ 600775.40554000006523, 8171104.847730000503361 ], [ 600775.40554000006523, 8171105.447730001062155 ], [ 600775.105540000135079, 8171105.447730001062155 ], [ 600775.105540000135079, 8171106.347730000503361 ], [ 600774.505540000041947, 8171106.647730000317097 ], [ 600774.505540000041947, 8171106.947730001062155 ], [ 600773.90554000006523, 8171107.24773000087589 ], [ 600773.90554000006523, 8171107.547730000689626 ], [ 600773.305540000088513, 8171107.847730000503361 ], [ 600773.305540000088513, 8171108.147730000317097 ], [ 600772.705540000111796, 8171108.147730000317097 ], [ 600772.705540000111796, 8171108.447730001062155 ], [ 600772.40554000006523, 8171108.447730001062155 ], [ 600772.105540000135079, 8171109.047730000689626 ], [ 600771.805540000088513, 8171109.047730000689626 ], [ 600771.805540000088513, 8171109.347730000503361 ], [ 600771.205540000111796, 8171109.647730000317097 ], [ 600771.205540000111796, 8171109.947730001062155 ], [ 600770.90554000006523, 8171109.947730001062155 ], [ 600770.90554000006523, 8171110.24773000087589 ], [ 600770.305540000088513, 8171110.547730000689626 ], [ 600770.305540000088513, 8171110.847730000503361 ], [ 600770.005540000041947, 8171110.847730000503361 ], [ 600770.005540000041947, 8171111.147730000317097 ], [ 600768.805540000088513, 8171111.147730000317097 ], [ 600768.805540000088513, 8171111.447730001062155 ], [ 600768.505540000041947, 8171111.447730001062155 ], [ 600768.205540000111796, 8171112.047730000689626 ], [ 600767.605540000135079, 8171112.047730000689626 ], [ 600767.605540000135079, 8171112.347730000503361 ], [ 600767.005540000041947, 8171112.647730000317097 ], [ 600767.005540000041947, 8171112.947730001062155 ], [ 600766.40554000006523, 8171113.24773000087589 ], [ 600766.40554000006523, 8171113.547730000689626 ], [ 600765.805540000088513, 8171113.547730000689626 ], [ 600765.805540000088513, 8171113.847730000503361 ], [ 600764.605540000135079, 8171114.147730000317097 ], [ 600764.605540000135079, 8171114.447730001062155 ], [ 600762.505540000041947, 8171114.447730001062155 ], [ 600762.505540000041947, 8171114.74773000087589 ], [ 600761.305540000088513, 8171114.74773000087589 ], [ 600761.305540000088513, 8171115.047730000689626 ], [ 600761.005540000041947, 8171115.047730000689626 ], [ 600760.705540000111796, 8171115.647730000317097 ], [ 600760.40554000006523, 8171115.647730000317097 ], [ 600760.40554000006523, 8171115.947730001062155 ], [ 600759.505540000041947, 8171115.947730001062155 ], [ 600759.205540000111796, 8171116.547730000689626 ], [ 600758.605540000135079, 8171116.547730000689626 ], [ 600758.305540000088513, 8171117.147730000317097 ], [ 600757.105540000135079, 8171117.147730000317097 ] ] ] } },
{ "type": "Feature", "properties": { "id": 94, "instance": 140, "mean_prob": 0.966, "area_m2": 154.0, "split_by_accepted_cut": true }, "geometry": { "type": "Polygon", "coordinates": [ [ [ 600815.90554000006523, 8171109.347730000503361 ], [ 600815.90554000006523, 8171108.74773000087589 ], [ 600815.305540000088513, 8171108.74773000087589 ], [ 600815.305540000088513, 8171107.24773000087589 ], [ 600815.005540000041947, 8171107.24773000087589 ], [ 600814.705540000111796, 8171099.447730001062155 ], [ 600814.40554000006523, 8171099.447730001062155 ], [ 600814.40554000006523, 8171098.547730000689626 ], [ 600814.705540000111796, 8171098.547730000689626 ], [ 600814.705540000111796, 8171098.24773000087589 ], [ 600815.605540000135079, 8171098.24773000087589 ], [ 600815.605540000135079, 8171097.947730001062155 ], [ 600822.805540000088513, 8171097.947730001062155 ], [ 600823.40554000006523, 8171096.74773000087589 ], [ 600825.205540000111796, 8171096.74773000087589 ], [ 600825.205540000111796, 8171096.447730001062155 ], [ 600826.105540000135079, 8171096.447730001062155 ], [ 600826.105540000135079, 8171096.147730000317097 ], [ 600826.40554000006523, 8171096.147730000317097 ], [ 600826.40554000006523, 8171097.047730000689626 ], [ 600826.705540000111796, 8171097.047730000689626 ], [ 600827.005540000041947, 8171097.647730000317097 ], [ 600827.605540000135079, 8171097.647730000317097 ], [ 600827.605540000135079, 8171097.947730001062155 ], [ 600828.805540000088513, 8171097.947730001062155 ], [ 600828.805540000088513, 8171098.24773000087589 ], [ 600829.705540000111796, 8171098.24773000087589 ], [ 600829.705540000111796, 8171098.547730000689626 ], [ 600830.005540000041947, 8171098.547730000689626 ], [ 600830.005540000041947, 8171099.74773000087589 ], [ 600830.305540000088513, 8171099.74773000087589 ], [ 600830.305540000088513, 8171101.24773000087589 ], [ 600827.90554000006523, 8171101.24773000087589 ], [ 600828.205540000111796, 8171106.647730000317097 ], [ 600827.605540000135079, 8171106.647730000317097 ], [ 600827.605540000135079, 8171106.947730001062155 ], [ 600827.305540000088513, 8171106.947730001062155 ], [ 600827.305540000088513, 8171107.24773000087589 ], [ 600826.705540000111796, 8171107.547730000689626 ], [ 600826.705540000111796, 8171108.147730000317097 ], [ 600824.305540000088513, 8171108.147730000317097 ], [ 600824.005540000041947, 8171108.74773000087589 ], [ 600823.40554000006523, 8171108.74773000087589 ], [ 600823.40554000006523, 8171109.047730000689626 ], [ 600822.805540000088513, 8171109.047730000689626 ], [ 600822.805540000088513, 8171109.347730000503361 ], [ 600816.505540000041947, 8171109.347730000503361 ], [ 600816.505540000041947, 8171109.047730000689626 ], [ 600815.90554000006523, 8171109.347730000503361 ] ] ] } },
{ "type": "Feature", "properties": { "id": 95, "instance": 174, "mean_prob": 0.959, "area_m2": 171.3, "split_by_accepted_cut": false }, "geometry": { "type": "Polygon", "coordinates": [ [ [ 600803.605540000135079, 8171109.947730001062155 ], [ 600803.605540000135079, 8171109.347730000503361 ], [ 600802.40554000006523, 8171108.74773000087589 ], [ 600802.40554000006523, 8171105.74773000087589 ], [ 600802.105540000135079, 8171105.74773000087589 ], [ 600802.105540000135079, 8171103.647730000317097 ], [ 600801.805540000088513, 8171103.647730000317097 ], [ 600801.805540000088513, 8171103.047730000689626 ], [ 600801.505540000041947, 8171103.047730000689626 ], [ 600801.505540000041947, 8171102.147730000317097 ], [ 600802.705540000111796, 8171102.147730000317097 ], [ 600802.705540000111796, 8171100.047730000689626 ], [ 600802.40554000006523, 8171100.047730000689626 ], [ 600802.40554000006523, 8171099.147730000317097 ], [ 600801.805540000088513, 8171099.147730000317097 ], [ 600801.805540000088513, 8171098.847730000503361 ], [ 600801.205540000111796, 8171098.847730000503361 ], [ 600801.205540000111796, 8171099.147730000317097 ], [ 600800.305540000088513, 8171099.147730000317097 ], [ 600800.305540000088513, 8171098.847730000503361 ], [ 600799.105540000135079, 8171098.847730000503361 ], [ 600799.105540000135079, 8171098.547730000689626 ], [ 600798.505540000041947, 8171098.24773000087589 ], [ 600798.505540000041947, 8171097.347730000503361 ], [ 600798.805540000088513, 8171097.347730000503361 ], [ 600798.805540000088513, 8171097.047730000689626 ], [ 600798.505540000041947, 8171097.047730000689626 ], [ 600798.505540000041947, 8171094.347730000503361 ], [ 600805.705540000111796, 8171094.347730000503361 ], [ 600805.705540000111796, 8171094.047730000689626 ], [ 600806.605540000135079, 8171094.047730000689626 ], [ 600806.605540000135079, 8171094.347730000503361 ], [ 600807.505540000041947, 8171094.347730000503361 ], [ 600807.505540000041947, 8171094.647730000317097 ], [ 600807.805540000088513, 8171094.647730000317097 ], [ 600807.805540000088513, 8171094.947730001062155 ], [ 600808.105540000135079, 8171094.947730001062155 ], [ 600808.40554000006523, 8171095.547730000689626 ], [ 600809.005540000041947, 8171095.847730000503361 ], [ 600809.005540000041947, 8171096.447730001062155 ], [ 600809.305540000088513, 8171096.447730001062155 ], [ 600809.305540000088513, 8171096.74773000087589 ], [ 600809.90554000006523, 8171096.74773000087589 ], [ 600809.90554000006523, 8171097.047730000689626 ], [ 600810.805540000088513, 8171097.047730000689626 ], [ 600810.805540000088513, 8171097.347730000503361 ], [ 600811.40554000006523, 8171097.647730000317097 ], [ 600811.40554000006523, 8171098.24773000087589 ], [ 600812.305540000088513, 8171098.24773000087589 ], [ 600812.305540000088513, 8171098.547730000689626 ], [ 600812.605540000135079, 8171098.547730000689626 ], [ 600812.605540000135079, 8171102.74773000087589 ], [ 600813.205540000111796, 8171103.047730000689626 ], [ 600813.505540000041947, 8171103.647730000317097 ], [ 600813.805540000088513, 8171103.647730000317097 ], [ 600813.805540000088513, 8171109.347730000503361 ], [ 600812.005540000041947, 8171109.347730000503361 ], [ 600812.005540000041947, 8171109.647730000317097 ], [ 600810.805540000088513, 8171109.647730000317097 ], [ 600810.805540000088513, 8171109.947730001062155 ], [ 600803.605540000135079, 8171109.947730001062155 ] ] ] } },
{ "type": "Feature", "properties": { "id": 96, "instance": 172, "mean_prob": 0.932, "area_m2": 127.6, "split_by_accepted_cut": true }, "geometry": { "type": "Polygon", "coordinates": [ [ [ 600782.90554000006523, 8171109.647730000317097 ], [ 600782.90554000006523, 8171109.347730000503361 ], [ 600782.605540000135079, 8171109.347730000503361 ], [ 600782.605540000135079, 8171108.147730000317097 ], [ 600782.305540000088513, 8171108.147730000317097 ], [ 600782.305540000088513, 8171107.547730000689626 ], [ 600782.005540000041947, 8171107.547730000689626 ], [ 600782.005540000041947, 8171106.947730001062155 ], [ 600781.705540000111796, 8171106.947730001062155 ], [ 600781.705540000111796, 8171106.347730000503361 ], [ 600781.40554000006523, 8171106.347730000503361 ], [ 600781.40554000006523, 8171105.447730001062155 ], [ 600781.105540000135079, 8171105.447730001062155 ], [ 600781.40554000006523, 8171104.847730000503361 ], [ 600781.105540000135079, 8171104.847730000503361 ], [ 600781.105540000135079, 8171103.647730000317097 ], [ 600780.805540000088513, 8171103.647730000317097 ], [ 600780.805540000088513, 8171102.447730001062155 ], [ 600781.105540000135079, 8171102.447730001062155 ], [ 600781.105540000135079, 8171102.147730000317097 ], [ 600780.805540000088513, 8171102.147730000317097 ], [ 600780.805540000088513, 8171101.847730000503361 ], [ 600780.505540000041947, 8171101.847730000503361 ], [ 600780.205540000111796, 8171101.24773000087589 ], [ 600779.605540000135079, 8171100.947730001062155 ], [ 600779.605540000135079, 8171100.647730000317097 ], [ 600779.305540000088513, 8171100.647730000317097 ], [ 600779.005540000041947, 8171100.047730000689626 ], [ 600778.40554000006523, 8171100.047730000689626 ], [ 600778.40554000006523, 8171099.74773000087589 ], [ 600778.105540000135079, 8171099.74773000087589 ], [ 600777.805540000088513, 8171098.547730000689626 ], [ 600777.205540000111796, 8171098.24773000087589 ], [ 600777.205540000111796, 8171097.647730000317097 ], [ 600776.90554000006523, 8171097.647730000317097 ], [ 600776.90554000006523, 8171097.347730000503361 ], [ 600776.305540000088513, 8171097.047730000689626 ], [ 600776.305540000088513, 8171096.74773000087589 ], [ 600776.605540000135079, 8171096.74773000087589 ], [ 600776.605540000135079, 8171096.147730000317097 ], [ 600776.90554000006523, 8171096.147730000317097 ], [ 600776.90554000006523, 8171095.847730000503361 ], [ 600777.505540000041947, 8171095.847730000503361 ], [ 600777.505540000041947, 8171095.547730000689626 ], [ 600778.105540000135079, 8171095.24773000087589 ], [ 600778.105540000135079, 8171094.947730001062155 ], [ 600778.705540000111796, 8171094.947730001062155 ], [ 600778.705540000111796, 8171094.647730000317097 ], [ 600779.305540000088513, 8171094.347730000503361 ], [ 600779.305540000088513, 8171094.047730000689626 ], [ 600779.605540000135079, 8171094.047730000689626 ], [ 600779.605540000135079, 8171093.74773000087589 ], [ 600780.205540000111796, 8171093.74773000087589 ], [ 600780.505540000041947, 8171093.147730000317097 ], [ 600782.005540000041947, 8171093.147730000317097 ], [ 600782.005540000041947, 8171093.447730001062155 ], [ 600782.605540000135079, 8171093.74773000087589 ], [ 600782.605540000135079, 8171094.347730000503361 ], [ 600782.90554000006523, 8171094.347730000503361 ], [ 600782.90554000006523, 8171094.947730001062155 ], [ 600783.205540000111796, 8171094.947730001062155 ], [ 600783.505540000041947, 8171096.147730000317097 ], [ 600783.805540000088513, 8171096.147730000317097 ], [ 600783.805540000088513, 8171095.847730000503361 ], [ 600784.105540000135079, 8171095.847730000503361 ], [ 600784.105540000135079, 8171094.647730000317097 ], [ 600784.705540000111796, 8171094.647730000317097 ], [ 600784.705540000111796, 8171094.347730000503361 ], [ 600785.90554000006523, 8171094.347730000503361 ], [ 600785.90554000006523, 8171094.047730000689626 ], [ 600786.205540000111796, 8171094.047730000689626 ], [ 600786.505540000041947, 8171093.447730001062155 ], [ 600786.805540000088513, 8171093.447730001062155 ], [ 600786.805540000088513, 8171092.847730000503361 ], [ 600787.105540000135079, 8171092.847730000503361 ], [ 600787.40554000006523, 8171092.24773000087589 ], [ 600788.305540000088513, 8171092.24773000087589 ], [ 600788.305540000088513, 8171092.847730000503361 ], [ 600788.605540000135079, 8171092.847730000503361 ], [ 600788.605540000135079, 8171096.147730000317097 ], [ 600788.90554000006523, 8171096.147730000317097 ], [ 600788.90554000006523, 8171102.147730000317097 ], [ 600789.205540000111796, 8171102.147730000317097 ], [ 600789.205540000111796, 8171102.447730001062155 ], [ 600788.90554000006523, 8171102.447730001062155 ], [ 600788.90554000006523, 8171103.047730000689626 ], [ 600788.605540000135079, 8171103.047730000689626 ], [ 600788.605540000135079, 8171104.847730000503361 ], [ 600788.90554000006523, 8171104.847730000503361 ], [ 600788.90554000006523, 8171106.047730000689626 ], [ 600786.505540000041947, 8171106.347730000503361 ], [ 600786.505540000041947, 8171106.647730000317097 ], [ 600785.305540000088513, 8171106.647730000317097 ], [ 600785.305540000088513, 8171106.947730001062155 ], [ 600785.005540000041947, 8171106.947730001062155 ], [ 600785.005540000041947, 8171107.24773000087589 ], [ 600784.40554000006523, 8171107.547730000689626 ], [ 600784.40554000006523, 8171107.847730000503361 ], [ 600783.805540000088513, 8171107.847730000503361 ], [ 600783.805540000088513, 8171108.447730001062155 ], [ 600784.105540000135079, 8171108.447730001062155 ], [ 600784.105540000135079, 8171109.047730000689626 ], [ 600784.40554000006523, 8171109.047730000689626 ], [ 600784.40554000006523, 8171109.347730000503361 ], [ 600783.805540000088513, 8171109.347730000503361 ], [ 600783.805540000088513, 8171109.647730000317097 ], [ 600782.90554000006523, 8171109.647730000317097 ] ] ] } },
{ "type": "Feature", "properties": { "id": 97, "instance": 142, "mean_prob": 0.896, "area_m2": 20.7, "split_by_accepted_cut": true }, "geometry": { "type": "Polygon", "coordinates": [ [ [ 600817.105540000135079, 8171097.347730000503361 ], [ 600817.105540000135079, 8171097.047730000689626 ], [ 600816.505540000041947, 8171097.047730000689626 ], [ 600816.505540000041947, 8171094.047730000689626 ], [ 600816.805540000088513, 8171094.047730000689626 ], [ 600816.805540000088513, 8171093.447730001062155 ], [ 600817.105540000135079, 8171093.447730001062155 ], [ 600817.105540000135079, 8171093.147730000317097 ], [ 600818.005540000041947, 8171093.147730000317097 ], [ 600818.005540000041947, 8171092.847730000503361 ], [ 600818.605540000135079, 8171092.847730000503361 ], [ 600818.605540000135079, 8171092.547730000689626 ], [ 600819.205540000111796, 8171092.547730000689626 ], [ 600819.205540000111796, 8171092.24773000087589 ], [ 600820.40554000006523, 8171092.847730000503361 ], [ 600820.40554000006523, 8171091.647730000317097 ], [ 600820.705540000111796, 8171091.647730000317097 ], [ 600820.705540000111796, 8171092.24773000087589 ], [ 600821.005540000041947, 8171092.24773000087589 ], [ 600821.005540000041947, 8171093.74773000087589 ], [ 600821.305540000088513, 8171093.74773000087589 ], [ 600821.305540000088513, 8171096.74773000087589 ], [ 600821.605540000135079, 8171096.74773000087589 ], [ 600821.605540000135079, 8171097.047730000689626 ], [ 600818.605540000135079, 8171097.047730000689626 ], [ 600818.605540000135079, 8171097.347730000503361 ], [ 600817.105540000135079, 8171097.347730000503361 ] ] ] } },
{ "type": "Feature", "properties": { "id": 98, "instance": 177, "mean_prob": 0.884, "area_m2": 37.2, "split_by_accepted_cut": false }, "geometry": { "type": "Polygon", "coordinates": [ [ [ 600833.90554000006523, 8171096.74773000087589 ], [ 600833.90554000006523, 8171095.847730000503361 ], [ 600833.605540000135079, 8171095.847730000503361 ], [ 600833.605540000135079, 8171094.347730000503361 ], [ 600836.005540000041947, 8171094.347730000503361 ], [ 600836.005540000041947, 8171092.847730000503361 ], [ 600835.705540000111796, 8171092.847730000503361 ], [ 600835.705540000111796, 8171088.947730001062155 ], [ 600838.105540000135079, 8171088.947730001062155 ], [ 600838.105540000135079, 8171089.24773000087589 ], [ 600838.705540000111796, 8171089.24773000087589 ], [ 600838.705540000111796, 8171089.547730000689626 ], [ 600839.305540000088513, 8171089.847730000503361 ], [ 600839.305540000088513, 8171090.147730000317097 ], [ 600839.90554000006523, 8171090.147730000317097 ], [ 600839.90554000006523, 8171090.74773000087589 ], [ 600840.205540000111796, 8171090.74773000087589 ], [ 600840.205540000111796, 8171093.147730000317097 ], [ 600840.505540000041947, 8171093.147730000317097 ], [ 600840.505540000041947, 8171094.347730000503361 ], [ 600840.205540000111796, 8171094.347730000503361 ], [ 600840.205540000111796, 8171096.447730001062155 ], [ 600839.005540000041947, 8171096.447730001062155 ], [ 600839.005540000041947, 8171096.147730000317097 ], [ 600838.705540000111796, 8171096.147730000317097 ], [ 600838.705540000111796, 8171096.447730001062155 ], [ 600838.105540000135079, 8171096.447730001062155 ], [ 600838.105540000135079, 8171096.74773000087589 ], [ 600833.90554000006523, 8171096.74773000087589 ] ] ] } },
{ "type": "Feature", "properties": { "id": 99, "instance": 143, "mean_prob": 0.953, "area_m2": 62.5, "split_by_accepted_cut": true }, "geometry": { "type": "Polygon", "coordinates": [ [ [ 600821.605540000135079, 8171097.047730000689626 ], [ 600821.605540000135079, 8171096.74773000087589 ], [ 600821.305540000088513, 8171096.74773000087589 ], [ 600821.305540000088513, 8171093.74773000087589 ], [ 600821.005540000041947, 8171093.74773000087589 ], [ 600821.005540000041947, 8171092.24773000087589 ], [ 600820.705540000111796, 8171092.24773000087589 ], [ 600820.705540000111796, 8171091.647730000317097 ], [ 600820.40554000006523, 8171091.647730000317097 ], [ 600820.40554000006523, 8171085.347730000503361 ], [ 600821.005540000041947, 8171085.347730000503361 ], [ 600821.005540000041947, 8171085.647730000317097 ], [ 600822.205540000111796, 8171085.647730000317097 ], [ 600822.505540000041947, 8171085.047730000689626 ], [ 600823.105540000135079, 8171085.047730000689626 ], [ 600823.40554000006523, 8171084.447730001062155 ], [ 600824.305540000088513, 8171084.447730001062155 ], [ 600824.605540000135079, 8171085.047730000689626 ], [ 600825.505540000041947, 8171085.047730000689626 ], [ 600825.505540000041947, 8171085.347730000503361 ], [ 600825.805540000088513, 8171085.347730000503361 ], [ 600825.805540000088513, 8171088.947730001062155 ], [ 600826.105540000135079, 8171088.947730001062155 ], [ 600826.105540000135079, 8171093.147730000317097 ], [ 600826.40554000006523, 8171093.147730000317097 ], [ 600826.40554000006523, 8171096.147730000317097 ], [ 600826.105540000135079, 8171096.147730000317097 ], [ 600826.105540000135079, 8171096.447730001062155 ], [ 600825.205540000111796, 8171096.447730001062155 ], [ 600825.205540000111796, 8171096.74773000087589 ], [ 600823.40554000006523, 8171096.74773000087589 ], [ 600823.40554000006523, 8171097.047730000689626 ], [ 600822.805540000088513, 8171097.047730000689626 ], [ 600822.805540000088513, 8171096.74773000087589 ], [ 600822.505540000041947, 8171096.74773000087589 ], [ 600822.505540000041947, 8171097.047730000689626 ], [ 600821.605540000135079, 8171097.047730000689626 ] ] ] } },
{ "type": "Feature", "properties": { "id": 100, "instance": 179, "mean_prob": 0.724, "area_m2": 34.6, "split_by_accepted_cut": false }, "geometry": { "type": "Polygon", "coordinates": [ [ [ 600800.005540000041947, 8171090.447730001062155 ], [ 600800.005540000041947, 8171090.147730000317097 ], [ 600798.505540000041947, 8171090.147730000317097 ], [ 600798.505540000041947, 8171087.147730000317097 ], [ 600798.805540000088513, 8171087.147730000317097 ], [ 600798.805540000088513, 8171084.74773000087589 ], [ 600798.505540000041947, 8171084.74773000087589 ], [ 600798.505540000041947, 8171081.74773000087589 ], [ 600798.805540000088513, 8171081.74773000087589 ], [ 600798.805540000088513, 8171082.047730000689626 ], [ 600799.40554000006523, 8171082.047730000689626 ], [ 600799.40554000006523, 8171082.347730000503361 ], [ 600800.005540000041947, 8171082.347730000503361 ], [ 600800.305540000088513, 8171081.74773000087589 ], [ 600801.505540000041947, 8171081.447730001062155 ], [ 600801.505540000041947, 8171081.74773000087589 ], [ 600801.805540000088513, 8171081.74773000087589 ], [ 600801.805540000088513, 8171082.047730000689626 ], [ 600802.40554000006523, 8171082.347730000503361 ], [ 600802.40554000006523, 8171083.547730000689626 ], [ 600802.705540000111796, 8171083.547730000689626 ], [ 600802.705540000111796, 8171088.947730001062155 ], [ 600803.005540000041947, 8171088.947730001062155 ], [ 600803.005540000041947, 8171090.447730001062155 ], [ 600800.005540000041947, 8171090.447730001062155 ] ] ] } },
{ "type": "Feature", "properties": { "id": 101, "instance": 180, "mean_prob": 0.745, "area_m2": 17.7, "split_by_accepted_cut": false }, "geometry": { "type": "Polygon", "coordinates": [ [ [ 600817.40554000006523, 8171088.347730000503361 ], [ 600817.40554000006523, 8171088.047730000689626 ], [ 600817.105540000135079, 8171088.047730000689626 ], [ 600817.105540000135079, 8171086.24773000087589 ], [ 600816.805540000088513, 8171086.24773000087589 ], [ 600816.805540000088513, 8171083.547730000689626 ], [ 600817.105540000135079, 8171083.547730000689626 ], [ 600817.105540000135079, 8171082.647730000317097 ], [ 600816.805540000088513, 8171082.647730000317097 ], [ 600816.805540000088513, 8171082.047730000689626 ], [ 600818.005540000041947, 8171081.447730001062155 ], [ 600818.005540000041947, 8171081.74773000087589 ], [ 600818.90554000006523, 8171081.74773000087589 ], [ 600818.90554000006523, 8171082.047730000689626 ], [ 600819.205540000111796, 8171082.047730000689626 ], [ 600819.205540000111796, 8171083.24773000087589 ], [ 600819.505540000041947, 8171083.24773000087589 ], [ 600819.505540000041947, 8171083.847730000503361 ], [ 600819.805540000088513, 8171083.847730000503361 ], [ 600819.805540000088513, 8171084.447730001062155 ], [ 600820.105540000135079, 8171084.447730001062155 ], [ 600820.105540000135079, 8171083.847730000503361 ], [ 600820.705540000111796, 8171083.847730000503361 ], [ 600820.705540000111796, 8171084.147730000317097 ], [ 600820.40554000006523, 8171084.147730000317097 ], [ 600820.40554000006523, 8171085.047730000689626 ], [ 600819.805540000088513, 8171085.347730000503361 ], [ 600819.805540000088513, 8171087.147730000317097 ], [ 600819.505540000041947, 8171087.147730000317097 ], [ 600819.505540000041947, 8171087.74773000087589 ], [ 600818.90554000006523, 8171088.047730000689626 ], [ 600818.90554000006523, 8171088.347730000503361 ], [ 600817.40554000006523, 8171088.347730000503361 ] ] ] } },
{ "type": "Feature", "properties": { "id": 102, "instance": 181, "mean_prob": 0.766, "area_m2": 14.1, "split_by_accepted_cut": false }, "geometry": { "type": "Polygon", "coordinates": [ [ [ 600808.40554000006523, 8171084.147730000317097 ], [ 600808.40554000006523, 8171083.847730000503361 ], [ 600808.105540000135079, 8171083.847730000503361 ], [ 600808.105540000135079, 8171080.847730000503361 ], [ 600808.40554000006523, 8171080.847730000503361 ], [ 600808.40554000006523, 8171080.547730000689626 ], [ 600811.40554000006523, 8171080.547730000689626 ], [ 600811.40554000006523, 8171080.847730000503361 ], [ 600812.005540000041947, 8171081.147730000317097 ], [ 600812.005540000041947, 8171081.447730001062155 ], [ 600812.305540000088513, 8171081.447730001062155 ], [ 600812.305540000088513, 8171081.74773000087589 ], [ 600812.90554000006523, 8171082.047730000689626 ], [ 600812.90554000006523, 8171082.647730000317097 ], [ 600812.605540000135079, 8171082.647730000317097 ], [ 600812.605540000135079, 8171082.947730001062155 ], [ 600812.005540000041947, 8171083.24773000087589 ], [ 600811.705540000111796, 8171083.847730000503361 ], [ 600810.505540000041947, 8171083.847730000503361 ], [ 600810.505540000041947, 8171084.147730000317097 ], [ 600808.40554000006523, 8171084.147730000317097 ] ] ] } }
]
}
