{
"type": "FeatureCollection",
"name": "buildings_wgs84",
"crs": { "type": "name", "properties": { "name": "urn:ogc:def:crs:OGC:1.3:CRS84" } },
"features": [
{ "type": "Feature", "properties": { "id": 1, "instance": 13, "mean_prob": 0.593, "area_m2": 12.0 }, "geometry": { "type": "Polygon", "coordinates": [ [ [ -68.054732714568104, -16.537289168892929 ], [ -68.054732701365467, -16.537291880507993 ], [ -68.054738323787063, -16.537291905977686 ], [ -68.054741108592836, -16.537297341942622 ], [ -68.054746731014589, -16.537297367412098 ], [ -68.054746704609713, -16.537302790642254 ], [ -68.054749515820674, -16.537302803376939 ], [ -68.054749476213445, -16.537310938222159 ], [ -68.054752287424535, -16.537310950956812 ], [ -68.054752274222153, -16.537313662571894 ], [ -68.054749463011049, -16.537313649837241 ], [ -68.054749436606201, -16.537319073067383 ], [ -68.054746625395012, -16.537319060332678 ], [ -68.054743787778818, -16.537324470828068 ], [ -68.054735354145024, -16.53732443262362 ], [ -68.054735340942401, -16.537327144238688 ], [ -68.054718473674612, -16.537327067828741 ], [ -68.054718486877476, -16.537324356213691 ], [ -68.054715675666216, -16.537324343478573 ], [ -68.054715702072016, -16.537318920248484 ], [ -68.054712890860841, -16.537318907513331 ], [ -68.054712917266684, -16.537313484283246 ], [ -68.054715728477774, -16.537313497018399 ], [ -68.054715768086425, -16.53730536217325 ], [ -68.054718579297401, -16.53730537490836 ], [ -68.054718605703073, -16.537299951678257 ], [ -68.054721416913964, -16.537299964413322 ], [ -68.054721443319551, -16.537294541183204 ], [ -68.054732714568104, -16.537289168892929 ] ] ] } },
{ "type": "Feature", "properties": { "id": 2, "instance": 66, "mean_prob": 0.944, "area_m2": 13.3 }, "geometry": { "type": "Polygon", "coordinates": [ [ [ -68.054780386333505, -16.537313789916389 ], [ -68.054780373131535, -16.537316501531482 ], [ -68.0547859955539, -16.53731652699993 ], [ -68.054785982351987, -16.537319238615034 ], [ -68.054788793563233, -16.537319251349203 ], [ -68.054788780361363, -16.537321962964302 ], [ -68.054794389582113, -16.537324700047634 ], [ -68.054794310371292, -16.537340969738263 ], [ -68.054791499159748, -16.537340957004147 ], [ -68.054791472756037, -16.537346380234347 ], [ -68.054788661544407, -16.537346367500195 ], [ -68.054788648342509, -16.537349079115288 ], [ -68.054783012717223, -16.537351765261946 ], [ -68.05478299951524, -16.537354476877038 ], [ -68.05476894345658, -16.537354413205293 ], [ -68.054768956658748, -16.537351701590207 ], [ -68.054766145447061, -16.537351688855747 ], [ -68.054766171851483, -16.537346265625597 ], [ -68.054763360639882, -16.537346252891105 ], [ -68.054760628641958, -16.537329970466121 ], [ -68.054757817430584, -16.537329957731561 ], [ -68.054757857037515, -16.537321822886334 ], [ -68.054760668248761, -16.53732183562088 ], [ -68.054760694653282, -16.537316412390716 ], [ -68.054769128286807, -16.53731645059413 ], [ -68.054769141488947, -16.537313738979051 ], [ -68.054780386333505, -16.537313789916389 ] ] ] } },
{ "type": "Feature", "properties": { "id": 3, "instance": 92, "mean_prob": 0.976, "area_m2": 37.6 }, "geometry": { "type": "Polygon", "coordinates": [ [ [ -68.054773522906615, -16.537568656263371 ], [ -68.054773509704333, -16.537571367878403 ], [ -68.054776320919203, -16.537571380612928 ], [ -68.054776241705625, -16.537587650303074 ], [ -68.054779052920736, -16.537587663037577 ], [ -68.054779000111779, -16.537598509497677 ], [ -68.054781811327061, -16.537598522232152 ], [ -68.054781771720442, -16.537606657077216 ], [ -68.054778960505047, -16.537606644342734 ], [ -68.054778947302793, -16.537609355957755 ], [ -68.054756457579472, -16.53760925408054 ], [ -68.054756444376906, -16.537611965695547 ], [ -68.054703031283893, -16.537611723727416 ], [ -68.054703229333327, -16.537571049502951 ], [ -68.05470604054814, -16.53757106223842 ], [ -68.054706053751374, -16.537568350623438 ], [ -68.054773522906615, -16.537568656263371 ] ] ] } },
{ "type": "Feature", "properties": { "id": 4, "instance": 161, "mean_prob": 0.999, "area_m2": 156.1 }, "geometry": { "type": "Polygon", "coordinates": [ [ [ -68.054829588785481, -16.537601450327443 ], [ -68.054829575583938, -16.537604161942507 ], [ -68.054838009230124, -16.537604200143779 ], [ -68.05483798282728, -16.53760962337391 ], [ -68.054840794042761, -16.537609636107593 ], [ -68.054840741237186, -16.53762048256786 ], [ -68.054846363668474, -16.53762050803514 ], [ -68.054849148481537, -16.537625943998865 ], [ -68.054854770912996, -16.537625969465925 ], [ -68.054854784114198, -16.537623257850836 ], [ -68.054857595329892, -16.537623270584312 ], [ -68.054857582128719, -16.537625982199398 ], [ -68.054863191359104, -16.537628719281312 ], [ -68.054863138554722, -16.537639565741625 ], [ -68.054860327338773, -16.537639553008216 ], [ -68.054860300936497, -16.537644976238369 ], [ -68.05485748972049, -16.537644963504917 ], [ -68.054857463318115, -16.537650386735056 ], [ -68.054854652102037, -16.537650374001565 ], [ -68.054854612498332, -16.537658508846764 ], [ -68.05485180128214, -16.537658496113231 ], [ -68.054848831649991, -16.537691022760345 ], [ -68.054843209216671, -16.53769099729303 ], [ -68.054843196015241, -16.537693708908083 ], [ -68.054834762365161, -16.537693670706815 ], [ -68.054834749163604, -16.537696382321858 ], [ -68.054829126730155, -16.537696356854159 ], [ -68.054829113528527, -16.537699068469191 ], [ -68.05480661059255, -16.537701678211867 ], [ -68.054806597390595, -16.537704389826885 ], [ -68.054786918872892, -16.537704300686563 ], [ -68.054786905670682, -16.537707012301571 ], [ -68.054767227152809, -16.537706923159384 ], [ -68.054767213950313, -16.537709634774362 ], [ -68.054733479348073, -16.537709481954842 ], [ -68.054733492551051, -16.537706770339884 ], [ -68.054719436467082, -16.537706706663485 ], [ -68.054719462873408, -16.537701283433584 ], [ -68.054716651656705, -16.537701270698193 ], [ -68.054716678063102, -16.537695847468303 ], [ -68.05471386684647, -16.53769583473288 ], [ -68.054713906456158, -16.537687699888039 ], [ -68.054711095239654, -16.537687687152587 ], [ -68.054711134849441, -16.537679552307747 ], [ -68.054708323633051, -16.537679539572263 ], [ -68.054708376446229, -16.537668693112472 ], [ -68.054711187662448, -16.537668705847945 ], [ -68.054711214068945, -16.537663282618038 ], [ -68.054714025285094, -16.537663295353472 ], [ -68.054714051691491, -16.53765787212356 ], [ -68.054716862907568, -16.537657884858955 ], [ -68.054716902517029, -16.537649750014076 ], [ -68.054719713732993, -16.537649762749425 ], [ -68.054719726936113, -16.537647051134467 ], [ -68.054716915720192, -16.537647038399118 ], [ -68.054716994939042, -16.537630768709338 ], [ -68.054711385710888, -16.537628031623605 ], [ -68.0547114121173, -16.537622608393669 ], [ -68.054708600901748, -16.537622595658231 ], [ -68.054708614104996, -16.537619884043274 ], [ -68.054711425320505, -16.537619896778711 ], [ -68.054711438523711, -16.53761718516375 ], [ -68.054722683385663, -16.53761723610511 ], [ -68.054722696588712, -16.537614524490134 ], [ -68.054739563881483, -16.537614600901019 ], [ -68.054739577084277, -16.537611889286033 ], [ -68.054745199515153, -16.537611914756027 ], [ -68.054745186312431, -16.537614626371013 ], [ -68.054747997527897, -16.53761463910595 ], [ -68.054748010730577, -16.537611927490964 ], [ -68.054767689238702, -16.537612016634469 ], [ -68.054767702441126, -16.537609305019451 ], [ -68.054778947302793, -16.537609355957755 ], [ -68.054778960505047, -16.537606644342734 ], [ -68.054787394151219, -16.537606682546059 ], [ -68.054787407353345, -16.537603970931038 ], [ -68.054801463430152, -16.53760403460247 ], [ -68.054801476632079, -16.537601322987431 ], [ -68.054829588785481, -16.537601450327443 ] ] ] } },
{ "type": "Feature", "properties": { "id": 5, "instance": 141, "mean_prob": 0.997, "area_m2": 39.2 }, "geometry": { "type": "Polygon", "coordinates": [ [ [ -68.054275369920546, -16.537683001084893 ], [ -68.054275356711187, -16.537685712699503 ], [ -68.054278167927322, -16.537685725440827 ], [ -68.05427810188074, -16.537699283513849 ], [ -68.05428091309706, -16.537699296255141 ], [ -68.054280860259908, -16.537710142713564 ], [ -68.054278049043432, -16.537710129972254 ], [ -68.054278035834102, -16.537712841586853 ], [ -68.054261168535049, -16.53771276513822 ], [ -68.054261155325477, -16.537715476752801 ], [ -68.054227420727173, -16.537715323851419 ], [ -68.054227407517118, -16.537718035465989 ], [ -68.054196484135218, -16.537717895301572 ], [ -68.054196470924751, -16.537720606916096 ], [ -68.054188037275068, -16.537720568688638 ], [ -68.054188050485664, -16.537717857074117 ], [ -68.054173994403115, -16.537717793360937 ], [ -68.054174007613909, -16.537715081746409 ], [ -68.054168398391866, -16.537712344646369 ], [ -68.054168490867852, -16.537693363344761 ], [ -68.054171302084001, -16.537693376087532 ], [ -68.054171315294809, -16.537690664473011 ], [ -68.054185371375382, -16.53769072818627 ], [ -68.054185384585992, -16.537688016571728 ], [ -68.054219119179137, -16.537688169479665 ], [ -68.054219132389278, -16.537685457865109 ], [ -68.054241622117928, -16.537685559800682 ], [ -68.054241635327742, -16.537682848186105 ], [ -68.054275369920546, -16.537683001084893 ] ] ] } },
{ "type": "Feature", "properties": { "id": 6, "instance": 44, "mean_prob": 0.847, "area_m2": 14.4 }, "geometry": { "type": "Polygon", "coordinates": [ [ [ -68.055203031772976, -16.537695338511217 ], [ -68.055203005380164, -16.537700761741871 ], [ -68.055200194163078, -16.537700749012998 ], [ -68.055200180966636, -16.537703460628329 ], [ -68.055202992183766, -16.537703473357205 ], [ -68.055202952594527, -16.537711608203185 ], [ -68.055205763811784, -16.537711620932033 ], [ -68.055205711026261, -16.537722467393341 ], [ -68.055208522243674, -16.537722480122156 ], [ -68.055208390280058, -16.537749596275397 ], [ -68.055185887341011, -16.537752206058929 ], [ -68.055185992914446, -16.537730513136488 ], [ -68.055183181696933, -16.53773050040736 ], [ -68.055183353253938, -16.537695249408333 ], [ -68.055203031772976, -16.537695338511217 ] ] ] } },
{ "type": "Feature", "properties": { "id": 7, "instance": 82, "mean_prob": 0.965, "area_m2": 134.3 }, "geometry": { "type": "Polygon", "coordinates": [ [ [ -68.053994433310322, -16.537643764160233 ], [ -68.053994420097069, -16.537646475774629 ], [ -68.053997231312394, -16.537646488519709 ], [ -68.053997046327353, -16.53768445112118 ], [ -68.053994235111489, -16.537684438376075 ], [ -68.053994142618492, -16.537703419676749 ], [ -68.053991331402358, -16.53770340693158 ], [ -68.05399131818902, -16.537706118545959 ], [ -68.053985682543242, -16.537708804669883 ], [ -68.053985669329833, -16.537711516284251 ], [ -68.053974411251232, -16.537714176917259 ], [ -68.053974398037653, -16.537716888531623 ], [ -68.053971586821334, -16.537716875786188 ], [ -68.053968749177685, -16.537722286269421 ], [ -68.05396312674489, -16.537722260778342 ], [ -68.053960289100928, -16.537727671261436 ], [ -68.053957477884467, -16.537727658515806 ], [ -68.053957464670646, -16.537730370130149 ], [ -68.053954653454127, -16.537730357384476 ], [ -68.05395181580981, -16.537735767867439 ], [ -68.053949004593221, -16.53773575512168 ], [ -68.053946140520679, -16.537746588833212 ], [ -68.053940504873125, -16.537749274955814 ], [ -68.053937667228126, -16.537754685438539 ], [ -68.053878631674934, -16.537754417765402 ], [ -68.053878644889892, -16.537751706151134 ], [ -68.053873022456386, -16.537751680657589 ], [ -68.053873207466481, -16.537713718057724 ], [ -68.053870396250289, -16.537713705310928 ], [ -68.053870462325392, -16.537700147239523 ], [ -68.053873273541399, -16.537700159986315 ], [ -68.053873445335881, -16.537664909000558 ], [ -68.053870634120386, -16.537664896253805 ], [ -68.053870673765331, -16.537656761410918 ], [ -68.053876296196094, -16.537656786904389 ], [ -68.053876309410981, -16.537654075290089 ], [ -68.053884743056997, -16.537654113529992 ], [ -68.053884756271771, -16.537651401915696 ], [ -68.05390724599431, -16.537651503887105 ], [ -68.053907259208771, -16.537648792272776 ], [ -68.053921315285223, -16.537648856003663 ], [ -68.053921328499499, -16.537646144389328 ], [ -68.053969119159262, -16.537646361067228 ], [ -68.053969132372856, -16.537643649452857 ], [ -68.053994433310322, -16.537643764160233 ] ] ] } },
{ "type": "Feature", "properties": { "id": 8, "instance": 11, "mean_prob": 0.58, "area_m2": 36.0 }, "geometry": { "type": "Polygon", "coordinates": [ [ [ -68.054339909014985, -16.53770769865756 ], [ -68.054339882598043, -16.537713121886853 ], [ -68.054342693814618, -16.537713134627325 ], [ -68.054342508896326, -16.537751097232352 ], [ -68.054339697679211, -16.537751084491848 ], [ -68.054339592011075, -16.537772777408932 ], [ -68.054342403228517, -16.537772790149454 ], [ -68.054342310769059, -16.537791771451875 ], [ -68.054339499551332, -16.537791758711336 ], [ -68.054339486342798, -16.537794470325959 ], [ -68.054333863907317, -16.537794444844767 ], [ -68.054333850698683, -16.537797156459391 ], [ -68.054294493649977, -16.537796978086767 ], [ -68.054294506859151, -16.537794266472172 ], [ -68.054288884423741, -16.537794240989768 ], [ -68.054288910842232, -16.537788817760603 ], [ -68.054294533277499, -16.537788843243 ], [ -68.054294520068325, -16.537791554857584 ], [ -68.054311387374383, -16.537791631303882 ], [ -68.054311400583316, -16.537788919689277 ], [ -68.054314211800957, -16.537788932430189 ], [ -68.054314449560636, -16.537740123367129 ], [ -68.054311638343705, -16.537740110626252 ], [ -68.054314475978344, -16.537734700137882 ], [ -68.054308866753544, -16.537731963041498 ], [ -68.054308893171367, -16.537726539812251 ], [ -68.054306081954635, -16.53772652707131 ], [ -68.054303297155883, -16.537721091101105 ], [ -68.054297674722577, -16.537721065619046 ], [ -68.054297687931651, -16.537718354004436 ], [ -68.054280820632016, -16.537718277557367 ], [ -68.054280807422714, -16.537720989171966 ], [ -68.054272373772818, -16.537720950947911 ], [ -68.05427240019165, -16.537715527718717 ], [ -68.054280833841318, -16.537715565942761 ], [ -68.054283671476384, -16.537710155454825 ], [ -68.054289280700175, -16.537712892551852 ], [ -68.054289293909349, -16.537710180937243 ], [ -68.054297727558833, -16.537710219160591 ], [ -68.054297740767893, -16.537707507545974 ], [ -68.054339909014985, -16.53770769865756 ] ] ] } },
{ "type": "Feature", "properties": { "id": 9, "instance": 72, "mean_prob": 0.954, "area_m2": 128.6 }, "geometry": { "type": "Polygon", "coordinates": [ [ [ -68.054297687931651, -16.537718354004436 ], [ -68.054297674722577, -16.537721065619046 ], [ -68.054303297155883, -16.537721091101105 ], [ -68.054306081954635, -16.53772652707131 ], [ -68.054308893171367, -16.537726539812251 ], [ -68.054308866753544, -16.537731963041498 ], [ -68.054314475978344, -16.537734700137882 ], [ -68.054314462769483, -16.537737411752506 ], [ -68.054311651552595, -16.53773739901164 ], [ -68.054311638343705, -16.537740110626252 ], [ -68.054314449560636, -16.537740123367129 ], [ -68.054314211800957, -16.537788932430189 ], [ -68.054311400583316, -16.537788919689277 ], [ -68.054311387374383, -16.537791631303882 ], [ -68.054294520068325, -16.537791554857584 ], [ -68.054294533277499, -16.537788843243 ], [ -68.054263609883719, -16.537788703087948 ], [ -68.054263596674105, -16.537791414702514 ], [ -68.054257974238837, -16.537791389219279 ], [ -68.054257961029151, -16.537794100833839 ], [ -68.054249527376129, -16.537794062608693 ], [ -68.05424951416633, -16.537796774223256 ], [ -68.05424389173092, -16.537796748739638 ], [ -68.054241054093367, -16.537802159226864 ], [ -68.054232620440047, -16.537802121001025 ], [ -68.054232607230006, -16.537804832615564 ], [ -68.054198872616453, -16.537804679708763 ], [ -68.054198859405929, -16.537807391323273 ], [ -68.054181992099046, -16.53780731486782 ], [ -68.054182005309812, -16.537804603253317 ], [ -68.05417357165652, -16.537804565025088 ], [ -68.054173611289116, -16.537796430181597 ], [ -68.054170800071489, -16.537796417438784 ], [ -68.054170985023887, -16.537758454835814 ], [ -68.054168173806787, -16.537758442092997 ], [ -68.054168319126617, -16.537728614333435 ], [ -68.054173941559938, -16.53772863981899 ], [ -68.054173954770732, -16.537725928204473 ], [ -68.054179577203982, -16.537725953689876 ], [ -68.054179590414705, -16.537723242075355 ], [ -68.054199268930859, -16.53772333127305 ], [ -68.054199282141312, -16.537720619658511 ], [ -68.054202093357873, -16.537720632400884 ], [ -68.054202080147476, -16.537723344015419 ], [ -68.054207702580683, -16.537723369500057 ], [ -68.054207715791023, -16.537720657885515 ], [ -68.054224583090487, -16.53772073433851 ], [ -68.054224569880404, -16.537723445953066 ], [ -68.054230192313653, -16.53772347143709 ], [ -68.054230205523666, -16.537720759822538 ], [ -68.05423301674027, -16.537720772564491 ], [ -68.054233003530285, -16.537723484179054 ], [ -68.05425268204678, -16.537723573371704 ], [ -68.05425269525648, -16.537720861757126 ], [ -68.054255506473083, -16.537720874498781 ], [ -68.054255493263426, -16.537723586113358 ], [ -68.054258304480086, -16.537723598854978 ], [ -68.054258317689701, -16.5377208872404 ], [ -68.054266751339554, -16.53772092546502 ], [ -68.05426676454907, -16.537718213850432 ], [ -68.054272386982234, -16.537718239333319 ], [ -68.054272373772818, -16.537720950947911 ], [ -68.054280807422714, -16.537720989171966 ], [ -68.054280820632016, -16.537718277557367 ], [ -68.054297687931651, -16.537718354004436 ] ] ] } },
{ "type": "Feature", "properties": { "id": 10, "instance": 56, "mean_prob": 0.911, "area_m2": 18.7 }, "geometry": { "type": "Polygon", "coordinates": [ [ [ -68.053718260149822, -16.53778080728134 ], [ -68.053721044932516, -16.537786243258534 ], [ -68.053729478583904, -16.53778628150501 ], [ -68.053729465366843, -16.537788993119158 ], [ -68.05374069701864, -16.537791755728097 ], [ -68.053740644150992, -16.537802602184726 ], [ -68.053737832933621, -16.537802589436069 ], [ -68.053737806499711, -16.537808012664367 ], [ -68.053732170847752, -16.537810698781094 ], [ -68.053732144413672, -16.537816122009382 ], [ -68.053729333196102, -16.537816109260604 ], [ -68.053729306761937, -16.537821532488888 ], [ -68.053726495544296, -16.537821519740067 ], [ -68.05372365789232, -16.537826930219484 ], [ -68.053720846674608, -16.537826917470589 ], [ -68.053720859891811, -16.537824205856456 ], [ -68.053712426238803, -16.537824167609543 ], [ -68.053712439456135, -16.53782145599541 ], [ -68.053701207803115, -16.537818693384882 ], [ -68.053701221020589, -16.53781598177077 ], [ -68.05369559858552, -16.537815956272347 ], [ -68.053695611803079, -16.537813244658231 ], [ -68.053689989368095, -16.537813219159666 ], [ -68.053690042238614, -16.537802372703215 ], [ -68.053692853455928, -16.537802385452508 ], [ -68.053692879891102, -16.537796962224281 ], [ -68.053695691108359, -16.537796974973531 ], [ -68.05369858163057, -16.53778071803799 ], [ -68.053718260149822, -16.53778080728134 ] ] ] } },
{ "type": "Feature", "properties": { "id": 11, "instance": 43, "mean_prob": 0.842, "area_m2": 34.6 }, "geometry": { "type": "Polygon", "coordinates": [ [ [ -68.054044163153435, -16.537822960116891 ], [ -68.054044110302627, -16.537833806574433 ], [ -68.054052543956885, -16.537833844807967 ], [ -68.0540525307443, -16.537836556422352 ], [ -68.054058153180549, -16.537836581911186 ], [ -68.054058021055312, -16.537863698055098 ], [ -68.054055209836804, -16.537863685310676 ], [ -68.054055196624219, -16.537866396925068 ], [ -68.054049574187104, -16.53786637143611 ], [ -68.054049560974448, -16.537869083050484 ], [ -68.053990525384577, -16.537868815407212 ], [ -68.053990538598043, -16.537866103792879 ], [ -68.053984916161042, -16.53786607830218 ], [ -68.053982184224097, -16.537849795870795 ], [ -68.053984995442349, -16.537849808616187 ], [ -68.053985061510048, -16.537836250544508 ], [ -68.053987872728101, -16.537836263289858 ], [ -68.053990710373071, -16.537830852806483 ], [ -68.053996332809064, -16.537830878296973 ], [ -68.053996346022416, -16.53782816668263 ], [ -68.054010402112226, -16.537828230408184 ], [ -68.054010415325394, -16.537825518793831 ], [ -68.054030093850969, -16.537825608008006 ], [ -68.054030107063866, -16.537822896393628 ], [ -68.054035716286876, -16.53782563349743 ], [ -68.054035729499688, -16.537822921883045 ], [ -68.054044163153435, -16.537822960116891 ] ] ] } },
{ "type": "Feature", "properties": { "id": 12, "instance": 176, "mean_prob": 1.0, "area_m2": 176.0 }, "geometry": { "type": "Polygon", "coordinates": [ [ [ -68.053956988971279, -16.537827988246026 ], [ -68.053956975757373, -16.537830699860347 ], [ -68.053962598193294, -16.537830725351746 ], [ -68.053962584979445, -16.537833436966068 ], [ -68.053968194201701, -16.537836174071639 ], [ -68.05396815456038, -16.537844308914611 ], [ -68.053970965778561, -16.537844321660192 ], [ -68.053970912923603, -16.537855168117481 ], [ -68.053973724141926, -16.53785518086303 ], [ -68.053973697714511, -16.537860604091676 ], [ -68.053976508932919, -16.537860616837193 ], [ -68.053976482505576, -16.537866040065843 ], [ -68.053982104942548, -16.53786606555677 ], [ -68.053982091728969, -16.537868777171099 ], [ -68.053987700952504, -16.537871514276208 ], [ -68.053987687738982, -16.53787422589054 ], [ -68.053993310176224, -16.537874251381176 ], [ -68.053993296962773, -16.537876962995508 ], [ -68.053996108181437, -16.537876975740769 ], [ -68.05399889297334, -16.53788241171468 ], [ -68.054010137848337, -16.537882462695222 ], [ -68.054010124635113, -16.537885174309572 ], [ -68.054018558291517, -16.537885212544591 ], [ -68.054018545078407, -16.537887924158934 ], [ -68.05403539917863, -16.53789071224233 ], [ -68.054035385965747, -16.537893423856698 ], [ -68.054063484942716, -16.537896262916476 ], [ -68.054066269736808, -16.537901698889581 ], [ -68.054069080955898, -16.537901711633879 ], [ -68.05406900168137, -16.537917981320181 ], [ -68.054071812900688, -16.537917994064458 ], [ -68.054071720413916, -16.537936975365135 ], [ -68.054068909194328, -16.537936962620844 ], [ -68.054068895981885, -16.537939674235215 ], [ -68.054071707201501, -16.537939686979509 ], [ -68.054071614714587, -16.537958668280137 ], [ -68.054068803494687, -16.537958655535824 ], [ -68.054068777069759, -16.537964078764571 ], [ -68.054063154629787, -16.537964053275832 ], [ -68.054063141417245, -16.537966764890196 ], [ -68.054037840437189, -16.53796665018897 ], [ -68.054037827224278, -16.537969361803317 ], [ -68.054009715024051, -16.537969234353891 ], [ -68.054009701810756, -16.537971945968209 ], [ -68.054004079370657, -16.537971920477865 ], [ -68.054004092584051, -16.537969208863547 ], [ -68.053998470144037, -16.537969183373065 ], [ -68.053998456930586, -16.537971894987365 ], [ -68.053995645710543, -16.537971882242065 ], [ -68.053995658924038, -16.537969170627761 ], [ -68.053984414044066, -16.537969119646171 ], [ -68.053984427257717, -16.537966408031863 ], [ -68.053975993597888, -16.537966369795285 ], [ -68.053973208805559, -16.5379609338211 ], [ -68.053967586365843, -16.537960908329786 ], [ -68.053967599579721, -16.537958196715483 ], [ -68.053961990354054, -16.537955459609744 ], [ -68.053959205562265, -16.537950023635393 ], [ -68.053953583122876, -16.53794999814372 ], [ -68.053953596336953, -16.537947286529437 ], [ -68.053950785117308, -16.537947273783548 ], [ -68.053950811545505, -16.537941850554979 ], [ -68.053939593095777, -16.537936376342511 ], [ -68.053939619524257, -16.537930953113957 ], [ -68.053931185866077, -16.537930914875641 ], [ -68.053931199080452, -16.537928203261373 ], [ -68.053925576641745, -16.537928177768976 ], [ -68.053925589856178, -16.537925466154718 ], [ -68.053919967417571, -16.537925440662178 ], [ -68.053919980632088, -16.537922729047914 ], [ -68.053914358193566, -16.537922703555221 ], [ -68.053914371408155, -16.537919991940967 ], [ -68.053908748969718, -16.537919966448129 ], [ -68.053908762184378, -16.537917254833872 ], [ -68.053905950965216, -16.537917242087399 ], [ -68.053906149185494, -16.537876567873511 ], [ -68.053908960404087, -16.537876580619947 ], [ -68.053909013262569, -16.537865734162885 ], [ -68.053911824481006, -16.537865746909279 ], [ -68.053911890553863, -16.537852188837906 ], [ -68.053914701772101, -16.537852201584251 ], [ -68.05391472820115, -16.537846778355686 ], [ -68.053911916982983, -16.537846765609352 ], [ -68.053911969841209, -16.537835919152233 ], [ -68.05391478105922, -16.537835931898567 ], [ -68.053914807488226, -16.537830508670002 ], [ -68.053917618706166, -16.537830521416293 ], [ -68.053917631920612, -16.537827809802007 ], [ -68.053956988971279, -16.537827988246026 ] ] ] } },
{ "type": "Feature", "properties": { "id": 13, "instance": 73, "mean_prob": 0.955, "area_m2": 33.4 }, "geometry": { "type": "Polygon", "coordinates": [ [ [ -68.055356500804137, -16.537931949082346 ], [ -68.055356487609686, -16.537934660697733 ], [ -68.055359298830282, -16.537934673424669 ], [ -68.055359127302609, -16.537969924424701 ], [ -68.055361938523731, -16.537969937151633 ], [ -68.055359074524787, -16.537980770886218 ], [ -68.055342207197185, -16.53798069452376 ], [ -68.055342220391879, -16.537977982908391 ], [ -68.05531691940098, -16.537977868362173 ], [ -68.055316906205917, -16.537980579977521 ], [ -68.055302850099764, -16.537980516339399 ], [ -68.055302863295026, -16.537977804724058 ], [ -68.055297254047971, -16.537975067653221 ], [ -68.05529726724329, -16.537972356037884 ], [ -68.055300078464398, -16.537972368765654 ], [ -68.055300091659674, -16.537969657150327 ], [ -68.055297280438609, -16.537969644422557 ], [ -68.055300118050226, -16.537964233919645 ], [ -68.055297306829232, -16.537964221191881 ], [ -68.055297346415159, -16.537956086345879 ], [ -68.055294535194278, -16.537956073618087 ], [ -68.055294548389625, -16.537953362002753 ], [ -68.055297359610449, -16.537953374730545 ], [ -68.055297372805754, -16.5379506631152 ], [ -68.055294561584972, -16.537950650387412 ], [ -68.055294574780305, -16.537947938772074 ], [ -68.055297386001058, -16.537947951499859 ], [ -68.055297412391639, -16.537942528269188 ], [ -68.055294601170971, -16.537942515541406 ], [ -68.055294627561622, -16.537937092310724 ], [ -68.055297438782219, -16.537937105038502 ], [ -68.055297451977509, -16.537934393423164 ], [ -68.055342431506688, -16.537934597062439 ], [ -68.055342444701338, -16.537931885447069 ], [ -68.055356500804137, -16.537931949082346 ] ] ] } },
{ "type": "Feature", "properties": { "id": 14, "instance": 61, "mean_prob": 0.93, "area_m2": 121.4 }, "geometry": { "type": "Polygon", "coordinates": [ [ [ -68.053718009022376, -16.537832327949907 ], [ -68.05371799580513, -16.537835039564033 ], [ -68.053726429458621, -16.537835077810747 ], [ -68.053726416241474, -16.537837789424888 ], [ -68.053734849895108, -16.537837827671272 ], [ -68.053734836678089, -16.537840539285405 ], [ -68.053746068332927, -16.537843301894199 ], [ -68.053746055116036, -16.53784601350835 ], [ -68.053751664335266, -16.537848750619602 ], [ -68.053751651118475, -16.53785146223376 ], [ -68.053757260337946, -16.537854199344874 ], [ -68.053757220687743, -16.537862334187331 ], [ -68.053751598251239, -16.537862308690343 ], [ -68.053751492516653, -16.537884001603498 ], [ -68.053748681298103, -16.537883988854936 ], [ -68.053748549129239, -16.537911104996287 ], [ -68.05374573791029, -16.537911092247661 ], [ -68.053745724693357, -16.537913803861784 ], [ -68.053748535912348, -16.537913816610413 ], [ -68.053748443393999, -16.53793279790932 ], [ -68.05375125461326, -16.537932810657924 ], [ -68.05375118852885, -16.537946368728559 ], [ -68.053748377309375, -16.53794635597994 ], [ -68.053748350875509, -16.537951779208182 ], [ -68.053742715219414, -16.537954465324937 ], [ -68.053742688785377, -16.537959888553178 ], [ -68.05373705312897, -16.537962574669766 ], [ -68.053737026694762, -16.537967997897983 ], [ -68.053734215474989, -16.537967985149159 ], [ -68.053734162606389, -16.537978831605567 ], [ -68.053731351386475, -16.537978818856701 ], [ -68.053728513732068, -16.537984229335986 ], [ -68.053683534212425, -16.537984025348241 ], [ -68.053683547430296, -16.537981313734186 ], [ -68.053677924990467, -16.537981288235034 ], [ -68.053675140206522, -16.537975852257293 ], [ -68.053669517766849, -16.537975826757929 ], [ -68.053666732983217, -16.537970390780082 ], [ -68.053663921763459, -16.537970378030312 ], [ -68.053664001072192, -16.537954108346003 ], [ -68.053666812291709, -16.537954121095758 ], [ -68.053666878382046, -16.537940563025469 ], [ -68.053669689601364, -16.537940575775181 ], [ -68.053669755691459, -16.537927017704863 ], [ -68.053672566910578, -16.537927030454526 ], [ -68.053672593346505, -16.537921607226387 ], [ -68.053675404565553, -16.537921619976011 ], [ -68.053675417783481, -16.537918908361938 ], [ -68.053683851440525, -16.53791894661056 ], [ -68.053683891093925, -16.53791081176832 ], [ -68.053678281874014, -16.537908074655217 ], [ -68.053678387616941, -16.53788638174257 ], [ -68.053681198835491, -16.537886394492087 ], [ -68.053681264924535, -16.537872836421649 ], [ -68.053684076142886, -16.537872849171116 ], [ -68.053686966667541, -16.537856592235975 ], [ -68.053689777885666, -16.537856604985347 ], [ -68.053689830756326, -16.537845758528945 ], [ -68.05369264197428, -16.53784577127827 ], [ -68.053692668409525, -16.537840348050064 ], [ -68.053695479627407, -16.537840360799354 ], [ -68.053695506062567, -16.53783493757113 ], [ -68.053703939716002, -16.537834975818747 ], [ -68.053703952933461, -16.537832264204635 ], [ -68.053718009022376, -16.537832327949907 ] ] ] } },
{ "type": "Feature", "properties": { "id": 15, "instance": 40, "mean_prob": 0.831, "area_m2": 16.2 }, "geometry": { "type": "Polygon", "coordinates": [ [ [ -68.055423508323898, -16.53802716105853 ], [ -68.055423495130285, -16.538029872673945 ], [ -68.055426306352331, -16.538029885400057 ], [ -68.055426253578048, -16.538040731861727 ], [ -68.055429064800251, -16.538040744587811 ], [ -68.055428972445441, -16.538059725895717 ], [ -68.05539804899837, -16.538059585906549 ], [ -68.055398062192353, -16.538056874291161 ], [ -68.055392439747536, -16.538056848838096 ], [ -68.055392452941604, -16.538054137222716 ], [ -68.055389641719216, -16.538054124496128 ], [ -68.055389654913327, -16.538051412880748 ], [ -68.055384045662848, -16.538048675812085 ], [ -68.055384072051197, -16.538043252581314 ], [ -68.055381260828995, -16.538043239854627 ], [ -68.055381326799989, -16.538029681777719 ], [ -68.055384138021992, -16.538029694504402 ], [ -68.055384151216145, -16.538026982889011 ], [ -68.055423508323898, -16.53802716105853 ] ] ] } },
{ "type": "Feature", "properties": { "id": 16, "instance": 81, "mean_prob": 0.965, "area_m2": 46.2 }, "geometry": { "type": "Polygon", "coordinates": [ [ [ -68.054293489745461, -16.538003060793578 ], [ -68.054293476536103, -16.538005772408109 ], [ -68.054301910198433, -16.538005810631947 ], [ -68.054304695000781, -16.538011246602235 ], [ -68.054310317442514, -16.538011272084539 ], [ -68.054313102245175, -16.538016708054737 ], [ -68.054315913466112, -16.538016720795799 ], [ -68.054318698269014, -16.538022156765923 ], [ -68.054321509490038, -16.538022169506917 ], [ -68.054321496281048, -16.538024881121466 ], [ -68.054327105514275, -16.538027618217889 ], [ -68.054327092305357, -16.538030329832452 ], [ -68.05432428108422, -16.538030317091529 ], [ -68.054324254666284, -16.53803574032063 ], [ -68.054321443445076, -16.538035727579668 ], [ -68.054321430236058, -16.538038439194214 ], [ -68.054315794584454, -16.538041125326714 ], [ -68.05431576816629, -16.538046548555808 ], [ -68.05431013251436, -16.538049234688135 ], [ -68.054310106096011, -16.538054657917201 ], [ -68.054307294874533, -16.538054645176032 ], [ -68.054307281665317, -16.538057356790578 ], [ -68.054301659222261, -16.538057331308121 ], [ -68.054301646012959, -16.538060042922648 ], [ -68.054298834791396, -16.538060030181359 ], [ -68.054298821582051, -16.538062741795883 ], [ -68.05429601036046, -16.538062729054555 ], [ -68.054295983941699, -16.538068152283596 ], [ -68.05429036149836, -16.538068126800827 ], [ -68.054290335079415, -16.538073550029861 ], [ -68.054276278970718, -16.53807348632224 ], [ -68.054276292180376, -16.538070774707734 ], [ -68.054267858515303, -16.538070736482716 ], [ -68.054267871725074, -16.538068024868213 ], [ -68.054251004395212, -16.538067948417162 ], [ -68.054251030815223, -16.538062525188192 ], [ -68.054248219593688, -16.538062512446224 ], [ -68.05424828564388, -16.538048954373792 ], [ -68.05424547442253, -16.538048941631796 ], [ -68.054245500842669, -16.538043518402826 ], [ -68.05424268962139, -16.538043505660792 ], [ -68.054242742461796, -16.538032659202841 ], [ -68.054248378114053, -16.538029973072355 ], [ -68.054248404534079, -16.538024549843364 ], [ -68.054254040186038, -16.538021863712704 ], [ -68.054256877826788, -16.538016453225559 ], [ -68.054262500268578, -16.53801647870916 ], [ -68.054262513478378, -16.538013767094647 ], [ -68.054268135920111, -16.538013792578088 ], [ -68.054268149129825, -16.538011080963575 ], [ -68.054273771571488, -16.538011106446863 ], [ -68.054273784781131, -16.538008394832346 ], [ -68.054285042873801, -16.538005734183933 ], [ -68.054285056083287, -16.538003022569402 ], [ -68.054293489745461, -16.538003060793578 ] ] ] } },
{ "type": "Feature", "properties": { "id": 17, "instance": 33, "mean_prob": 0.791, "area_m2": 19.5 }, "geometry": { "type": "Polygon", "coordinates": [ [ [ -68.055909731085393, -16.538053766654421 ], [ -68.05591251593458, -16.538059202605584 ], [ -68.055918138380306, -16.538059228044641 ], [ -68.055917966952734, -16.538094479049942 ], [ -68.055898288389159, -16.53809439001239 ], [ -68.055898301576178, -16.538091678396615 ], [ -68.055875811789704, -16.538091576637157 ], [ -68.055875824977036, -16.538088865021393 ], [ -68.055873013753782, -16.538088852301289 ], [ -68.055873158814762, -16.538059024527961 ], [ -68.05587597003759, -16.538059037248036 ], [ -68.055875983224894, -16.538056325632276 ], [ -68.05589285056169, -16.538056401951927 ], [ -68.055892863748753, -16.538053690336145 ], [ -68.055909731085393, -16.538053766654421 ] ] ] } },
{ "type": "Feature", "properties": { "id": 18, "instance": 31, "mean_prob": 0.784, "area_m2": 108.5 }, "geometry": { "type": "Polygon", "coordinates": [ [ [ -68.054026423787221, -16.538001850195972 ], [ -68.054026410574139, -16.538004561810297 ], [ -68.054037655456284, -16.538004612789731 ], [ -68.054037642243344, -16.53800732440406 ], [ -68.054040453463926, -16.538007337148827 ], [ -68.054040427038132, -16.538012760377498 ], [ -68.054043238258799, -16.538012773122226 ], [ -68.054043185407309, -16.538023619579565 ], [ -68.054045996628119, -16.538023632324272 ], [ -68.054045983415293, -16.538026343938604 ], [ -68.054043172194426, -16.538026331193898 ], [ -68.054043119342893, -16.538037177651226 ], [ -68.05404030812187, -16.538037164906477 ], [ -68.054040294908944, -16.538039876520802 ], [ -68.054043106129996, -16.538039889265555 ], [ -68.054043066491317, -16.538048024108551 ], [ -68.054045877712497, -16.538048036853272 ], [ -68.054045864499628, -16.538050748467597 ], [ -68.054051473729288, -16.538053485571265 ], [ -68.054051460516504, -16.5380561971856 ], [ -68.054054271737797, -16.538056209930218 ], [ -68.054054113184634, -16.538088749302176 ], [ -68.05405692440641, -16.53808876204678 ], [ -68.054056792278885, -16.538115878190023 ], [ -68.054051169834537, -16.538115852700734 ], [ -68.054051156621696, -16.538118564315049 ], [ -68.054045534177291, -16.538118538825607 ], [ -68.054045520964365, -16.538121250439911 ], [ -68.054017408742084, -16.53812112299039 ], [ -68.05401739552876, -16.538123834604683 ], [ -68.053969604750804, -16.538123617931763 ], [ -68.053969617964782, -16.538120906317509 ], [ -68.053966806742622, -16.538120893571701 ], [ -68.053966833170662, -16.538115470343204 ], [ -68.053969644392751, -16.538115483089005 ], [ -68.053969657606743, -16.538112771474754 ], [ -68.053966846384682, -16.53811275872896 ], [ -68.053969710462638, -16.538101925017735 ], [ -68.053966899240748, -16.538101912271948 ], [ -68.053966912454754, -16.538099200657694 ], [ -68.053969723676602, -16.538099213403481 ], [ -68.053969736890579, -16.538096501789223 ], [ -68.053975359334217, -16.538096527280679 ], [ -68.053975385761987, -16.53809110405215 ], [ -68.053969776532455, -16.538088366946443 ], [ -68.053969789746404, -16.538085655332186 ], [ -68.053975412189743, -16.538085680823624 ], [ -68.053975438617485, -16.538080257595091 ], [ -68.053981061060668, -16.538080283086366 ], [ -68.053981074274461, -16.538077571472098 ], [ -68.053983885496024, -16.538077584217675 ], [ -68.053983872282259, -16.53808029583195 ], [ -68.053989494725457, -16.538080321322997 ], [ -68.053989507939136, -16.538077609708722 ], [ -68.054000752825402, -16.538077660690362 ], [ -68.054000766038911, -16.53807494907608 ], [ -68.054003577260445, -16.53807496182139 ], [ -68.054003616900857, -16.538066826978511 ], [ -68.054000805679436, -16.538066814233208 ], [ -68.054000792465942, -16.538069525847501 ], [ -68.053995170023043, -16.538069500356769 ], [ -68.053995183236623, -16.53806678874248 ], [ -68.053992372015202, -16.538066775997063 ], [ -68.053992358801594, -16.538069487611345 ], [ -68.05398392513726, -16.538069449374856 ], [ -68.05398391192351, -16.538072160989135 ], [ -68.053981100702032, -16.538072148243558 ], [ -68.053981113915825, -16.538069436629282 ], [ -68.053972680251519, -16.538069398392338 ], [ -68.053975517900668, -16.538063987909482 ], [ -68.053969895457968, -16.538063962418079 ], [ -68.053969935099758, -16.538055827575281 ], [ -68.053967123878522, -16.53805581482953 ], [ -68.053967176734375, -16.538044968372461 ], [ -68.053964365513309, -16.538044955626681 ], [ -68.053964418369262, -16.538034109169601 ], [ -68.053967229590171, -16.538034121915377 ], [ -68.053967269232004, -16.538025987072555 ], [ -68.053964458011208, -16.538025974326786 ], [ -68.053964497653141, -16.538017839483974 ], [ -68.053958875211791, -16.538017813992344 ], [ -68.053958888425839, -16.538015102378079 ], [ -68.053964510867104, -16.538015127869709 ], [ -68.053964524081081, -16.538012416255427 ], [ -68.053975768963497, -16.538012467238211 ], [ -68.053975782177289, -16.538009755623928 ], [ -68.053984215839009, -16.538009793860617 ], [ -68.053984229052702, -16.538007082246327 ], [ -68.053998285155416, -16.538007145973378 ], [ -68.053998298368896, -16.538004434359074 ], [ -68.05400954325097, -16.538004485340018 ], [ -68.054009556464294, -16.538001773725703 ], [ -68.054026423787221, -16.538001850195972 ] ] ] } },
{ "type": "Feature", "properties": { "id": 19, "instance": 100, "mean_prob": 0.984, "area_m2": 23.9 }, "geometry": { "type": "MultiPolygon", "coordinates": [ [ [ [ -68.055628081187393, -16.538160959127531 ], [ -68.055628067996537, -16.538163670743071 ], [ -68.055633690444836, -16.538163696189947 ], [ -68.055633703635607, -16.5381609845744 ], [ -68.055628081187393, -16.538160959127531 ] ] ], [ [ [ -68.055628094378264, -16.538158247511987 ], [ -68.055633716826392, -16.538158272958853 ], [ -68.055633730017163, -16.538155561343299 ], [ -68.055628107569106, -16.53815553589644 ], [ -68.055628094378264, -16.538158247511987 ] ] ], [ [ [ -68.05561988495225, -16.538112111877165 ], [ -68.055614262505472, -16.538112086429994 ], [ -68.055611424899993, -16.538117496937449 ], [ -68.055605802453073, -16.538117471490043 ], [ -68.055602964847267, -16.538122881997346 ], [ -68.055600153623743, -16.53812286927354 ], [ -68.055600127241306, -16.538128292504602 ], [ -68.05559731601771, -16.538128279780754 ], [ -68.055597289635173, -16.538133703011816 ], [ -68.055594478411507, -16.538133690287932 ], [ -68.055594465220196, -16.538136401903451 ], [ -68.055588829581367, -16.538139088071073 ], [ -68.055588803198589, -16.538144511302118 ], [ -68.055583180750929, -16.538144485854055 ], [ -68.055583141176513, -16.538152620700593 ], [ -68.055588750433003, -16.538155357764168 ], [ -68.055588737241592, -16.538158069379683 ], [ -68.055594359689664, -16.538158094827612 ], [ -68.055594346498339, -16.53816080644313 ], [ -68.055605591394638, -16.538160857338532 ], [ -68.055608429000998, -16.53815544683123 ], [ -68.055614064640068, -16.538152760663088 ], [ -68.055614077831109, -16.538150049047552 ], [ -68.055616889055045, -16.538150061771187 ], [ -68.055616902246044, -16.538147350155654 ], [ -68.055622524693845, -16.538147375602804 ], [ -68.055622537884773, -16.538144663987264 ], [ -68.055630971556369, -16.538144702157702 ], [ -68.055630958365569, -16.538147413773249 ], [ -68.055642203261215, -16.53814746466664 ], [ -68.055645040866352, -16.538142054158772 ], [ -68.055647852090189, -16.538142066881985 ], [ -68.055647904852449, -16.538131220419729 ], [ -68.055645093628755, -16.538131207696527 ], [ -68.055647931233537, -16.538125797188592 ], [ -68.055642321976961, -16.538123060126591 ], [ -68.05564236154882, -16.538114925279896 ], [ -68.055639550325381, -16.538114912556633 ], [ -68.055636765483328, -16.538109476602209 ], [ -68.055619898143178, -16.538109400261618 ], [ -68.05561988495225, -16.538112111877165 ] ] ] ] } },
{ "type": "Feature", "properties": { "id": 20, "instance": 175, "mean_prob": 1.0, "area_m2": 95.8 }, "geometry": { "type": "Polygon", "coordinates": [ [ [ -68.055476855578021, -16.538040960925439 ], [ -68.055476842385147, -16.538043672540887 ], [ -68.055482464829723, -16.538043697991657 ], [ -68.055482451636934, -16.538046409607119 ], [ -68.055485262859264, -16.538046422332449 ], [ -68.055485236473743, -16.538051845563373 ], [ -68.05549084572587, -16.538054582629385 ], [ -68.055490806147816, -16.538062717475775 ], [ -68.055496415400341, -16.538065454541663 ], [ -68.055499173852624, -16.538076313728681 ], [ -68.055501985075409, -16.538076326453808 ], [ -68.055501919112629, -16.538089884531129 ], [ -68.055504730335599, -16.538089897256235 ], [ -68.05550471714308, -16.538092608871697 ], [ -68.055507528366107, -16.538092621596757 ], [ -68.055507501981126, -16.538098044827684 ], [ -68.055510313204223, -16.53809805755272 ], [ -68.055510273626865, -16.538106192399116 ], [ -68.055513084850077, -16.538106205124116 ], [ -68.055513058465252, -16.538111628355047 ], [ -68.055515869688534, -16.538111641080011 ], [ -68.055515816918984, -16.538122487541873 ], [ -68.055518628142437, -16.53812250026682 ], [ -68.055518588565377, -16.53813063511322 ], [ -68.055521399788944, -16.538130647838123 ], [ -68.055521386596624, -16.538133359453592 ], [ -68.055518575373, -16.538133346728682 ], [ -68.055518562180637, -16.538136058344143 ], [ -68.055521373404304, -16.538136071069054 ], [ -68.055521347019635, -16.538141494299982 ], [ -68.055515711379755, -16.538144180465583 ], [ -68.05551567180251, -16.538152315311951 ], [ -68.055512860578631, -16.538152302586948 ], [ -68.055512847386169, -16.538155014202399 ], [ -68.055504413714417, -16.538154976027165 ], [ -68.055504400521826, -16.53815768764262 ], [ -68.055498778073925, -16.538157662192273 ], [ -68.055498764881264, -16.538160373807713 ], [ -68.055493142433292, -16.538160348357209 ], [ -68.055490304823749, -16.538165758862764 ], [ -68.055484682375621, -16.538165733412026 ], [ -68.055484695568495, -16.538163021796596 ], [ -68.055473463865454, -16.538160259279252 ], [ -68.05547347705847, -16.538157547663825 ], [ -68.055476288282406, -16.538157560389362 ], [ -68.05547631466834, -16.538152137158509 ], [ -68.055470692220652, -16.538152111707408 ], [ -68.055467907382976, -16.538146675750966 ], [ -68.055462284935444, -16.538146650299652 ], [ -68.055462298128603, -16.538143938684236 ], [ -68.055456675681157, -16.538143913232766 ], [ -68.055456662487927, -16.538146624848181 ], [ -68.05545104004041, -16.538146599396566 ], [ -68.055451026847095, -16.538149311011964 ], [ -68.055445404399521, -16.538149285560188 ], [ -68.055445391206121, -16.538151997175596 ], [ -68.05543414631083, -16.538151946271583 ], [ -68.055434133117288, -16.538154657886967 ], [ -68.055428510669586, -16.538154632434736 ], [ -68.055428537056855, -16.538149209203958 ], [ -68.055425725833075, -16.538149196477786 ], [ -68.05542584457605, -16.538124791939275 ], [ -68.05542865579946, -16.538124804665426 ], [ -68.055428668993073, -16.538122093050028 ], [ -68.055434291439838, -16.538122118502212 ], [ -68.05543712905019, -16.538116707997446 ], [ -68.055439940273516, -16.538116720723444 ], [ -68.055440019434144, -16.538100451030981 ], [ -68.055434410181519, -16.538097713963577 ], [ -68.055434436568518, -16.538092290732763 ], [ -68.055428827316206, -16.538089553665223 ], [ -68.055428853703376, -16.538084130434402 ], [ -68.055426042480534, -16.538084117708284 ], [ -68.055426082061373, -16.538075982862072 ], [ -68.055423270838673, -16.538075970135925 ], [ -68.055423336806868, -16.538062412058895 ], [ -68.055426148029369, -16.538062424785036 ], [ -68.055426161222968, -16.538059713169613 ], [ -68.055431783667927, -16.538059738621776 ], [ -68.055431796861427, -16.538057027006364 ], [ -68.055437419306315, -16.53805705245837 ], [ -68.055437432499744, -16.538054340842951 ], [ -68.055445866166963, -16.538054379020664 ], [ -68.055448703775923, -16.538048968515636 ], [ -68.055459961858404, -16.538046307803111 ], [ -68.055462799466838, -16.538040897297858 ], [ -68.055476855578021, -16.538040960925439 ] ], [ [ -68.055479231435555, -16.538130456960555 ], [ -68.055465175317877, -16.5381303933328 ], [ -68.055465162124776, -16.538133104948223 ], [ -68.055462350901223, -16.538133092222562 ], [ -68.05546232451492, -16.53813851545339 ], [ -68.055465135738558, -16.538138528179061 ], [ -68.055465148931674, -16.538135816563646 ], [ -68.055467960155283, -16.538135829289271 ], [ -68.055467946962196, -16.538138540904693 ], [ -68.0554735694095, -16.538138566355844 ], [ -68.055473582602502, -16.538135854740418 ], [ -68.055476393826112, -16.538135867465932 ], [ -68.055476380633166, -16.538138579081366 ], [ -68.055482003080485, -16.538138604532289 ], [ -68.055482029466219, -16.538133181301422 ], [ -68.055479218242652, -16.538133168575982 ], [ -68.055479231435555, -16.538130456960555 ] ] ] } },
{ "type": "Feature", "properties": { "id": 21, "instance": 74, "mean_prob": 0.959, "area_m2": 118.6 }, "geometry": { "type": "Polygon", "coordinates": [ [ [ -68.053680260364246, -16.538078919090328 ], [ -68.053680247146261, -16.538081630704372 ], [ -68.053685869589003, -16.538081656203602 ], [ -68.053685856371089, -16.538084367817635 ], [ -68.053697088038987, -16.538087130429702 ], [ -68.053699872825007, -16.538092566407208 ], [ -68.053702684046542, -16.538092579156586 ], [ -68.053702670828855, -16.538095290770642 ], [ -68.053708293272024, -16.538095316269285 ], [ -68.053711078058456, -16.538100752246663 ], [ -68.053716700501809, -16.538100777745093 ], [ -68.053716687284307, -16.538103489359145 ], [ -68.053719498506027, -16.538103502108303 ], [ -68.053719485288553, -16.538106213722365 ], [ -68.053727918953825, -16.538106251969623 ], [ -68.05372790573648, -16.538108963583703 ], [ -68.053733528180089, -16.538108989081689 ], [ -68.05373631296743, -16.538114425058762 ], [ -68.05374193541121, -16.538114450556535 ], [ -68.053744720198864, -16.538119886533512 ], [ -68.0537503426428, -16.53811991203106 ], [ -68.053750302991659, -16.5381280468733 ], [ -68.053753114213748, -16.538128059622029 ], [ -68.053753100996744, -16.538130771236101 ], [ -68.053758723441021, -16.538130796733444 ], [ -68.053758710224088, -16.538133508347524 ], [ -68.053753087779711, -16.538133482850181 ], [ -68.053752955609383, -16.538160598990917 ], [ -68.053755766831955, -16.538160611739634 ], [ -68.053755753614936, -16.538163323353714 ], [ -68.053761362843247, -16.538166060465105 ], [ -68.053764147632094, -16.538171496441866 ], [ -68.053766958854851, -16.538171509190441 ], [ -68.053769717210287, -16.538182368395287 ], [ -68.053766905987388, -16.538182355646743 ], [ -68.053766866336773, -16.538190490488976 ], [ -68.053761230673786, -16.53819317660583 ], [ -68.053761204239862, -16.538198599833962 ], [ -68.053758393016736, -16.53819858708529 ], [ -68.053755555359515, -16.538203997564711 ], [ -68.053752744136318, -16.538203984815958 ], [ -68.053752717702139, -16.538209408044079 ], [ -68.053747095255602, -16.538209382546452 ], [ -68.053744257597913, -16.538214793025681 ], [ -68.053738635151205, -16.538214767527823 ], [ -68.053738648368508, -16.538212055913782 ], [ -68.053730214698589, -16.538212017666712 ], [ -68.053730227915992, -16.538209306052675 ], [ -68.053727416692752, -16.538209293303577 ], [ -68.053724631904444, -16.538203857326376 ], [ -68.053716198234937, -16.53820381907876 ], [ -68.053713413447042, -16.53819838310142 ], [ -68.053707791000875, -16.538198357602749 ], [ -68.053707804218575, -16.538195645988726 ], [ -68.053699370549467, -16.538195607740452 ], [ -68.053699383767295, -16.538192896126436 ], [ -68.053693761321298, -16.538192870627398 ], [ -68.053693774539198, -16.538190159013386 ], [ -68.053690963316257, -16.538190146263812 ], [ -68.053688178529242, -16.538184710286174 ], [ -68.053682556083515, -16.538184684786849 ], [ -68.053682569301571, -16.538181973172836 ], [ -68.053679758078744, -16.538181960423124 ], [ -68.05367697329217, -16.538176524445362 ], [ -68.053674162069441, -16.538176511695575 ], [ -68.053674175287597, -16.538173800081559 ], [ -68.053662943615137, -16.538171037468047 ], [ -68.053662956833449, -16.538168325854048 ], [ -68.053660145610849, -16.538168313104077 ], [ -68.053660158829189, -16.538165601490078 ], [ -68.053654549602484, -16.538162864376041 ], [ -68.053654576039321, -16.538157441148048 ], [ -68.053651764816877, -16.538157428397973 ], [ -68.053651778035331, -16.538154716783986 ], [ -68.053654589257732, -16.538154729534057 ], [ -68.053654919717346, -16.538086939183966 ], [ -68.053657730938767, -16.538086951933945 ], [ -68.053657770593688, -16.5380788170919 ], [ -68.053680260364246, -16.538078919090328 ] ] ] } },
{ "type": "Feature", "properties": { "id": 22, "instance": 37, "mean_prob": 0.817, "area_m2": 22.6 }, "geometry": { "type": "MultiPolygon", "coordinates": [ [ [ [ -68.05586080616429, -16.538286749367995 ], [ -68.055863617390401, -16.538286762088408 ], [ -68.055863630578074, -16.538284050472715 ], [ -68.055860819351992, -16.538284037752309 ], [ -68.05586080616429, -16.538286749367995 ] ] ], [ [ [ -68.055855196899856, -16.538284012311372 ], [ -68.055858008125938, -16.538284025031864 ], [ -68.055858021313668, -16.538281313416171 ], [ -68.055855210087643, -16.538281300695679 ], [ -68.055855196899856, -16.538284012311372 ] ] ], [ [ [ -68.055818954291396, -16.538221479781217 ], [ -68.055816143066252, -16.538221467060257 ], [ -68.055816116689684, -16.5382268902916 ], [ -68.055813305464483, -16.538226877570597 ], [ -68.055813292276156, -16.538229589186269 ], [ -68.055804858600425, -16.538229551023012 ], [ -68.055804832223515, -16.53823497425433 ], [ -68.0558020209982, -16.538234961533163 ], [ -68.055801928678719, -16.538253942842776 ], [ -68.055804739904303, -16.53825395556396 ], [ -68.055804713527365, -16.538259378795264 ], [ -68.055807524753035, -16.538259391516412 ], [ -68.055807511564595, -16.53826210313207 ], [ -68.055813134016034, -16.538262128574257 ], [ -68.055813120827679, -16.538264840189917 ], [ -68.055818743279204, -16.538264865631959 ], [ -68.05581873009092, -16.53826757724763 ], [ -68.055824352542515, -16.538267602689526 ], [ -68.055827137391987, -16.538273038641751 ], [ -68.055838382295562, -16.538273089524949 ], [ -68.055838369107548, -16.538275801140625 ], [ -68.055846802785382, -16.538275839302628 ], [ -68.055846789597467, -16.538278550918314 ], [ -68.055852412049447, -16.538278576359463 ], [ -68.055852425237262, -16.538275864743781 ], [ -68.055849614011308, -16.538275852023226 ], [ -68.055849719514114, -16.538254159097711 ], [ -68.055844097062845, -16.538254133656526 ], [ -68.055844083874931, -16.538256845272208 ], [ -68.055841272649261, -16.538256832551557 ], [ -68.055841338589047, -16.538243274473121 ], [ -68.055846974227862, -16.538240588298674 ], [ -68.05584698741572, -16.53823787668297 ], [ -68.055841364964934, -16.538237851241735 ], [ -68.055841378152877, -16.538235139626043 ], [ -68.055844189378234, -16.53823515234668 ], [ -68.055844215754021, -16.538229729115304 ], [ -68.055847026979308, -16.538229741835895 ], [ -68.055847040167151, -16.538227030220192 ], [ -68.055838606491463, -16.538226992058306 ], [ -68.05583861967942, -16.538224280442609 ], [ -68.05583018600386, -16.538224242280389 ], [ -68.055830199191945, -16.538221530664707 ], [ -68.055821765516527, -16.538221492502146 ], [ -68.05582177870474, -16.538218780886471 ], [ -68.055818967479638, -16.538218768165542 ], [ -68.055818954291396, -16.538221479781217 ] ] ], [ [ [ -68.055852636242079, -16.538232478892663 ], [ -68.055855447467408, -16.538232491613144 ], [ -68.055855460655138, -16.538229779997444 ], [ -68.055852649429866, -16.538229767276963 ], [ -68.055852636242079, -16.538232478892663 ] ] ] ] } },
{ "type": "Feature", "properties": { "id": 23, "instance": 151, "mean_prob": 0.998, "area_m2": 61.2 }, "geometry": { "type": "Polygon", "coordinates": [ [ [ -68.055664719433324, -16.538142143220458 ], [ -68.055664706242993, -16.538144854836037 ], [ -68.055673139914688, -16.53814489300477 ], [ -68.055673126724486, -16.538147604620349 ], [ -68.055675937948422, -16.538147617343189 ], [ -68.055675911568059, -16.53815304057435 ], [ -68.055681520826013, -16.538155777635509 ], [ -68.055681494445807, -16.538161200866682 ], [ -68.055687103704088, -16.538163937927703 ], [ -68.055687077323995, -16.538169361158879 ], [ -68.055689888548272, -16.538169373881541 ], [ -68.055689703888021, -16.53820733649972 ], [ -68.055686892663203, -16.538207323777023 ], [ -68.05568686628304, -16.538212747008181 ], [ -68.055684055058137, -16.538212734285445 ], [ -68.05568401548777, -16.538220869132157 ], [ -68.055681204262754, -16.538220856409374 ], [ -68.05568117788242, -16.538226279640508 ], [ -68.055678366657318, -16.538226266917682 ], [ -68.055678340276899, -16.538231690148812 ], [ -68.05567552905174, -16.538231677425948 ], [ -68.055675502671221, -16.53823710065706 ], [ -68.055669880220734, -16.538237075211207 ], [ -68.055669867030389, -16.538239786826768 ], [ -68.05565299967877, -16.538239710488277 ], [ -68.055653012869342, -16.538236998872726 ], [ -68.055644579193682, -16.538236960702974 ], [ -68.055644592384368, -16.538234249087438 ], [ -68.055638969934023, -16.53823422364075 ], [ -68.055638983124794, -16.538231512025224 ], [ -68.05563336067452, -16.538231486578386 ], [ -68.055633373865362, -16.53822877496286 ], [ -68.055627751415187, -16.538228749515884 ], [ -68.055627764606115, -16.538226037900355 ], [ -68.055622142156025, -16.538226012453226 ], [ -68.05562215534701, -16.538223300837704 ], [ -68.055613721672032, -16.538223262666737 ], [ -68.05561373486313, -16.538220551051218 ], [ -68.055610923638184, -16.53822053832749 ], [ -68.055608138795591, -16.538215102372696 ], [ -68.05561095002048, -16.538215115096463 ], [ -68.055611002785028, -16.538204268634392 ], [ -68.055613814009732, -16.538204281358109 ], [ -68.055613840391914, -16.538198858127071 ], [ -68.05561665161656, -16.538198870850742 ], [ -68.055616664807616, -16.538196159235209 ], [ -68.05562230044778, -16.538193473066912 ], [ -68.055625164436051, -16.538182639328333 ], [ -68.055627975660457, -16.538182652051844 ], [ -68.055627988851342, -16.538179940436308 ], [ -68.055633624490895, -16.538177254267673 ], [ -68.05563365087248, -16.538171831036586 ], [ -68.05563928651172, -16.538169144867769 ], [ -68.055639312893135, -16.538163721636668 ], [ -68.055644948532063, -16.538161035467684 ], [ -68.055644974913292, -16.538155612236565 ], [ -68.055650610551922, -16.538152926067411 ], [ -68.055653448156917, -16.538147515559427 ], [ -68.055659070604776, -16.538147541005596 ], [ -68.055661908209458, -16.538142130497473 ], [ -68.055664719433324, -16.538142143220458 ] ] ] } },
{ "type": "Feature", "properties": { "id": 24, "instance": 147, "mean_prob": 0.997, "area_m2": 284.5 }, "geometry": { "type": "Polygon", "coordinates": [ [ [ -68.054284673007288, -16.538081659390453 ], [ -68.05428465979773, -16.538084371004967 ], [ -68.054301527129184, -16.538084447453368 ], [ -68.054301513919853, -16.538087159067885 ], [ -68.05430712315453, -16.538089896164912 ], [ -68.05430710994527, -16.538092607779436 ], [ -68.054312732389363, -16.538092633261794 ], [ -68.054315517193132, -16.538098069231985 ], [ -68.054318328415263, -16.538098081973068 ], [ -68.05431831520616, -16.538100793587599 ], [ -68.054321126428334, -16.538100806328657 ], [ -68.054321113219274, -16.538103517943188 ], [ -68.054326722454704, -16.538106255039718 ], [ -68.054326696036725, -16.538111678268791 ], [ -68.054329507259055, -16.538111691009743 ], [ -68.054332292063563, -16.538117126979724 ], [ -68.054335103285979, -16.538117139720601 ], [ -68.054335090077089, -16.538119851335139 ], [ -68.054340699313201, -16.538122588431328 ], [ -68.054340686104396, -16.538125300045873 ], [ -68.054346308549484, -16.538125325527378 ], [ -68.05434629534075, -16.538128037141924 ], [ -68.054351904577274, -16.538130774237825 ], [ -68.054351891368611, -16.538133485852374 ], [ -68.054357513813954, -16.538133511333594 ], [ -68.054357500605363, -16.538136222948143 ], [ -68.054360311828091, -16.538136235688697 ], [ -68.054360298619542, -16.538138947303249 ], [ -68.054365921065042, -16.53813897278425 ], [ -68.054365907856592, -16.538141684398802 ], [ -68.054368719079378, -16.538141697139245 ], [ -68.054368692662521, -16.538147120368365 ], [ -68.054371503885392, -16.538147133108769 ], [ -68.054374288691548, -16.538152569078271 ], [ -68.054377099914518, -16.538152581818608 ], [ -68.05437699424786, -16.538174274735081 ], [ -68.054374183024578, -16.538174261994726 ], [ -68.054374143399428, -16.538182396838394 ], [ -68.054371332176032, -16.538182384097997 ], [ -68.054371305759176, -16.538187807327088 ], [ -68.054368494535709, -16.538187794586644 ], [ -68.054365630478173, -16.538198628304343 ], [ -68.05436281925455, -16.538198615563818 ], [ -68.054362806046001, -16.538201327178356 ], [ -68.054357170390048, -16.538204013311709 ], [ -68.0543571571814, -16.538206724926255 ], [ -68.05435152152522, -16.538209411059448 ], [ -68.054351495107753, -16.5382148342885 ], [ -68.054348683883902, -16.538214821547768 ], [ -68.054348670675139, -16.538217533162289 ], [ -68.054343048227381, -16.538217507680713 ], [ -68.054343035018519, -16.53822021929523 ], [ -68.054337412570703, -16.538220193813501 ], [ -68.054337399361756, -16.538222905428018 ], [ -68.054269929987683, -16.538222599635343 ], [ -68.054269916777798, -16.5382253112498 ], [ -68.05425867188211, -16.538225260282221 ], [ -68.054258658672069, -16.538227971896674 ], [ -68.054253036224154, -16.53822794641265 ], [ -68.054253023014041, -16.5382306580271 ], [ -68.054241778118083, -16.538230607058598 ], [ -68.0542417649078, -16.538233318673047 ], [ -68.05423333123575, -16.53823328044626 ], [ -68.054233318025339, -16.538235992060688 ], [ -68.054222073129154, -16.538235941091109 ], [ -68.054222059918587, -16.538238652705527 ], [ -68.05421643747043, -16.538238627220505 ], [ -68.054216424259778, -16.538241338834919 ], [ -68.054205179363336, -16.538241287864412 ], [ -68.054205166152542, -16.538243999478816 ], [ -68.054168620238826, -16.538243833820459 ], [ -68.054168646661438, -16.53823841059171 ], [ -68.054165835437402, -16.538238397848502 ], [ -68.054165848648751, -16.538235686234124 ], [ -68.054168659872758, -16.538235698977338 ], [ -68.054168712717939, -16.538224852519818 ], [ -68.054165901494102, -16.538224839776621 ], [ -68.054165993973371, -16.538205858475955 ], [ -68.054163182749818, -16.538205845732737 ], [ -68.05416324880656, -16.538192287660817 ], [ -68.054160437583192, -16.538192274917566 ], [ -68.054160622542298, -16.538154312316141 ], [ -68.054166258199203, -16.538151626188146 ], [ -68.054166271410466, -16.538148914573739 ], [ -68.054171893855951, -16.53814894005998 ], [ -68.054171907067129, -16.538146228445584 ], [ -68.054177529512543, -16.538146253931661 ], [ -68.05417754272365, -16.53814354231725 ], [ -68.054183165168993, -16.538143567803182 ], [ -68.054183178380015, -16.538140856188768 ], [ -68.054188800825287, -16.53814088167454 ], [ -68.054191638469732, -16.538135471188525 ], [ -68.054194449692304, -16.538135483931313 ], [ -68.054194462903155, -16.538132772316889 ], [ -68.054200085348228, -16.538132797802341 ], [ -68.054200098558994, -16.538130086187909 ], [ -68.05420290978148, -16.538130098930587 ], [ -68.054205747425371, -16.538124688444345 ], [ -68.054208558647801, -16.538124701186938 ], [ -68.054211396291436, -16.538119290700603 ], [ -68.054217018736139, -16.538119316185583 ], [ -68.054217031946678, -16.538116604571133 ], [ -68.054222654391296, -16.538116630055956 ], [ -68.054222667601749, -16.538113918441503 ], [ -68.054228290046311, -16.53811394392617 ], [ -68.054228303256679, -16.538111232311721 ], [ -68.054233925701169, -16.538111257796228 ], [ -68.054233938911452, -16.538108546181761 ], [ -68.054236750133668, -16.538108558923959 ], [ -68.054236776554148, -16.538103135695028 ], [ -68.05424804786287, -16.538097763434479 ], [ -68.05424806107294, -16.538095051819994 ], [ -68.054253696726988, -16.538092365689465 ], [ -68.054253723146985, -16.538086942460502 ], [ -68.054256534368903, -16.53808695520242 ], [ -68.054256547578845, -16.538084243587935 ], [ -68.054284673007288, -16.538081659390453 ] ] ] } },
{ "type": "Feature", "properties": { "id": 25, "instance": 53, "mean_prob": 0.899, "area_m2": 30.0 }, "geometry": { "type": "Polygon", "coordinates": [ [ [ -68.055852649429866, -16.538229767276963 ], [ -68.055852636242079, -16.538232478892663 ], [ -68.055861069918052, -16.538232517053999 ], [ -68.055861056730393, -16.538235228669702 ], [ -68.055872288444377, -16.538237991166671 ], [ -68.05587227525686, -16.538240702782392 ], [ -68.055877897707774, -16.538240728222803 ], [ -68.055877884520342, -16.538243439838521 ], [ -68.055886318196855, -16.538243477998858 ], [ -68.055889103047804, -16.538248913950341 ], [ -68.055894725498973, -16.538248939390311 ], [ -68.055894712311769, -16.538251651006039 ], [ -68.055897523537411, -16.538251663725966 ], [ -68.055897299355152, -16.538297761193292 ], [ -68.055886054449957, -16.538297710313195 ], [ -68.055886067637331, -16.538294998697488 ], [ -68.055880445184812, -16.538294973257216 ], [ -68.055880458372258, -16.538292261641502 ], [ -68.055874835919852, -16.538292236201087 ], [ -68.055872051068775, -16.53828680024942 ], [ -68.055863617390401, -16.538286762088408 ], [ -68.055863630578074, -16.538284050472715 ], [ -68.055852398861617, -16.53828128797516 ], [ -68.055852425237262, -16.538275864743781 ], [ -68.055849614011308, -16.538275852023226 ], [ -68.055849719514114, -16.538254159097711 ], [ -68.055844097062845, -16.538254133656526 ], [ -68.055844083874931, -16.538256845272208 ], [ -68.055841272649261, -16.538256832551557 ], [ -68.055841338589047, -16.538243274473121 ], [ -68.055846974227862, -16.538240588298674 ], [ -68.05584698741572, -16.53823787668297 ], [ -68.055841364964934, -16.538237851241735 ], [ -68.055841378152877, -16.538235139626043 ], [ -68.055844189378234, -16.53823515234668 ], [ -68.055844215754021, -16.538229729115304 ], [ -68.055852649429866, -16.538229767276963 ] ] ] } },
{ "type": "Feature", "properties": { "id": 26, "instance": 99, "mean_prob": 0.984, "area_m2": 71.9 }, "geometry": { "type": "Polygon", "coordinates": [ [ [ -68.05369351018075, -16.538244391293567 ], [ -68.053693496962808, -16.538247102907569 ], [ -68.053699119410354, -16.538247128406692 ], [ -68.053701904198476, -16.538252564384205 ], [ -68.053707526646193, -16.538252589883111 ], [ -68.053707513428435, -16.538255301497124 ], [ -68.053713135876251, -16.538255326995881 ], [ -68.053713122658564, -16.5382580386099 ], [ -68.053718745106465, -16.538258064108511 ], [ -68.053721529895299, -16.538263500085797 ], [ -68.053727152343356, -16.538263525584192 ], [ -68.053727139125868, -16.538266237198219 ], [ -68.053732748356623, -16.538268974310483 ], [ -68.053732735139207, -16.538271685924514 ], [ -68.05373835758752, -16.538271711422613 ], [ -68.053741142377078, -16.538277147399672 ], [ -68.05374676482559, -16.538277172897555 ], [ -68.053749549615446, -16.538282608874518 ], [ -68.053755172064129, -16.53828263437218 ], [ -68.053755145629879, -16.538288057600262 ], [ -68.053757956854298, -16.538288070349044 ], [ -68.053757877551746, -16.538304340033278 ], [ -68.053755066327099, -16.538304327284486 ], [ -68.053755026675674, -16.538312462126587 ], [ -68.053749391008907, -16.538315148242894 ], [ -68.053749351357212, -16.538323283084971 ], [ -68.053746540132295, -16.538323270336051 ], [ -68.053746500480457, -16.53833140517812 ], [ -68.053743689255427, -16.538331392429157 ], [ -68.053743662820779, -16.538336815657185 ], [ -68.053740851595677, -16.538336802908173 ], [ -68.053738013935742, -16.53834221338716 ], [ -68.053726755817436, -16.538344874004572 ], [ -68.053726729382291, -16.538350297232569 ], [ -68.053723918157004, -16.538350284483318 ], [ -68.053721080496402, -16.538355694962032 ], [ -68.053698590693529, -16.538355592966344 ], [ -68.053695805904184, -16.538350156988752 ], [ -68.053692994678926, -16.538350144239089 ], [ -68.053690209889822, -16.538344708261452 ], [ -68.053687398664636, -16.538344695511714 ], [ -68.053687477973284, -16.538328425827874 ], [ -68.053684666748339, -16.538328413078112 ], [ -68.053684746057158, -16.538312143394261 ], [ -68.05368193483244, -16.538312130644481 ], [ -68.05368194805061, -16.538309419030494 ], [ -68.053684759275271, -16.538309431780281 ], [ -68.053684825365863, -16.538295873710382 ], [ -68.053682014141387, -16.538295860960609 ], [ -68.053682093450263, -16.538279591276719 ], [ -68.053679282226014, -16.538279578526925 ], [ -68.053679335098707, -16.538268732070986 ], [ -68.053676523874628, -16.538268719321167 ], [ -68.053676537092841, -16.538266007707186 ], [ -68.053679348316862, -16.538266020457005 ], [ -68.053676589965633, -16.538255161251243 ], [ -68.053679401189498, -16.538255174001058 ], [ -68.053679440843965, -16.538247039159099 ], [ -68.053682252067716, -16.538247051908868 ], [ -68.053682265285829, -16.538244340294874 ], [ -68.05369351018075, -16.538244391293567 ] ] ] } },
{ "type": "Feature", "properties": { "id": 27, "instance": 26, "mean_prob": 0.743, "area_m2": 32.9 }, "geometry": { "type": "Polygon", "coordinates": [ [ [ -68.055837841584889, -16.538384265767178 ], [ -68.055837828396776, -16.538386977382828 ], [ -68.055843450851867, -16.538387002824383 ], [ -68.055843411287739, -16.538395137671348 ], [ -68.055840600060066, -16.538395124950576 ], [ -68.055840560495795, -16.538403259797523 ], [ -68.055843371723583, -16.538403272518295 ], [ -68.055843266219057, -16.538424965443461 ], [ -68.055840454990957, -16.538424952722668 ], [ -68.055840428614729, -16.538430375953954 ], [ -68.055831994930202, -16.538430337791347 ], [ -68.055831981741974, -16.538433049406976 ], [ -68.055829170513761, -16.538433036686026 ], [ -68.055823600810768, -16.538422164781505 ], [ -68.055803922214508, -16.53842207573334 ], [ -68.055803909025883, -16.538424787348955 ], [ -68.055801097797826, -16.538424774627636 ], [ -68.055801058231822, -16.538432909474462 ], [ -68.055775757178282, -16.538432794980817 ], [ -68.055775968202354, -16.538389409131319 ], [ -68.055781590657432, -16.538389434574544 ], [ -68.055781603846327, -16.538386722958929 ], [ -68.055829394714138, -16.53838693922021 ], [ -68.055829407902365, -16.538384227604563 ], [ -68.055837841584889, -16.538384265767178 ] ] ] } },
{ "type": "Feature", "properties": { "id": 28, "instance": 78, "mean_prob": 0.963, "area_m2": 119.6 }, "geometry": { "type": "Polygon", "coordinates": [ [ [ -68.053974381499884, -16.538297186734091 ], [ -68.053974368285807, -16.53829989834831 ], [ -68.053985613184892, -16.538299949331428 ], [ -68.053985599970986, -16.538302660945643 ], [ -68.053988411195803, -16.538302673691334 ], [ -68.053988331912493, -16.53831894337663 ], [ -68.053991143137551, -16.538318956122293 ], [ -68.053990892073884, -16.538370476792281 ], [ -68.053993703299696, -16.538370489537947 ], [ -68.053993610802607, -16.538389470837359 ], [ -68.053996422028689, -16.538389483583007 ], [ -68.053996382387169, -16.538397618425609 ], [ -68.053999193613365, -16.538397631171222 ], [ -68.05399915397193, -16.538405766013824 ], [ -68.054001965198253, -16.538405778759408 ], [ -68.054004697142119, -16.538422061190172 ], [ -68.054010306381585, -16.53842479829537 ], [ -68.054013038326332, -16.538441080726049 ], [ -68.054010227099468, -16.538441067980589 ], [ -68.054010213885789, -16.538443779594783 ], [ -68.054004578218255, -16.538446465717936 ], [ -68.054004565004476, -16.538449177332144 ], [ -68.053998942550578, -16.538449151840947 ], [ -68.053998929336728, -16.53845186345513 ], [ -68.053982061974835, -16.538451786980616 ], [ -68.053982048760744, -16.538454498594792 ], [ -68.053948314036745, -16.538454345641654 ], [ -68.053948300822185, -16.538457057255805 ], [ -68.053945489595165, -16.538457044509464 ], [ -68.053945502809768, -16.538454332895316 ], [ -68.053934257901872, -16.538454281909576 ], [ -68.053934416478825, -16.538421742539889 ], [ -68.05393160525233, -16.538421729793384 ], [ -68.053931856332539, -16.538370209124537 ], [ -68.053934667558295, -16.538370221870995 ], [ -68.053934680772983, -16.53836751025684 ], [ -68.05393186954727, -16.538367497510375 ], [ -68.053931988479661, -16.538343092982934 ], [ -68.053929177254318, -16.538343080236459 ], [ -68.053929335831015, -16.538310540866462 ], [ -68.053926524606126, -16.538310528119968 ], [ -68.053926577465106, -16.5382996816633 ], [ -68.053935011139288, -16.538299719902625 ], [ -68.053935024353905, -16.538297008288438 ], [ -68.053974381499884, -16.538297186734091 ] ] ] } },
{ "type": "Feature", "properties": { "id": 29, "instance": 85, "mean_prob": 0.969, "area_m2": 26.5 }, "geometry": { "type": "Polygon", "coordinates": [ [ [ -68.055930401104519, -16.538428071384878 ], [ -68.055930282422679, -16.538452475926249 ], [ -68.055933093651248, -16.538452488645852 ], [ -68.055933014530154, -16.538468758340077 ], [ -68.055930203301344, -16.538468745620463 ], [ -68.055930190114438, -16.538471457236167 ], [ -68.05592456765676, -16.538471431796825 ], [ -68.055924554469783, -16.538474143412515 ], [ -68.055921743240901, -16.538474130692784 ], [ -68.055921756427921, -16.538471419077091 ], [ -68.055907700283754, -16.538471355477874 ], [ -68.055907687096536, -16.538474067093556 ], [ -68.055902064638829, -16.5384740416536 ], [ -68.055902051451525, -16.538476753269276 ], [ -68.055899240222615, -16.538476740549239 ], [ -68.05589640261897, -16.538482151060499 ], [ -68.055882346474149, -16.538482087459535 ], [ -68.055882597037666, -16.5384305667619 ], [ -68.05591352054816, -16.538430706682306 ], [ -68.055913533735264, -16.538427995066602 ], [ -68.055930401104519, -16.538428071384878 ] ] ] } },
{ "type": "Feature", "properties": { "id": 30, "instance": 52, "mean_prob": 0.897, "area_m2": 27.0 }, "geometry": { "type": "Polygon", "coordinates": [ [ [ -68.055930124179909, -16.538485015314656 ], [ -68.055929873628131, -16.538536536012739 ], [ -68.055887705181604, -16.538536345213167 ], [ -68.05588774474424, -16.538528210366216 ], [ -68.055884933514605, -16.538528197645956 ], [ -68.05588513132804, -16.538487523411138 ], [ -68.055887942557078, -16.53848753613137 ], [ -68.055887955744566, -16.538484824515709 ], [ -68.055930124179909, -16.538485015314656 ] ] ] } },
{ "type": "Feature", "properties": { "id": 31, "instance": 115, "mean_prob": 0.991, "area_m2": 31.5 }, "geometry": { "type": "Polygon", "coordinates": [ [ [ -68.054105755964102, -16.538452347762043 ], [ -68.05410574275173, -16.538455059376311 ], [ -68.054114176433117, -16.538455097608743 ], [ -68.054113951824505, -16.538501195051364 ], [ -68.054116763052306, -16.538501207795473 ], [ -68.054116617717369, -16.538531035552385 ], [ -68.054082882978776, -16.538530882620314 ], [ -68.054082896191517, -16.538528171006075 ], [ -68.05408008496336, -16.538528158261492 ], [ -68.054080441707725, -16.538454944676964 ], [ -68.054094497843266, -16.5384550083992 ], [ -68.05409451105578, -16.538452296784939 ], [ -68.054105755964102, -16.538452347762043 ] ] ] } },
{ "type": "Feature", "properties": { "id": 32, "instance": 126, "mean_prob": 0.995, "area_m2": 87.1 }, "geometry": { "type": "Polygon", "coordinates": [ [ [ -68.056152409038759, -16.538445345810398 ], [ -68.05615239585498, -16.538448057426272 ], [ -68.05615801831236, -16.53844808285945 ], [ -68.056157939210138, -16.538464352554737 ], [ -68.056160750439062, -16.538464365271281 ], [ -68.056160737255382, -16.538467076887162 ], [ -68.056166346529722, -16.538469813936018 ], [ -68.056166333346127, -16.538472525551914 ], [ -68.056177578262364, -16.538472576417426 ], [ -68.056177565078912, -16.538475288033318 ], [ -68.056191621224443, -16.53847535161437 ], [ -68.056191581674682, -16.53848348646207 ], [ -68.056194392903905, -16.538483499178167 ], [ -68.056194366537468, -16.538488922409986 ], [ -68.056197177766791, -16.538488935126054 ], [ -68.056197164583594, -16.538491646741956 ], [ -68.056202773859212, -16.538494383789896 ], [ -68.056202760676086, -16.538497095405798 ], [ -68.056214005593858, -16.538497146269425 ], [ -68.056213992410903, -16.538499857885341 ], [ -68.056219614869889, -16.538499883316931 ], [ -68.05621960168699, -16.538502594932854 ], [ -68.056222412916526, -16.538502607648592 ], [ -68.056222307453694, -16.538524300575929 ], [ -68.056225118683543, -16.538524313291653 ], [ -68.056225092317888, -16.53852973652349 ], [ -68.056222281087955, -16.538529723807759 ], [ -68.056222267905099, -16.538532435423672 ], [ -68.056230701594998, -16.538532473570736 ], [ -68.056230688412242, -16.538535185186657 ], [ -68.056225065952219, -16.538535159755313 ], [ -68.056225052769378, -16.538537871371226 ], [ -68.056222241539345, -16.538537858655495 ], [ -68.056222228356461, -16.538540570271415 ], [ -68.05623066204673, -16.538540608418497 ], [ -68.056230648863959, -16.53854332003441 ], [ -68.056222215173577, -16.538543281887318 ], [ -68.056222201990707, -16.538545993503224 ], [ -68.056180033538553, -16.53854580276262 ], [ -68.056180020355086, -16.538548514378498 ], [ -68.056174397894765, -16.538548488945764 ], [ -68.056174411078317, -16.538545777329894 ], [ -68.056160354927741, -16.538545713747421 ], [ -68.056160368111492, -16.538543002131565 ], [ -68.056154758835177, -16.538540265082457 ], [ -68.056154824754245, -16.538526707003161 ], [ -68.056152013524439, -16.538526694286489 ], [ -68.056152039892126, -16.538521271054766 ], [ -68.056149228662377, -16.538521258338065 ], [ -68.056149241846256, -16.538518546722209 ], [ -68.056137996927461, -16.53851849585503 ], [ -68.056138010111496, -16.538515784239177 ], [ -68.056123953963251, -16.538515720654367 ], [ -68.056121169102141, -16.538510284705609 ], [ -68.056115546643014, -16.538510259271355 ], [ -68.056115652117683, -16.538488566344657 ], [ -68.056112840888446, -16.538488553627484 ], [ -68.056112959547605, -16.538464149084913 ], [ -68.056110148318723, -16.538464136367722 ], [ -68.056107416196312, -16.538447853955446 ], [ -68.056110227424966, -16.538447866672655 ], [ -68.056110240609314, -16.538445155056813 ], [ -68.056152409038759, -16.538445345810398 ] ] ] } },
{ "type": "Feature", "properties": { "id": 33, "instance": 83, "mean_prob": 0.968, "area_m2": 22.9 }, "geometry": { "type": "Polygon", "coordinates": [ [ [ -68.053993161529306, -16.538481665719758 ], [ -68.053993148315357, -16.538484377333933 ], [ -68.053995959542803, -16.538484390079649 ], [ -68.053995867045259, -16.538503371378876 ], [ -68.05399867827299, -16.538503384124578 ], [ -68.053998493278101, -16.538541346722948 ], [ -68.053995682049816, -16.538541333977218 ], [ -68.053995668835839, -16.538544045591387 ], [ -68.053987235150885, -16.538544007353966 ], [ -68.053987248364976, -16.538541295739797 ], [ -68.053964758538868, -16.538541193771689 ], [ -68.05396502282656, -16.538486961488779 ], [ -68.053967834054035, -16.538486974234885 ], [ -68.053967847268339, -16.538484262620738 ], [ -68.053973469723218, -16.538484288112819 ], [ -68.053973482937465, -16.538481576498658 ], [ -68.053993161529306, -16.538481665719758 ] ] ] } },
{ "type": "Feature", "properties": { "id": 34, "instance": 34, "mean_prob": 0.808, "area_m2": 24.5 }, "geometry": { "type": "Polygon", "coordinates": [ [ [ -68.056087460717038, -16.538504708866167 ], [ -68.056087447532306, -16.538507420481977 ], [ -68.056098692450291, -16.538507471351846 ], [ -68.056098679265716, -16.53851018296767 ], [ -68.056104301724801, -16.538510208402379 ], [ -68.056107086585428, -16.538515644351339 ], [ -68.056112709044697, -16.538515669785831 ], [ -68.056112682675902, -16.538521093017486 ], [ -68.056118305135342, -16.53852111845184 ], [ -68.056121089996495, -16.538526554400637 ], [ -68.0561239012263, -16.538526567117721 ], [ -68.056123874857818, -16.538531990349387 ], [ -68.056126686087694, -16.53853200306644 ], [ -68.056129470949244, -16.538537439015133 ], [ -68.056132282179206, -16.538537451732115 ], [ -68.056132216258504, -16.538551009811307 ], [ -68.056135027488665, -16.538551022528257 ], [ -68.056134987936346, -16.538559157375772 ], [ -68.056090008252156, -16.538558953899869 ], [ -68.056090021436901, -16.53855624228407 ], [ -68.056087210206684, -16.538556229566506 ], [ -68.056087276130555, -16.538542671487495 ], [ -68.05608446490055, -16.538542658769906 ], [ -68.056084504454958, -16.53853452392249 ], [ -68.056081693225082, -16.538534511204865 ], [ -68.056081772334039, -16.538518241510047 ], [ -68.056078961104404, -16.538518228792402 ], [ -68.056079013843828, -16.538507382329179 ], [ -68.056081825073321, -16.538507395046814 ], [ -68.056081838258123, -16.538504683431011 ], [ -68.056087460717038, -16.538504708866167 ] ] ] } },
{ "type": "Feature", "properties": { "id": 35, "instance": 28, "mean_prob": 0.772, "area_m2": 11.1 }, "geometry": { "type": "Polygon", "coordinates": [ [ [ -68.056199646233466, -16.538559449855413 ], [ -68.056199619867044, -16.538564873087182 ], [ -68.056202431097461, -16.53856488580324 ], [ -68.056202365181548, -16.538578443882674 ], [ -68.056182686567297, -16.538578354869408 ], [ -68.056182673383844, -16.538581066485285 ], [ -68.056157372308192, -16.53858095203692 ], [ -68.056157385492014, -16.538578240421057 ], [ -68.056151763030869, -16.538578214987673 ], [ -68.056151776214762, -16.538575503371831 ], [ -68.056154587445292, -16.538575516088539 ], [ -68.056154613812993, -16.53857009285684 ], [ -68.056151802582548, -16.53857008014014 ], [ -68.056151815766427, -16.538567368524294 ], [ -68.056157438227274, -16.53856739395766 ], [ -68.056157464594861, -16.538561970725951 ], [ -68.056163087055552, -16.538561996159157 ], [ -68.056163100239274, -16.5385592845433 ], [ -68.056199646233466, -16.538559449855413 ] ] ] } },
{ "type": "Feature", "properties": { "id": 36, "instance": 117, "mean_prob": 0.992, "area_m2": 71.8 }, "geometry": { "type": "Polygon", "coordinates": [ [ [ -68.053725896670301, -16.538521128913192 ], [ -68.053725883452572, -16.538523840527144 ], [ -68.053739939591651, -16.538523904273525 ], [ -68.053739926374107, -16.538526615887491 ], [ -68.053768038652834, -16.538526743377432 ], [ -68.053768025435687, -16.538529454991426 ], [ -68.053770836663617, -16.538529467740215 ], [ -68.053770810229395, -16.538534890968183 ], [ -68.05377362145741, -16.538534903716936 ], [ -68.053773595023259, -16.538540326944911 ], [ -68.053770783795173, -16.538540314196151 ], [ -68.053770638406718, -16.538570141949965 ], [ -68.05377344963523, -16.538570154698746 ], [ -68.05377623442962, -16.53857559067545 ], [ -68.053779045658217, -16.53857560342416 ], [ -68.053778979573025, -16.53858916149407 ], [ -68.053781790801821, -16.538589174242752 ], [ -68.053781764367798, -16.538594597470716 ], [ -68.053784575596694, -16.53859461021937 ], [ -68.05378452272879, -16.538605456675292 ], [ -68.053781711499738, -16.538605443926627 ], [ -68.05378169828272, -16.538608155540604 ], [ -68.05377045336644, -16.538608104545578 ], [ -68.05377044014925, -16.538610816159551 ], [ -68.053736705400183, -16.5386106631708 ], [ -68.053736718617841, -16.538607951556852 ], [ -68.053731096159765, -16.538607926058205 ], [ -68.053728311366271, -16.538602490080955 ], [ -68.053705821534749, -16.538602388084573 ], [ -68.053705834752833, -16.538599676470653 ], [ -68.053700212295055, -16.538599650971182 ], [ -68.053700265167649, -16.53858880451552 ], [ -68.053703076396374, -16.538588817265261 ], [ -68.053703089614487, -16.538586105651341 ], [ -68.05370027838579, -16.538586092901596 ], [ -68.053700370912722, -16.538567111604142 ], [ -68.053703182141135, -16.538567124353868 ], [ -68.053703287885739, -16.538545431442447 ], [ -68.053700476657639, -16.538545418692738 ], [ -68.053700529530033, -16.538534572237015 ], [ -68.053703340757977, -16.538534584986714 ], [ -68.053703393630187, -16.538523738530973 ], [ -68.05370620485796, -16.538523751280618 ], [ -68.053706218075973, -16.538521039666687 ], [ -68.053725896670301, -16.538521128913192 ] ] ] } },
{ "type": "Feature", "properties": { "id": 37, "instance": 105, "mean_prob": 0.987, "area_m2": 51.4 }, "geometry": { "type": "Polygon", "coordinates": [ [ [ -68.05398998030887, -16.538557578170586 ], [ -68.053989967094793, -16.538560289784737 ], [ -68.054006821252315, -16.538563077873256 ], [ -68.054006808038466, -16.538565789487425 ], [ -68.054023662196784, -16.538568577574619 ], [ -68.054023648983176, -16.538571289188805 ], [ -68.054032082669409, -16.538571327424822 ], [ -68.054034867471231, -16.538576763398442 ], [ -68.054037678700055, -16.538576776143675 ], [ -68.054037652273209, -16.538582199372041 ], [ -68.054034841044299, -16.538582186626808 ], [ -68.054034788190421, -16.538593033083536 ], [ -68.054031976961369, -16.538593020338254 ], [ -68.054031924107292, -16.538603866794961 ], [ -68.054029112878069, -16.538603854049637 ], [ -68.054029073237373, -16.53861198889215 ], [ -68.054026262008037, -16.538611976146779 ], [ -68.054026235580807, -16.538617399375116 ], [ -68.054023424351399, -16.538617386629699 ], [ -68.054023384710419, -16.538625521472195 ], [ -68.054020573480898, -16.538625508726739 ], [ -68.054020547053497, -16.538630931955055 ], [ -68.054014924594298, -16.538630906464014 ], [ -68.054014911380506, -16.538633618078165 ], [ -68.05400928892125, -16.538633592586972 ], [ -68.054009302135114, -16.538630880972825 ], [ -68.053995245987196, -16.53863081724419 ], [ -68.053995259201258, -16.538628105630057 ], [ -68.053978405038364, -16.53862531754033 ], [ -68.053978418252655, -16.5386226059262 ], [ -68.053967173334883, -16.538622554941721 ], [ -68.053967186549329, -16.538619843327606 ], [ -68.053961564090557, -16.538619817835148 ], [ -68.053961577305074, -16.538617106221036 ], [ -68.053958766075723, -16.538617093474752 ], [ -68.053958845363013, -16.538600823790055 ], [ -68.053961656592136, -16.538600836536332 ], [ -68.053961722664624, -16.53858727846572 ], [ -68.053964533893534, -16.538587291211943 ], [ -68.053964573536888, -16.538579156369558 ], [ -68.053967384765684, -16.538579169115735 ], [ -68.053967450837689, -16.538565611045069 ], [ -68.053970262066301, -16.538565623791204 ], [ -68.053970288494995, -16.53856020056293 ], [ -68.053973099723535, -16.538560213309012 ], [ -68.05397311293784, -16.538557501694878 ], [ -68.05398998030887, -16.538557578170586 ] ] ] } },
{ "type": "Feature", "properties": { "id": 38, "instance": 166, "mean_prob": 0.999, "area_m2": 105.5 }, "geometry": { "type": "Polygon", "coordinates": [ [ [ -68.056222043795913, -16.538578532894078 ], [ -68.056222030613, -16.538581244509988 ], [ -68.05623608676639, -16.538581308088439 ], [ -68.056236073583662, -16.538584019704352 ], [ -68.05624169604512, -16.538584045135469 ], [ -68.05624137966096, -16.53864912391721 ], [ -68.056232945965959, -16.538649085770317 ], [ -68.056232932783132, -16.538651797386208 ], [ -68.05622168785635, -16.53865174652314 ], [ -68.056221674673367, -16.53865445813901 ], [ -68.056187939892766, -16.538654305546153 ], [ -68.056187926709299, -16.538657017162006 ], [ -68.056185115477561, -16.538657004445685 ], [ -68.056185062743566, -16.538667850909086 ], [ -68.056179440279777, -16.53866782547632 ], [ -68.056179427096183, -16.538670537092159 ], [ -68.056140069849405, -16.538670359058489 ], [ -68.05614008303354, -16.538667647442679 ], [ -68.056134460569837, -16.538667622008692 ], [ -68.056134473754042, -16.538664910392885 ], [ -68.056131662522233, -16.53866489767584 ], [ -68.056131675706482, -16.538662186060034 ], [ -68.056134486938248, -16.538662198777075 ], [ -68.056134500122468, -16.538659487161269 ], [ -68.05613168889073, -16.538659474444223 ], [ -68.05613208441693, -16.538578125969643 ], [ -68.056157385492014, -16.538578240421057 ], [ -68.056157372308192, -16.53858095203692 ], [ -68.056182673383844, -16.538581066485285 ], [ -68.056182686567297, -16.538578354869408 ], [ -68.056222043795913, -16.538578532894078 ] ] ] } },
{ "type": "Feature", "properties": { "id": 39, "instance": 109, "mean_prob": 0.989, "area_m2": 42.5 }, "geometry": { "type": "Polygon", "coordinates": [ [ [ -68.05593231562321, -16.538612473971298 ], [ -68.05593205188292, -16.538666706284442 ], [ -68.055934863114601, -16.53866671900418 ], [ -68.05593477080555, -16.538685700313728 ], [ -68.055931959573599, -16.538685687593976 ], [ -68.055931946386551, -16.538688399209626 ], [ -68.055923512690597, -16.538688361050134 ], [ -68.055923525877773, -16.538685649434491 ], [ -68.055892602326566, -16.538685509513474 ], [ -68.055892589138963, -16.538688221129096 ], [ -68.05588415544311, -16.538688182968009 ], [ -68.055884181818556, -16.53868275973679 ], [ -68.05588137058669, -16.53868274701636 ], [ -68.05588155521508, -16.538644784397796 ], [ -68.055884366446392, -16.538644797118192 ], [ -68.055884432384801, -16.5386312390401 ], [ -68.055887243615928, -16.538631251760449 ], [ -68.055887283178819, -16.53862311691358 ], [ -68.055890094409818, -16.538623129633891 ], [ -68.055890120784994, -16.538617706402622 ], [ -68.055887309554066, -16.538617693682319 ], [ -68.055887322741683, -16.538614982066697 ], [ -68.055901378896166, -16.538615045667818 ], [ -68.055901392083584, -16.538612334052178 ], [ -68.05593231562321, -16.538612473971298 ] ] ] } },
{ "type": "Feature", "properties": { "id": 40, "instance": 110, "mean_prob": 0.989, "area_m2": 211.8 }, "geometry": { "type": "Polygon", "coordinates": [ [ [ -68.055218632571098, -16.538533316719963 ], [ -68.055218619374216, -16.538536028335091 ], [ -68.055229864291036, -16.538536079251863 ], [ -68.055229851094282, -16.538538790866994 ], [ -68.055232662323547, -16.538538803596097 ], [ -68.055232622733442, -16.538546938441492 ], [ -68.055235433962807, -16.538546951170559 ], [ -68.055235341586084, -16.538565932476494 ], [ -68.055238152815733, -16.538565945205537 ], [ -68.055238060439152, -16.538584926511444 ], [ -68.055235249209218, -16.53858491378238 ], [ -68.055235077651901, -16.538620164778941 ], [ -68.055237888882331, -16.538620177508037 ], [ -68.055237849292226, -16.538628312353378 ], [ -68.055235038061696, -16.538628299624282 ], [ -68.055235024864942, -16.538631011239403 ], [ -68.055237836095543, -16.538631023968499 ], [ -68.055237770111972, -16.538644582044068 ], [ -68.055243392573558, -16.538644607502171 ], [ -68.055243115443616, -16.538701551419443 ], [ -68.055234681748786, -16.538701513232084 ], [ -68.055234668551975, -16.538704224847169 ], [ -68.055155954066748, -16.538703868415325 ], [ -68.055155940868829, -16.538706580030357 ], [ -68.055153129637219, -16.5387065673001 ], [ -68.055153142835152, -16.538703855685068 ], [ -68.055136275445733, -16.538703779302725 ], [ -68.055136288643922, -16.538701067687711 ], [ -68.055127854949362, -16.538701029496032 ], [ -68.055127894544242, -16.538692894651 ], [ -68.055130705775653, -16.538692907381588 ], [ -68.055130824559825, -16.538668502846427 ], [ -68.055133635790881, -16.538668515576958 ], [ -68.055133754574499, -16.53864411104173 ], [ -68.055136565805199, -16.538644123772201 ], [ -68.055136684588277, -16.538619719236884 ], [ -68.055133873357917, -16.538619706506431 ], [ -68.055133926150489, -16.538608860046278 ], [ -68.0551311149203, -16.538608847315796 ], [ -68.055131194109322, -16.538592577625561 ], [ -68.055128382879374, -16.538592564895055 ], [ -68.055128409275767, -16.538587141664973 ], [ -68.055131220505629, -16.538587154395479 ], [ -68.05513123370379, -16.538584442780433 ], [ -68.055128422473956, -16.538584430049937 ], [ -68.05512860724842, -16.538546467439282 ], [ -68.0551314184777, -16.538546480169757 ], [ -68.055131444873936, -16.538541056939657 ], [ -68.055139878561562, -16.538541095130824 ], [ -68.055139891759552, -16.538538383515764 ], [ -68.055151136676258, -16.538538434436791 ], [ -68.055151149874092, -16.53853572282172 ], [ -68.055193318311495, -16.538535913770136 ], [ -68.055193331508747, -16.538533202155023 ], [ -68.055218632571098, -16.538533316719963 ] ] ] } },
{ "type": "Feature", "properties": { "id": 41, "instance": 122, "mean_prob": 0.994, "area_m2": 44.1 }, "geometry": { "type": "Polygon", "coordinates": [ [ [ -68.055777631982295, -16.538625332407609 ], [ -68.05577761879313, -16.538628044023145 ], [ -68.055780430024114, -16.53862805674493 ], [ -68.055780179430329, -16.538679577440089 ], [ -68.055782990662081, -16.53867959016188 ], [ -68.055782806013994, -16.538717552779232 ], [ -68.055740637529937, -16.538717361947914 ], [ -68.055740650719699, -16.538714650332427 ], [ -68.055737839487492, -16.538714637610031 ], [ -68.055737984575046, -16.538684809839651 ], [ -68.055740795806813, -16.538684822562015 ], [ -68.055741006842112, -16.538641436713991 ], [ -68.055738195610957, -16.53864142399167 ], [ -68.055738221990396, -16.538636000760658 ], [ -68.05574103322148, -16.538636013482986 ], [ -68.055741072790497, -16.538627878636451 ], [ -68.055743884021453, -16.538627891358729 ], [ -68.055743897211087, -16.538625179743217 ], [ -68.055777631982295, -16.538625332407609 ] ], [ [ -68.055766057324817, -16.538693071908135 ], [ -68.055746378701429, -16.538692982853128 ], [ -68.05574636551178, -16.538695694468618 ], [ -68.055757610439571, -16.538695745357437 ], [ -68.055757584060572, -16.538701168588453 ], [ -68.055763206524631, -16.538701194032637 ], [ -68.055763232903473, -16.538695770801617 ], [ -68.055766044135439, -16.538695783523643 ], [ -68.055766057324817, -16.538693071908135 ] ] ] } },
{ "type": "Feature", "properties": { "id": 42, "instance": 55, "mean_prob": 0.908, "area_m2": 196.1 }, "geometry": { "type": "Polygon", "coordinates": [ [ [ -68.05434401019312, -16.53859714644755 ], [ -68.054343930938117, -16.538613416134066 ], [ -68.054341119708511, -16.538613403392937 ], [ -68.054341106499294, -16.538616115007354 ], [ -68.054343917728943, -16.538616127748483 ], [ -68.05434389131058, -16.538621550977314 ], [ -68.054341080080846, -16.538621538236171 ], [ -68.054341014034719, -16.538635096308234 ], [ -68.054346623285412, -16.538637833404902 ], [ -68.054346596867092, -16.538643256633737 ], [ -68.054349408097139, -16.538643269374813 ], [ -68.054349368469758, -16.538651404218044 ], [ -68.054346557239597, -16.538651391476961 ], [ -68.054346530821249, -16.538656814705778 ], [ -68.054349342051481, -16.538656827446875 ], [ -68.054349328842349, -16.538659539061278 ], [ -68.054346517612075, -16.538659526320185 ], [ -68.054346491193712, -16.538664949549002 ], [ -68.054352113654417, -16.538664975031153 ], [ -68.054352087236211, -16.538670398259974 ], [ -68.05434927600578, -16.538670385518916 ], [ -68.05434926279662, -16.538673097133319 ], [ -68.054354872048506, -16.538675834229821 ], [ -68.054354858839432, -16.538678545844228 ], [ -68.054349236378314, -16.538678520362126 ], [ -68.054349209960009, -16.538683943590936 ], [ -68.054352021190638, -16.538683956332012 ], [ -68.054352007981507, -16.538686667946411 ], [ -68.054346385520176, -16.538686642464224 ], [ -68.054346293055701, -16.538705623765011 ], [ -68.054343481824745, -16.53870561102384 ], [ -68.054343468615485, -16.538708322638239 ], [ -68.05433784615353, -16.538708297155786 ], [ -68.05433785936286, -16.538705585541393 ], [ -68.054335048131932, -16.538705572800112 ], [ -68.054332210482158, -16.538710983287569 ], [ -68.054259118476651, -16.538710651999878 ], [ -68.054259105266212, -16.538713363614203 ], [ -68.05423661541839, -16.53871326167436 ], [ -68.054236628629155, -16.53871055006006 ], [ -68.05419727139639, -16.538710371659537 ], [ -68.054197284607696, -16.538707660045254 ], [ -68.054191662145982, -16.538707634558872 ], [ -68.054191833893725, -16.538672383573257 ], [ -68.054189022663394, -16.538672370830025 ], [ -68.054189035874771, -16.538669659215753 ], [ -68.054191847105074, -16.538669671958974 ], [ -68.054191939584456, -16.538650690658969 ], [ -68.054194750814474, -16.538650703402137 ], [ -68.054194777237043, -16.538645280173554 ], [ -68.054197588467005, -16.53864529291668 ], [ -68.05419760167824, -16.538642581302391 ], [ -68.054206035367997, -16.538642619531533 ], [ -68.054206048579118, -16.538639907917233 ], [ -68.054208859808995, -16.538639920660199 ], [ -68.054208886231152, -16.538634497431584 ], [ -68.054211697460957, -16.538634510174514 ], [ -68.054211737094064, -16.538626375331589 ], [ -68.054214548323756, -16.538626388074473 ], [ -68.054214654011616, -16.538604695159947 ], [ -68.054211842782252, -16.538604682417084 ], [ -68.054211869204266, -16.538599259188452 ], [ -68.054214680433574, -16.538599271931318 ], [ -68.054214693644539, -16.538596560316986 ], [ -68.05434401019312, -16.53859714644755 ] ] ] } },
{ "type": "Feature", "properties": { "id": 43, "instance": 88, "mean_prob": 0.972, "area_m2": 85.8 }, "geometry": { "type": "MultiPolygon", "coordinates": [ [ [ [ -68.054228155303747, -16.538718646674894 ], [ -68.054225344072705, -16.538718633932127 ], [ -68.054225317650861, -16.538724057160717 ], [ -68.054230940113101, -16.53872408264623 ], [ -68.054230913691399, -16.538729505874826 ], [ -68.054233724922597, -16.538729518617533 ], [ -68.054233711711774, -16.538732230231822 ], [ -68.054230900480547, -16.538732217489123 ], [ -68.05423086084798, -16.538740352332017 ], [ -68.054188692377906, -16.538740161186819 ], [ -68.054188679166458, -16.538742872801077 ], [ -68.054185867935104, -16.538742860057756 ], [ -68.054185815089113, -16.538753706514793 ], [ -68.054183003857617, -16.538753693771429 ], [ -68.054182911376756, -16.53877267507119 ], [ -68.054185722608551, -16.538772687814568 ], [ -68.054185709397032, -16.538775399428825 ], [ -68.05435719454303, -16.538776176703564 ], [ -68.054357326634175, -16.538749060559681 ], [ -68.054354515402594, -16.53874904781863 ], [ -68.054354541820885, -16.538743624589838 ], [ -68.054348919357878, -16.538743599107629 ], [ -68.054348932567081, -16.538740887493251 ], [ -68.054346121335627, -16.538740874752094 ], [ -68.054346108126381, -16.538743586366472 ], [ -68.054312373348608, -16.538743433469598 ], [ -68.054312386558323, -16.538740721855241 ], [ -68.054292707938401, -16.538740632662897 ], [ -68.054292721148386, -16.538737921048551 ], [ -68.054284287454294, -16.538737882822701 ], [ -68.054284300664392, -16.538735171208362 ], [ -68.054278678201754, -16.538735145724278 ], [ -68.054278691411938, -16.538732434109939 ], [ -68.054275880180668, -16.538732421367836 ], [ -68.054275893390894, -16.538729709753508 ], [ -68.054278704622135, -16.538729722495603 ], [ -68.054278731042487, -16.538724299266931 ], [ -68.054281542273657, -16.538724312008984 ], [ -68.054281581904064, -16.538716177165959 ], [ -68.054228168514626, -16.538715935060594 ], [ -68.054228155303747, -16.538718646674894 ] ] ], [ [ [ -68.054222440364896, -16.538737602489366 ], [ -68.054225251596208, -16.538737615232197 ], [ -68.05422526480713, -16.5387349036179 ], [ -68.054222453575875, -16.538734890875084 ], [ -68.054222440364896, -16.538737602489366 ] ] ], [ [ [ -68.054326521972612, -16.538724515876691 ], [ -68.054332144435008, -16.538724541359471 ], [ -68.054332157644453, -16.538721829745093 ], [ -68.054326535182113, -16.538721804262313 ], [ -68.054326521972612, -16.538724515876691 ] ] ], [ [ [ -68.054315277047806, -16.538724464910668 ], [ -68.054320899510202, -16.538724490393758 ], [ -68.054320912719788, -16.538721778779387 ], [ -68.054315290257477, -16.538721753296304 ], [ -68.054315277047806, -16.538724464910668 ] ] ] ] } },
{ "type": "Feature", "properties": { "id": 44, "instance": 23, "mean_prob": 0.728, "area_m2": 16.7 }, "geometry": { "type": "Polygon", "coordinates": [ [ [ -68.05589806653991, -16.538718074341379 ], [ -68.055898053352351, -16.538720785956983 ], [ -68.055931788141677, -16.538720938597301 ], [ -68.055931669457777, -16.538745343137997 ], [ -68.055928858224974, -16.538745330418159 ], [ -68.055928845037812, -16.538748042033788 ], [ -68.055878256034788, -16.538745101454598 ], [ -68.055878374725395, -16.538720696914275 ], [ -68.055881185957816, -16.538720709634777 ], [ -68.055881199145617, -16.538717998019184 ], [ -68.05589806653991, -16.538718074341379 ] ] ] } },
{ "type": "Feature", "properties": { "id": 45, "instance": 9, "mean_prob": 0.572, "area_m2": 34.7 }, "geometry": { "type": "Polygon", "coordinates": [ [ [ -68.05397530309304, -16.538684960304835 ], [ -68.05397528987865, -16.538687671918947 ], [ -68.053972478648262, -16.538687659172794 ], [ -68.053972359718344, -16.538712063699716 ], [ -68.053969548487601, -16.538712050953514 ], [ -68.053969455986135, -16.538731032252173 ], [ -68.053972267217134, -16.5387310449984 ], [ -68.053972214359263, -16.538741891454777 ], [ -68.053975025590432, -16.538741904200968 ], [ -68.053974919874861, -16.538763597113704 ], [ -68.053932751402897, -16.538763405916526 ], [ -68.053932870338187, -16.538739001389999 ], [ -68.053935681569286, -16.53873901413672 ], [ -68.053935734429189, -16.538728167680461 ], [ -68.053938545660131, -16.538728180427132 ], [ -68.053938598519849, -16.538717333970855 ], [ -68.053935787289063, -16.538717321224187 ], [ -68.053938624949694, -16.538711910742709 ], [ -68.053935813718994, -16.538711897996041 ], [ -68.053935906223629, -16.538692916697535 ], [ -68.053933094993198, -16.538692903950849 ], [ -68.053933134638129, -16.538684769108617 ], [ -68.05397530309304, -16.538684960304835 ] ] ] } },
{ "type": "Feature", "properties": { "id": 46, "instance": 131, "mean_prob": 0.995, "area_m2": 121.8 }, "geometry": { "type": "Polygon", "coordinates": [ [ [ -68.054014660318117, -16.53868513874696 ], [ -68.054014647104282, -16.5386878503611 ], [ -68.054101795248457, -16.538688245456591 ], [ -68.054101782035843, -16.538690957070795 ], [ -68.054107404496904, -16.538690982559579 ], [ -68.054107312009052, -16.538709963859052 ], [ -68.054104500778237, -16.538709951114662 ], [ -68.05410439507736, -16.538731644028264 ], [ -68.054107206308487, -16.538731656772676 ], [ -68.054107087395153, -16.538756061300457 ], [ -68.05410427616367, -16.538756048556024 ], [ -68.054104236525731, -16.538764183398605 ], [ -68.054101425294135, -16.53876417065413 ], [ -68.054101412081437, -16.538766882268316 ], [ -68.05398052912345, -16.53876633422011 ], [ -68.053980542337825, -16.53876362260602 ], [ -68.053974919874861, -16.538763597113704 ], [ -68.053974999161554, -16.538747327429164 ], [ -68.053977810392809, -16.538747340175327 ], [ -68.053977942536704, -16.538720224034339 ], [ -68.053975131305833, -16.538720211288197 ], [ -68.053975237021092, -16.538698518375373 ], [ -68.053972425790548, -16.538698505629213 ], [ -68.053972478648262, -16.538687659172794 ], [ -68.053978101109038, -16.538687684665064 ], [ -68.053978114323385, -16.538684973050952 ], [ -68.054014660318117, -16.53868513874696 ] ] ] } },
{ "type": "Feature", "properties": { "id": 47, "instance": 177, "mean_prob": 1.0, "area_m2": 83.2 }, "geometry": { "type": "Polygon", "coordinates": [ [ [ -68.056210218815906, -16.538697793129192 ], [ -68.056210205632723, -16.538700504745044 ], [ -68.056238317956741, -16.538700631903485 ], [ -68.05623817294591, -16.538730459678145 ], [ -68.056255000795275, -16.538738670819193 ], [ -68.05625496124749, -16.53874680566685 ], [ -68.056252150014402, -16.538746792951365 ], [ -68.056252070918546, -16.538763062646634 ], [ -68.056254882151876, -16.53876307536213 ], [ -68.056254776690906, -16.538784768289133 ], [ -68.056251965457278, -16.538784755573623 ], [ -68.056251952274593, -16.538787467189486 ], [ -68.056246329807237, -16.538787441758338 ], [ -68.056246316624495, -16.538790153374212 ], [ -68.056218204287447, -16.538790026216173 ], [ -68.056218191104307, -16.538792737832011 ], [ -68.056195714417981, -16.538789924487023 ], [ -68.056195701234515, -16.538792636102844 ], [ -68.056178833832305, -16.538792559804374 ], [ -68.056178847015985, -16.538789848188571 ], [ -68.056173224548687, -16.538789822755447 ], [ -68.056173264099996, -16.538781687908021 ], [ -68.056170452866454, -16.538781675191409 ], [ -68.056170848379509, -16.538700326716867 ], [ -68.056176470844235, -16.538700352149917 ], [ -68.056176484027873, -16.538697640534089 ], [ -68.056210218815906, -16.538697793129192 ] ] ] } },
{ "type": "Feature", "properties": { "id": 48, "instance": 113, "mean_prob": 0.99, "area_m2": 60.3 }, "geometry": { "type": "Polygon", "coordinates": [ [ [ -68.056134262806381, -16.538708296245744 ], [ -68.056134210069359, -16.538719142708938 ], [ -68.056131398836769, -16.538719129991843 ], [ -68.056131319730937, -16.538735399686587 ], [ -68.056134130963756, -16.538735412403685 ], [ -68.05613691582812, -16.538740848352333 ], [ -68.056159405691517, -16.538740950087529 ], [ -68.056159392507595, -16.53874366170335 ], [ -68.056162203740556, -16.538743674420079 ], [ -68.056162164188891, -16.538751809267502 ], [ -68.056159352955788, -16.538751796550759 ], [ -68.056159155196482, -16.538792470787772 ], [ -68.056145099028129, -16.538792407203356 ], [ -68.056145138580618, -16.538784272356004 ], [ -68.056142327347061, -16.538784259639012 ], [ -68.056142353715458, -16.538778836407435 ], [ -68.056139542481986, -16.538778823690411 ], [ -68.056139555666221, -16.538776112074629 ], [ -68.056136744432791, -16.53877609935757 ], [ -68.056136731248529, -16.538778810973348 ], [ -68.056131108781614, -16.538778785539112 ], [ -68.056131042859818, -16.538792343617985 ], [ -68.056125420392505, -16.538792318183578 ], [ -68.056125407208071, -16.538795029799342 ], [ -68.056105728572305, -16.538794940777688 ], [ -68.056105741757023, -16.538792229161938 ], [ -68.056091685588896, -16.53879216557392 ], [ -68.056091698773798, -16.538789453958177 ], [ -68.056088887540227, -16.538789441240464 ], [ -68.056088913910116, -16.538784018008979 ], [ -68.056086102676616, -16.538784005291234 ], [ -68.056086129046591, -16.538778582059745 ], [ -68.056088940280006, -16.53877859477749 ], [ -68.05608895346495, -16.538775883161744 ], [ -68.056086142231564, -16.538775870444006 ], [ -68.056086458670336, -16.538710791665974 ], [ -68.056097703600102, -16.538710842536503 ], [ -68.056097716784862, -16.538708130920735 ], [ -68.056134262806381, -16.538708296245744 ] ] ] } },
{ "type": "Feature", "properties": { "id": 49, "instance": 107, "mean_prob": 0.988, "area_m2": 35.6 }, "geometry": { "type": "Polygon", "coordinates": [ [ [ -68.056170400131222, -16.538792521654631 ], [ -68.0561703869474, -16.538795233270438 ], [ -68.056173198181142, -16.538795245987057 ], [ -68.056173013607989, -16.538833208608274 ], [ -68.056170202373721, -16.538833195891623 ], [ -68.056170189189857, -16.538835907507412 ], [ -68.056161755486926, -16.538835869357221 ], [ -68.056161742302947, -16.53883858097301 ], [ -68.056102706382163, -16.538838313912091 ], [ -68.05610281186047, -16.53881662098615 ], [ -68.056105623094467, -16.538816633703696 ], [ -68.056105702202856, -16.538800364009198 ], [ -68.056111337855, -16.538797677828398 ], [ -68.056111351039647, -16.538794966212638 ], [ -68.056139463376539, -16.538795093385097 ], [ -68.056139476560787, -16.538792381769319 ], [ -68.056170400131222, -16.538792521654631 ] ] ] } },
{ "type": "Feature", "properties": { "id": 50, "instance": 102, "mean_prob": 0.986, "area_m2": 46.9 }, "geometry": { "type": "Polygon", "coordinates": [ [ [ -68.056274428961785, -16.538790280528453 ], [ -68.056274415779413, -16.538792992144334 ], [ -68.056277227013197, -16.538793004859553 ], [ -68.056277200648537, -16.538798428091336 ], [ -68.056274389414682, -16.53879841537611 ], [ -68.056274336685192, -16.538809261839631 ], [ -68.05627152545118, -16.538809249124366 ], [ -68.056271446356632, -16.538825518819635 ], [ -68.056268635122393, -16.538825506104313 ], [ -68.05626856920999, -16.538839064183669 ], [ -68.056265757975567, -16.538839051468301 ], [ -68.056265744793023, -16.538841763084164 ], [ -68.056232009979453, -16.538841610496753 ], [ -68.056232023162437, -16.538838898880911 ], [ -68.056189854646561, -16.538838708139014 ], [ -68.056190078767116, -16.538792610670175 ], [ -68.056237869740471, -16.53879282684305 ], [ -68.056237882923355, -16.538790115227194 ], [ -68.056274428961785, -16.538790280528453 ] ] ] } },
{ "type": "Feature", "properties": { "id": 51, "instance": 132, "mean_prob": 0.995, "area_m2": 77.6 }, "geometry": { "type": "Polygon", "coordinates": [ [ [ -68.053705081318512, -16.538754238462896 ], [ -68.053705068100285, -16.538756950076774 ], [ -68.053716313024978, -16.538757001075769 ], [ -68.053716299806908, -16.538759712689668 ], [ -68.053724733500573, -16.538759750938524 ], [ -68.053724720282631, -16.538762462552416 ], [ -68.053730342745155, -16.538762488051471 ], [ -68.053730329527298, -16.53876519966536 ], [ -68.053735951989907, -16.538765225164269 ], [ -68.053735938772121, -16.538767936778164 ], [ -68.053752792942703, -16.538770724887897 ], [ -68.05375277972513, -16.538773436501817 ], [ -68.053761213419477, -16.538773474749231 ], [ -68.053761200202047, -16.538776186363148 ], [ -68.053766822665025, -16.538776211861236 ], [ -68.053766809447652, -16.53877892347516 ], [ -68.053775243142269, -16.53877896172202 ], [ -68.053775229925009, -16.53878167333594 ], [ -68.053780852388172, -16.538781698833667 ], [ -68.053780839170997, -16.538784410447597 ], [ -68.053789272865885, -16.5387844486939 ], [ -68.053789259648823, -16.538787160307841 ], [ -68.053794882112172, -16.538787185805194 ], [ -68.053794868895181, -16.538789897419136 ], [ -68.05380047814171, -16.538792634530278 ], [ -68.053800332755472, -16.538822462283619 ], [ -68.053797521523279, -16.538822449535008 ], [ -68.053797495089313, -16.53882787276288 ], [ -68.053794683857049, -16.538827860014226 ], [ -68.053791846190634, -16.538833270493384 ], [ -68.053769356331983, -16.538833168502471 ], [ -68.053769369549357, -16.538830456888562 ], [ -68.053752502155703, -16.538830380393801 ], [ -68.053749664488109, -16.538835790872323 ], [ -68.053738419558755, -16.538835739874884 ], [ -68.053738432776555, -16.538833028260999 ], [ -68.0537271878474, -16.538832977262963 ], [ -68.053727201065371, -16.538830265649093 ], [ -68.053721578600886, -16.538830240149856 ], [ -68.053721591818942, -16.538827528535986 ], [ -68.053710346890142, -16.538827477537058 ], [ -68.05371036010834, -16.538824765923192 ], [ -68.05370192641189, -16.538824727673603 ], [ -68.053699141616462, -16.538819291695951 ], [ -68.053693519152333, -16.538819266195979 ], [ -68.053693545589198, -16.538813842968274 ], [ -68.053690734357218, -16.538813830218231 ], [ -68.053690906197076, -16.538778579238091 ], [ -68.053688094965622, -16.538778566488038 ], [ -68.05368818749487, -16.538759585191013 ], [ -68.053690998726069, -16.538759597941052 ], [ -68.05369101194448, -16.538756886327175 ], [ -68.053696634406791, -16.538756911827125 ], [ -68.053696647625131, -16.538754200213258 ], [ -68.053705081318512, -16.538754238462896 ] ] ] } },
{ "type": "Feature", "properties": { "id": 52, "instance": 60, "mean_prob": 0.923, "area_m2": 53.3 }, "geometry": { "type": "Polygon", "coordinates": [ [ [ -68.054351373940719, -16.538816825437024 ], [ -68.054351360731488, -16.538819537051388 ], [ -68.054356983196683, -16.538819562533643 ], [ -68.054356969987509, -16.538822274148018 ], [ -68.054359781220171, -16.53882228688909 ], [ -68.054359622710436, -16.538854826261538 ], [ -68.054354000244203, -16.538854800779301 ], [ -68.054353987034958, -16.538857512393676 ], [ -68.054323063470434, -16.538857372238645 ], [ -68.054323050260763, -16.538860083852981 ], [ -68.054283692996705, -16.538859905467195 ], [ -68.054283706206931, -16.538857193852891 ], [ -68.054280894973829, -16.538857181110764 ], [ -68.054280881763574, -16.538859892725071 ], [ -68.054278070530458, -16.538859879982905 ], [ -68.054278083740741, -16.538857168368608 ], [ -68.05425559387615, -16.538857066429951 ], [ -68.054255607086759, -16.538854354815658 ], [ -68.054249984620711, -16.538854329330622 ], [ -68.054250169570125, -16.538816366730625 ], [ -68.054351373940719, -16.538816825437024 ] ] ] } },
{ "type": "Feature", "properties": { "id": 53, "instance": 50, "mean_prob": 0.87, "area_m2": 15.8 }, "geometry": { "type": "Polygon", "coordinates": [ [ [ -68.055388666145092, -16.538832370809025 ], [ -68.05538862656077, -16.538840505654566 ], [ -68.055391437794526, -16.538840518381754 ], [ -68.055391411405054, -16.538845941612113 ], [ -68.055394222638881, -16.538845954339269 ], [ -68.055394209444174, -16.53884866595445 ], [ -68.055397020678043, -16.538848678681571 ], [ -68.055397007483379, -16.538851390296752 ], [ -68.055399818717291, -16.53885140302383 ], [ -68.055399805522669, -16.538854114639015 ], [ -68.055405414796027, -16.53885685170826 ], [ -68.055405348823228, -16.538870409784188 ], [ -68.055408160057425, -16.53887042251117 ], [ -68.055408067695666, -16.538889403817468 ], [ -68.055402445226733, -16.538889378363425 ], [ -68.055402458421355, -16.53888666674824 ], [ -68.055385591014826, -16.538886590385232 ], [ -68.055385604209675, -16.538883878770072 ], [ -68.055379994935876, -16.53888114170028 ], [ -68.055380021325732, -16.538875718469956 ], [ -68.055377210091478, -16.538875705742591 ], [ -68.055377249676354, -16.538867570897096 ], [ -68.055374438442229, -16.538867558169702 ], [ -68.055374570392075, -16.53884044201806 ], [ -68.055377381625803, -16.53884045474544 ], [ -68.055377394820738, -16.538837743130269 ], [ -68.055374583587039, -16.538837730402896 ], [ -68.055374609976965, -16.538832307172552 ], [ -68.055388666145092, -16.538832370809025 ] ] ] } },
{ "type": "Feature", "properties": { "id": 54, "instance": 149, "mean_prob": 0.998, "area_m2": 182.1 }, "geometry": { "type": "Polygon", "coordinates": [ [ [ -68.054860378702386, -16.538783879975199 ], [ -68.054860365500275, -16.538786591589968 ], [ -68.054888464624057, -16.538789430545712 ], [ -68.054888451422343, -16.538792142160514 ], [ -68.0549137525162, -16.538792256764157 ], [ -68.054913765717572, -16.538789545149335 ], [ -68.054936268779684, -16.538786935401809 ], [ -68.054936255578639, -16.53878964701665 ], [ -68.054944689276581, -16.538789685216269 ], [ -68.05494747410745, -16.538795121179092 ], [ -68.054953096572902, -16.538795146645249 ], [ -68.054955881404084, -16.538800582607962 ], [ -68.054961490669015, -16.538803319688757 ], [ -68.054961477468311, -16.538806031303615 ], [ -68.054964288701214, -16.538806044036534 ], [ -68.054964275500538, -16.538808755651385 ], [ -68.054969884765825, -16.538811492731959 ], [ -68.054969858364615, -16.538816915961672 ], [ -68.054972669597689, -16.538816928694484 ], [ -68.054972418786519, -16.538868449376665 ], [ -68.054975230020332, -16.53886846210948 ], [ -68.054975216819756, -16.538871173724331 ], [ -68.0549724055859, -16.538871160991512 ], [ -68.054972365984042, -16.53887929583604 ], [ -68.054966743516118, -16.53887927037028 ], [ -68.054966730315414, -16.538881981985114 ], [ -68.054952674145412, -16.538881918320037 ], [ -68.054952660944508, -16.538884629934859 ], [ -68.054848645286995, -16.538884158783759 ], [ -68.054848632084642, -16.538886870398517 ], [ -68.05481770851101, -16.538886730316552 ], [ -68.054817721713803, -16.538884018701825 ], [ -68.054809288012081, -16.538883980496866 ], [ -68.054809657692402, -16.538808055284637 ], [ -68.054806846459584, -16.538808042549633 ], [ -68.054806859662463, -16.538805330934903 ], [ -68.054809670895239, -16.538805343669903 ], [ -68.054809684098061, -16.538802632055162 ], [ -68.054806872865328, -16.538802619320162 ], [ -68.054806886068192, -16.538799907705432 ], [ -68.054809697300882, -16.538799920440432 ], [ -68.054809723706541, -16.538794497210958 ], [ -68.054806912473921, -16.538794484475972 ], [ -68.054806938879636, -16.538789061246497 ], [ -68.054809750112184, -16.538789073981484 ], [ -68.054809763314992, -16.538786362366743 ], [ -68.054815385779989, -16.538786387836598 ], [ -68.054815398982726, -16.538783676221861 ], [ -68.054860378702386, -16.538783879975199 ] ] ] } },
{ "type": "Feature", "properties": { "id": 55, "instance": 159, "mean_prob": 0.999, "area_m2": 118.6 }, "geometry": { "type": "Polygon", "coordinates": [ [ [ -68.054045055314361, -16.538793743512272 ], [ -68.054045042100853, -16.538796455126409 ], [ -68.054123756598301, -16.538796811979253 ], [ -68.054123743385887, -16.53879952359345 ], [ -68.054126554618009, -16.538799536337653 ], [ -68.054126131820965, -16.538886307991632 ], [ -68.054069907153789, -16.53888605309907 ], [ -68.054069920367013, -16.538883341484944 ], [ -68.054016506934857, -16.538883099323023 ], [ -68.054016520148835, -16.538880387708922 ], [ -68.054013708915633, -16.538880374963185 ], [ -68.054013735343645, -16.538874951735014 ], [ -68.054010924110528, -16.538874938989238 ], [ -68.054010937324577, -16.538872227375144 ], [ -68.054013748557665, -16.538872240120924 ], [ -68.054013867483604, -16.538847835594073 ], [ -68.054011056250872, -16.538847822848322 ], [ -68.054011109106938, -16.538836976391934 ], [ -68.054013920339514, -16.538836989137675 ], [ -68.054014078907016, -16.538804449768428 ], [ -68.054011267674909, -16.538804437022716 ], [ -68.054011320530819, -16.538793590566279 ], [ -68.054045055314361, -16.538793743512272 ] ] ] } },
{ "type": "Feature", "properties": { "id": 56, "instance": 155, "mean_prob": 0.999, "area_m2": 68.0 }, "geometry": { "type": "Polygon", "coordinates": [ [ [ -68.055833012540702, -16.538799130232036 ], [ -68.055832999352162, -16.538801841847572 ], [ -68.055838608630808, -16.538804578905417 ], [ -68.055838529500008, -16.538820848598654 ], [ -68.055841340733835, -16.538820861319763 ], [ -68.055841301168527, -16.538828996166377 ], [ -68.055844112402482, -16.538829008887458 ], [ -68.055844086025672, -16.538834432118534 ], [ -68.055846897259698, -16.53883444483958 ], [ -68.055846857694576, -16.5388425796862 ], [ -68.055858089442992, -16.538845342185581 ], [ -68.055860874300819, -16.538850778137547 ], [ -68.055863685535101, -16.53885079085838 ], [ -68.055863474524401, -16.538894176707061 ], [ -68.055812872296386, -16.538893947725644 ], [ -68.055812885485281, -16.53889123611015 ], [ -68.055801640545994, -16.538891185223736 ], [ -68.055801653735045, -16.538888473608235 ], [ -68.055796031265487, -16.538888448164805 ], [ -68.055796057643732, -16.538883024933842 ], [ -68.055793246409038, -16.538883012212068 ], [ -68.05579325959819, -16.538880300596581 ], [ -68.055801693302172, -16.538880338761764 ], [ -68.055801719680247, -16.538874915530776 ], [ -68.055798908445666, -16.538874902809091 ], [ -68.055796123589303, -16.538869466856386 ], [ -68.055793312354808, -16.53886945413463 ], [ -68.055793351922233, -16.538861319288156 ], [ -68.055790540687852, -16.538861306566371 ], [ -68.055790553877031, -16.538858594950888 ], [ -68.05579336511137, -16.538858607672672 ], [ -68.055790580255376, -16.538853171719904 ], [ -68.055793391489644, -16.538853184441688 ], [ -68.055793431057026, -16.538845049595199 ], [ -68.05579624229118, -16.538845062316945 ], [ -68.05579625548026, -16.538842350701444 ], [ -68.055793444246149, -16.538842337979709 ], [ -68.055793457435271, -16.538839626364215 ], [ -68.055787848156356, -16.538836889305145 ], [ -68.05578787453473, -16.538831466074157 ], [ -68.055785063300789, -16.538831453352316 ], [ -68.055785089679247, -16.538826030121331 ], [ -68.055782278445392, -16.538826017399458 ], [ -68.055782370770174, -16.538807036090997 ], [ -68.055788006426511, -16.538804349919175 ], [ -68.055788019615676, -16.538801638303674 ], [ -68.055807698250305, -16.53880172735532 ], [ -68.055807711439201, -16.538799015739809 ], [ -68.055833012540702, -16.538799130232036 ] ] ] } },
{ "type": "Feature", "properties": { "id": 57, "instance": 3, "mean_prob": 0.525, "area_m2": 20.3 }, "geometry": { "type": "Polygon", "coordinates": [ [ [ -68.054221898712768, -16.538848778674648 ], [ -68.054221859079533, -16.538856913517424 ], [ -68.054219047846502, -16.538856900774469 ], [ -68.054221726968564, -16.538884029659975 ], [ -68.054218915735134, -16.538884016916995 ], [ -68.054218902523985, -16.538886728531239 ], [ -68.054185167722565, -16.538886575612516 ], [ -68.054182382912458, -16.538881139640598 ], [ -68.054176773657488, -16.538878402539332 ], [ -68.05417678686922, -16.538875690925114 ], [ -68.054173975635948, -16.53887567818154 ], [ -68.054174002059483, -16.538870254953107 ], [ -68.054168392804954, -16.538867517851632 ], [ -68.054168458864126, -16.538853959780553 ], [ -68.054174081330032, -16.538853985267789 ], [ -68.054174094541779, -16.538851273653567 ], [ -68.054193773172258, -16.538851362857677 ], [ -68.054193786383721, -16.538848651243441 ], [ -68.054221898712768, -16.538848778674648 ] ] ] } },
{ "type": "Feature", "properties": { "id": 58, "instance": 94, "mean_prob": 0.98, "area_m2": 20.3 }, "geometry": { "type": "Polygon", "coordinates": [ [ [ -68.056422936681486, -16.538891284174355 ], [ -68.056422923501117, -16.538893995790339 ], [ -68.056434168442593, -16.538894046643286 ], [ -68.05643415526238, -16.538896758259266 ], [ -68.056451022674892, -16.538896834537564 ], [ -68.056451009494907, -16.538899546153562 ], [ -68.056459443201319, -16.538899584292203 ], [ -68.056459430021462, -16.538902295908198 ], [ -68.056462241256966, -16.538902308621008 ], [ -68.05646217535778, -16.538915866701025 ], [ -68.056459364122077, -16.538915853988208 ], [ -68.056459324582406, -16.53892398883621 ], [ -68.056456513346589, -16.538923976123339 ], [ -68.056456500166647, -16.538926687739337 ], [ -68.056434010279801, -16.53892658603505 ], [ -68.056434023460056, -16.538923874419073 ], [ -68.056425589752649, -16.538923836279356 ], [ -68.056425602933004, -16.538921124663382 ], [ -68.056403126227693, -16.538918311339838 ], [ -68.05640313940836, -16.538915599723886 ], [ -68.0564003281727, -16.538915587010269 ], [ -68.056400407256902, -16.538899317314545 ], [ -68.056397596021483, -16.538899304600903 ], [ -68.056397622382946, -16.538893881369006 ], [ -68.056403244853627, -16.538893906796229 ], [ -68.056403258034265, -16.538891195180259 ], [ -68.056422936681486, -16.538891284174355 ] ] ] } },
{ "type": "Feature", "properties": { "id": 59, "instance": 29, "mean_prob": 0.782, "area_m2": 70.7 }, "geometry": { "type": "Polygon", "coordinates": [ [ [ -68.053715916482005, -16.538838349492057 ], [ -68.053715903263864, -16.538841061105927 ], [ -68.053724336961068, -16.538841099354986 ], [ -68.05372432374304, -16.538843810968853 ], [ -68.053738379905269, -16.538843874716537 ], [ -68.05373836668744, -16.538846586330415 ], [ -68.053746800384943, -16.538846624578575 ], [ -68.053746787167213, -16.538849336192463 ], [ -68.053758018879833, -16.538852098803378 ], [ -68.053758005662274, -16.538854810417281 ], [ -68.053763628127541, -16.538854835915572 ], [ -68.053763614910054, -16.538857547529474 ], [ -68.053774846623426, -16.538860310139523 ], [ -68.053774833406109, -16.538863021753425 ], [ -68.053783267104393, -16.53886306000015 ], [ -68.053783253887161, -16.538865771614063 ], [ -68.053788876352797, -16.538865797111693 ], [ -68.053788863135637, -16.538868508725617 ], [ -68.053797296834219, -16.538868546971781 ], [ -68.053797283617186, -16.538871258585697 ], [ -68.053802892866031, -16.538873995696889 ], [ -68.053802866432122, -16.538879418924729 ], [ -68.053805677665153, -16.538879431673308 ], [ -68.053805651231315, -16.538884854901163 ], [ -68.053802839998198, -16.538884842152584 ], [ -68.053802734262433, -16.538906535063923 ], [ -68.053799923029032, -16.538906522315283 ], [ -68.053799896594981, -16.53891194554312 ], [ -68.053797085361495, -16.538911932794434 ], [ -68.053794247693787, -16.538917343273528 ], [ -68.053785813993116, -16.538917305027123 ], [ -68.053785800775898, -16.538920016641022 ], [ -68.053780178308699, -16.538919991143224 ], [ -68.053780191526002, -16.538917279529333 ], [ -68.053771757825373, -16.538917241282363 ], [ -68.05377177104279, -16.538914529668475 ], [ -68.053763337342303, -16.538914491421174 ], [ -68.053763350559834, -16.538911779807293 ], [ -68.053757728092918, -16.538911754308899 ], [ -68.053757741310548, -16.538909042695025 ], [ -68.053752118843718, -16.538909017196492 ], [ -68.053752132061405, -16.538906305582604 ], [ -68.053743698361302, -16.538906267334525 ], [ -68.05374091356363, -16.53890083135736 ], [ -68.053724059382077, -16.538898043246121 ], [ -68.053721274585072, -16.538892607268714 ], [ -68.053710042870762, -16.538889844655728 ], [ -68.053710056089031, -16.538887133041886 ], [ -68.053704433622926, -16.538887107542102 ], [ -68.053704446841266, -16.53888439592826 ], [ -68.053696013142229, -16.538884357678299 ], [ -68.053696026360697, -16.538881646064468 ], [ -68.053690403894763, -16.538881620564311 ], [ -68.053690417113287, -16.538878908950469 ], [ -68.05368760588037, -16.53887889620033 ], [ -68.053687804158571, -16.538838221992769 ], [ -68.053715916482005, -16.538838349492057 ] ] ] } },
{ "type": "Feature", "properties": { "id": 60, "instance": 112, "mean_prob": 0.99, "area_m2": 37.0 }, "geometry": { "type": "Polygon", "coordinates": [ [ [ -68.054893585425191, -16.538892497375478 ], [ -68.054893321390026, -16.538946729670865 ], [ -68.054887698920268, -16.538946704202871 ], [ -68.054887685718413, -16.53894941581763 ], [ -68.054839894725163, -16.538949199333537 ], [ -68.0548399079277, -16.538946487718814 ], [ -68.05483709669285, -16.538946474984119 ], [ -68.054837360743704, -16.538892242689613 ], [ -68.054859850616182, -16.538892344565774 ], [ -68.054859837413986, -16.538895056180522 ], [ -68.054893585425191, -16.538892497375478 ] ] ] } },
{ "type": "Feature", "properties": { "id": 61, "instance": 152, "mean_prob": 0.998, "area_m2": 68.9 }, "geometry": { "type": "Polygon", "coordinates": [ [ [ -68.05618402123892, -16.538882068558873 ], [ -68.056184008055226, -16.538884780174666 ], [ -68.056186819290261, -16.538884792891174 ], [ -68.056186792922929, -16.538890216122756 ], [ -68.05618960415805, -16.538890228839222 ], [ -68.056189564607138, -16.538898363686609 ], [ -68.05619518707762, -16.538898389119449 ], [ -68.056195173894068, -16.538901100735245 ], [ -68.056240153658891, -16.538901304192564 ], [ -68.056240166841818, -16.538898592576739 ], [ -68.056251411782966, -16.538898643439545 ], [ -68.056251398600196, -16.53890135505538 ], [ -68.056254209835529, -16.53890136777099 ], [ -68.0562540120942, -16.538942042008536 ], [ -68.05625120085827, -16.538942029292897 ], [ -68.056251174492644, -16.53894745252456 ], [ -68.056248363256643, -16.538947439808876 ], [ -68.056248350073801, -16.5389501514247 ], [ -68.056242727601727, -16.53895012599321 ], [ -68.056242714418786, -16.538952837609031 ], [ -68.056186489697893, -16.538952583285784 ], [ -68.056186476514171, -16.538955294901555 ], [ -68.056158364153688, -16.538955167734233 ], [ -68.056158377337823, -16.538952456118476 ], [ -68.056155566101822, -16.538952443401541 ], [ -68.056155658390864, -16.538933462091265 ], [ -68.056152847155147, -16.538933449374301 ], [ -68.056152913076005, -16.538919891295528 ], [ -68.056150101840487, -16.53891987857854 ], [ -68.056150115024693, -16.538917166962776 ], [ -68.056152926260182, -16.538917179679764 ], [ -68.056152992180969, -16.538903621600962 ], [ -68.05615580341626, -16.538903634317897 ], [ -68.056155882520883, -16.538887364623303 ], [ -68.056153071285848, -16.538887351906379 ], [ -68.056153084469969, -16.538884640290618 ], [ -68.05615589570499, -16.538884653007536 ], [ -68.056155908889068, -16.538881941391761 ], [ -68.05618402123892, -16.538882068558873 ] ] ] } },
{ "type": "Feature", "properties": { "id": 62, "instance": 87, "mean_prob": 0.97, "area_m2": 51.6 }, "geometry": { "type": "Polygon", "coordinates": [ [ [ -68.055950609620879, -16.538897282650797 ], [ -68.055950596433902, -16.538899994266398 ], [ -68.055987142489982, -16.538900159619036 ], [ -68.055987129303517, -16.538902871234669 ], [ -68.055989940538652, -16.538902883953842 ], [ -68.055989887792919, -16.538913730416375 ], [ -68.055987076557628, -16.538913717697191 ], [ -68.055987050184669, -16.53891914092846 ], [ -68.055984238949293, -16.538919128209237 ], [ -68.055984146643567, -16.538938109518593 ], [ -68.055981335407921, -16.53893809679932 ], [ -68.055981295848184, -16.538946231646172 ], [ -68.055984107083944, -16.538946244365455 ], [ -68.055984080710857, -16.538951667596685 ], [ -68.055981269474998, -16.538951654877401 ], [ -68.055981256288405, -16.538954366493012 ], [ -68.055908164156392, -16.538954035778225 ], [ -68.055908177344008, -16.538951324162667 ], [ -68.055905366108234, -16.538951311442361 ], [ -68.055905616673144, -16.538899790746676 ], [ -68.055930917788501, -16.538899905227712 ], [ -68.055930930975748, -16.538897193612129 ], [ -68.055950609620879, -16.538897282650797 ] ] ] } },
{ "type": "Feature", "properties": { "id": 63, "instance": 156, "mean_prob": 0.999, "area_m2": 62.7 }, "geometry": { "type": "Polygon", "coordinates": [ [ [ -68.054019212456538, -16.538904804981442 ], [ -68.054019186028626, -16.538910228209616 ], [ -68.054021997262268, -16.538910240955307 ], [ -68.054021984048347, -16.53891295256939 ], [ -68.054019172814662, -16.538912939823696 ], [ -68.05401902746091, -16.538942767578583 ], [ -68.054021838695036, -16.538942780324295 ], [ -68.054021640485473, -16.538983454535401 ], [ -68.054018829250765, -16.53898344178965 ], [ -68.054018816036745, -16.538986153403716 ], [ -68.053971025046479, -16.538985936720159 ], [ -68.053971038261182, -16.538983225106129 ], [ -68.053959793322562, -16.53898317412018 ], [ -68.053959806537407, -16.538980462506164 ], [ -68.053962617772015, -16.538980475252707 ], [ -68.053962683846052, -16.538966917182584 ], [ -68.053968306314886, -16.538966942675533 ], [ -68.053968359173751, -16.538956096219405 ], [ -68.053985226579385, -16.538956172697283 ], [ -68.053988064242532, -16.538950762215368 ], [ -68.053985253008321, -16.538950749469194 ], [ -68.053985266222796, -16.538948037855139 ], [ -68.053968398817858, -16.5389479613773 ], [ -68.053968385603156, -16.538950672991341 ], [ -68.05394589572974, -16.538950571018745 ], [ -68.053945908944755, -16.538947859404722 ], [ -68.053943097710629, -16.538947846657983 ], [ -68.053943190215961, -16.538928865359861 ], [ -68.053940378982105, -16.53892885261309 ], [ -68.053940392197191, -16.538926140999077 ], [ -68.053943203431004, -16.538926153745837 ], [ -68.053943229861062, -16.538920730517784 ], [ -68.053940418627334, -16.538920717771024 ], [ -68.053940471487593, -16.538909871314949 ], [ -68.053943282721164, -16.538909884061699 ], [ -68.053943295936179, -16.538907172447662 ], [ -68.053968597038121, -16.53890728716668 ], [ -68.053968610252781, -16.538904575552639 ], [ -68.054019212456538, -16.538904804981442 ] ] ] } },
{ "type": "Feature", "properties": { "id": 64, "instance": 172, "mean_prob": 0.999, "area_m2": 57.2 }, "geometry": { "type": "Polygon", "coordinates": [ [ [ -68.056380491351192, -16.53894803740512 ], [ -68.056380478170183, -16.538950749021044 ], [ -68.056397345587129, -16.538950825303925 ], [ -68.056397332406348, -16.538953536919859 ], [ -68.056411388587406, -16.53895360048789 ], [ -68.056411375406825, -16.538956312103846 ], [ -68.056416997879339, -16.538956337530795 ], [ -68.056416945157281, -16.538967183994615 ], [ -68.056414133920867, -16.538967171281147 ], [ -68.056414068018043, -16.53898072936089 ], [ -68.056411256781431, -16.538980716647373 ], [ -68.056411151336476, -16.539002409574909 ], [ -68.056408340099551, -16.539002396861338 ], [ -68.056408300557536, -16.539010531709142 ], [ -68.056397055609395, -16.539010480854454 ], [ -68.056397042428557, -16.539013192470382 ], [ -68.056371741295038, -16.539013078045098 ], [ -68.056371728113859, -16.539015789661008 ], [ -68.056335182031944, -16.53901562437461 ], [ -68.056335195213649, -16.539012912758725 ], [ -68.056332383976624, -16.539012900044121 ], [ -68.056332476248741, -16.538993918732988 ], [ -68.056335287485481, -16.538993931447571 ], [ -68.056335340212186, -16.538983084984046 ], [ -68.05633815144877, -16.538983097698583 ], [ -68.056341120864303, -16.538950571022372 ], [ -68.056343932100418, -16.53895058373681 ], [ -68.056343945281938, -16.538947872120907 ], [ -68.056380491351192, -16.53894803740512 ] ] ] } },
{ "type": "Feature", "properties": { "id": 65, "instance": 7, "mean_prob": 0.558, "area_m2": 37.1 }, "geometry": { "type": "Polygon", "coordinates": [ [ [ -68.055764711995309, -16.53896965668676 ], [ -68.055764698805675, -16.538972368302204 ], [ -68.055767510041647, -16.538972381024422 ], [ -68.055767444093632, -16.538985939101622 ], [ -68.055764632857475, -16.538985926379389 ], [ -68.055764619667841, -16.538988637994827 ], [ -68.05575899719544, -16.538988612550249 ], [ -68.055758984005706, -16.538991324165671 ], [ -68.055753361533249, -16.538991298720941 ], [ -68.05575334834343, -16.538994010336364 ], [ -68.055747725870901, -16.538993984891473 ], [ -68.055747712681011, -16.538996696506896 ], [ -68.055742090208412, -16.538996671061845 ], [ -68.055742077018436, -16.538999382677268 ], [ -68.05573645454578, -16.538999357232068 ], [ -68.05573644135572, -16.539002068847477 ], [ -68.055705517755797, -16.539001928896134 ], [ -68.05570550456531, -16.539004640511514 ], [ -68.055699882092554, -16.53900461506532 ], [ -68.055699868901982, -16.5390073266807 ], [ -68.055694246429141, -16.539007301234349 ], [ -68.055694233238512, -16.539010012849719 ], [ -68.055691422002056, -16.539010000126485 ], [ -68.05569139562067, -16.539015423357231 ], [ -68.055671716965037, -16.539015334293502 ], [ -68.055671730156007, -16.539012622678143 ], [ -68.055668918919537, -16.539012609954607 ], [ -68.055668945301548, -16.539007186723893 ], [ -68.055671756537933, -16.539007199447425 ], [ -68.055671928020217, -16.538971948447728 ], [ -68.055685984199656, -16.53897201206469 ], [ -68.055685997390384, -16.538969300449303 ], [ -68.055764711995309, -16.53896965668676 ] ] ] } },
{ "type": "Feature", "properties": { "id": 66, "instance": 5, "mean_prob": 0.545, "area_m2": 37.4 }, "geometry": { "type": "Polygon", "coordinates": [ [ [ -68.056124405183041, -16.539001112595688 ], [ -68.056124391998409, -16.539003824211402 ], [ -68.056130014471833, -16.539003849646157 ], [ -68.056130001287272, -16.539006561261878 ], [ -68.056132812524041, -16.539006573979201 ], [ -68.056132707047794, -16.539028266904936 ], [ -68.056135518284876, -16.53902827962224 ], [ -68.056135478731349, -16.539036414469383 ], [ -68.056129843072384, -16.539039100650427 ], [ -68.056129829887794, -16.539041812266145 ], [ -68.05605111524531, -16.539041456164913 ], [ -68.056051128430994, -16.539038744549259 ], [ -68.056053939668161, -16.539038757267672 ], [ -68.05605400559638, -16.539025199189417 ], [ -68.056051194359412, -16.539025186471022 ], [ -68.056051220730765, -16.539019763239718 ], [ -68.056048409493883, -16.539019750521287 ], [ -68.056048462236703, -16.539008904058679 ], [ -68.056054084710155, -16.539008929495491 ], [ -68.056054097895782, -16.53900621787983 ], [ -68.056062531605846, -16.539006256034757 ], [ -68.056062544791345, -16.539003544419092 ], [ -68.056085034684699, -16.53900364616387 ], [ -68.056085047869871, -16.539000934548195 ], [ -68.056124405183041, -16.539001112595688 ] ] ] } },
{ "type": "Feature", "properties": { "id": 67, "instance": 16, "mean_prob": 0.618, "area_m2": 68.1 }, "geometry": { "type": "Polygon", "coordinates": [ [ [ -68.053763152296526, -16.538952454015469 ], [ -68.053763139078939, -16.538955165629339 ], [ -68.053771572781216, -16.538955203876739 ], [ -68.053771559563756, -16.538957915490613 ], [ -68.053782791282998, -16.538960678100519 ], [ -68.053785576082632, -16.538966114077208 ], [ -68.053791198551167, -16.538966139574928 ], [ -68.053791185333964, -16.53896885118882 ], [ -68.053802417054172, -16.53897161379771 ], [ -68.053802403837139, -16.538974325411601 ], [ -68.053810837540325, -16.538974363657463 ], [ -68.053810824323406, -16.538977075271376 ], [ -68.053816446792297, -16.538977100768427 ], [ -68.053816433575449, -16.538979812382333 ], [ -68.05381924480993, -16.538979825130806 ], [ -68.053819205159485, -16.538987959972527 ], [ -68.053822016394079, -16.538987972720971 ], [ -68.053821963526943, -16.538998819176609 ], [ -68.053819152292178, -16.538998806428157 ], [ -68.053819059774298, -16.539017787725477 ], [ -68.053816248539277, -16.539017774976976 ], [ -68.053816235322387, -16.539020486590871 ], [ -68.053810612852246, -16.539020461093745 ], [ -68.053810586418294, -16.539025884321529 ], [ -68.053799341477728, -16.539025833326804 ], [ -68.053799328260595, -16.539028544940681 ], [ -68.053790894555078, -16.539028506694237 ], [ -68.053790881337818, -16.539031218308118 ], [ -68.053779623179594, -16.539033878926183 ], [ -68.053779609962177, -16.539036590540043 ], [ -68.053776798726901, -16.539036577790998 ], [ -68.053776759074537, -16.539044712632577 ], [ -68.0537627028976, -16.539044648886733 ], [ -68.053762716115259, -16.539041937272881 ], [ -68.053759904879925, -16.539041924523598 ], [ -68.05375712008005, -16.539036488546593 ], [ -68.053754308844788, -16.539036475797243 ], [ -68.053754335280317, -16.539031052569552 ], [ -68.053751524045154, -16.53903103982017 ], [ -68.053751537262954, -16.539028328206317 ], [ -68.053745928010557, -16.539025591093598 ], [ -68.053745954446299, -16.539020167865917 ], [ -68.053740331976286, -16.539020142366901 ], [ -68.053740345194228, -16.539017430753066 ], [ -68.053737533959264, -16.5390174180035 ], [ -68.053737560395234, -16.539011994775827 ], [ -68.053734749160341, -16.539011982026228 ], [ -68.053734762378355, -16.539009270412393 ], [ -68.053729153126781, -16.539006533299258 ], [ -68.053729232435288, -16.538990263616256 ], [ -68.053726421200722, -16.538990250866565 ], [ -68.053726434418834, -16.538987539252723 ], [ -68.053729245653358, -16.538987552002411 ], [ -68.053729272089512, -16.538982128774737 ], [ -68.053732083323951, -16.538982141524386 ], [ -68.053732096541992, -16.538979429910544 ], [ -68.053737732228768, -16.538976743795885 ], [ -68.053737771882609, -16.538968608954335 ], [ -68.053740583116863, -16.538968621703859 ], [ -68.053740609552662, -16.538963198476161 ], [ -68.053746245238855, -16.538960512361221 ], [ -68.05374627167447, -16.538955089133509 ], [ -68.053751894142621, -16.53895511463227 ], [ -68.053751907360365, -16.538952403018406 ], [ -68.053763152296526, -16.538952454015469 ] ] ] } },
{ "type": "Feature", "properties": { "id": 68, "instance": 164, "mean_prob": 0.999, "area_m2": 46.7 }, "geometry": { "type": "Polygon", "coordinates": [ [ [ -68.056413936212223, -16.53900784552032 ], [ -68.056413923031613, -16.539010557136255 ], [ -68.056422356742758, -16.53901059527665 ], [ -68.056422304020813, -16.539021441740424 ], [ -68.056419492783618, -16.539021429026992 ], [ -68.05641933461709, -16.539053968418219 ], [ -68.056416523379411, -16.53905395570472 ], [ -68.056416510198815, -16.539056667320658 ], [ -68.056329361830862, -16.539056273183352 ], [ -68.056329375012666, -16.539053561567485 ], [ -68.056326563775073, -16.53905354885277 ], [ -68.056326721957134, -16.539021009462424 ], [ -68.056329533194273, -16.539021022177099 ], [ -68.056329546376062, -16.539018310561232 ], [ -68.056335168850239, -16.53901833599048 ], [ -68.056335182031944, -16.53901562437461 ], [ -68.056371728113859, -16.539015789661008 ], [ -68.056371741295038, -16.539013078045098 ], [ -68.056397042428557, -16.539013192470382 ], [ -68.056397055609395, -16.539010480854454 ], [ -68.056411111794574, -16.53901054442272 ], [ -68.056411124975213, -16.539007832806782 ], [ -68.056413936212223, -16.53900784552032 ] ] ] } },
{ "type": "Feature", "properties": { "id": 69, "instance": 91, "mean_prob": 0.974, "area_m2": 44.8 }, "geometry": { "type": "Polygon", "coordinates": [ [ [ -68.054114331955887, -16.539000144808693 ], [ -68.054114318743174, -16.53900285642283 ], [ -68.054156487269381, -16.539003047586004 ], [ -68.05415647405728, -16.53900575920018 ], [ -68.054162096527548, -16.539005784687966 ], [ -68.054162083315504, -16.539008496302131 ], [ -68.054164894550681, -16.539008509045967 ], [ -68.054164854914646, -16.539016643888484 ], [ -68.054162043679341, -16.539016631144644 ], [ -68.054161885134491, -16.539049170514637 ], [ -68.054133772776908, -16.539049043073849 ], [ -68.054133785989379, -16.539046331459708 ], [ -68.054119729810878, -16.539046267737906 ], [ -68.054119743023563, -16.539043556123772 ], [ -68.054105686845304, -16.539043492401028 ], [ -68.054105700058159, -16.539040780786916 ], [ -68.054074776466678, -16.539040640593583 ], [ -68.054074789679973, -16.539037928979489 ], [ -68.054071978444441, -16.539037916234413 ], [ -68.054072044511059, -16.539024358163942 ], [ -68.054074855746393, -16.539024370909004 ], [ -68.054074961452571, -16.53900267799618 ], [ -68.054077772687592, -16.539002690741182 ], [ -68.054077785900802, -16.53899997912708 ], [ -68.054114331955887, -16.539000144808693 ] ] ] } },
{ "type": "Feature", "properties": { "id": 70, "instance": 62, "mean_prob": 0.934, "area_m2": 19.3 }, "geometry": { "type": "MultiPolygon", "coordinates": [ [ [ [ -68.055128382844856, -16.539170151613096 ], [ -68.05512836964617, -16.539172863227993 ], [ -68.055131180884516, -16.539172875958933 ], [ -68.05513119408316, -16.539170164344036 ], [ -68.055128382844856, -16.539170151613096 ] ] ], [ [ [ -68.055103530466127, -16.539077842126979 ], [ -68.055097907992234, -16.539077816664456 ], [ -68.055097696807351, -16.539121202502578 ], [ -68.05510050804493, -16.539121215233898 ], [ -68.055100521243958, -16.539118503619022 ], [ -68.055106143719044, -16.539118529081541 ], [ -68.055106156918001, -16.539115817466648 ], [ -68.055108968155494, -16.539115830197844 ], [ -68.055108954956594, -16.539118541812737 ], [ -68.055117388669231, -16.539118580006118 ], [ -68.055117401868046, -16.539115868391214 ], [ -68.055145514243307, -16.539115995699987 ], [ -68.055145527441724, -16.539113284085065 ], [ -68.055153961154218, -16.53911332227695 ], [ -68.055153974352507, -16.539110610662032 ], [ -68.055151163115042, -16.539110597931437 ], [ -68.055151176313359, -16.539107886316518 ], [ -68.055153987550796, -16.539107899047107 ], [ -68.05515401394733, -16.539102475817252 ], [ -68.055142755799523, -16.539105136509619 ], [ -68.055142782196384, -16.539099713279782 ], [ -68.055151215908296, -16.539099751471742 ], [ -68.055151229106599, -16.539097039856824 ], [ -68.055139984157549, -16.539096988934133 ], [ -68.055139997356008, -16.539094277319219 ], [ -68.055145619830455, -16.539094302780633 ], [ -68.055145633028843, -16.539091591165715 ], [ -68.055148444266024, -16.539091603896363 ], [ -68.055148457464355, -16.539088892281427 ], [ -68.055145646227217, -16.539088879550782 ], [ -68.055148483861046, -16.539083469051576 ], [ -68.055142861386912, -16.539083443590254 ], [ -68.055142874585314, -16.539080731975339 ], [ -68.05514006334829, -16.53908071924462 ], [ -68.05514008974518, -16.539075296014776 ], [ -68.055103543665084, -16.539075130512078 ], [ -68.055103530466127, -16.539077842126979 ] ], [ [ -68.055125993964552, -16.539083367205382 ], [ -68.05512596756725, -16.539088790435194 ], [ -68.055128778804388, -16.539088803166113 ], [ -68.055128739208527, -16.539096938010843 ], [ -68.055125927971275, -16.539096925279921 ], [ -68.055125901573945, -16.539102348509733 ], [ -68.055120279099299, -16.539102323047768 ], [ -68.055120292298042, -16.539099611432871 ], [ -68.055111858586216, -16.539099573239653 ], [ -68.055109073746735, -16.539094137278724 ], [ -68.055103451272359, -16.539094111816325 ], [ -68.05510346447133, -16.539091400201439 ], [ -68.055100653234163, -16.539091387470187 ], [ -68.05510067963219, -16.5390859642404 ], [ -68.055106302106324, -16.539085989702865 ], [ -68.055106315305252, -16.539083278087972 ], [ -68.055111937779316, -16.539083303550278 ], [ -68.055111950978159, -16.539080591935384 ], [ -68.055123195926186, -16.539080642859531 ], [ -68.055123182727499, -16.539083354474435 ], [ -68.055125993964552, -16.539083367205382 ] ], [ [ -68.055131563644366, -16.539094239126808 ], [ -68.055131576842939, -16.539091527511903 ], [ -68.055137199317301, -16.539091552973542 ], [ -68.055137186118799, -16.539094264588453 ], [ -68.055131563644366, -16.539094239126808 ] ] ], [ [ [ -68.055145699020713, -16.539078033091087 ], [ -68.055154132731701, -16.539078071282887 ], [ -68.055154145929947, -16.539075359667951 ], [ -68.055145712219087, -16.539075321476158 ], [ -68.055145699020713, -16.539078033091087 ] ] ] ] } },
{ "type": "Feature", "properties": { "id": 71, "instance": 69, "mean_prob": 0.949, "area_m2": 15.8 }, "geometry": { "type": "Polygon", "coordinates": [ [ [ -68.054015727305995, -16.539043084553089 ], [ -68.054015608378791, -16.539067489079496 ], [ -68.054004363435155, -16.539067438095696 ], [ -68.05400435022085, -16.53907014970973 ], [ -68.053998727748962, -16.539070124217599 ], [ -68.053998701320197, -16.539075547445659 ], [ -68.053970588960112, -16.539075419982684 ], [ -68.053970747537278, -16.539042880614577 ], [ -68.054015727305995, -16.539043084553089 ] ] ] } },
{ "type": "Feature", "properties": { "id": 72, "instance": 103, "mean_prob": 0.986, "area_m2": 204.6 }, "geometry": { "type": "MultiPolygon", "coordinates": [ [ [ [ -68.055227290880595, -16.539064844189248 ], [ -68.055227277683358, -16.539067555804241 ], [ -68.055187920366933, -16.539067377586836 ], [ -68.05518790716917, -16.539070089201793 ], [ -68.055185095932259, -16.539070076471692 ], [ -68.055185109130065, -16.539067364856731 ], [ -68.055179486656343, -16.539067339396421 ], [ -68.055179473458452, -16.539070051011375 ], [ -68.055159794800204, -16.539069961899081 ], [ -68.055159781602029, -16.539072673514013 ], [ -68.055154159128193, -16.539072648053015 ], [ -68.055154132731701, -16.539078071282887 ], [ -68.055148497059378, -16.539080757436651 ], [ -68.055148444266024, -16.539091603896363 ], [ -68.055145633028843, -16.539091591165715 ], [ -68.055145619830455, -16.539094302780633 ], [ -68.055151242304916, -16.539094328241898 ], [ -68.055151215908296, -16.539099751471742 ], [ -68.055145593433679, -16.53909972601047 ], [ -68.055145580235305, -16.539102437625392 ], [ -68.05515401394733, -16.539102475817252 ], [ -68.055153987550796, -16.539107899047107 ], [ -68.055151176313359, -16.539107886316518 ], [ -68.055153961154218, -16.53911332227695 ], [ -68.055145527441724, -16.539113284085065 ], [ -68.055145514243307, -16.539115995699987 ], [ -68.055120213105553, -16.53911588112226 ], [ -68.055120199906796, -16.539118592737164 ], [ -68.055108954956594, -16.539118541812737 ], [ -68.055108968155494, -16.539115830197844 ], [ -68.055106156918001, -16.539115817466648 ], [ -68.055106143719044, -16.539118529081541 ], [ -68.055100521243958, -16.539118503619022 ], [ -68.05510050804493, -16.539121215233898 ], [ -68.055097696807351, -16.539121202502578 ], [ -68.055097591214661, -16.53914289542158 ], [ -68.055100402452567, -16.539142908152911 ], [ -68.055103160894362, -16.539153767343709 ], [ -68.055105972132409, -16.539153780074979 ], [ -68.055105932535454, -16.539161914919603 ], [ -68.055111555011806, -16.539161940382037 ], [ -68.055111528613963, -16.539167363611785 ], [ -68.055108717375703, -16.539167350880586 ], [ -68.055108704176732, -16.539170062495458 ], [ -68.055117137891628, -16.53917010068896 ], [ -68.055117124692785, -16.539172812303846 ], [ -68.05512836964617, -16.539172863227993 ], [ -68.055128382844856, -16.539170151613096 ], [ -68.05513119408316, -16.539170164344036 ], [ -68.055131180884516, -16.539172875958933 ], [ -68.055218329274609, -16.539173270599356 ], [ -68.055218342472045, -16.539170558984388 ], [ -68.055232398664018, -16.53917062263265 ], [ -68.055232411861255, -16.539167911017685 ], [ -68.055263335483374, -16.539168051040505 ], [ -68.055263348680171, -16.539165339425509 ], [ -68.055280216110319, -16.539165415799648 ], [ -68.055283053741732, -16.539160005298516 ], [ -68.055285864980021, -16.539160018027367 ], [ -68.055285891372975, -16.539154594797331 ], [ -68.05529432508763, -16.539154632983632 ], [ -68.055294364676698, -16.539146498138564 ], [ -68.055297175914788, -16.539146510867248 ], [ -68.055297189111101, -16.539143799252216 ], [ -68.055294377873039, -16.539143786523539 ], [ -68.05529445705109, -16.539127516833368 ], [ -68.055291645813256, -16.539127504104659 ], [ -68.055291711795078, -16.539113946029506 ], [ -68.055286102516263, -16.539111208956975 ], [ -68.055286128909131, -16.539105785726917 ], [ -68.055283317671623, -16.539105772998113 ], [ -68.055283357261018, -16.539097638153027 ], [ -68.055286168498412, -16.539097650881825 ], [ -68.055286274069715, -16.539075957961543 ], [ -68.055283462832634, -16.539075945232767 ], [ -68.055283502421958, -16.539067810387664 ], [ -68.055280691185004, -16.539067797658852 ], [ -68.055280704381488, -16.539065086043816 ], [ -68.055227290880595, -16.539064844189248 ] ] ], [ [ [ -68.055131563644366, -16.539094239126808 ], [ -68.055137186118799, -16.539094264588453 ], [ -68.055137199317301, -16.539091552973542 ], [ -68.055131576842939, -16.539091527511903 ], [ -68.055131563644366, -16.539094239126808 ] ] ], [ [ [ -68.055111937779316, -16.539083303550278 ], [ -68.05510067963219, -16.5390859642404 ], [ -68.055100653234163, -16.539091387470187 ], [ -68.05510346447133, -16.539091400201439 ], [ -68.055103451272359, -16.539094111816325 ], [ -68.055109073746735, -16.539094137278724 ], [ -68.055111858586216, -16.539099573239653 ], [ -68.055120292298042, -16.539099611432871 ], [ -68.055120279099299, -16.539102323047768 ], [ -68.055125901573945, -16.539102348509733 ], [ -68.055125927971275, -16.539096925279921 ], [ -68.055128739208527, -16.539096938010843 ], [ -68.055128778804388, -16.539088803166113 ], [ -68.05512596756725, -16.539088790435194 ], [ -68.055125993964552, -16.539083367205382 ], [ -68.055123182727499, -16.539083354474435 ], [ -68.055123195926186, -16.539080642859531 ], [ -68.055111950978159, -16.539080591935384 ], [ -68.055111937779316, -16.539083303550278 ] ] ] ] } },
{ "type": "Feature", "properties": { "id": 73, "instance": 106, "mean_prob": 0.988, "area_m2": 33.1 }, "geometry": { "type": "Polygon", "coordinates": [ [ [ -68.054833651730036, -16.539076619754937 ], [ -68.054833625324576, -16.539082042984301 ], [ -68.054836436561374, -16.539082055719145 ], [ -68.054836014073985, -16.539168827388615 ], [ -68.054816335407679, -16.539168738243411 ], [ -68.054816348610714, -16.539166026628774 ], [ -68.054810739337853, -16.539163289543737 ], [ -68.0548107789472, -16.539155154699802 ], [ -68.05481359018502, -16.539155167435009 ], [ -68.054813629794239, -16.539147032591075 ], [ -68.054810818556518, -16.539147019855875 ], [ -68.054810897775099, -16.539130750167995 ], [ -68.054808086537619, -16.539130737432767 ], [ -68.054808099740754, -16.539128025818108 ], [ -68.054805288503317, -16.539128013082848 ], [ -68.05480527530014, -16.539130724697504 ], [ -68.054799666028444, -16.539127987612215 ], [ -68.054799837670402, -16.539092736621814 ], [ -68.054802648907327, -16.53909274935712 ], [ -68.054802701719993, -16.539081902898502 ], [ -68.054805512956762, -16.539081915633766 ], [ -68.054805539363002, -16.539076492404444 ], [ -68.054833651730036, -16.539076619754937 ] ] ] } },
{ "type": "Feature", "properties": { "id": 74, "instance": 98, "mean_prob": 0.984, "area_m2": 80.5 }, "geometry": { "type": "Polygon", "coordinates": [ [ [ -68.055702403136749, -16.539064283326674 ], [ -68.055702389946163, -16.539066994942051 ], [ -68.055705201183443, -16.539067007665185 ], [ -68.055705095659022, -16.539088700588096 ], [ -68.055707906896615, -16.539088713311205 ], [ -68.055707840943967, -16.539102271388025 ], [ -68.055710652181759, -16.539102284111102 ], [ -68.05571038837131, -16.539156516418235 ], [ -68.055707577132708, -16.539156503695111 ], [ -68.055710361990208, -16.539161939648938 ], [ -68.055707550751535, -16.539161926925804 ], [ -68.055707497989147, -16.539172773387172 ], [ -68.055704686750346, -16.539172760663991 ], [ -68.055704673559688, -16.539175472279343 ], [ -68.05565407126069, -16.539175243255634 ], [ -68.055654084452044, -16.539172531640325 ], [ -68.055651273213272, -16.53917251891643 ], [ -68.055651299596036, -16.539167095685833 ], [ -68.055648488357349, -16.539167082961907 ], [ -68.055648541123006, -16.539156236500709 ], [ -68.055645729884475, -16.539156223776747 ], [ -68.055646125626879, -16.539074875317468 ], [ -68.055648936864216, -16.539074888041359 ], [ -68.055648963246895, -16.539069464810719 ], [ -68.055654598912696, -16.539066778643054 ], [ -68.05565461210395, -16.53906406702772 ], [ -68.055702403136749, -16.539064283326674 ] ] ] } },
{ "type": "Feature", "properties": { "id": 75, "instance": 174, "mean_prob": 0.999, "area_m2": 79.6 }, "geometry": { "type": "Polygon", "coordinates": [ [ [ -68.056208241311225, -16.539104535500194 ], [ -68.056208214944121, -16.539109958731704 ], [ -68.056211026182439, -16.539109971448049 ], [ -68.05621089434716, -16.539137087605553 ], [ -68.056208083108444, -16.53913707488919 ], [ -68.056208043557689, -16.539145209736411 ], [ -68.056205232318874, -16.539145197019998 ], [ -68.056205219135236, -16.539147908635734 ], [ -68.056196785418663, -16.539147870486261 ], [ -68.056196772234912, -16.539150582102 ], [ -68.056193960996026, -16.539150569385434 ], [ -68.056193908260852, -16.539161415848337 ], [ -68.056196719499908, -16.539161428564913 ], [ -68.056196574478406, -16.539191256337901 ], [ -68.056193763238923, -16.5391912436213 ], [ -68.056193750055101, -16.539193955237018 ], [ -68.056165637660015, -16.539193828068893 ], [ -68.056165650844221, -16.539191116453193 ], [ -68.056160028365312, -16.539191091019127 ], [ -68.056160054733908, -16.539185667787731 ], [ -68.056162865973278, -16.539185680504783 ], [ -68.05616008110249, -16.539180244556341 ], [ -68.056162892341789, -16.53918025727339 ], [ -68.056162905526023, -16.539177545657694 ], [ -68.056160094286767, -16.539177532940649 ], [ -68.056160107471058, -16.539174821324945 ], [ -68.056154484992618, -16.539174795890748 ], [ -68.056154511361342, -16.539169372659362 ], [ -68.056148888883072, -16.539169347225016 ], [ -68.056148902067505, -16.53916663560933 ], [ -68.056137657111165, -16.539166584740197 ], [ -68.056137670295769, -16.539163873124519 ], [ -68.056132047817684, -16.539163847689728 ], [ -68.056129262948048, -16.539158411740921 ], [ -68.056112395514361, -16.539158335435445 ], [ -68.056112408699306, -16.539155623819784 ], [ -68.056106786221505, -16.53915559838433 ], [ -68.056106983996386, -16.539114924149342 ], [ -68.056104172758069, -16.539114911431589 ], [ -68.056104185943084, -16.539112199815921 ], [ -68.056106997181345, -16.539112212533674 ], [ -68.056107023551291, -16.53910678930232 ], [ -68.056177304506761, -16.539107107233658 ], [ -68.056177317690754, -16.539104395617926 ], [ -68.056208241311225, -16.539104535500194 ] ] ] } },
{ "type": "Feature", "properties": { "id": 76, "instance": 93, "mean_prob": 0.979, "area_m2": 38.3 }, "geometry": { "type": "Polygon", "coordinates": [ [ [ -68.056365512480028, -16.539137786947524 ], [ -68.056365209307614, -16.53920015411229 ], [ -68.056317418232211, -16.539199937963417 ], [ -68.056317431414328, -16.539197226347603 ], [ -68.056314620174646, -16.539197213632626 ], [ -68.056314672903213, -16.539186367169368 ], [ -68.056311861663701, -16.539186354454355 ], [ -68.056312046213861, -16.539148391832907 ], [ -68.056314857452804, -16.53914840454788 ], [ -68.056314896999083, -16.539140269700408 ], [ -68.056317708237941, -16.539140282415339 ], [ -68.056317721419987, -16.539137570799511 ], [ -68.056365512480028, -16.539137786947524 ] ] ] } },
{ "type": "Feature", "properties": { "id": 77, "instance": 70, "mean_prob": 0.953, "area_m2": 53.2 }, "geometry": { "type": "Polygon", "coordinates": [ [ [ -68.054057710850032, -16.539081238333704 ], [ -68.054057657995742, -16.539092084789985 ], [ -68.054060469232041, -16.539092097535296 ], [ -68.054060072824797, -16.539173445957083 ], [ -68.054062884062276, -16.539173458702422 ], [ -68.054062765140017, -16.539197863228853 ], [ -68.054059953902168, -16.5391978504835 ], [ -68.054059940688532, -16.539200562097541 ], [ -68.054054318212778, -16.53920053660671 ], [ -68.05405430499907, -16.539203248220744 ], [ -68.054023381382152, -16.539203108018459 ], [ -68.05402377780554, -16.539121759597769 ], [ -68.054020966568828, -16.539121746851944 ], [ -68.054020992997053, -16.53911632362388 ], [ -68.054023804233694, -16.539116336369698 ], [ -68.054023949588327, -16.539086508615274 ], [ -68.054021138352113, -16.539086495869476 ], [ -68.054021151566204, -16.539083784255428 ], [ -68.054023962802361, -16.539083797001222 ], [ -68.05402397601641, -16.539081085387174 ], [ -68.054057710850032, -16.539081238333704 ] ] ] } },
{ "type": "Feature", "properties": { "id": 78, "instance": 165, "mean_prob": 0.999, "area_m2": 70.1 }, "geometry": { "type": "Polygon", "coordinates": [ [ [ -68.054161568043739, -16.539114249254297 ], [ -68.054161541619436, -16.539119672482581 ], [ -68.054164352856233, -16.53911968522651 ], [ -68.054164326432016, -16.539125108454794 ], [ -68.054161515195133, -16.539125095710862 ], [ -68.054161501982989, -16.539127807325016 ], [ -68.0541643132199, -16.539127820068945 ], [ -68.054164128249994, -16.539165782666863 ], [ -68.054161317012529, -16.539165769922899 ], [ -68.054158452926131, -16.539176603635408 ], [ -68.054152817238602, -16.539179289761393 ], [ -68.054152804026273, -16.539182001375519 ], [ -68.054147181550903, -16.539181975887217 ], [ -68.054147168338488, -16.539184687501326 ], [ -68.054135923387634, -16.539184636524269 ], [ -68.054135910175063, -16.539187348138373 ], [ -68.054127476461829, -16.539187309905174 ], [ -68.054127463249131, -16.539190021519271 ], [ -68.054121840773576, -16.539189996030281 ], [ -68.05412182756082, -16.539192707644371 ], [ -68.054130261274281, -16.539192745877809 ], [ -68.054127423611078, -16.539198156361568 ], [ -68.054135857324795, -16.539198194594793 ], [ -68.054135830899639, -16.539203617822992 ], [ -68.054127397185681, -16.539203579589753 ], [ -68.054127383972983, -16.539206291203843 ], [ -68.05409083787896, -16.539206125522512 ], [ -68.05409085109217, -16.539203413908449 ], [ -68.054088039854221, -16.539203401163466 ], [ -68.05408805306746, -16.539200689549407 ], [ -68.054090864305365, -16.539200702294384 ], [ -68.054090956797751, -16.539181720995906 ], [ -68.054088145560115, -16.539181708250947 ], [ -68.054088356971434, -16.539138322425746 ], [ -68.054091168208444, -16.539138335170676 ], [ -68.054091247487293, -16.539122065486168 ], [ -68.054094058724047, -16.539122078231046 ], [ -68.054091273913556, -16.539116642257991 ], [ -68.054099707623635, -16.539116680492498 ], [ -68.054099720836646, -16.539113968878407 ], [ -68.054161568043739, -16.539114249254297 ] ] ] } },
{ "type": "Feature", "properties": { "id": 79, "instance": 123, "mean_prob": 0.994, "area_m2": 61.7 }, "geometry": { "type": "Polygon", "coordinates": [ [ [ -68.053987429947028, -16.539080919688946 ], [ -68.053987416732483, -16.539083631302965 ], [ -68.054001472913157, -16.539083695033824 ], [ -68.054001459698796, -16.539086406647854 ], [ -68.054015515879726, -16.539086470377772 ], [ -68.054015502665564, -16.539089181991809 ], [ -68.054018313901807, -16.539089194737677 ], [ -68.054018208188722, -16.539110887649958 ], [ -68.054021019425278, -16.539110900395812 ], [ -68.054021006211158, -16.539113612009846 ], [ -68.054018194974574, -16.539113599263995 ], [ -68.054018115689644, -16.539129868948169 ], [ -68.054020926926469, -16.539129881694038 ], [ -68.05402091371235, -16.539132593308064 ], [ -68.054018102475482, -16.539132580562192 ], [ -68.054018089261334, -16.539135292176223 ], [ -68.05402090049823, -16.539135304922098 ], [ -68.054020543715879, -16.53920851850059 ], [ -68.054017732477917, -16.539208505754662 ], [ -68.054017719263683, -16.539211217368667 ], [ -68.053981173169902, -16.539211051668079 ], [ -68.053981397820223, -16.539164954230358 ], [ -68.053978586582929, -16.539164941483936 ], [ -68.053978718730235, -16.539137825344024 ], [ -68.053975907493324, -16.539137812597584 ], [ -68.053976171787994, -16.539083580317602 ], [ -68.053978983024109, -16.539083593063999 ], [ -68.053978996238783, -16.539080881449991 ], [ -68.053987429947028, -16.539080919688946 ] ] ] } },
{ "type": "Feature", "properties": { "id": 80, "instance": 59, "mean_prob": 0.919, "area_m2": 60.3 }, "geometry": { "type": "Polygon", "coordinates": [ [ [ -68.055881887117806, -16.539154580841856 ], [ -68.05588187392965, -16.53915729245734 ], [ -68.055893118884612, -16.539157343340229 ], [ -68.055893105696626, -16.539160054955719 ], [ -68.055898728174199, -16.539160080396933 ], [ -68.055898477603279, -16.539211601091232 ], [ -68.055895666363739, -16.539211588370595 ], [ -68.055895639987725, -16.539217011601565 ], [ -68.055890004320418, -16.53921969777565 ], [ -68.055889991132318, -16.539222409391122 ], [ -68.055887179892636, -16.539222396670365 ], [ -68.055887193080764, -16.539219685054896 ], [ -68.055884381841125, -16.539219672334102 ], [ -68.055884368652954, -16.539222383949575 ], [ -68.055861878735584, -16.539222282181861 ], [ -68.055861891924067, -16.539219570566409 ], [ -68.055830968288376, -16.539219430631874 ], [ -68.055830981477285, -16.539216719016441 ], [ -68.055819736519084, -16.539216668130024 ], [ -68.055819749708149, -16.539213956514601 ], [ -68.055814127229155, -16.539213931071178 ], [ -68.055814153607443, -16.539208507840343 ], [ -68.055811342368017, -16.539208495118576 ], [ -68.055811355557182, -16.539205783503167 ], [ -68.05581416679658, -16.539205796224934 ], [ -68.055814206363976, -16.539197661378672 ], [ -68.055811395124721, -16.539197648656909 ], [ -68.055811500638001, -16.539175955733551 ], [ -68.055814311876958, -16.539175968455289 ], [ -68.055817149494047, -16.539170557946132 ], [ -68.055828407638487, -16.539167897217109 ], [ -68.055831245255064, -16.539162486707738 ], [ -68.055834056493836, -16.539162499429203 ], [ -68.05583406968266, -16.539159787813752 ], [ -68.055836880921404, -16.53915980053517 ], [ -68.055836894110186, -16.53915708891973 ], [ -68.055865006497271, -16.539157216131873 ], [ -68.055865019685669, -16.5391545045164 ], [ -68.055881887117806, -16.539154580841856 ] ] ] } },
{ "type": "Feature", "properties": { "id": 81, "instance": 167, "mean_prob": 0.999, "area_m2": 55.6 }, "geometry": { "type": "Polygon", "coordinates": [ [ [ -68.054366894004545, -16.539093486546737 ], [ -68.0543668807953, -16.539096198161044 ], [ -68.054369692031912, -16.539096210902187 ], [ -68.05436958635805, -16.53911790381666 ], [ -68.054372397594989, -16.539117916557789 ], [ -68.054371922062074, -16.539215534672444 ], [ -68.054369110823714, -16.539215521931244 ], [ -68.054369097614398, -16.539218233545515 ], [ -68.054332551515557, -16.539218067906404 ], [ -68.054333132746308, -16.539098756878648 ], [ -68.054347188929484, -16.539098820586268 ], [ -68.054347202139027, -16.539096108971979 ], [ -68.054361258322061, -16.539096172678644 ], [ -68.054361271531405, -16.53909346106434 ], [ -68.054366894004545, -16.539093486546737 ] ] ] } },
{ "type": "Feature", "properties": { "id": 82, "instance": 125, "mean_prob": 0.994, "area_m2": 99.4 }, "geometry": { "type": "Polygon", "coordinates": [ [ [ -68.054212302419231, -16.539087362497256 ], [ -68.054212289207811, -16.539090074111442 ], [ -68.054217911680624, -16.53909009959785 ], [ -68.05421789846929, -16.53909281121204 ], [ -68.054220709705746, -16.539092823955187 ], [ -68.054220366211084, -16.539163325924047 ], [ -68.054223177448563, -16.539163338667219 ], [ -68.054222781107683, -16.539244687092285 ], [ -68.054169367573735, -16.539244444964364 ], [ -68.054169380785879, -16.539241733350252 ], [ -68.05416656954732, -16.539241720606295 ], [ -68.054166780941927, -16.539198334780366 ], [ -68.054169592179861, -16.539198347524287 ], [ -68.054169869633498, -16.539141403627429 ], [ -68.054167058396374, -16.539141390883557 ], [ -68.054167309425665, -16.539089870214742 ], [ -68.054170120662036, -16.539089882958567 ], [ -68.054170133874024, -16.539087171344416 ], [ -68.054212302419231, -16.539087362497256 ] ] ] } },
{ "type": "Feature", "properties": { "id": 83, "instance": 136, "mean_prob": 0.996, "area_m2": 63.6 }, "geometry": { "type": "Polygon", "coordinates": [ [ [ -68.054062566935798, -16.539238537439449 ], [ -68.054062553722176, -16.539241249053479 ], [ -68.05406536496065, -16.539241261798832 ], [ -68.054065061047297, -16.539303628921463 ], [ -68.054062249807913, -16.53930361617606 ], [ -68.05406223659422, -16.539306327790072 ], [ -68.054050991636586, -16.539306276808073 ], [ -68.054050978422737, -16.539308988422079 ], [ -68.053989131155575, -16.5393087080102 ], [ -68.053989170799724, -16.539300573168322 ], [ -68.053991982038994, -16.539300585914706 ], [ -68.053991995253668, -16.539297874300743 ], [ -68.053989184014426, -16.53929786155436 ], [ -68.053989342590754, -16.539265322186779 ], [ -68.053986531351995, -16.539265309440388 ], [ -68.053986623854954, -16.539246328142593 ], [ -68.053983812616465, -16.539246315396174 ], [ -68.053983852260671, -16.539238180554268 ], [ -68.054062566935798, -16.539238537439449 ] ] ] } },
{ "type": "Feature", "properties": { "id": 84, "instance": 157, "mean_prob": 0.999, "area_m2": 142.0 }, "geometry": { "type": "Polygon", "coordinates": [ [ [ -68.05545141138289, -16.539225847725671 ], [ -68.055451398188652, -16.539228559340806 ], [ -68.055532924132848, -16.539228928397748 ], [ -68.055532910939746, -16.53923164001294 ], [ -68.055538533418812, -16.539231665463969 ], [ -68.055538520225809, -16.539234377079161 ], [ -68.05554414270496, -16.539234402530049 ], [ -68.055544129512015, -16.539237114145244 ], [ -68.05554694075164, -16.539237126870635 ], [ -68.055546822015458, -16.539261531407405 ], [ -68.055544010775478, -16.539261518681997 ], [ -68.055543878845754, -16.539288634833873 ], [ -68.055546690086118, -16.539288647559307 ], [ -68.05554657134951, -16.539313052095959 ], [ -68.055549382590229, -16.539313064821371 ], [ -68.055549356204381, -16.53931848805173 ], [ -68.055546544963576, -16.539318475326318 ], [ -68.05554650538464, -16.539326610171848 ], [ -68.055543694143736, -16.53932659744639 ], [ -68.05554368095072, -16.539329309061561 ], [ -68.05552681350504, -16.539329232707985 ], [ -68.055526826698298, -16.539326521092825 ], [ -68.055521204216504, -16.539326495641337 ], [ -68.055521191023175, -16.539329207256493 ], [ -68.055507134818527, -16.539329143627093 ], [ -68.055507121625013, -16.539331855242228 ], [ -68.055462154964133, -16.539328940006648 ], [ -68.055462168158272, -16.539326228391541 ], [ -68.055456545676606, -16.539326202938305 ], [ -68.055453760824321, -16.539320766981419 ], [ -68.055450949583559, -16.539320754254714 ], [ -68.055450989166474, -16.539312619409404 ], [ -68.05544817792584, -16.539312606682664 ], [ -68.055448191120192, -16.539309895067568 ], [ -68.055442568638995, -16.539309869613984 ], [ -68.055442581833418, -16.539307157998877 ], [ -68.055420091909099, -16.539307056183041 ], [ -68.055420105103835, -16.53930434456796 ], [ -68.055414482622851, -16.539304319113626 ], [ -68.055414614570779, -16.539277202962804 ], [ -68.055417425810873, -16.539277215689971 ], [ -68.055417478589817, -16.539266369229608 ], [ -68.055420289829755, -16.539266381956725 ], [ -68.055420355803179, -16.539252823881249 ], [ -68.055423167042932, -16.53925283660832 ], [ -68.055423180237568, -16.539250124993224 ], [ -68.055420368997858, -16.539250112266153 ], [ -68.055420421776546, -16.539239265805762 ], [ -68.0554232330161, -16.539239278532815 ], [ -68.055423259405345, -16.539233855302609 ], [ -68.055426070644828, -16.539233868029626 ], [ -68.055426083839407, -16.539231156414527 ], [ -68.055431706318288, -16.539231181868438 ], [ -68.055431719512796, -16.539228470253324 ], [ -68.05544858694924, -16.539228546614133 ], [ -68.055448600143507, -16.539225834999005 ], [ -68.05545141138289, -16.539225847725671 ] ] ] } },
{ "type": "Feature", "properties": { "id": 85, "instance": 68, "mean_prob": 0.948, "area_m2": 149.8 }, "geometry": { "type": "Polygon", "coordinates": [ [ [ -68.056002757197618, -16.539157839416635 ], [ -68.056002744011153, -16.539160551032211 ], [ -68.056008366488925, -16.539160576470476 ], [ -68.056008353302516, -16.539163288086066 ], [ -68.056013962594079, -16.539166025139767 ], [ -68.056013936221433, -16.539171448370933 ], [ -68.056019571885784, -16.539168762193331 ], [ -68.056019545513294, -16.539174185424503 ], [ -68.056022356752393, -16.539174198143439 ], [ -68.056022396310993, -16.539166063296669 ], [ -68.056025207549965, -16.539166076015562 ], [ -68.056025167991493, -16.539174210862335 ], [ -68.056030803655787, -16.539171524684431 ], [ -68.056030790469691, -16.53917423630002 ], [ -68.056033601708791, -16.53917424901881 ], [ -68.056036386575883, -16.539179684968758 ], [ -68.056042009054252, -16.539179710406145 ], [ -68.056041982682373, -16.539185133637346 ], [ -68.056047605160927, -16.539185159074592 ], [ -68.056047578789205, -16.539190582305814 ], [ -68.05605039002856, -16.539190595024383 ], [ -68.056050350471068, -16.539198729871195 ], [ -68.056053161710537, -16.539198742589736 ], [ -68.056053122153145, -16.539206877436563 ], [ -68.056050310913548, -16.539206864718011 ], [ -68.056050218612597, -16.539225846027207 ], [ -68.056047407372731, -16.539225833308613 ], [ -68.056047354629115, -16.539236679770987 ], [ -68.056044543389106, -16.539236667052339 ], [ -68.056044477459338, -16.539250225130285 ], [ -68.056041666219102, -16.539250212411588 ], [ -68.056041613475088, -16.539261058873922 ], [ -68.056038802234724, -16.539261046155186 ], [ -68.056038380279915, -16.539347817853365 ], [ -68.056035569038286, -16.539347805134511 ], [ -68.056035542665953, -16.539353228365627 ], [ -68.056029906996315, -16.53935591454335 ], [ -68.056029893810063, -16.539358626158897 ], [ -68.056015837601237, -16.539358562563656 ], [ -68.056015824414786, -16.539361274179186 ], [ -68.055979278271593, -16.539361108827098 ], [ -68.055979291458556, -16.539358397211593 ], [ -68.055970857733385, -16.539358359052517 ], [ -68.055970870920461, -16.53935564743702 ], [ -68.05596805967879, -16.539355634717253 ], [ -68.055968151988537, -16.539336653408732 ], [ -68.055970963229939, -16.539336666128481 ], [ -68.055971108287437, -16.539306838357867 ], [ -68.055973919528412, -16.539306851077551 ], [ -68.055974130519985, -16.539263465229197 ], [ -68.055976941760335, -16.539263477948811 ], [ -68.055977073629364, -16.539236361793467 ], [ -68.05597988486933, -16.539236374513024 ], [ -68.055980056298168, -16.539201123510935 ], [ -68.055982867537637, -16.539201136230428 ], [ -68.055982933471498, -16.539187578152664 ], [ -68.055985744710753, -16.539187590872103 ], [ -68.055985837017772, -16.539168609563191 ], [ -68.055988648256772, -16.539168622282578 ], [ -68.0559886746301, -16.539163199051451 ], [ -68.055991485869015, -16.539163211770791 ], [ -68.055994323481102, -16.539157801258952 ], [ -68.056002757197618, -16.539157839416635 ] ] ] } },
{ "type": "Feature", "properties": { "id": 86, "instance": 14, "mean_prob": 0.598, "area_m2": 22.9 }, "geometry": { "type": "Polygon", "coordinates": [ [ [ -68.055881056259437, -16.539325412615948 ], [ -68.055880950752908, -16.539347105539431 ], [ -68.055878139511421, -16.539347092818463 ], [ -68.055878086757943, -16.53935793928018 ], [ -68.055872451086216, -16.539360625453533 ], [ -68.055872411520838, -16.539368760299805 ], [ -68.055866789037267, -16.539368734857565 ], [ -68.055866762660173, -16.539374158088386 ], [ -68.055844272725338, -16.539374056317875 ], [ -68.055844285914191, -16.539371344702481 ], [ -68.055827418463394, -16.539371268373017 ], [ -68.055827431652489, -16.539368556757626 ], [ -68.055824620410746, -16.53936854403592 ], [ -68.055824659978128, -16.539360409189765 ], [ -68.055827471219757, -16.539360421911464 ], [ -68.055827510786997, -16.539352287065302 ], [ -68.055830322028513, -16.539352299786959 ], [ -68.055830361595611, -16.539344164940779 ], [ -68.055838795319829, -16.539344203105504 ], [ -68.055838808508739, -16.539341491490102 ], [ -68.055850053474245, -16.539341542375855 ], [ -68.055850066662984, -16.53933883076045 ], [ -68.055852877904329, -16.53933884348179 ], [ -68.055852943847853, -16.539325285404711 ], [ -68.055881056259437, -16.539325412615948 ] ] ] } },
{ "type": "Feature", "properties": { "id": 87, "instance": 54, "mean_prob": 0.904, "area_m2": 230.5 }, "geometry": { "type": "Polygon", "coordinates": [ [ [ -68.054771646079629, -16.539108878954409 ], [ -68.054771632876026, -16.539111590569025 ], [ -68.054774444113193, -16.539111603304733 ], [ -68.054774404502439, -16.539119738148614 ], [ -68.054777215739719, -16.539119750884282 ], [ -68.054777030889781, -16.539157713488986 ], [ -68.054779842127616, -16.539157726224648 ], [ -68.054779696888474, -16.539187553985407 ], [ -68.054776885650185, -16.539187541249721 ], [ -68.054776872446581, -16.539190252864323 ], [ -68.054779683684899, -16.539190265600013 ], [ -68.054779617666981, -16.539203823673056 ], [ -68.054776806428478, -16.539203810937355 ], [ -68.054776766817582, -16.539211945781165 ], [ -68.054779578056213, -16.539211958516876 ], [ -68.054779525241827, -16.539222804975282 ], [ -68.054776714003026, -16.539222792239563 ], [ -68.054776674392087, -16.539230927083359 ], [ -68.054779485630988, -16.539230939819088 ], [ -68.054779155539904, -16.539298730183845 ], [ -68.054781966779785, -16.539298742919584 ], [ -68.054781781928654, -16.539336705523688 ], [ -68.054784593169103, -16.539336718259424 ], [ -68.054784527150915, -16.539350276332293 ], [ -68.054781715910281, -16.539350263596543 ], [ -68.054781623484445, -16.539369244898513 ], [ -68.054775987798834, -16.53937193104144 ], [ -68.05477597459506, -16.539374642656011 ], [ -68.054753484667273, -16.539374540767916 ], [ -68.05475349787136, -16.539371829153367 ], [ -68.054750686630442, -16.539371816417191 ], [ -68.054750673426298, -16.53937452803174 ], [ -68.054747862185337, -16.539374515295524 ], [ -68.054747875389523, -16.539371803680975 ], [ -68.054716951739536, -16.539371663580088 ], [ -68.054716964944149, -16.539368951965574 ], [ -68.054711355667123, -16.539366214877692 ], [ -68.054711553737022, -16.539325540659952 ], [ -68.054708742496814, -16.539325527923239 ], [ -68.054708966976023, -16.539279430476316 ], [ -68.054706155736454, -16.539279417739611 ], [ -68.054706274578464, -16.539255013208816 ], [ -68.05470346333928, -16.539255000472092 ], [ -68.054703793455857, -16.539187210108533 ], [ -68.054700982217653, -16.539187197371817 ], [ -68.054701365152113, -16.539108560549597 ], [ -68.054771646079629, -16.539108878954409 ] ] ] } },
{ "type": "Feature", "properties": { "id": 88, "instance": 146, "mean_prob": 0.997, "area_m2": 80.8 }, "geometry": { "type": "Polygon", "coordinates": [ [ [ -68.054292903549552, -16.539277545031347 ], [ -68.054292890339099, -16.539280256645551 ], [ -68.054306946535263, -16.539280320356564 ], [ -68.054306933324995, -16.539283031970776 ], [ -68.054329423239281, -16.539283133906448 ], [ -68.054329410029339, -16.539285845520677 ], [ -68.05433222126868, -16.539285858262474 ], [ -68.054332168429028, -16.539296704719401 ], [ -68.054329357189545, -16.539296691977604 ], [ -68.054329251509813, -16.539318384891413 ], [ -68.054326440270003, -16.539318372149552 ], [ -68.054329225089859, -16.539323808119853 ], [ -68.054326413849978, -16.539323795377992 ], [ -68.054326374219912, -16.539331930220651 ], [ -68.054320751739908, -16.539331904736805 ], [ -68.05432073852981, -16.539334616351017 ], [ -68.054326361009885, -16.539334641834866 ], [ -68.054326347799844, -16.539337353449081 ], [ -68.054329159039938, -16.539337366190949 ], [ -68.054329119409942, -16.539345501033605 ], [ -68.054331930650136, -16.539345513775444 ], [ -68.05433183818036, -16.539364495074953 ], [ -68.054317781978, -16.539364431365296 ], [ -68.054317768767845, -16.539367142979497 ], [ -68.054289643152359, -16.539369727171508 ], [ -68.054289629941792, -16.539372438785701 ], [ -68.054255895055292, -16.539372285874048 ], [ -68.054255908266342, -16.539369574259894 ], [ -68.05425309702585, -16.53936956151701 ], [ -68.054253532990202, -16.539280078249682 ], [ -68.054256344229401, -16.539280090992492 ], [ -68.054256357440352, -16.539277379378316 ], [ -68.054292903549552, -16.539277545031347 ] ] ] } },
{ "type": "Feature", "properties": { "id": 89, "instance": 22, "mean_prob": 0.716, "area_m2": 253.5 }, "geometry": { "type": "Polygon", "coordinates": [ [ [ -68.055260418670187, -16.539189731231268 ], [ -68.055260405473334, -16.539192442846254 ], [ -68.055263216712063, -16.539192455575428 ], [ -68.055263177121589, -16.5392005904204 ], [ -68.05526598836046, -16.539200603149546 ], [ -68.055265948770071, -16.539208737994503 ], [ -68.055268760009042, -16.539208750723621 ], [ -68.055268707221984, -16.539219597183575 ], [ -68.055271518461126, -16.53921960991266 ], [ -68.055271492067661, -16.539225033142632 ], [ -68.055274303306888, -16.539225045871685 ], [ -68.05527427691348, -16.539230469101671 ], [ -68.055271465674195, -16.539230456372611 ], [ -68.055271452477442, -16.539233167987593 ], [ -68.055274263716797, -16.53923318071665 ], [ -68.055274210929952, -16.539244027176597 ], [ -68.055271399690454, -16.539244014447526 ], [ -68.0552713864937, -16.539246726062508 ], [ -68.055274197733226, -16.539246738791579 ], [ -68.055274144946353, -16.539257585251509 ], [ -68.055271333706671, -16.539257572522434 ], [ -68.055274092159422, -16.539268431711427 ], [ -68.055268456482921, -16.539271117868182 ], [ -68.05526841689246, -16.539279252713094 ], [ -68.055265605652451, -16.539279239983919 ], [ -68.055265486880572, -16.539303644518611 ], [ -68.055268298120936, -16.5393036572478 ], [ -68.055268271727229, -16.539309080477736 ], [ -68.055265460486808, -16.53930906774854 ], [ -68.05526543409303, -16.539314490978452 ], [ -68.055268245333536, -16.539314503707658 ], [ -68.055268192546094, -16.539325350167495 ], [ -68.055265381305418, -16.539325337438285 ], [ -68.055265368108508, -16.539328049053243 ], [ -68.055268179349227, -16.539328061782452 ], [ -68.055268060577305, -16.539352466317048 ], [ -68.055270871818379, -16.539352479046237 ], [ -68.055270766243467, -16.539374171965843 ], [ -68.055267955002094, -16.539374159236623 ], [ -68.055267941805184, -16.539376870851584 ], [ -68.05518079332245, -16.539376476227165 ], [ -68.055180806520582, -16.539373764612282 ], [ -68.055172372796676, -16.539373726420894 ], [ -68.055172385994922, -16.539371014806026 ], [ -68.055166776710735, -16.539368277730055 ], [ -68.055166803107369, -16.539362854500322 ], [ -68.055163991866237, -16.539362841769712 ], [ -68.055164018262957, -16.539357418539971 ], [ -68.055155584539804, -16.539357380347944 ], [ -68.055155597738278, -16.539354668733093 ], [ -68.055149975256256, -16.539354643271551 ], [ -68.055149988454815, -16.539351931656704 ], [ -68.055155610936737, -16.539351957118235 ], [ -68.055155624135182, -16.53934924550337 ], [ -68.055161246617047, -16.539349270964738 ], [ -68.055161259815435, -16.539346559349866 ], [ -68.055155650532114, -16.539343822273633 ], [ -68.055155676929004, -16.53933839904391 ], [ -68.055166935090384, -16.539335738351589 ], [ -68.055167001081813, -16.539322180277207 ], [ -68.055164189841264, -16.539322167546633 ], [ -68.055167053874897, -16.539311333817675 ], [ -68.055161431394126, -16.539311308356517 ], [ -68.055161470989148, -16.539303173511872 ], [ -68.055167093469692, -16.539303198973023 ], [ -68.055167119866198, -16.539297775743254 ], [ -68.055161510584156, -16.539295038667234 ], [ -68.055161629369024, -16.53927063413326 ], [ -68.055158818129243, -16.53927062140265 ], [ -68.055156033286224, -16.53926518544224 ], [ -68.055153222046513, -16.539265172711563 ], [ -68.055153248443347, -16.539259749481797 ], [ -68.055150437203721, -16.539259736751088 ], [ -68.055147652361086, -16.539254300790581 ], [ -68.055142029882006, -16.539254275328982 ], [ -68.055142043080565, -16.539251563714096 ], [ -68.055139231841068, -16.539251550983241 ], [ -68.055139284635473, -16.539240704523735 ], [ -68.055142095874814, -16.539240717254582 ], [ -68.055142109073358, -16.539238005639692 ], [ -68.05513929783406, -16.539237992908852 ], [ -68.05513953540833, -16.539189183840897 ], [ -68.055260418670187, -16.539189731231268 ] ] ] } },
{ "type": "Feature", "properties": { "id": 90, "instance": 173, "mean_prob": 0.999, "area_m2": 105.2 }, "geometry": { "type": "Polygon", "coordinates": [ [ [ -68.054877878994219, -16.539231385545555 ], [ -68.05487786579198, -16.539234097160225 ], [ -68.054883475067882, -16.539236834243596 ], [ -68.054883303439539, -16.539272085234373 ], [ -68.054880492199942, -16.539272072500012 ], [ -68.054880465795463, -16.539277495729348 ], [ -68.054883277035131, -16.539277508463705 ], [ -68.05488280175426, -16.539375126591327 ], [ -68.054879990513186, -16.539375113856881 ], [ -68.054879977310847, -16.539377825471522 ], [ -68.054826563730103, -16.539377583509935 ], [ -68.054826576933181, -16.539374871895344 ], [ -68.054823765692163, -16.539374859160148 ], [ -68.054823990144769, -16.539328761711889 ], [ -68.054821178904405, -16.539328748976693 ], [ -68.054821416560031, -16.539279939913662 ], [ -68.054818605320378, -16.53927992717847 ], [ -68.05481863172659, -16.539274503949226 ], [ -68.054821442966158, -16.539274516684419 ], [ -68.054821469372285, -16.539269093455179 ], [ -68.054818658132788, -16.539269080719993 ], [ -68.05481873735134, -16.539252811032263 ], [ -68.054821548590596, -16.539252823767434 ], [ -68.054821641011841, -16.539233842465023 ], [ -68.054824452250827, -16.539233855200141 ], [ -68.054824465453805, -16.539231143585514 ], [ -68.054872256516248, -16.53923136007672 ], [ -68.054872243313923, -16.539234071691393 ], [ -68.054877878994219, -16.539231385545555 ] ] ] } },
{ "type": "Feature", "properties": { "id": 91, "instance": 101, "mean_prob": 0.985, "area_m2": 143.9 }, "geometry": { "type": "Polygon", "coordinates": [ [ [ -68.054200000540234, -16.539304240656278 ], [ -68.05419998732846, -16.539306952270401 ], [ -68.05420559659585, -16.539309689371592 ], [ -68.054205570172456, -16.539315112599841 ], [ -68.054208381412124, -16.539315125343325 ], [ -68.054208354988788, -16.539320548571585 ], [ -68.054205543749049, -16.5393205358281 ], [ -68.054205213455646, -16.539388326181012 ], [ -68.054202402214941, -16.539388313437431 ], [ -68.05419956455053, -16.539393723922014 ], [ -68.054179885865054, -16.539393634715609 ], [ -68.054179872652924, -16.539396346329696 ], [ -68.054075856744532, -16.539395874779228 ], [ -68.054075869958112, -16.539393163165222 ], [ -68.054070247476744, -16.539393137674541 ], [ -68.054070683526049, -16.539303654412155 ], [ -68.054101607159396, -16.539303794608255 ], [ -68.054101593946257, -16.539306506222303 ], [ -68.054152196256737, -16.539306735624262 ], [ -68.054152209469166, -16.539304024010178 ], [ -68.054200000540234, -16.539304240656278 ] ] ] } },
{ "type": "Feature", "properties": { "id": 92, "instance": 30, "mean_prob": 0.782, "area_m2": 50.5 }, "geometry": { "type": "Polygon", "coordinates": [ [ [ -68.054613041476571, -16.53934949938256 ], [ -68.054613028270538, -16.539352210996991 ], [ -68.054615839511058, -16.539352223735015 ], [ -68.054615707450921, -16.539379339879368 ], [ -68.054618518691854, -16.539379352617374 ], [ -68.054615628214734, -16.539395609565947 ], [ -68.054607194491282, -16.539395571351669 ], [ -68.054607181285121, -16.539398282966086 ], [ -68.054522844050553, -16.539397900804516 ], [ -68.05452287046522, -16.539392477575809 ], [ -68.054520059224174, -16.539392464836506 ], [ -68.054520085638927, -16.539387041607803 ], [ -68.054522896879874, -16.539387054347099 ], [ -68.054522976123806, -16.539370784660939 ], [ -68.054525787364526, -16.539370797400181 ], [ -68.054525813779065, -16.539365374171457 ], [ -68.054528625019728, -16.539365386910667 ], [ -68.054528664641396, -16.539357252067553 ], [ -68.05453147588193, -16.539357264806718 ], [ -68.054531489089115, -16.539354553192339 ], [ -68.054537111570113, -16.539354578670544 ], [ -68.054537124777212, -16.539351867056165 ], [ -68.054573670903395, -16.539352032660751 ], [ -68.054573684109997, -16.539349321046348 ], [ -68.054613041476571, -16.53934949938256 ] ] ] } },
{ "type": "Feature", "properties": { "id": 93, "instance": 121, "mean_prob": 0.993, "area_m2": 61.5 }, "geometry": { "type": "Polygon", "coordinates": [ [ [ -68.05404807468598, -16.539327956974493 ], [ -68.054048061472059, -16.539330668588498 ], [ -68.05405368395158, -16.539330694079691 ], [ -68.054053670737744, -16.539333405693689 ], [ -68.054050859497949, -16.539333392948112 ], [ -68.054050833070193, -16.539338816176112 ], [ -68.054048021830312, -16.539338803430486 ], [ -68.05404799540247, -16.539344226658486 ], [ -68.054050806642422, -16.539344239404112 ], [ -68.054050714145163, -16.539363220702072 ], [ -68.054053525385399, -16.539363233447673 ], [ -68.054053406460511, -16.539387637973597 ], [ -68.054050595219934, -16.539387625227977 ], [ -68.054050582005999, -16.539390336841954 ], [ -68.05404214828414, -16.539390298604854 ], [ -68.054042135070091, -16.539393010218834 ], [ -68.054028078866864, -16.53939294648956 ], [ -68.054028065652631, -16.53939565810353 ], [ -68.053997142005301, -16.539395517895766 ], [ -68.053997128790613, -16.539398229509722 ], [ -68.053988695068554, -16.539398191270436 ], [ -68.053988708283356, -16.539395479656495 ], [ -68.053983085802074, -16.539395454163451 ], [ -68.053983112231819, -16.539390030935593 ], [ -68.053980300991256, -16.539390018189025 ], [ -68.053980340635974, -16.539381883347225 ], [ -68.053977529395539, -16.539381870600621 ], [ -68.053977555825412, -16.539376447372764 ], [ -68.053974744585062, -16.539376434626128 ], [ -68.053974784229965, -16.539368299784336 ], [ -68.053971972989729, -16.539368287037664 ], [ -68.053972052279732, -16.539352017354076 ], [ -68.053969241039738, -16.539352004607384 ], [ -68.053969346759914, -16.539330311695917 ], [ -68.053972157999596, -16.539330324442592 ], [ -68.053972171214568, -16.53932761282865 ], [ -68.05404807468598, -16.539327956974493 ] ] ] } },
{ "type": "Feature", "properties": { "id": 94, "instance": 4, "mean_prob": 0.533, "area_m2": 15.2 }, "geometry": { "type": "Polygon", "coordinates": [ [ [ -68.054592570410037, -16.539512107079435 ], [ -68.054592557203563, -16.53951481869381 ], [ -68.054595368446442, -16.539514831432228 ], [ -68.05459524958853, -16.539539235961627 ], [ -68.05457557088603, -16.539539146791782 ], [ -68.054575557679314, -16.539541858406135 ], [ -68.054558690219906, -16.539541781973348 ], [ -68.054558703426864, -16.539539070359009 ], [ -68.054547458454124, -16.539539019403069 ], [ -68.054547471661238, -16.53953630778873 ], [ -68.054544660418102, -16.539536295049651 ], [ -68.054544739660955, -16.539520025363618 ], [ -68.054547550903862, -16.539520038102687 ], [ -68.054547577318047, -16.539514614874001 ], [ -68.054581312232131, -16.539514767739771 ], [ -68.054581325438747, -16.5395120561254 ], [ -68.054592570410037, -16.539512107079435 ] ] ] } },
{ "type": "Feature", "properties": { "id": 95, "instance": 17, "mean_prob": 0.638, "area_m2": 30.1 }, "geometry": { "type": "Polygon", "coordinates": [ [ [ -68.054308634897268, -16.539510820304564 ], [ -68.054308621686829, -16.539513531918715 ], [ -68.054311432929453, -16.539513544660956 ], [ -68.054311274404611, -16.539546084030803 ], [ -68.054246615814222, -16.539545790949074 ], [ -68.054243830993912, -16.539540354977742 ], [ -68.054238208508011, -16.539540329491363 ], [ -68.054238221719444, -16.539537617877269 ], [ -68.054232599233643, -16.539537592390744 ], [ -68.054232612445148, -16.539534880776653 ], [ -68.054229801202297, -16.539534868033332 ], [ -68.054229893683058, -16.539515886734687 ], [ -68.05424113865341, -16.539515937707677 ], [ -68.054241151864787, -16.539513226093575 ], [ -68.054294565473796, -16.539513468206941 ], [ -68.05429457868442, -16.539510756592801 ], [ -68.054308634897268, -16.539510820304564 ] ] ] } },
{ "type": "Feature", "properties": { "id": 96, "instance": 127, "mean_prob": 0.995, "area_m2": 77.8 }, "geometry": { "type": "Polygon", "coordinates": [ [ [ -68.055230788582875, -16.539501439653744 ], [ -68.055230775385354, -16.53950415126862 ], [ -68.055236397871809, -16.539504176728201 ], [ -68.055236199909615, -16.53954485095143 ], [ -68.055239011153432, -16.539544863681193 ], [ -68.05523894516611, -16.539558421755579 ], [ -68.055236133922094, -16.539558409025801 ], [ -68.055236120724572, -16.539561120640673 ], [ -68.055123670964193, -16.539560611418413 ], [ -68.055123948144384, -16.539503667507791 ], [ -68.055230788582875, -16.539501439653744 ] ] ] } },
{ "type": "Feature", "properties": { "id": 97, "instance": 65, "mean_prob": 0.943, "area_m2": 61.9 }, "geometry": { "type": "Polygon", "coordinates": [ [ [ -68.055812808302122, -16.539485092609173 ], [ -68.055812795112729, -16.539487804224517 ], [ -68.055821228843129, -16.539487842390276 ], [ -68.05582121565385, -16.539490554005624 ], [ -68.055824026897369, -16.539490566727466 ], [ -68.055823868626291, -16.539523106111634 ], [ -68.055826679870279, -16.539523118833465 ], [ -68.055826574356345, -16.539544811756208 ], [ -68.055829385600646, -16.539544824478028 ], [ -68.055829187762171, -16.539585498708071 ], [ -68.055820754027508, -16.539585460542419 ], [ -68.055820740838129, -16.539588172157746 ], [ -68.055781383409411, -16.539587994046833 ], [ -68.055781409789248, -16.539582570816247 ], [ -68.055778598544421, -16.539582558093755 ], [ -68.05577866449417, -16.539569000017284 ], [ -68.055775853249557, -16.539568987294771 ], [ -68.055775985149239, -16.539541871141807 ], [ -68.05577317390501, -16.539541858419277 ], [ -68.055773437704431, -16.539487626113161 ], [ -68.055779060191298, -16.539487651558094 ], [ -68.05577907338116, -16.539484939942771 ], [ -68.055812808302122, -16.539485092609173 ] ] ] } },
{ "type": "Feature", "properties": { "id": 98, "instance": 133, "mean_prob": 0.996, "area_m2": 84.4 }, "geometry": { "type": "Polygon", "coordinates": [ [ [ -68.055056583909547, -16.539481669028469 ], [ -68.055056570709596, -16.539484380643223 ], [ -68.055062193195212, -16.539484406107473 ], [ -68.055061810397717, -16.539563042935075 ], [ -68.055064621641648, -16.539563055667205 ], [ -68.05506452924223, -16.539582036970348 ], [ -68.055061717998015, -16.5395820242382 ], [ -68.05506169159807, -16.539587447467657 ], [ -68.055058880353769, -16.539587434735473 ], [ -68.055058893553777, -16.539584723120747 ], [ -68.05505608230952, -16.539584710388525 ], [ -68.055056069109483, -16.539587422003244 ], [ -68.055053257865183, -16.539587409270982 ], [ -68.055053271065276, -16.539584697656263 ], [ -68.055047648576775, -16.539584672191626 ], [ -68.05504763537661, -16.539587383806342 ], [ -68.054997032979855, -16.539587154617756 ], [ -68.054997059381591, -16.539581731388402 ], [ -68.054994248137447, -16.539581718655349 ], [ -68.054994459351661, -16.539538332820431 ], [ -68.054991648108128, -16.53953832008737 ], [ -68.054991819719731, -16.539503069096391 ], [ -68.054994630962753, -16.53950308182942 ], [ -68.054994710167733, -16.539486812141224 ], [ -68.054997521410527, -16.539486824874196 ], [ -68.054997534611303, -16.539484113259494 ], [ -68.055022835796152, -16.539484227854565 ], [ -68.055022848996572, -16.539481516239839 ], [ -68.055056583909547, -16.539481669028469 ] ] ] } },
{ "type": "Feature", "properties": { "id": 99, "instance": 129, "mean_prob": 0.995, "area_m2": 71.7 }, "geometry": { "type": "Polygon", "coordinates": [ [ [ -68.055675110142388, -16.539473622726103 ], [ -68.055675083759766, -16.539479045956572 ], [ -68.055677895003001, -16.539479058680378 ], [ -68.05567765755967, -16.539527867754583 ], [ -68.055680468803615, -16.539527880478396 ], [ -68.055680244551539, -16.539573977937184 ], [ -68.055683055796138, -16.53957399066099 ], [ -68.055682937074508, -16.539598395197938 ], [ -68.055680125829539, -16.539598382474114 ], [ -68.0556801126382, -16.539601094089328 ], [ -68.05563794396349, -16.539600903227353 ], [ -68.055637957155426, -16.539598191612175 ], [ -68.0556351459105, -16.539598178887747 ], [ -68.055635304213965, -16.539565639505582 ], [ -68.055632492969522, -16.539565626781133 ], [ -68.055632611697249, -16.539541222244484 ], [ -68.055629800453161, -16.539541209520021 ], [ -68.055630130252311, -16.53947341914014 ], [ -68.055675110142388, -16.539473622726103 ] ] ] } },
{ "type": "Feature", "properties": { "id": 100, "instance": 15, "mean_prob": 0.599, "area_m2": 52.5 }, "geometry": { "type": "Polygon", "coordinates": [ [ [ -68.054623480875236, -16.539514958814308 ], [ -68.054623467669202, -16.539517670428712 ], [ -68.054637523883883, -16.539517734118338 ], [ -68.054637457854668, -16.539531292190397 ], [ -68.054640269097817, -16.539531304928222 ], [ -68.054640255891997, -16.539534016542635 ], [ -68.054645878378366, -16.539534042018172 ], [ -68.054645865172631, -16.539536753632593 ], [ -68.054651474453422, -16.539539490722404 ], [ -68.054654232874199, -16.539550349917725 ], [ -68.054657044117619, -16.539550362655337 ], [ -68.054656978089625, -16.539563920727428 ], [ -68.054659789333257, -16.539563933465011 ], [ -68.054659749716549, -16.539572068308264 ], [ -68.05466256096031, -16.539572081045815 ], [ -68.05466248172705, -16.539588350732313 ], [ -68.054659670483062, -16.539588337994743 ], [ -68.054659630866297, -16.539596472837982 ], [ -68.054656819622195, -16.53959646010037 ], [ -68.05465680641656, -16.53959917171478 ], [ -68.0546511839283, -16.539599146239439 ], [ -68.054651170722565, -16.539601857853842 ], [ -68.054642736990061, -16.539601819640534 ], [ -68.054642723784227, -16.539604531254934 ], [ -68.05460617760977, -16.53960436565999 ], [ -68.054606190816116, -16.539601654045622 ], [ -68.054603379571986, -16.539601641307282 ], [ -68.054603498429358, -16.53957723677798 ], [ -68.054600687185584, -16.539577224039629 ], [ -68.054600885281346, -16.53953654982401 ], [ -68.054603696524524, -16.539536562562329 ], [ -68.054603749349795, -16.539525716104798 ], [ -68.054606560592831, -16.539525728843067 ], [ -68.054606573799106, -16.539523017228689 ], [ -68.054603762556127, -16.539523004490416 ], [ -68.054603788968734, -16.539517581261634 ], [ -68.054609411454578, -16.539517606738134 ], [ -68.054609424660796, -16.539514895123741 ], [ -68.054623480875236, -16.539514958814308 ] ] ] } },
{ "type": "Feature", "properties": { "id": 101, "instance": 168, "mean_prob": 0.999, "area_m2": 39.2 }, "geometry": { "type": "Polygon", "coordinates": [ [ [ -68.054825718728011, -16.539551126842756 ], [ -68.054825705524763, -16.539553838457309 ], [ -68.054828516768382, -16.539553851192611 ], [ -68.054828424345928, -16.539572832494468 ], [ -68.054825613102025, -16.539572819759144 ], [ -68.054825428256194, -16.53961078236274 ], [ -68.054774825856597, -16.53961055311995 ], [ -68.054774839060585, -16.539607841505447 ], [ -68.054772027816227, -16.53960782876938 ], [ -68.054772054224301, -16.539602405540386 ], [ -68.054769242980015, -16.539602392804287 ], [ -68.054769467448835, -16.539556295357777 ], [ -68.05477227869244, -16.539556308093839 ], [ -68.054772291896441, -16.53955359647933 ], [ -68.054786348114334, -16.539553660159072 ], [ -68.054786361318122, -16.539550948544552 ], [ -68.054825718728011, -16.539551126842756 ] ] ] } },
{ "type": "Feature", "properties": { "id": 102, "instance": 32, "mean_prob": 0.791, "area_m2": 51.0 }, "geometry": { "type": "Polygon", "coordinates": [ [ [ -68.054989048079449, -16.539494921519236 ], [ -68.054989034878531, -16.539497633133937 ], [ -68.054991846121482, -16.539497645867002 ], [ -68.054991502897991, -16.539568147848875 ], [ -68.05499431414195, -16.539568160581958 ], [ -68.054994248137447, -16.539581718655349 ], [ -68.054997059381591, -16.539581731388402 ], [ -68.054999685813897, -16.539619706726889 ], [ -68.054985629590348, -16.539619643061275 ], [ -68.054985642791408, -16.539616931446602 ], [ -68.054971586568129, -16.539616867780055 ], [ -68.054971573366871, -16.53961957939471 ], [ -68.054965950877488, -16.539619553927821 ], [ -68.054965964078818, -16.539616842313166 ], [ -68.054960341589535, -16.539616816846127 ], [ -68.054960394395167, -16.539605970387569 ], [ -68.054957583150681, -16.539605957654 ], [ -68.054957596352125, -16.539603246039352 ], [ -68.054960407596568, -16.539603258772921 ], [ -68.054960552811806, -16.539573431011782 ], [ -68.054957741567804, -16.539573418278245 ], [ -68.054958111206361, -16.539497493067756 ], [ -68.054960922449268, -16.539497505801236 ], [ -68.05496093565057, -16.539494794186552 ], [ -68.054989048079449, -16.539494921519236 ] ] ] } },
{ "type": "Feature", "properties": { "id": 103, "instance": 46, "mean_prob": 0.847, "area_m2": 13.1 }, "geometry": { "type": "Polygon", "coordinates": [ [ [ -68.05563230828156, -16.539603589393618 ], [ -68.055632215937393, -16.539622570699809 ], [ -68.055635027182674, -16.539622583424297 ], [ -68.055634948030658, -16.539638853115303 ], [ -68.055632136785164, -16.539638840390801 ], [ -68.055632123593114, -16.539641552005957 ], [ -68.055606822383297, -16.539641437483706 ], [ -68.055606835575688, -16.539638725868567 ], [ -68.055604024330208, -16.539638713143685 ], [ -68.055604037522642, -16.539636001528542 ], [ -68.055606848768093, -16.539636014253425 ], [ -68.055606888345281, -16.539627879407988 ], [ -68.055604077099957, -16.539627866683112 ], [ -68.055604156254475, -16.539611596992241 ], [ -68.055601345009393, -16.539611584267345 ], [ -68.055601384586751, -16.539603449421904 ], [ -68.05563230828156, -16.539603589393618 ] ] ] } },
{ "type": "Feature", "properties": { "id": 104, "instance": 120, "mean_prob": 0.993, "area_m2": 45.8 }, "geometry": { "type": "Polygon", "coordinates": [ [ [ -68.055874180869424, -16.539582990637097 ], [ -68.055874167680813, -16.539585702252459 ], [ -68.055876978925738, -16.539585714973661 ], [ -68.055876754719492, -16.53963181243482 ], [ -68.055873943473884, -16.539631799713579 ], [ -68.055873917096548, -16.53963722294429 ], [ -68.055871105850869, -16.539637210223006 ], [ -68.0558709475862, -16.53966974960716 ], [ -68.055859702601637, -16.53966969872155 ], [ -68.055859715790533, -16.539666987106219 ], [ -68.055842861503095, -16.539664199161358 ], [ -68.055842874692217, -16.539661487546031 ], [ -68.055831629708223, -16.539661436658928 ], [ -68.055831656086767, -16.539656013428299 ], [ -68.055828844840846, -16.539656000706429 ], [ -68.055828858030168, -16.539653289091127 ], [ -68.055831669276031, -16.53965330181299 ], [ -68.055831722033105, -16.539642455351718 ], [ -68.055828910787383, -16.539642442629866 ], [ -68.05582620505632, -16.53962073698543 ], [ -68.055823393810911, -16.539620724263521 ], [ -68.055823499325726, -16.539599031340963 ], [ -68.055820688080644, -16.539599018619032 ], [ -68.055820754027508, -16.539585460542419 ], [ -68.055865733946021, -16.539585664088623 ], [ -68.055865747134746, -16.539582952473268 ], [ -68.055874180869424, -16.539582990637097 ] ] ] } },
{ "type": "Feature", "properties": { "id": 105, "instance": 45, "mean_prob": 0.847, "area_m2": 23.4 }, "geometry": { "type": "Polygon", "coordinates": [ [ [ -68.055097986983952, -16.539639133662913 ], [ -68.055097973784441, -16.539641845277647 ], [ -68.055100785029552, -16.53964185800935 ], [ -68.055100732231637, -16.539652704468324 ], [ -68.05509792098637, -16.539652691736617 ], [ -68.055097828589666, -16.539671673039781 ], [ -68.055095017344115, -16.53967166030802 ], [ -68.055095004144533, -16.539674371922754 ], [ -68.05504440172443, -16.539674142744484 ], [ -68.055044428124987, -16.539668719515092 ], [ -68.055041616879535, -16.539668706782614 ], [ -68.055041748882616, -16.539641590635661 ], [ -68.055044560127683, -16.539641603368118 ], [ -68.055044573327933, -16.539638891753423 ], [ -68.055097986983952, -16.539639133662913 ] ] ] } },
{ "type": "Feature", "properties": { "id": 106, "instance": 2, "mean_prob": 0.507, "area_m2": 34.1 }, "geometry": { "type": "Polygon", "coordinates": [ [ [ -68.054653889526946, -16.539620851892348 ], [ -68.05465387632124, -16.539623563506744 ], [ -68.054659498810224, -16.53962358898205 ], [ -68.054659485604603, -16.539626300596453 ], [ -68.054662296849131, -16.53962631333405 ], [ -68.054662270437959, -16.53963173656286 ], [ -68.054659459193346, -16.539631723825259 ], [ -68.054659300725646, -16.53966426319802 ], [ -68.054653665029747, -16.539666949337025 ], [ -68.054653638618262, -16.539672372565811 ], [ -68.054650827373081, -16.539672359828057 ], [ -68.054650814167289, -16.539675071442442 ], [ -68.054600211753495, -16.539674842156444 ], [ -68.054600396644133, -16.539636879555569 ], [ -68.054603207888775, -16.53963689229397 ], [ -68.054603247508012, -16.539628757450899 ], [ -68.054608869997068, -16.539628782927572 ], [ -68.054608883203386, -16.539626071313215 ], [ -68.054625750670382, -16.539626147742322 ], [ -68.054625763876473, -16.539623436127947 ], [ -68.054651065076754, -16.539623550769036 ], [ -68.054651078282475, -16.53962083915464 ], [ -68.054653889526946, -16.539620851892348 ] ] ] } },
{ "type": "Feature", "properties": { "id": 107, "instance": 134, "mean_prob": 0.996, "area_m2": 89.8 }, "geometry": { "type": "Polygon", "coordinates": [ [ [ -68.055204787902596, -16.539645040670525 ], [ -68.055204774704578, -16.539647752285362 ], [ -68.055216019685759, -16.539647803206204 ], [ -68.055218804535386, -16.539653239165986 ], [ -68.055221615780766, -16.539653251896066 ], [ -68.055221549791781, -16.539666809970239 ], [ -68.055224361037361, -16.539666822700298 ], [ -68.055224334641821, -16.539672245929964 ], [ -68.055227145887471, -16.539672258659991 ], [ -68.055227053503287, -16.53969123996383 ], [ -68.055229864749222, -16.539691252693828 ], [ -68.055229693178788, -16.539726503686595 ], [ -68.055226881932342, -16.539726490956561 ], [ -68.05522686873455, -16.53972920257139 ], [ -68.055136908848283, -16.539728795190424 ], [ -68.055136922047311, -16.539726083575669 ], [ -68.05513411080095, -16.539726070844388 ], [ -68.055134203194427, -16.539707089541128 ], [ -68.055131391948336, -16.53970707680983 ], [ -68.055131405147435, -16.539704365195078 ], [ -68.055134216393483, -16.53970437792638 ], [ -68.055134361582972, -16.539674550164033 ], [ -68.05513155033735, -16.539674537432759 ], [ -68.055131642730771, -16.539655556129411 ], [ -68.055134453976109, -16.539655568860667 ], [ -68.055134493573149, -16.539647434016366 ], [ -68.055185095987625, -16.539647663172428 ], [ -68.055185109185913, -16.539644951557616 ], [ -68.055204787902596, -16.539645040670525 ] ] ] } },
{ "type": "Feature", "properties": { "id": 108, "instance": 128, "mean_prob": 0.995, "area_m2": 63.4 }, "geometry": { "type": "Polygon", "coordinates": [ [ [ -68.055794872473513, -16.539704657116136 ], [ -68.055794859283694, -16.539707368731403 ], [ -68.055803293023587, -16.539707406898373 ], [ -68.055803081987847, -16.539750792742751 ], [ -68.055800270740576, -16.53975078002043 ], [ -68.055797433113653, -16.539756190528589 ], [ -68.055786188124301, -16.539756139638762 ], [ -68.055786174934312, -16.539758851254021 ], [ -68.055766496202779, -16.539758762195337 ], [ -68.055766483012505, -16.539761473810572 ], [ -68.055696201828482, -16.539761155728659 ], [ -68.055696215019722, -16.539758444113478 ], [ -68.055693403772437, -16.539758431389703 ], [ -68.055693588450296, -16.539720468777126 ], [ -68.055696399697027, -16.539720481500861 ], [ -68.055696412888238, -16.539717769885669 ], [ -68.055704846628359, -16.539717808056643 ], [ -68.055704859819457, -16.539715096441434 ], [ -68.055721727299527, -16.539715172782348 ], [ -68.055721740490384, -16.539712461167138 ], [ -68.055741419216972, -16.539712550229797 ], [ -68.055741432407544, -16.53970983861457 ], [ -68.05575829988733, -16.5397099149525 ], [ -68.055758313077675, -16.539707203337262 ], [ -68.055783614297169, -16.539707317841575 ], [ -68.055783627487159, -16.539704606226316 ], [ -68.055786438733747, -16.539704618948829 ], [ -68.055786425543801, -16.539707330564095 ], [ -68.055792048037048, -16.539707356009004 ], [ -68.055792061226924, -16.539704644393737 ], [ -68.055794872473513, -16.539704657116136 ] ] ] } },
{ "type": "Feature", "properties": { "id": 109, "instance": 47, "mean_prob": 0.851, "area_m2": 64.5 }, "geometry": { "type": "Polygon", "coordinates": [ [ [ -68.054563639152249, -16.539680099782 ], [ -68.054563625945235, -16.539682811396311 ], [ -68.054574870926345, -16.53968286235181 ], [ -68.054574857719501, -16.539685573966135 ], [ -68.054577668964825, -16.539685586704916 ], [ -68.05457761613755, -16.539696433162199 ], [ -68.05458042738303, -16.539696445900951 ], [ -68.054580400969442, -16.539701869129594 ], [ -68.054583212215007, -16.539701881868314 ], [ -68.054583199008263, -16.539704593482639 ], [ -68.05458038776267, -16.539704580743916 ], [ -68.054580374555869, -16.539707292358234 ], [ -68.054583185801505, -16.539707305096961 ], [ -68.054583172594761, -16.539710016711272 ], [ -68.054580361349068, -16.539710003972548 ], [ -68.054580282108233, -16.539726273658456 ], [ -68.054583093354154, -16.539726286397197 ], [ -68.054583080147381, -16.539728998011505 ], [ -68.054580268901418, -16.539728985272763 ], [ -68.054580255694603, -16.539731696887085 ], [ -68.054583066940594, -16.53973170962583 ], [ -68.054583053733822, -16.539734421240141 ], [ -68.054580242487788, -16.539734408501388 ], [ -68.054580189660484, -16.539745254958635 ], [ -68.054583000906675, -16.539745267697391 ], [ -68.054582948079485, -16.539756114154635 ], [ -68.054577325586791, -16.539756088677066 ], [ -68.054577312379919, -16.53975880029137 ], [ -68.054526709945378, -16.539758570986422 ], [ -68.054526723152961, -16.539755859372161 ], [ -68.054518289414077, -16.539755821153477 ], [ -68.05451550458325, -16.539750385185325 ], [ -68.054512693337045, -16.539750372445656 ], [ -68.054512772583664, -16.539734102760114 ], [ -68.054509961337686, -16.539734090020428 ], [ -68.054510106623368, -16.539704262263555 ], [ -68.054507295377817, -16.539704249523847 ], [ -68.054507321793452, -16.539698826295325 ], [ -68.054504510547986, -16.539698813555585 ], [ -68.054504523755838, -16.539696101941317 ], [ -68.054507335001247, -16.539696114681057 ], [ -68.054507348209057, -16.539693403066792 ], [ -68.054504536963677, -16.539693390327056 ], [ -68.05450458979503, -16.539682543869993 ], [ -68.054507401040254, -16.539682556609723 ], [ -68.05450741424805, -16.539679844995455 ], [ -68.054563639152249, -16.539680099782 ] ] ] } },
{ "type": "Feature", "properties": { "id": 110, "instance": 135, "mean_prob": 0.996, "area_m2": 82.6 }, "geometry": { "type": "Polygon", "coordinates": [ [ [ -68.055195945023371, -16.539729062538559 ], [ -68.055195931825139, -16.539731774153356 ], [ -68.055198743071642, -16.539731786883802 ], [ -68.055198439512878, -16.539794154023976 ], [ -68.055201250760277, -16.539794166754437 ], [ -68.055201171571056, -16.539810436443137 ], [ -68.055198360323402, -16.539810423712662 ], [ -68.055198347125156, -16.539813135327439 ], [ -68.05513931092446, -16.539812867978664 ], [ -68.055139324123544, -16.539810156363931 ], [ -68.055133701628378, -16.53981013090128 ], [ -68.055133714827519, -16.539807419286543 ], [ -68.055125281084912, -16.539807381092285 ], [ -68.055125267885643, -16.539810092707015 ], [ -68.055114022895353, -16.539810041780797 ], [ -68.055114062493629, -16.539801906936653 ], [ -68.055111251246203, -16.539801894205006 ], [ -68.055111330442912, -16.539785624516728 ], [ -68.055114141690126, -16.539785637248361 ], [ -68.055114286883438, -16.539755809486415 ], [ -68.055117098130225, -16.539755822217984 ], [ -68.055117111329565, -16.53975311060325 ], [ -68.055114300082806, -16.539753097871685 ], [ -68.055114326481572, -16.539747674642232 ], [ -68.055117137728232, -16.53974768737379 ], [ -68.055114352880295, -16.539742251412779 ], [ -68.055117164126884, -16.539742264144337 ], [ -68.05511717732621, -16.539739552529593 ], [ -68.055111554833118, -16.539739527066448 ], [ -68.055111568032515, -16.539736815451725 ], [ -68.055114379279033, -16.539736828183315 ], [ -68.055114405677742, -16.539731404953852 ], [ -68.055139706895687, -16.539731519536417 ], [ -68.055139720094687, -16.539728807921666 ], [ -68.055195945023371, -16.539729062538559 ] ] ] } },
{ "type": "Feature", "properties": { "id": 111, "instance": 144, "mean_prob": 0.997, "area_m2": 88.9 }, "geometry": { "type": "Polygon", "coordinates": [ [ [ -68.054684179360507, -16.539751149496137 ], [ -68.054684166155127, -16.539753861110533 ], [ -68.054689775442625, -16.539756598199606 ], [ -68.05468969621073, -16.539772867885947 ], [ -68.054692507457403, -16.539772880623246 ], [ -68.054692494252123, -16.539775592237632 ], [ -68.054689683005392, -16.539775579500333 ], [ -68.054689669800069, -16.539778291114715 ], [ -68.054692481046828, -16.539778303852021 ], [ -68.05469225655655, -16.539824401296535 ], [ -68.054686634061696, -16.539824375821812 ], [ -68.054686620856273, -16.539827087436183 ], [ -68.054675375866452, -16.53982703648628 ], [ -68.054675362660888, -16.53982974810064 ], [ -68.05467255141339, -16.539829735363057 ], [ -68.054672564618997, -16.5398270237487 ], [ -68.054669753371542, -16.539827011011095 ], [ -68.054669740165892, -16.539829722625452 ], [ -68.054664117670924, -16.539829697150115 ], [ -68.05466413087666, -16.539826985535758 ], [ -68.054661319629218, -16.539826972798036 ], [ -68.054661306423441, -16.539829684412393 ], [ -68.054630382701319, -16.539829544294914 ], [ -68.054630395907509, -16.539826832680582 ], [ -68.054619150917873, -16.539826781727644 ], [ -68.054616366083252, -16.539821345760686 ], [ -68.054613554835939, -16.539821333022321 ], [ -68.054613568042356, -16.539818621407999 ], [ -68.054607945547801, -16.539818595931166 ], [ -68.054607971960806, -16.539813172702537 ], [ -68.054602349466421, -16.539813147225566 ], [ -68.054602362672995, -16.539810435611258 ], [ -68.054596740178695, -16.539810410134134 ], [ -68.05459675338534, -16.539807698519834 ], [ -68.054591130891126, -16.53980767304256 ], [ -68.054591157304586, -16.539802249813949 ], [ -68.054588346057557, -16.539802237075261 ], [ -68.054588398884604, -16.539791390618049 ], [ -68.054585587637732, -16.539791377879336 ], [ -68.054585759325846, -16.539756126893355 ], [ -68.054588570572207, -16.539756139632047 ], [ -68.054588583778923, -16.539753428017736 ], [ -68.054608262503194, -16.539753517187474 ], [ -68.05460827570964, -16.539750805573142 ], [ -68.054684179360507, -16.539751149496137 ] ] ] } },
{ "type": "Feature", "properties": { "id": 112, "instance": 51, "mean_prob": 0.893, "area_m2": 57.7 }, "geometry": { "type": "Polygon", "coordinates": [ [ [ -68.055561130027954, -16.539787661095758 ], [ -68.055561116834781, -16.539790372710822 ], [ -68.055566739330075, -16.53979039816193 ], [ -68.055566646978392, -16.53980937946741 ], [ -68.055569458226316, -16.539809392192925 ], [ -68.055569365874803, -16.539828373498395 ], [ -68.055572177123011, -16.539828386223885 ], [ -68.055572097964685, -16.539844655914269 ], [ -68.055566475467813, -16.539844630463225 ], [ -68.055566462274683, -16.539847342078282 ], [ -68.055558028529262, -16.539847303901432 ], [ -68.055558015336004, -16.539850015516475 ], [ -68.055549581590512, -16.539849977339273 ], [ -68.055549568397126, -16.539852688954323 ], [ -68.055541134651534, -16.539852650776769 ], [ -68.055541121458035, -16.539855362391805 ], [ -68.055535498960893, -16.539855336939908 ], [ -68.055535485767322, -16.53985804855493 ], [ -68.055527052021517, -16.539858010376797 ], [ -68.055527038827819, -16.539860721991822 ], [ -68.055518605081929, -16.539860683813341 ], [ -68.055518591888116, -16.539863395428355 ], [ -68.05551296939079, -16.539863369975841 ], [ -68.055512956196878, -16.539866081590862 ], [ -68.055498899953406, -16.5398660179589 ], [ -68.055498926341599, -16.539860594728896 ], [ -68.055496115092993, -16.539860582002394 ], [ -68.055496128287118, -16.539857870387394 ], [ -68.055498939535681, -16.539857883113889 ], [ -68.05550180356046, -16.539847049380334 ], [ -68.055504614808882, -16.539847062106752 ], [ -68.05550750522103, -16.539830805143048 ], [ -68.055490677314509, -16.539822593939288 ], [ -68.055487918843312, -16.539811734752703 ], [ -68.055485107595416, -16.539811722026091 ], [ -68.055485120789669, -16.53980901041108 ], [ -68.055487932037508, -16.539809023137689 ], [ -68.055490769673696, -16.539803612634248 ], [ -68.055485160372385, -16.539800875566076 ], [ -68.055485186760862, -16.539795452336055 ], [ -68.055490796062017, -16.53979818940423 ], [ -68.05549080925617, -16.539795477789216 ], [ -68.055496431751493, -16.539795503242228 ], [ -68.055496444945575, -16.539792791627207 ], [ -68.055510501183718, -16.539792855259059 ], [ -68.055510514377602, -16.539790143644034 ], [ -68.055561130027954, -16.539787661095758 ] ] ] } },
{ "type": "Feature", "properties": { "id": 113, "instance": 25, "mean_prob": 0.742, "area_m2": 40.9 }, "geometry": { "type": "Polygon", "coordinates": [ [ [ -68.055139324123544, -16.539810156363931 ], [ -68.05513931092446, -16.539812867978664 ], [ -68.055161800905552, -16.539812969827782 ], [ -68.05516178770678, -16.539815681442526 ], [ -68.055167397003473, -16.539818418519182 ], [ -68.055167344208698, -16.539829264978188 ], [ -68.05517015545658, -16.539829277709092 ], [ -68.055170115860591, -16.539837412553346 ], [ -68.0551729271086, -16.539837425284222 ], [ -68.055175711959421, -16.539842861244555 ], [ -68.055178523207516, -16.539842873975363 ], [ -68.055178417619004, -16.539864566893375 ], [ -68.055108136409601, -16.539864248611462 ], [ -68.0551082948041, -16.539831709235088 ], [ -68.055105483556233, -16.539831696503345 ], [ -68.055105575953135, -16.539812715200441 ], [ -68.055108387200718, -16.539812727932162 ], [ -68.055108400400243, -16.539810016317457 ], [ -68.055139324123544, -16.539810156363931 ] ] ] } },
{ "type": "Feature", "properties": { "id": 114, "instance": 76, "mean_prob": 0.96, "area_m2": 61.3 }, "geometry": { "type": "Polygon", "coordinates": [ [ [ -68.055465481638308, -16.539800786478782 ], [ -68.055465468443799, -16.539803498093768 ], [ -68.055468279691553, -16.539803510820644 ], [ -68.055468253302607, -16.539808934050619 ], [ -68.055471064550431, -16.539808946777455 ], [ -68.055471038161556, -16.539814370007445 ], [ -68.055473849409466, -16.539814382734249 ], [ -68.05547379663183, -16.539825229194218 ], [ -68.055476607879896, -16.539825241920994 ], [ -68.055476528713612, -16.539841511610934 ], [ -68.05547933996192, -16.539841524337682 ], [ -68.055479300378849, -16.539849659182643 ], [ -68.055482111627299, -16.539849671909362 ], [ -68.055484870098581, -16.539860531096011 ], [ -68.055487681347188, -16.539860543822662 ], [ -68.055487602181628, -16.539876813512596 ], [ -68.055481979683947, -16.539876788059228 ], [ -68.055481966489609, -16.539879499674218 ], [ -68.055473532743008, -16.539879461493872 ], [ -68.055473519548542, -16.539882173108847 ], [ -68.055470708299652, -16.539882160381989 ], [ -68.055467870661658, -16.539887570885025 ], [ -68.05546223496907, -16.539890257046071 ], [ -68.055462221774434, -16.539892968661047 ], [ -68.055448165529228, -16.539892905025567 ], [ -68.055448152334407, -16.539895616640514 ], [ -68.055425662341861, -16.539895514821762 ], [ -68.055425675537023, -16.539892803206833 ], [ -68.055422864288005, -16.539892790479321 ], [ -68.055423022630038, -16.539860251100073 ], [ -68.055420211381488, -16.539860238372551 ], [ -68.055420488480024, -16.539803294458679 ], [ -68.055423299727735, -16.539803307186158 ], [ -68.055423312922841, -16.539800595571201 ], [ -68.055465481638308, -16.539800786478782 ] ] ] } },
{ "type": "Feature", "properties": { "id": 115, "instance": 97, "mean_prob": 0.981, "area_m2": 146.2 }, "geometry": { "type": "Polygon", "coordinates": [ [ [ -68.054849699619595, -16.539822402912776 ], [ -68.05484968641646, -16.539825114527272 ], [ -68.054852497664029, -16.539825127262453 ], [ -68.054852431648527, -16.539838685334956 ], [ -68.054855242896295, -16.539838698070117 ], [ -68.054854860006301, -16.539917334890344 ], [ -68.054852048757397, -16.539917322155127 ], [ -68.054852035554219, -16.539920033769601 ], [ -68.054837979309525, -16.539919970092917 ], [ -68.054837966106149, -16.539922681707385 ], [ -68.054770496131553, -16.539922376046071 ], [ -68.054770509335881, -16.539919664431658 ], [ -68.054759264340404, -16.539919613485988 ], [ -68.054756479500568, -16.539914177520672 ], [ -68.054748045754238, -16.539914139310923 ], [ -68.054745287324124, -16.539903280116686 ], [ -68.054739664826897, -16.539903254643274 ], [ -68.054739678031623, -16.539900543028871 ], [ -68.05473686678306, -16.539900530292115 ], [ -68.054736893192597, -16.53989510706333 ], [ -68.054734081944105, -16.539895094326535 ], [ -68.054734095148916, -16.539892382712143 ], [ -68.054728485856913, -16.539889645624068 ], [ -68.054728538676414, -16.539878799166505 ], [ -68.054725727428163, -16.539878786429611 ], [ -68.054725846272248, -16.539854381900081 ], [ -68.054723035024367, -16.539854369163169 ], [ -68.054723074639128, -16.539846234319985 ], [ -68.05472026339136, -16.539846221583041 ], [ -68.054720289801281, -16.539840798354252 ], [ -68.054717478553584, -16.53984078561728 ], [ -68.054717557783505, -16.539824515930913 ], [ -68.05472036903096, -16.539824528667872 ], [ -68.054720382235899, -16.539821817053483 ], [ -68.054849699619595, -16.539822402912776 ] ] ] } },
{ "type": "Feature", "properties": { "id": 116, "instance": 96, "mean_prob": 0.98, "area_m2": 43.9 }, "geometry": { "type": "MultiPolygon", "coordinates": [ [ [ [ -68.055566066479358, -16.539928690529674 ], [ -68.055568851342656, -16.539934126485367 ], [ -68.055585718841101, -16.539934202838246 ], [ -68.05558293397732, -16.539928766882763 ], [ -68.055566066479358, -16.539928690529674 ] ] ], [ [ [ -68.055591750318243, -16.539850168221889 ], [ -68.055591737125454, -16.539852879836968 ], [ -68.055583303379748, -16.539852841661123 ], [ -68.055583290186831, -16.539855553276187 ], [ -68.055577667689633, -16.539855527825431 ], [ -68.055577654496631, -16.539858239440488 ], [ -68.055566409502106, -16.539858188538503 ], [ -68.055566396308947, -16.539860900153563 ], [ -68.055560760618391, -16.539863586317384 ], [ -68.055560681458928, -16.539879856007669 ], [ -68.055557870209995, -16.539879843281984 ], [ -68.055557843823408, -16.539885266512066 ], [ -68.055552208132028, -16.53988795267561 ], [ -68.05555218174527, -16.539893375905681 ], [ -68.055546546053549, -16.539896062069054 ], [ -68.055546493279707, -16.539906908529169 ], [ -68.055549304529023, -16.539906921255021 ], [ -68.055549264948709, -16.539915056100099 ], [ -68.055552076198168, -16.539915068825927 ], [ -68.055552063004768, -16.539917780440948 ], [ -68.055563308002704, -16.539917831343885 ], [ -68.05556329480946, -16.539920542958928 ], [ -68.05556610605899, -16.539920555684564 ], [ -68.055568890922189, -16.539925991640246 ], [ -68.055571702171804, -16.539926004365814 ], [ -68.055574539807608, -16.539920593861261 ], [ -68.055577351057138, -16.539920606586751 ], [ -68.055580188692716, -16.539915196082099 ], [ -68.055588622441121, -16.53991523425821 ], [ -68.05558863563401, -16.539912522643156 ], [ -68.055594258132871, -16.539912548093707 ], [ -68.055594271325688, -16.539909836478646 ], [ -68.055599893824493, -16.53990986192904 ], [ -68.055599907017225, -16.539907150313969 ], [ -68.055608340765318, -16.53990718848927 ], [ -68.055608353957922, -16.539904476874188 ], [ -68.055611165207267, -16.539904489599209 ], [ -68.055611178399815, -16.539901777984134 ], [ -68.05561680089842, -16.539901803434059 ], [ -68.055616827283387, -16.539896380203899 ], [ -68.055619638532605, -16.539896392928796 ], [ -68.05561969130234, -16.539885546468451 ], [ -68.055616880053279, -16.539885533743561 ], [ -68.055616906438203, -16.539880110513383 ], [ -68.055614095189213, -16.539880097788458 ], [ -68.055614134766714, -16.539871962943192 ], [ -68.055611323517851, -16.539871950218235 ], [ -68.055611336710385, -16.539869238603149 ], [ -68.055614147959218, -16.539869251328106 ], [ -68.055614174344186, -16.539863828097921 ], [ -68.055611363095451, -16.539863815372971 ], [ -68.05561137628797, -16.53986110375789 ], [ -68.055614187536676, -16.539861116482832 ], [ -68.055614213921643, -16.539855693252651 ], [ -68.05560860461695, -16.539852956187641 ], [ -68.055608617809497, -16.539850244572548 ], [ -68.055591750318243, -16.539850168221889 ] ] ] ] } },
{ "type": "Feature", "properties": { "id": 117, "instance": 130, "mean_prob": 0.995, "area_m2": 119.8 }, "geometry": { "type": "Polygon", "coordinates": [ [ [ -68.055288082702816, -16.539859640136235 ], [ -68.055288069505778, -16.539862351751065 ], [ -68.055302125748128, -16.539862415397213 ], [ -68.055302112551288, -16.539865127012067 ], [ -68.055307721851534, -16.539867864085117 ], [ -68.055307629474086, -16.539886845389031 ], [ -68.055304818225238, -16.539886832659935 ], [ -68.055304620272551, -16.539927506882474 ], [ -68.055301809023121, -16.539927494153307 ], [ -68.055301677053961, -16.539954610301557 ], [ -68.055296041357323, -16.539957296457878 ], [ -68.055296028160313, -16.539960008072704 ], [ -68.055265104411745, -16.539959868048218 ], [ -68.055265091214295, -16.539962579663005 ], [ -68.055253846214725, -16.539962528743867 ], [ -68.055253833017133, -16.539965240358647 ], [ -68.055208853018627, -16.539965036676001 ], [ -68.055206094561825, -16.539954177486532 ], [ -68.055208905811554, -16.539954190217014 ], [ -68.055208998199063, -16.539935208913757 ], [ -68.055211809448522, -16.539935221644182 ], [ -68.055211849043019, -16.539927086799906 ], [ -68.05521466029235, -16.539927099530285 ], [ -68.055214686688586, -16.539921676300771 ], [ -68.055206252940806, -16.539921638109529 ], [ -68.055206266139038, -16.539918926494774 ], [ -68.055203454889835, -16.539918913764286 ], [ -68.055203481286355, -16.539913490534772 ], [ -68.055200670037237, -16.539913477804252 ], [ -68.055200907606334, -16.539864668738591 ], [ -68.055203718854756, -16.539864681469069 ], [ -68.055203732052973, -16.539861969854297 ], [ -68.055217788294954, -16.539862033506125 ], [ -68.055217801492972, -16.539859321891345 ], [ -68.055268403963893, -16.539859551030052 ], [ -68.055268390766599, -16.539862262644867 ], [ -68.055271202015035, -16.539862275374439 ], [ -68.055271215212315, -16.53985956375962 ], [ -68.055288082702816, -16.539859640136235 ] ] ] } },
{ "type": "Feature", "properties": { "id": 118, "instance": 150, "mean_prob": 0.998, "area_m2": 88.2 }, "geometry": { "type": "Polygon", "coordinates": [ [ [ -68.055181215668867, -16.539867291238913 ], [ -68.055181202470322, -16.539870002853657 ], [ -68.055184013718815, -16.539870015584405 ], [ -68.05518397412331, -16.53987815042866 ], [ -68.055186785371916, -16.539878163159379 ], [ -68.055186772173442, -16.539880874774127 ], [ -68.055183960924793, -16.539880862043411 ], [ -68.055183828939562, -16.53990797819085 ], [ -68.055186640188595, -16.539907990921598 ], [ -68.055186363019615, -16.539964934831044 ], [ -68.055183551769758, -16.539964922100253 ], [ -68.055183538571157, -16.53996763371498 ], [ -68.055116068574208, -16.5399673281646 ], [ -68.055116081773733, -16.539964616549927 ], [ -68.055110459274118, -16.539964591086417 ], [ -68.055110921258915, -16.539869684572579 ], [ -68.055113732507337, -16.539869697304276 ], [ -68.055113745706819, -16.539866985689574 ], [ -68.055181215668867, -16.539867291238913 ] ] ] } },
{ "type": "Feature", "properties": { "id": 119, "instance": 142, "mean_prob": 0.997, "area_m2": 41.0 }, "geometry": { "type": "Polygon", "coordinates": [ [ [ -68.055332574409022, -16.539960173550273 ], [ -68.05533535926601, -16.539965609508737 ], [ -68.055338170516009, -16.539965622237485 ], [ -68.05533799896223, -16.54000087323044 ], [ -68.055250850197595, -16.540000478620836 ], [ -68.055251021767205, -16.53996522762877 ], [ -68.055253833017133, -16.539965240358647 ], [ -68.055253846214725, -16.539962528743867 ], [ -68.055265091214295, -16.539962579663005 ], [ -68.055265104411745, -16.539959868048218 ], [ -68.055332574409022, -16.539960173550273 ] ] ] } },
{ "type": "Feature", "properties": { "id": 120, "instance": 90, "mean_prob": 0.974, "area_m2": 112.6 }, "geometry": { "type": "Polygon", "coordinates": [ [ [ -68.055490321070806, -16.539895807544138 ], [ -68.055490268293809, -16.539906654004078 ], [ -68.055495890792358, -16.539906679457264 ], [ -68.055495877598176, -16.539909391072253 ], [ -68.055498688847493, -16.539909403798791 ], [ -68.055498675653354, -16.539912115413781 ], [ -68.055495864404008, -16.539912102687236 ], [ -68.055495838015631, -16.539917525917197 ], [ -68.055498649265061, -16.539917538643746 ], [ -68.055498636070908, -16.539920250258739 ], [ -68.055504258569869, -16.539920275711722 ], [ -68.055504245375801, -16.539922987326712 ], [ -68.055507056625316, -16.53992300005315 ], [ -68.055509788710822, -16.539939282469494 ], [ -68.055512599960593, -16.539939295195868 ], [ -68.055512586766625, -16.539942006810854 ], [ -68.055518196072313, -16.539944743878493 ], [ -68.05551818287843, -16.539947455493497 ], [ -68.055523792184374, -16.539950192560987 ], [ -68.055526577046734, -16.539955628517177 ], [ -68.055529388296748, -16.539955641243335 ], [ -68.055529361909251, -16.539961064473342 ], [ -68.055534971215749, -16.539963801540559 ], [ -68.055534944828395, -16.539969224770559 ], [ -68.055540554135206, -16.539971961837644 ], [ -68.055540488167139, -16.539985519912655 ], [ -68.055537676916686, -16.539985507186621 ], [ -68.055537650529374, -16.539990930416621 ], [ -68.055534839278849, -16.539990917690549 ], [ -68.055532001640813, -16.539996328194416 ], [ -68.055526379139621, -16.539996302742061 ], [ -68.055523541501287, -16.540001713245797 ], [ -68.055517905805999, -16.54000439940819 ], [ -68.055517892612045, -16.540007111023165 ], [ -68.055509458859831, -16.540007072843988 ], [ -68.055509445665749, -16.54000978445896 ], [ -68.055503809970034, -16.540012470620944 ], [ -68.055503796775881, -16.540015182235912 ], [ -68.055500985525029, -16.54001516950936 ], [ -68.055500945942441, -16.540023304354239 ], [ -68.055495310246215, -16.540025990515968 ], [ -68.055492472606559, -16.540031401019199 ], [ -68.055486850104415, -16.540031375565729 ], [ -68.055484012464447, -16.540036786068821 ], [ -68.055478389962147, -16.540036760615116 ], [ -68.055475552321866, -16.540042171118085 ], [ -68.055453062312182, -16.540042069301418 ], [ -68.055453075507074, -16.540039357686485 ], [ -68.05545026425591, -16.540039344959236 ], [ -68.055450290645751, -16.540033921729407 ], [ -68.055447479394672, -16.540033909002123 ], [ -68.055447518979548, -16.540025774157368 ], [ -68.055444707728583, -16.540025761430048 ], [ -68.055450383010125, -16.540014940424971 ], [ -68.055447571759331, -16.540014927697701 ], [ -68.055444839678373, -16.539998645280864 ], [ -68.055442028427805, -16.539998632553534 ], [ -68.05544214718276, -16.539974228019229 ], [ -68.055444958432972, -16.539974240746542 ], [ -68.05544505079753, -16.539955259442017 ], [ -68.055447862047473, -16.539955272169276 ], [ -68.055447888437229, -16.539949848939408 ], [ -68.0554506996871, -16.539949861666624 ], [ -68.055450726076785, -16.539944438436741 ], [ -68.055453537326557, -16.539944451163919 ], [ -68.055453563716156, -16.539939027934032 ], [ -68.055447954411619, -16.539936290864713 ], [ -68.055447980801347, -16.539930867634819 ], [ -68.055450792050934, -16.539930880362022 ], [ -68.055450831635412, -16.539922745517195 ], [ -68.055448020385938, -16.539922732789996 ], [ -68.055448033580802, -16.539920021175053 ], [ -68.055453669274442, -16.539917335014447 ], [ -68.055453682469206, -16.539914623399493 ], [ -68.055448073165351, -16.539911886330213 ], [ -68.055448086360201, -16.53990917471527 ], [ -68.055453722053514, -16.539906488554642 ], [ -68.055453748443043, -16.539901065324734 ], [ -68.055445314695575, -16.539901027143202 ], [ -68.055445341085331, -16.539895603913305 ], [ -68.055473453576184, -16.539895731183716 ], [ -68.055473440381689, -16.53989844279868 ], [ -68.055476251630836, -16.53989845552552 ], [ -68.055476264825273, -16.539895743910545 ], [ -68.055490321070806, -16.539895807544138 ] ], [ [ -68.055476238436384, -16.539901167140492 ], [ -68.055473427187209, -16.539901154413656 ], [ -68.055473413992729, -16.53990386602862 ], [ -68.055476225241947, -16.53990387875546 ], [ -68.055476238436384, -16.539901167140492 ] ] ] } },
{ "type": "Feature", "properties": { "id": 121, "instance": 143, "mean_prob": 0.997, "area_m2": 44.9 }, "geometry": { "type": "Polygon", "coordinates": [ [ [ -68.054997943278181, -16.53997763985727 ], [ -68.054997824467364, -16.540002044388437 ], [ -68.054986566265015, -16.54000470506934 ], [ -68.054986526660869, -16.540012839913018 ], [ -68.05498933791128, -16.540012852646502 ], [ -68.054989219099113, -16.540037257177516 ], [ -68.054992030349851, -16.540037269910979 ], [ -68.054991977544546, -16.540048116369203 ], [ -68.054989166293637, -16.540048103635733 ], [ -68.054989139890878, -16.540053526864838 ], [ -68.054946971126327, -16.540053335858161 ], [ -68.054946984328296, -16.54005062424363 ], [ -68.054944173077374, -16.54005061150955 ], [ -68.054944199481383, -16.540045188280526 ], [ -68.054941388230546, -16.540045175546414 ], [ -68.054941401432586, -16.540042463931893 ], [ -68.054944212683381, -16.540042476666002 ], [ -68.054944225885365, -16.540039765051489 ], [ -68.054941414634627, -16.540039752317377 ], [ -68.054941705078761, -16.539980096797848 ], [ -68.054944516328646, -16.539980109531903 ], [ -68.054944529530587, -16.539977397917369 ], [ -68.054997943278181, -16.53997763985727 ] ] ] } },
{ "type": "Feature", "properties": { "id": 122, "instance": 48, "mean_prob": 0.853, "area_m2": 60.0 }, "geometry": { "type": "Polygon", "coordinates": [ [ [ -68.055208655044822, -16.540005710897109 ], [ -68.055208641846562, -16.540008422511846 ], [ -68.055222698099158, -16.540008486163888 ], [ -68.055222684901082, -16.540011197778632 ], [ -68.055242363655097, -16.540011286889918 ], [ -68.055242350457306, -16.540013998504691 ], [ -68.055253582262154, -16.540016761039361 ], [ -68.055253569064504, -16.540019472654134 ], [ -68.055256380315214, -16.540019485384018 ], [ -68.055256327524731, -16.540030331843088 ], [ -68.055259138775597, -16.540030344572948 ], [ -68.055259046392422, -16.540049325876307 ], [ -68.055261857643572, -16.540049338606138 ], [ -68.055261831248444, -16.540054761835673 ], [ -68.055259019997209, -16.540054749105831 ], [ -68.055258993601996, -16.540060172335355 ], [ -68.055253357901691, -16.540062858490305 ], [ -68.055253344703985, -16.540065570105057 ], [ -68.05524772220123, -16.540065544645092 ], [ -68.055247709003467, -16.540068256259847 ], [ -68.055242086500655, -16.540068230799729 ], [ -68.055242073302779, -16.540070942414477 ], [ -68.055230828297013, -16.540070891493773 ], [ -68.055230815098994, -16.540073603108503 ], [ -68.055225192596055, -16.54007357764792 ], [ -68.055225179397951, -16.54007628926265 ], [ -68.055222368146431, -16.540076276532297 ], [ -68.055222341750152, -16.54008169976176 ], [ -68.055213907995409, -16.540081661570465 ], [ -68.055213894797149, -16.540084373185188 ], [ -68.055194216035872, -16.540084284070829 ], [ -68.055194229234417, -16.540081572456131 ], [ -68.055188606731292, -16.540081546994553 ], [ -68.055188633128509, -16.540076123765139 ], [ -68.055185821877046, -16.540076111034299 ], [ -68.055185901068896, -16.540059841346096 ], [ -68.05518308981766, -16.540059828615231 ], [ -68.055183169009666, -16.54004355892701 ], [ -68.055180357758672, -16.540043546196113 ], [ -68.055180450149493, -16.540024564893177 ], [ -68.055177638898769, -16.540024552162258 ], [ -68.055177718091045, -16.540008282474016 ], [ -68.055180529341541, -16.540008295204913 ], [ -68.055180542540199, -16.540005583590201 ], [ -68.055208655044822, -16.540005710897109 ] ] ] } },
{ "type": "Feature", "properties": { "id": 123, "instance": 77, "mean_prob": 0.961, "area_m2": 63.0 }, "geometry": { "type": "Polygon", "coordinates": [ [ [ -68.055335029353529, -16.540033399879636 ], [ -68.055335016157002, -16.540036111494462 ], [ -68.055340625462591, -16.540038848566859 ], [ -68.055340546283816, -16.540055118255836 ], [ -68.055343357535108, -16.54005513098458 ], [ -68.055343317945798, -16.540063265829055 ], [ -68.055348927252282, -16.540066002901266 ], [ -68.055348914055926, -16.540068714516096 ], [ -68.055351725307418, -16.540068727244744 ], [ -68.055351698914777, -16.5400741504744 ], [ -68.055354510166353, -16.540074163203005 ], [ -68.055354404595931, -16.540095856121638 ], [ -68.055351593344028, -16.540095843393019 ], [ -68.055351461380397, -16.540122959541225 ], [ -68.05534865012811, -16.540122946812534 ], [ -68.055345812482912, -16.540128357313439 ], [ -68.055320511211747, -16.540128242753191 ], [ -68.055320524408558, -16.540125531138408 ], [ -68.055309279399381, -16.540125480221771 ], [ -68.0553092662024, -16.540128191836548 ], [ -68.05529520994078, -16.540128128189888 ], [ -68.055295289123734, -16.540111858501248 ], [ -68.055292477871646, -16.540111845771822 ], [ -68.055292636237766, -16.540079306394482 ], [ -68.055289824986161, -16.540079293665041 ], [ -68.055290049338197, -16.540033196213681 ], [ -68.055335029353529, -16.540033399879636 ] ] ] } },
{ "type": "Feature", "properties": { "id": 124, "instance": 118, "mean_prob": 0.993, "area_m2": 48.2 }, "geometry": { "type": "Polygon", "coordinates": [ [ [ -68.055244792169418, -16.54008993644776 ], [ -68.055244778971584, -16.540092648062505 ], [ -68.055256023978657, -16.540092698982516 ], [ -68.055255957990212, -16.540106257056252 ], [ -68.055253146738252, -16.540106244326296 ], [ -68.055253067551789, -16.540122514014751 ], [ -68.05525587880399, -16.540122526744724 ], [ -68.055255865606284, -16.540125238359462 ], [ -68.05525305435404, -16.540125225629492 ], [ -68.055253041156291, -16.540127937244225 ], [ -68.055233362390368, -16.540127848133338 ], [ -68.055233349192349, -16.540130559748064 ], [ -68.055146200372135, -16.540130165091746 ], [ -68.055146213571376, -16.540127453477094 ], [ -68.055143402319203, -16.540127440745643 ], [ -68.055143455116323, -16.540116594287028 ], [ -68.055140643864291, -16.540116581555544 ], [ -68.055140683462227, -16.540108446711589 ], [ -68.05514349471413, -16.540108459443061 ], [ -68.05514635876294, -16.540097625715852 ], [ -68.055154792518223, -16.540097663909911 ], [ -68.055154805717322, -16.540094952295245 ], [ -68.055188540738186, -16.54009510506804 ], [ -68.055188553936816, -16.540092393453339 ], [ -68.055213855202325, -16.540092508029336 ], [ -68.0552138684006, -16.54008979641462 ], [ -68.055244792169418, -16.54008993644776 ] ] ] } },
{ "type": "Feature", "properties": { "id": 125, "instance": 18, "mean_prob": 0.683, "area_m2": 34.2 }, "geometry": { "type": "Polygon", "coordinates": [ [ [ -68.055623941782684, -16.540167579883963 ], [ -68.055623902204857, -16.54017571472901 ], [ -68.055626713458125, -16.540175727454024 ], [ -68.055626660687807, -16.540186573914095 ], [ -68.055629471941245, -16.540186586639088 ], [ -68.055629405978479, -16.540200144714166 ], [ -68.055632217232116, -16.540200157439124 ], [ -68.05563207211425, -16.54022998520427 ], [ -68.055629260860186, -16.540229972479288 ], [ -68.05562923447502, -16.540235395709303 ], [ -68.055623598774062, -16.540238081874215 ], [ -68.055623585581387, -16.540240793489215 ], [ -68.055615151818742, -16.540240755313782 ], [ -68.055615138625953, -16.540243466928771 ], [ -68.055609529310331, -16.540240729863307 ], [ -68.055609516117457, -16.540243441478292 ], [ -68.055606704863209, -16.540243428753001 ], [ -68.055606718056126, -16.540240717138012 ], [ -68.055598284293538, -16.540240678961901 ], [ -68.055598310679585, -16.540235255731943 ], [ -68.055587092049478, -16.540229781600001 ], [ -68.055587158015328, -16.540216223525118 ], [ -68.055584346761492, -16.540216210799542 ], [ -68.055584373147894, -16.540210787569588 ], [ -68.055581561894158, -16.540210774843981 ], [ -68.055581588280617, -16.540205351614034 ], [ -68.055575978966587, -16.540202614547724 ], [ -68.055576005353188, -16.540197191317787 ], [ -68.055578816606754, -16.540197204043459 ], [ -68.055581654246737, -16.540191793539144 ], [ -68.055584465500218, -16.54019180626474 ], [ -68.055587303139959, -16.540186395760323 ], [ -68.055592925646764, -16.540186421211313 ], [ -68.055592938839823, -16.540183709596331 ], [ -68.05559575009319, -16.540183722321771 ], [ -68.055595763286206, -16.540181010706775 ], [ -68.0556013989858, -16.540178324542538 ], [ -68.055604236624873, -16.540172914037846 ], [ -68.055609859131323, -16.540172939488368 ], [ -68.055609885516944, -16.540167516258354 ], [ -68.055623941782684, -16.540167579883963 ] ] ] } }
]
}
