{
"type": "FeatureCollection",
"name": "buildings",
"crs": { "type": "name", "properties": { "name": "urn:ogc:def:crs:EPSG::32719" } },
"features": [
{ "type": "Feature", "properties": { "id": 1, "instance": 51, "mean_prob": 0.895, "area_m2": 27.0 }, "geometry": { "type": "MultiPolygon", "coordinates": [ [ [ [ 600808.40554000006523, 8171336.74773000087589 ], [ 600809.005540000041947, 8171336.74773000087589 ], [ 600809.005540000041947, 8171336.147730000317097 ], [ 600808.40554000006523, 8171336.147730000317097 ], [ 600808.40554000006523, 8171336.74773000087589 ] ] ], [ [ [ 600808.40554000006523, 8171339.74773000087589 ], [ 600809.005540000041947, 8171339.74773000087589 ], [ 600809.005540000041947, 8171337.947730001062155 ], [ 600808.40554000006523, 8171337.947730001062155 ], [ 600808.40554000006523, 8171339.74773000087589 ] ] ], [ [ [ 600809.605540000135079, 8171342.147730000317097 ], [ 600809.605540000135079, 8171341.547730000689626 ], [ 600809.005540000041947, 8171341.547730000689626 ], [ 600809.005540000041947, 8171342.147730000317097 ], [ 600809.605540000135079, 8171342.147730000317097 ] ] ], [ [ [ 600810.205540000111796, 8171342.147730000317097 ], [ 600809.605540000135079, 8171342.147730000317097 ], [ 600809.605540000135079, 8171342.74773000087589 ], [ 600810.205540000111796, 8171342.74773000087589 ], [ 600810.205540000111796, 8171342.147730000317097 ] ] ], [ [ [ 600810.205540000111796, 8171343.347730000503361 ], [ 600810.805540000088513, 8171343.347730000503361 ], [ 600810.805540000088513, 8171342.74773000087589 ], [ 600810.205540000111796, 8171342.74773000087589 ], [ 600810.205540000111796, 8171343.347730000503361 ] ] ], [ [ [ 600810.805540000088513, 8171345.74773000087589 ], [ 600811.40554000006523, 8171345.74773000087589 ], [ 600811.40554000006523, 8171343.947730001062155 ], [ 600810.805540000088513, 8171343.947730001062155 ], [ 600810.805540000088513, 8171345.74773000087589 ] ] ], [ [ [ 600812.005540000041947, 8171346.347730000503361 ], [ 600811.40554000006523, 8171346.347730000503361 ], [ 600811.40554000006523, 8171348.74773000087589 ], [ 600812.005540000041947, 8171348.74773000087589 ], [ 600812.005540000041947, 8171349.947730001062155 ], [ 600812.605540000135079, 8171349.947730001062155 ], [ 600812.005540000041947, 8171346.347730000503361 ] ] ], [ [ [ 600812.605540000135079, 8171351.74773000087589 ], [ 600813.205540000111796, 8171351.74773000087589 ], [ 600813.205540000111796, 8171349.947730001062155 ], [ 600812.605540000135079, 8171349.947730001062155 ], [ 600812.605540000135079, 8171351.74773000087589 ] ] ], [ [ [ 600813.805540000088513, 8171352.347730000503361 ], [ 600813.205540000111796, 8171352.347730000503361 ], [ 600813.205540000111796, 8171354.147730000317097 ], [ 600813.805540000088513, 8171354.147730000317097 ], [ 600813.805540000088513, 8171352.347730000503361 ] ] ], [ [ [ 600813.805540000088513, 8171355.947730001062155 ], [ 600814.40554000006523, 8171355.947730001062155 ], [ 600814.40554000006523, 8171354.147730000317097 ], [ 600813.805540000088513, 8171354.147730000317097 ], [ 600813.805540000088513, 8171355.947730001062155 ] ] ], [ [ [ 600822.805540000088513, 8171337.947730001062155 ], [ 600823.40554000006523, 8171337.947730001062155 ], [ 600823.40554000006523, 8171336.74773000087589 ], [ 600822.805540000088513, 8171336.74773000087589 ], [ 600822.805540000088513, 8171337.947730001062155 ] ] ], [ [ [ 600823.40554000006523, 8171346.947730001062155 ], [ 600824.005540000041947, 8171346.947730001062155 ], [ 600824.005540000041947, 8171345.147730000317097 ], [ 600823.40554000006523, 8171345.147730000317097 ], [ 600823.40554000006523, 8171346.947730001062155 ] ] ], [ [ [ 600825.205540000111796, 8171355.347730000503361 ], [ 600824.605540000135079, 8171355.347730000503361 ], [ 600824.605540000135079, 8171352.947730001062155 ], [ 600824.005540000041947, 8171352.947730001062155 ], [ 600824.005540000041947, 8171347.547730000689626 ], [ 600823.40554000006523, 8171347.547730000689626 ], [ 600823.40554000006523, 8171354.74773000087589 ], [ 600824.005540000041947, 8171354.74773000087589 ], [ 600824.005540000041947, 8171357.147730000317097 ], [ 600824.605540000135079, 8171357.147730000317097 ], [ 600825.205540000111796, 8171361.947730001062155 ], [ 600825.805540000088513, 8171361.947730001062155 ], [ 600825.805540000088513, 8171357.74773000087589 ], [ 600825.205540000111796, 8171357.74773000087589 ], [ 600825.205540000111796, 8171355.347730000503361 ] ] ], [ [ [ 600815.005540000041947, 8171356.547730000689626 ], [ 600814.40554000006523, 8171356.547730000689626 ], [ 600814.40554000006523, 8171357.74773000087589 ], [ 600815.005540000041947, 8171357.74773000087589 ], [ 600815.005540000041947, 8171356.547730000689626 ] ] ], [ [ [ 600815.005540000041947, 8171359.547730000689626 ], [ 600815.605540000135079, 8171359.547730000689626 ], [ 600815.605540000135079, 8171357.74773000087589 ], [ 600815.005540000041947, 8171357.74773000087589 ], [ 600815.005540000041947, 8171359.547730000689626 ] ] ], [ [ [ 600815.605540000135079, 8171360.147730000317097 ], [ 600816.205540000111796, 8171360.147730000317097 ], [ 600816.205540000111796, 8171359.547730000689626 ], [ 600815.605540000135079, 8171359.547730000689626 ], [ 600815.605540000135079, 8171360.147730000317097 ] ] ], [ [ [ 600816.205540000111796, 8171361.347730000503361 ], [ 600816.805540000088513, 8171361.347730000503361 ], [ 600816.805540000088513, 8171360.74773000087589 ], [ 600816.205540000111796, 8171360.74773000087589 ], [ 600816.205540000111796, 8171361.347730000503361 ] ] ], [ [ [ 600817.40554000006523, 8171362.547730000689626 ], [ 600818.005540000041947, 8171362.547730000689626 ], [ 600818.005540000041947, 8171361.947730001062155 ], [ 600817.40554000006523, 8171361.947730001062155 ], [ 600817.40554000006523, 8171362.547730000689626 ] ] ], [ [ [ 600820.40554000006523, 8171363.147730000317097 ], [ 600820.40554000006523, 8171362.547730000689626 ], [ 600819.805540000088513, 8171362.547730000689626 ], [ 600819.805540000088513, 8171363.147730000317097 ], [ 600820.40554000006523, 8171363.147730000317097 ] ] ], [ [ [ 600824.605540000135079, 8171363.74773000087589 ], [ 600824.605540000135079, 8171363.147730000317097 ], [ 600823.40554000006523, 8171363.147730000317097 ], [ 600823.40554000006523, 8171363.74773000087589 ], [ 600824.605540000135079, 8171363.74773000087589 ] ] ] ] } },
{ "type": "Feature", "properties": { "id": 2, "instance": 147, "mean_prob": 0.998, "area_m2": 256.7 }, "geometry": { "type": "Polygon", "coordinates": [ [ [ 600863.005540000041947, 8171382.947730001062155 ], [ 600863.005540000041947, 8171382.347730000503361 ], [ 600862.40554000006523, 8171382.347730000503361 ], [ 600862.40554000006523, 8171378.147730000317097 ], [ 600861.805540000088513, 8171378.147730000317097 ], [ 600861.805540000088513, 8171376.347730000503361 ], [ 600861.205540000111796, 8171376.347730000503361 ], [ 600861.205540000111796, 8171375.147730000317097 ], [ 600860.005540000041947, 8171375.147730000317097 ], [ 600860.005540000041947, 8171373.347730000503361 ], [ 600859.40554000006523, 8171373.347730000503361 ], [ 600859.40554000006523, 8171368.547730000689626 ], [ 600858.805540000088513, 8171368.547730000689626 ], [ 600858.805540000088513, 8171364.347730000503361 ], [ 600861.805540000088513, 8171364.347730000503361 ], [ 600861.805540000088513, 8171363.74773000087589 ], [ 600866.605540000135079, 8171363.74773000087589 ], [ 600866.605540000135079, 8171363.147730000317097 ], [ 600870.205540000111796, 8171363.147730000317097 ], [ 600870.205540000111796, 8171362.547730000689626 ], [ 600872.605540000135079, 8171362.547730000689626 ], [ 600872.605540000135079, 8171363.147730000317097 ], [ 600873.805540000088513, 8171363.147730000317097 ], [ 600873.805540000088513, 8171370.347730000503361 ], [ 600874.40554000006523, 8171370.347730000503361 ], [ 600874.40554000006523, 8171376.347730000503361 ], [ 600873.805540000088513, 8171376.347730000503361 ], [ 600873.805540000088513, 8171380.547730000689626 ], [ 600872.605540000135079, 8171381.147730000317097 ], [ 600872.605540000135079, 8171382.347730000503361 ], [ 600863.605540000135079, 8171382.347730000503361 ], [ 600863.605540000135079, 8171382.947730001062155 ], [ 600863.005540000041947, 8171382.947730001062155 ] ] ] } },
{ "type": "Feature", "properties": { "id": 3, "instance": 2, "mean_prob": 0.555, "area_m2": 96.1 }, "geometry": { "type": "Polygon", "coordinates": [ [ [ 600871.40554000006523, 8171361.947730001062155 ], [ 600871.40554000006523, 8171360.74773000087589 ], [ 600870.805540000088513, 8171360.74773000087589 ], [ 600870.805540000088513, 8171358.947730001062155 ], [ 600870.205540000111796, 8171358.947730001062155 ], [ 600870.205540000111796, 8171358.347730000503361 ], [ 600870.805540000088513, 8171358.347730000503361 ], [ 600870.805540000088513, 8171349.947730001062155 ], [ 600874.40554000006523, 8171349.947730001062155 ], [ 600874.40554000006523, 8171350.547730000689626 ], [ 600876.805540000088513, 8171350.547730000689626 ], [ 600876.805540000088513, 8171351.147730000317097 ], [ 600878.005540000041947, 8171351.147730000317097 ], [ 600878.005540000041947, 8171351.74773000087589 ], [ 600880.40554000006523, 8171352.347730000503361 ], [ 600880.40554000006523, 8171353.547730000689626 ], [ 600881.005540000041947, 8171353.547730000689626 ], [ 600881.005540000041947, 8171355.347730000503361 ], [ 600879.805540000088513, 8171355.947730001062155 ], [ 600879.205540000111796, 8171358.347730000503361 ], [ 600878.605540000135079, 8171358.347730000503361 ], [ 600878.605540000135079, 8171359.547730000689626 ], [ 600877.40554000006523, 8171360.147730000317097 ], [ 600877.40554000006523, 8171361.347730000503361 ], [ 600876.205540000111796, 8171361.347730000503361 ], [ 600876.205540000111796, 8171361.947730001062155 ], [ 600871.40554000006523, 8171361.947730001062155 ] ] ] } },
{ "type": "Feature", "properties": { "id": 4, "instance": 107, "mean_prob": 0.993, "area_m2": 168.5 }, "geometry": { "type": "Polygon", "coordinates": [ [ [ 600854.005540000041947, 8171360.147730000317097 ], [ 600854.005540000041947, 8171359.547730000689626 ], [ 600852.805540000088513, 8171359.547730000689626 ], [ 600852.805540000088513, 8171358.347730000503361 ], [ 600852.205540000111796, 8171358.347730000503361 ], [ 600852.205540000111796, 8171357.74773000087589 ], [ 600851.005540000041947, 8171357.74773000087589 ], [ 600851.005540000041947, 8171357.147730000317097 ], [ 600850.40554000006523, 8171357.147730000317097 ], [ 600850.40554000006523, 8171351.74773000087589 ], [ 600851.005540000041947, 8171351.74773000087589 ], [ 600851.005540000041947, 8171349.947730001062155 ], [ 600852.205540000111796, 8171349.947730001062155 ], [ 600852.205540000111796, 8171349.347730000503361 ], [ 600855.205540000111796, 8171349.347730000503361 ], [ 600855.205540000111796, 8171348.74773000087589 ], [ 600857.605540000135079, 8171348.74773000087589 ], [ 600857.605540000135079, 8171348.147730000317097 ], [ 600864.205540000111796, 8171348.147730000317097 ], [ 600864.205540000111796, 8171347.547730000689626 ], [ 600866.005540000041947, 8171347.547730000689626 ], [ 600866.005540000041947, 8171348.147730000317097 ], [ 600866.605540000135079, 8171348.147730000317097 ], [ 600866.605540000135079, 8171353.547730000689626 ], [ 600866.005540000041947, 8171353.547730000689626 ], [ 600866.005540000041947, 8171356.547730000689626 ], [ 600866.605540000135079, 8171356.547730000689626 ], [ 600866.605540000135079, 8171358.347730000503361 ], [ 600864.205540000111796, 8171358.347730000503361 ], [ 600864.205540000111796, 8171358.947730001062155 ], [ 600861.205540000111796, 8171358.947730001062155 ], [ 600861.205540000111796, 8171359.547730000689626 ], [ 600858.805540000088513, 8171359.547730000689626 ], [ 600858.805540000088513, 8171360.147730000317097 ], [ 600854.005540000041947, 8171360.147730000317097 ] ] ] } },
{ "type": "Feature", "properties": { "id": 5, "instance": 94, "mean_prob": 0.986, "area_m2": 150.5 }, "geometry": { "type": "Polygon", "coordinates": [ [ [ 600944.005540000041947, 8171355.347730000503361 ], [ 600944.005540000041947, 8171354.74773000087589 ], [ 600943.40554000006523, 8171354.74773000087589 ], [ 600943.40554000006523, 8171348.147730000317097 ], [ 600944.605540000135079, 8171347.547730000689626 ], [ 600944.605540000135079, 8171346.947730001062155 ], [ 600945.805540000088513, 8171346.947730001062155 ], [ 600945.805540000088513, 8171346.347730000503361 ], [ 600947.005540000041947, 8171345.74773000087589 ], [ 600947.005540000041947, 8171345.147730000317097 ], [ 600948.205540000111796, 8171344.547730000689626 ], [ 600948.205540000111796, 8171343.347730000503361 ], [ 600948.805540000088513, 8171343.347730000503361 ], [ 600948.805540000088513, 8171342.74773000087589 ], [ 600950.005540000041947, 8171342.74773000087589 ], [ 600950.005540000041947, 8171342.147730000317097 ], [ 600956.005540000041947, 8171342.147730000317097 ], [ 600956.005540000041947, 8171342.74773000087589 ], [ 600956.605540000135079, 8171342.74773000087589 ], [ 600956.605540000135079, 8171349.947730001062155 ], [ 600957.205540000111796, 8171349.947730001062155 ], [ 600957.205540000111796, 8171350.547730000689626 ], [ 600956.605540000135079, 8171350.547730000689626 ], [ 600956.605540000135079, 8171351.147730000317097 ], [ 600957.205540000111796, 8171351.147730000317097 ], [ 600957.205540000111796, 8171353.547730000689626 ], [ 600956.605540000135079, 8171353.547730000689626 ], [ 600956.605540000135079, 8171354.74773000087589 ], [ 600954.205540000111796, 8171354.74773000087589 ], [ 600954.205540000111796, 8171355.347730000503361 ], [ 600949.40554000006523, 8171355.347730000503361 ], [ 600949.40554000006523, 8171354.74773000087589 ], [ 600947.005540000041947, 8171354.74773000087589 ], [ 600947.005540000041947, 8171355.347730000503361 ], [ 600944.005540000041947, 8171355.347730000503361 ] ] ] } },
{ "type": "Feature", "properties": { "id": 6, "instance": 23, "mean_prob": 0.755, "area_m2": 144.0 }, "geometry": { "type": "Polygon", "coordinates": [ [ [ 600908.005540000041947, 8171348.147730000317097 ], [ 600908.005540000041947, 8171347.547730000689626 ], [ 600907.40554000006523, 8171347.547730000689626 ], [ 600907.40554000006523, 8171343.347730000503361 ], [ 600906.805540000088513, 8171343.347730000503361 ], [ 600906.805540000088513, 8171338.547730000689626 ], [ 600907.40554000006523, 8171338.547730000689626 ], [ 600907.40554000006523, 8171337.947730001062155 ], [ 600911.605540000135079, 8171337.947730001062155 ], [ 600911.605540000135079, 8171338.547730000689626 ], [ 600915.805540000088513, 8171338.547730000689626 ], [ 600915.805540000088513, 8171337.947730001062155 ], [ 600923.005540000041947, 8171337.947730001062155 ], [ 600923.005540000041947, 8171345.74773000087589 ], [ 600922.40554000006523, 8171345.74773000087589 ], [ 600922.40554000006523, 8171346.347730000503361 ], [ 600917.005540000041947, 8171346.347730000503361 ], [ 600917.005540000041947, 8171346.947730001062155 ], [ 600914.605540000135079, 8171346.947730001062155 ], [ 600914.605540000135079, 8171347.547730000689626 ], [ 600912.805540000088513, 8171347.547730000689626 ], [ 600912.805540000088513, 8171348.147730000317097 ], [ 600908.005540000041947, 8171348.147730000317097 ] ] ] } },
{ "type": "Feature", "properties": { "id": 7, "instance": 62, "mean_prob": 0.931, "area_m2": 303.5 }, "geometry": { "type": "Polygon", "coordinates": [ [ [ 600820.40554000006523, 8171363.147730000317097 ], [ 600820.40554000006523, 8171362.547730000689626 ], [ 600818.005540000041947, 8171362.547730000689626 ], [ 600818.005540000041947, 8171361.947730001062155 ], [ 600816.805540000088513, 8171361.947730001062155 ], [ 600816.805540000088513, 8171360.74773000087589 ], [ 600816.205540000111796, 8171360.74773000087589 ], [ 600816.205540000111796, 8171359.547730000689626 ], [ 600815.605540000135079, 8171359.547730000689626 ], [ 600815.605540000135079, 8171357.74773000087589 ], [ 600815.005540000041947, 8171357.74773000087589 ], [ 600815.005540000041947, 8171356.547730000689626 ], [ 600814.40554000006523, 8171356.547730000689626 ], [ 600814.40554000006523, 8171354.147730000317097 ], [ 600813.805540000088513, 8171354.147730000317097 ], [ 600813.805540000088513, 8171352.347730000503361 ], [ 600813.205540000111796, 8171352.347730000503361 ], [ 600813.205540000111796, 8171349.947730001062155 ], [ 600812.605540000135079, 8171349.947730001062155 ], [ 600812.605540000135079, 8171348.147730000317097 ], [ 600812.005540000041947, 8171348.147730000317097 ], [ 600812.005540000041947, 8171346.347730000503361 ], [ 600811.40554000006523, 8171346.347730000503361 ], [ 600811.40554000006523, 8171343.947730001062155 ], [ 600810.805540000088513, 8171343.947730001062155 ], [ 600810.805540000088513, 8171342.74773000087589 ], [ 600810.205540000111796, 8171342.74773000087589 ], [ 600810.205540000111796, 8171342.147730000317097 ], [ 600809.005540000041947, 8171341.547730000689626 ], [ 600809.005540000041947, 8171337.947730001062155 ], [ 600808.40554000006523, 8171337.947730001062155 ], [ 600809.005540000041947, 8171335.547730000689626 ], [ 600822.805540000088513, 8171335.547730000689626 ], [ 600822.805540000088513, 8171341.547730000689626 ], [ 600823.40554000006523, 8171341.547730000689626 ], [ 600823.40554000006523, 8171342.147730000317097 ], [ 600822.805540000088513, 8171342.147730000317097 ], [ 600822.805540000088513, 8171342.74773000087589 ], [ 600823.40554000006523, 8171342.74773000087589 ], [ 600823.40554000006523, 8171354.74773000087589 ], [ 600824.005540000041947, 8171354.74773000087589 ], [ 600824.005540000041947, 8171357.147730000317097 ], [ 600824.605540000135079, 8171357.147730000317097 ], [ 600824.605540000135079, 8171359.547730000689626 ], [ 600825.205540000111796, 8171359.547730000689626 ], [ 600825.205540000111796, 8171361.947730001062155 ], [ 600825.805540000088513, 8171361.947730001062155 ], [ 600825.805540000088513, 8171362.547730000689626 ], [ 600825.205540000111796, 8171362.547730000689626 ], [ 600825.205540000111796, 8171363.147730000317097 ], [ 600820.40554000006523, 8171363.147730000317097 ] ] ] } },
{ "type": "Feature", "properties": { "id": 8, "instance": 159, "mean_prob": 1.0, "area_m2": 244.1 }, "geometry": { "type": "Polygon", "coordinates": [ [ [ 600945.805540000088513, 8171335.547730000689626 ], [ 600945.805540000088513, 8171334.947730001062155 ], [ 600944.605540000135079, 8171334.947730001062155 ], [ 600944.605540000135079, 8171334.347730000503361 ], [ 600943.40554000006523, 8171333.74773000087589 ], [ 600943.40554000006523, 8171333.147730000317097 ], [ 600941.005540000041947, 8171333.147730000317097 ], [ 600941.005540000041947, 8171333.74773000087589 ], [ 600937.40554000006523, 8171333.74773000087589 ], [ 600937.40554000006523, 8171334.347730000503361 ], [ 600936.205540000111796, 8171333.74773000087589 ], [ 600936.205540000111796, 8171333.147730000317097 ], [ 600935.605540000135079, 8171333.147730000317097 ], [ 600935.605540000135079, 8171330.74773000087589 ], [ 600935.005540000041947, 8171330.74773000087589 ], [ 600935.005540000041947, 8171327.147730000317097 ], [ 600934.40554000006523, 8171327.147730000317097 ], [ 600934.40554000006523, 8171319.947730001062155 ], [ 600935.005540000041947, 8171319.947730001062155 ], [ 600935.605540000135079, 8171318.74773000087589 ], [ 600944.605540000135079, 8171318.74773000087589 ], [ 600945.205540000111796, 8171319.947730001062155 ], [ 600946.40554000006523, 8171319.947730001062155 ], [ 600947.005540000041947, 8171321.147730000317097 ], [ 600947.605540000135079, 8171321.147730000317097 ], [ 600947.605540000135079, 8171321.74773000087589 ], [ 600948.805540000088513, 8171322.347730000503361 ], [ 600948.805540000088513, 8171322.947730001062155 ], [ 600950.005540000041947, 8171322.947730001062155 ], [ 600950.605540000135079, 8171324.147730000317097 ], [ 600951.805540000088513, 8171324.147730000317097 ], [ 600951.805540000088513, 8171325.347730000503361 ], [ 600952.40554000006523, 8171325.347730000503361 ], [ 600952.40554000006523, 8171331.347730000503361 ], [ 600951.805540000088513, 8171331.347730000503361 ], [ 600951.805540000088513, 8171332.547730000689626 ], [ 600952.40554000006523, 8171332.547730000689626 ], [ 600952.40554000006523, 8171333.147730000317097 ], [ 600951.805540000088513, 8171333.147730000317097 ], [ 600951.805540000088513, 8171334.347730000503361 ], [ 600951.205540000111796, 8171334.347730000503361 ], [ 600951.205540000111796, 8171334.947730001062155 ], [ 600948.805540000088513, 8171334.947730001062155 ], [ 600948.805540000088513, 8171335.547730000689626 ], [ 600945.805540000088513, 8171335.547730000689626 ] ], [ [ 600941.005540000041947, 8171331.347730000503361 ], [ 600941.605540000135079, 8171331.347730000503361 ], [ 600941.605540000135079, 8171330.74773000087589 ], [ 600941.005540000041947, 8171330.74773000087589 ], [ 600941.005540000041947, 8171331.347730000503361 ] ] ] } },
{ "type": "Feature", "properties": { "id": 9, "instance": 103, "mean_prob": 0.993, "area_m2": 215.3 }, "geometry": { "type": "Polygon", "coordinates": [ [ [ 600937.40554000006523, 8171315.74773000087589 ], [ 600937.40554000006523, 8171314.547730000689626 ], [ 600936.805540000088513, 8171314.547730000689626 ], [ 600936.805540000088513, 8171307.947730001062155 ], [ 600936.205540000111796, 8171307.947730001062155 ], [ 600936.205540000111796, 8171301.947730001062155 ], [ 600938.005540000041947, 8171301.947730001062155 ], [ 600938.005540000041947, 8171301.347730000503361 ], [ 600944.605540000135079, 8171301.347730000503361 ], [ 600944.605540000135079, 8171300.74773000087589 ], [ 600951.805540000088513, 8171300.74773000087589 ], [ 600951.805540000088513, 8171301.347730000503361 ], [ 600952.40554000006523, 8171301.347730000503361 ], [ 600952.40554000006523, 8171301.947730001062155 ], [ 600951.805540000088513, 8171301.947730001062155 ], [ 600951.805540000088513, 8171307.947730001062155 ], [ 600951.205540000111796, 8171307.947730001062155 ], [ 600951.205540000111796, 8171310.947730001062155 ], [ 600951.805540000088513, 8171310.947730001062155 ], [ 600951.805540000088513, 8171313.947730001062155 ], [ 600951.205540000111796, 8171313.947730001062155 ], [ 600951.205540000111796, 8171314.547730000689626 ], [ 600949.40554000006523, 8171314.547730000689626 ], [ 600949.40554000006523, 8171315.147730000317097 ], [ 600945.205540000111796, 8171315.147730000317097 ], [ 600945.205540000111796, 8171315.74773000087589 ], [ 600937.40554000006523, 8171315.74773000087589 ] ] ] } },
{ "type": "Feature", "properties": { "id": 10, "instance": 148, "mean_prob": 0.998, "area_m2": 120.2 }, "geometry": { "type": "Polygon", "coordinates": [ [ [ 600784.40554000006523, 8171311.547730000689626 ], [ 600783.805540000088513, 8171310.347730000503361 ], [ 600782.605540000135079, 8171309.74773000087589 ], [ 600782.605540000135079, 8171308.547730000689626 ], [ 600782.005540000041947, 8171308.547730000689626 ], [ 600782.005540000041947, 8171306.74773000087589 ], [ 600781.40554000006523, 8171306.74773000087589 ], [ 600781.40554000006523, 8171304.947730001062155 ], [ 600780.205540000111796, 8171304.347730000503361 ], [ 600780.205540000111796, 8171303.147730000317097 ], [ 600779.605540000135079, 8171303.147730000317097 ], [ 600779.605540000135079, 8171301.947730001062155 ], [ 600779.005540000041947, 8171301.947730001062155 ], [ 600779.005540000041947, 8171298.947730001062155 ], [ 600780.205540000111796, 8171298.947730001062155 ], [ 600780.205540000111796, 8171298.347730000503361 ], [ 600782.605540000135079, 8171298.347730000503361 ], [ 600782.605540000135079, 8171297.74773000087589 ], [ 600783.805540000088513, 8171297.74773000087589 ], [ 600783.805540000088513, 8171297.147730000317097 ], [ 600785.605540000135079, 8171297.147730000317097 ], [ 600785.605540000135079, 8171298.347730000503361 ], [ 600786.805540000088513, 8171298.347730000503361 ], [ 600786.805540000088513, 8171299.547730000689626 ], [ 600789.805540000088513, 8171299.547730000689626 ], [ 600789.805540000088513, 8171300.147730000317097 ], [ 600788.005540000041947, 8171300.147730000317097 ], [ 600788.005540000041947, 8171300.74773000087589 ], [ 600789.205540000111796, 8171300.74773000087589 ], [ 600789.205540000111796, 8171301.347730000503361 ], [ 600789.805540000088513, 8171301.347730000503361 ], [ 600789.805540000088513, 8171302.547730000689626 ], [ 600790.40554000006523, 8171302.547730000689626 ], [ 600790.40554000006523, 8171304.947730001062155 ], [ 600791.005540000041947, 8171304.947730001062155 ], [ 600791.005540000041947, 8171309.147730000317097 ], [ 600790.40554000006523, 8171309.147730000317097 ], [ 600790.40554000006523, 8171310.347730000503361 ], [ 600789.805540000088513, 8171310.347730000503361 ], [ 600789.805540000088513, 8171310.947730001062155 ], [ 600788.605540000135079, 8171310.947730001062155 ], [ 600788.605540000135079, 8171311.547730000689626 ], [ 600784.40554000006523, 8171311.547730000689626 ] ] ] } },
{ "type": "Feature", "properties": { "id": 11, "instance": 88, "mean_prob": 0.982, "area_m2": 93.6 }, "geometry": { "type": "Polygon", "coordinates": [ [ [ 600768.205540000111796, 8171303.74773000087589 ], [ 600768.205540000111796, 8171302.547730000689626 ], [ 600765.805540000088513, 8171301.947730001062155 ], [ 600765.205540000111796, 8171300.74773000087589 ], [ 600763.40554000006523, 8171300.74773000087589 ], [ 600763.40554000006523, 8171300.147730000317097 ], [ 600762.205540000111796, 8171299.547730000689626 ], [ 600762.205540000111796, 8171291.74773000087589 ], [ 600762.805540000088513, 8171291.74773000087589 ], [ 600762.805540000088513, 8171290.547730000689626 ], [ 600763.40554000006523, 8171290.547730000689626 ], [ 600763.40554000006523, 8171289.947730001062155 ], [ 600768.205540000111796, 8171289.947730001062155 ], [ 600768.205540000111796, 8171290.547730000689626 ], [ 600769.40554000006523, 8171290.547730000689626 ], [ 600770.005540000041947, 8171291.74773000087589 ], [ 600770.605540000135079, 8171291.74773000087589 ], [ 600770.605540000135079, 8171294.147730000317097 ], [ 600770.005540000041947, 8171294.147730000317097 ], [ 600770.005540000041947, 8171295.347730000503361 ], [ 600769.40554000006523, 8171295.347730000503361 ], [ 600768.805540000088513, 8171296.547730000689626 ], [ 600769.40554000006523, 8171296.547730000689626 ], [ 600769.40554000006523, 8171297.74773000087589 ], [ 600770.005540000041947, 8171297.74773000087589 ], [ 600770.005540000041947, 8171298.347730000503361 ], [ 600772.40554000006523, 8171298.947730001062155 ], [ 600772.40554000006523, 8171300.147730000317097 ], [ 600771.205540000111796, 8171300.147730000317097 ], [ 600771.205540000111796, 8171301.347730000503361 ], [ 600770.005540000041947, 8171301.347730000503361 ], [ 600769.40554000006523, 8171303.74773000087589 ], [ 600768.205540000111796, 8171303.74773000087589 ] ] ] } },
{ "type": "Feature", "properties": { "id": 12, "instance": 161, "mean_prob": 1.0, "area_m2": 289.8 }, "geometry": { "type": "Polygon", "coordinates": [ [ [ 600913.40554000006523, 8171306.74773000087589 ], [ 600913.40554000006523, 8171306.147730000317097 ], [ 600911.005540000041947, 8171306.147730000317097 ], [ 600911.005540000041947, 8171305.547730000689626 ], [ 600909.805540000088513, 8171305.547730000689626 ], [ 600909.205540000111796, 8171304.347730000503361 ], [ 600908.005540000041947, 8171303.74773000087589 ], [ 600908.005540000041947, 8171303.147730000317097 ], [ 600907.40554000006523, 8171303.147730000317097 ], [ 600907.40554000006523, 8171302.547730000689626 ], [ 600906.205540000111796, 8171301.947730001062155 ], [ 600906.205540000111796, 8171301.347730000503361 ], [ 600905.005540000041947, 8171301.347730000503361 ], [ 600904.40554000006523, 8171300.147730000317097 ], [ 600903.805540000088513, 8171300.147730000317097 ], [ 600903.805540000088513, 8171299.547730000689626 ], [ 600902.605540000135079, 8171298.947730001062155 ], [ 600902.605540000135079, 8171296.547730000689626 ], [ 600903.805540000088513, 8171295.947730001062155 ], [ 600903.805540000088513, 8171294.74773000087589 ], [ 600905.005540000041947, 8171294.147730000317097 ], [ 600905.605540000135079, 8171291.74773000087589 ], [ 600906.205540000111796, 8171291.74773000087589 ], [ 600906.205540000111796, 8171291.147730000317097 ], [ 600912.805540000088513, 8171291.147730000317097 ], [ 600912.805540000088513, 8171290.547730000689626 ], [ 600915.205540000111796, 8171290.547730000689626 ], [ 600915.205540000111796, 8171289.947730001062155 ], [ 600918.205540000111796, 8171289.947730001062155 ], [ 600918.205540000111796, 8171289.347730000503361 ], [ 600919.40554000006523, 8171289.347730000503361 ], [ 600919.40554000006523, 8171288.74773000087589 ], [ 600921.805540000088513, 8171288.74773000087589 ], [ 600921.805540000088513, 8171288.147730000317097 ], [ 600925.40554000006523, 8171288.147730000317097 ], [ 600925.40554000006523, 8171289.347730000503361 ], [ 600926.005540000041947, 8171289.347730000503361 ], [ 600926.005540000041947, 8171293.547730000689626 ], [ 600926.605540000135079, 8171293.547730000689626 ], [ 600926.605540000135079, 8171297.74773000087589 ], [ 600925.40554000006523, 8171298.347730000503361 ], [ 600924.805540000088513, 8171299.547730000689626 ], [ 600923.605540000135079, 8171299.547730000689626 ], [ 600923.605540000135079, 8171300.147730000317097 ], [ 600922.40554000006523, 8171300.147730000317097 ], [ 600922.40554000006523, 8171300.74773000087589 ], [ 600921.205540000111796, 8171300.74773000087589 ], [ 600920.605540000135079, 8171301.947730001062155 ], [ 600919.40554000006523, 8171301.947730001062155 ], [ 600919.40554000006523, 8171302.547730000689626 ], [ 600918.205540000111796, 8171303.147730000317097 ], [ 600918.205540000111796, 8171303.74773000087589 ], [ 600917.005540000041947, 8171304.347730000503361 ], [ 600917.005540000041947, 8171304.947730001062155 ], [ 600916.40554000006523, 8171304.947730001062155 ], [ 600915.805540000088513, 8171306.147730000317097 ], [ 600914.005540000041947, 8171306.147730000317097 ], [ 600914.005540000041947, 8171306.74773000087589 ], [ 600913.40554000006523, 8171306.74773000087589 ] ] ] } },
{ "type": "Feature", "properties": { "id": 13, "instance": 25, "mean_prob": 0.761, "area_m2": 131.8 }, "geometry": { "type": "MultiPolygon", "coordinates": [ [ [ [ 600901.40554000006523, 8171267.147730000317097 ], [ 600900.805540000088513, 8171267.147730000317097 ], [ 600900.805540000088513, 8171267.74773000087589 ], [ 600901.40554000006523, 8171267.74773000087589 ], [ 600901.40554000006523, 8171267.147730000317097 ] ] ], [ [ [ 600900.805540000088513, 8171269.547730000689626 ], [ 600900.205540000111796, 8171269.547730000689626 ], [ 600900.205540000111796, 8171274.947730001062155 ], [ 600900.805540000088513, 8171274.947730001062155 ], [ 600900.805540000088513, 8171269.547730000689626 ] ] ], [ [ [ 600901.40554000006523, 8171276.147730000317097 ], [ 600900.805540000088513, 8171276.147730000317097 ], [ 600900.805540000088513, 8171279.147730000317097 ], [ 600901.40554000006523, 8171279.147730000317097 ], [ 600901.40554000006523, 8171276.147730000317097 ] ] ], [ [ [ 600912.805540000088513, 8171284.547730000689626 ], [ 600930.205540000111796, 8171284.547730000689626 ], [ 600930.205540000111796, 8171283.947730001062155 ], [ 600933.805540000088513, 8171283.947730001062155 ], [ 600933.805540000088513, 8171283.347730000503361 ], [ 600936.205540000111796, 8171283.347730000503361 ], [ 600936.205540000111796, 8171282.74773000087589 ], [ 600937.40554000006523, 8171282.74773000087589 ], [ 600937.40554000006523, 8171282.147730000317097 ], [ 600938.005540000041947, 8171282.147730000317097 ], [ 600938.005540000041947, 8171273.74773000087589 ], [ 600936.805540000088513, 8171273.74773000087589 ], [ 600936.205540000111796, 8171272.547730000689626 ], [ 600934.40554000006523, 8171272.547730000689626 ], [ 600934.40554000006523, 8171271.347730000503361 ], [ 600933.205540000111796, 8171270.74773000087589 ], [ 600933.205540000111796, 8171271.347730000503361 ], [ 600932.605540000135079, 8171271.347730000503361 ], [ 600932.605540000135079, 8171279.74773000087589 ], [ 600931.40554000006523, 8171279.74773000087589 ], [ 600930.805540000088513, 8171280.947730001062155 ], [ 600929.605540000135079, 8171280.947730001062155 ], [ 600929.605540000135079, 8171281.547730000689626 ], [ 600927.805540000088513, 8171281.547730000689626 ], [ 600927.805540000088513, 8171280.947730001062155 ], [ 600925.40554000006523, 8171280.947730001062155 ], [ 600925.40554000006523, 8171281.547730000689626 ], [ 600924.205540000111796, 8171281.547730000689626 ], [ 600924.205540000111796, 8171282.147730000317097 ], [ 600923.605540000135079, 8171282.147730000317097 ], [ 600923.605540000135079, 8171283.347730000503361 ], [ 600921.205540000111796, 8171283.347730000503361 ], [ 600921.205540000111796, 8171282.74773000087589 ], [ 600918.805540000088513, 8171282.74773000087589 ], [ 600918.205540000111796, 8171281.547730000689626 ], [ 600917.605540000135079, 8171281.547730000689626 ], [ 600917.605540000135079, 8171282.147730000317097 ], [ 600917.005540000041947, 8171282.147730000317097 ], [ 600917.005540000041947, 8171281.547730000689626 ], [ 600915.805540000088513, 8171281.547730000689626 ], [ 600915.805540000088513, 8171282.147730000317097 ], [ 600914.605540000135079, 8171282.147730000317097 ], [ 600914.605540000135079, 8171282.74773000087589 ], [ 600909.805540000088513, 8171283.347730000503361 ], [ 600909.805540000088513, 8171284.547730000689626 ], [ 600905.005540000041947, 8171284.547730000689626 ], [ 600905.005540000041947, 8171283.947730001062155 ], [ 600903.805540000088513, 8171283.947730001062155 ], [ 600903.805540000088513, 8171283.347730000503361 ], [ 600902.605540000135079, 8171282.74773000087589 ], [ 600902.605540000135079, 8171281.547730000689626 ], [ 600902.005540000041947, 8171281.547730000689626 ], [ 600902.005540000041947, 8171280.347730000503361 ], [ 600901.40554000006523, 8171280.347730000503361 ], [ 600901.40554000006523, 8171283.947730001062155 ], [ 600902.005540000041947, 8171283.947730001062155 ], [ 600902.005540000041947, 8171284.547730000689626 ], [ 600903.205540000111796, 8171284.547730000689626 ], [ 600903.205540000111796, 8171285.147730000317097 ], [ 600912.805540000088513, 8171285.147730000317097 ], [ 600912.805540000088513, 8171284.547730000689626 ] ] ] ] } },
{ "type": "Feature", "properties": { "id": 14, "instance": 45, "mean_prob": 0.861, "area_m2": 490.0 }, "geometry": { "type": "Polygon", "coordinates": [ [ [ 600905.005540000041947, 8171284.547730000689626 ], [ 600905.005540000041947, 8171283.947730001062155 ], [ 600903.805540000088513, 8171283.947730001062155 ], [ 600903.805540000088513, 8171283.347730000503361 ], [ 600902.605540000135079, 8171282.74773000087589 ], [ 600902.605540000135079, 8171281.547730000689626 ], [ 600902.005540000041947, 8171281.547730000689626 ], [ 600902.005540000041947, 8171280.347730000503361 ], [ 600901.40554000006523, 8171280.347730000503361 ], [ 600901.40554000006523, 8171276.147730000317097 ], [ 600900.805540000088513, 8171276.147730000317097 ], [ 600900.805540000088513, 8171267.74773000087589 ], [ 600901.40554000006523, 8171267.74773000087589 ], [ 600902.005540000041947, 8171266.547730000689626 ], [ 600904.40554000006523, 8171266.547730000689626 ], [ 600904.40554000006523, 8171265.947730001062155 ], [ 600921.805540000088513, 8171265.947730001062155 ], [ 600921.805540000088513, 8171266.547730000689626 ], [ 600923.605540000135079, 8171266.547730000689626 ], [ 600923.605540000135079, 8171267.74773000087589 ], [ 600924.805540000088513, 8171267.74773000087589 ], [ 600925.40554000006523, 8171268.947730001062155 ], [ 600929.605540000135079, 8171268.947730001062155 ], [ 600929.605540000135079, 8171269.547730000689626 ], [ 600931.40554000006523, 8171269.547730000689626 ], [ 600932.005540000041947, 8171270.74773000087589 ], [ 600932.605540000135079, 8171270.74773000087589 ], [ 600932.605540000135079, 8171279.74773000087589 ], [ 600931.40554000006523, 8171279.74773000087589 ], [ 600930.805540000088513, 8171280.947730001062155 ], [ 600929.605540000135079, 8171280.947730001062155 ], [ 600929.605540000135079, 8171281.547730000689626 ], [ 600927.805540000088513, 8171281.547730000689626 ], [ 600927.805540000088513, 8171280.947730001062155 ], [ 600925.40554000006523, 8171280.947730001062155 ], [ 600925.40554000006523, 8171281.547730000689626 ], [ 600924.205540000111796, 8171281.547730000689626 ], [ 600924.205540000111796, 8171282.147730000317097 ], [ 600923.605540000135079, 8171282.147730000317097 ], [ 600923.605540000135079, 8171283.347730000503361 ], [ 600921.205540000111796, 8171283.347730000503361 ], [ 600921.205540000111796, 8171282.74773000087589 ], [ 600918.805540000088513, 8171282.74773000087589 ], [ 600918.205540000111796, 8171281.547730000689626 ], [ 600917.605540000135079, 8171281.547730000689626 ], [ 600917.605540000135079, 8171282.147730000317097 ], [ 600917.005540000041947, 8171282.147730000317097 ], [ 600917.005540000041947, 8171281.547730000689626 ], [ 600915.805540000088513, 8171281.547730000689626 ], [ 600915.805540000088513, 8171282.147730000317097 ], [ 600914.605540000135079, 8171282.147730000317097 ], [ 600914.605540000135079, 8171282.74773000087589 ], [ 600909.805540000088513, 8171283.347730000503361 ], [ 600909.805540000088513, 8171284.547730000689626 ], [ 600905.005540000041947, 8171284.547730000689626 ] ] ] } },
{ "type": "Feature", "properties": { "id": 15, "instance": 3, "mean_prob": 0.571, "area_m2": 83.9 }, "geometry": { "type": "Polygon", "coordinates": [ [ [ 600713.605540000135079, 8171267.147730000317097 ], [ 600713.605540000135079, 8171266.547730000689626 ], [ 600712.40554000006523, 8171265.947730001062155 ], [ 600712.40554000006523, 8171265.347730000503361 ], [ 600711.205540000111796, 8171264.74773000087589 ], [ 600711.205540000111796, 8171264.147730000317097 ], [ 600710.605540000135079, 8171264.147730000317097 ], [ 600710.605540000135079, 8171263.547730000689626 ], [ 600709.40554000006523, 8171262.947730001062155 ], [ 600709.40554000006523, 8171262.347730000503361 ], [ 600708.205540000111796, 8171262.347730000503361 ], [ 600707.605540000135079, 8171261.147730000317097 ], [ 600707.005540000041947, 8171261.147730000317097 ], [ 600706.40554000006523, 8171258.74773000087589 ], [ 600705.205540000111796, 8171258.147730000317097 ], [ 600705.205540000111796, 8171256.347730000503361 ], [ 600712.40554000006523, 8171256.347730000503361 ], [ 600713.005540000041947, 8171258.74773000087589 ], [ 600714.205540000111796, 8171258.74773000087589 ], [ 600714.205540000111796, 8171259.347730000503361 ], [ 600716.005540000041947, 8171259.347730000503361 ], [ 600716.005540000041947, 8171259.947730001062155 ], [ 600717.205540000111796, 8171259.947730001062155 ], [ 600717.205540000111796, 8171260.547730000689626 ], [ 600717.805540000088513, 8171260.547730000689626 ], [ 600717.805540000088513, 8171265.347730000503361 ], [ 600718.40554000006523, 8171265.347730000503361 ], [ 600718.40554000006523, 8171267.147730000317097 ], [ 600713.605540000135079, 8171267.147730000317097 ] ] ] } },
{ "type": "Feature", "properties": { "id": 16, "instance": 153, "mean_prob": 0.999, "area_m2": 10.1 }, "geometry": { "type": "MultiPolygon", "coordinates": [ [ [ [ 600813.805540000088513, 8171237.74773000087589 ], [ 600808.40554000006523, 8171237.74773000087589 ], [ 600808.40554000006523, 8171238.347730000503361 ], [ 600813.805540000088513, 8171238.347730000503361 ], [ 600813.805540000088513, 8171237.74773000087589 ] ] ], [ [ [ 600816.205540000111796, 8171237.74773000087589 ], [ 600816.205540000111796, 8171238.347730000503361 ], [ 600821.005540000041947, 8171238.347730000503361 ], [ 600821.005540000041947, 8171237.74773000087589 ], [ 600816.205540000111796, 8171237.74773000087589 ] ] ], [ [ [ 600807.805540000088513, 8171238.947730001062155 ], [ 600807.805540000088513, 8171240.74773000087589 ], [ 600808.40554000006523, 8171240.74773000087589 ], [ 600808.40554000006523, 8171238.947730001062155 ], [ 600807.805540000088513, 8171238.947730001062155 ] ] ], [ [ [ 600809.005540000041947, 8171245.547730000689626 ], [ 600808.40554000006523, 8171245.547730000689626 ], [ 600808.40554000006523, 8171247.347730000503361 ], [ 600809.005540000041947, 8171247.347730000503361 ], [ 600809.005540000041947, 8171245.547730000689626 ] ] ], [ [ [ 600809.005540000041947, 8171250.347730000503361 ], [ 600809.005540000041947, 8171251.547730000689626 ], [ 600809.605540000135079, 8171251.547730000689626 ], [ 600809.605540000135079, 8171250.347730000503361 ], [ 600809.005540000041947, 8171250.347730000503361 ] ] ], [ [ [ 600809.605540000135079, 8171253.947730001062155 ], [ 600809.605540000135079, 8171255.74773000087589 ], [ 600810.205540000111796, 8171255.74773000087589 ], [ 600810.205540000111796, 8171253.947730001062155 ], [ 600809.605540000135079, 8171253.947730001062155 ] ] ] ] } },
{ "type": "Feature", "properties": { "id": 17, "instance": 137, "mean_prob": 0.997, "area_m2": 20.5 }, "geometry": { "type": "MultiPolygon", "coordinates": [ [ [ [ 600905.605540000135079, 8171229.947730001062155 ], [ 600905.605540000135079, 8171230.547730000689626 ], [ 600906.205540000111796, 8171230.547730000689626 ], [ 600906.205540000111796, 8171229.947730001062155 ], [ 600905.605540000135079, 8171229.947730001062155 ] ] ], [ [ [ 600904.40554000006523, 8171230.547730000689626 ], [ 600904.40554000006523, 8171235.947730001062155 ], [ 600905.005540000041947, 8171235.947730001062155 ], [ 600905.005540000041947, 8171230.547730000689626 ], [ 600904.40554000006523, 8171230.547730000689626 ] ] ], [ [ [ 600921.805540000088513, 8171230.547730000689626 ], [ 600921.805540000088513, 8171237.147730000317097 ], [ 600922.40554000006523, 8171237.147730000317097 ], [ 600922.40554000006523, 8171230.547730000689626 ], [ 600921.805540000088513, 8171230.547730000689626 ] ] ], [ [ [ 600921.805540000088513, 8171241.347730000503361 ], [ 600921.805540000088513, 8171243.147730000317097 ], [ 600922.40554000006523, 8171243.147730000317097 ], [ 600922.40554000006523, 8171241.347730000503361 ], [ 600921.805540000088513, 8171241.347730000503361 ] ] ], [ [ [ 600905.005540000041947, 8171246.147730000317097 ], [ 600905.005540000041947, 8171244.347730000503361 ], [ 600904.40554000006523, 8171244.347730000503361 ], [ 600904.40554000006523, 8171235.947730001062155 ], [ 600903.805540000088513, 8171235.947730001062155 ], [ 600903.805540000088513, 8171246.147730000317097 ], [ 600904.40554000006523, 8171246.147730000317097 ], [ 600904.40554000006523, 8171248.547730000689626 ], [ 600905.005540000041947, 8171248.547730000689626 ], [ 600905.005540000041947, 8171249.74773000087589 ], [ 600905.605540000135079, 8171249.74773000087589 ], [ 600905.605540000135079, 8171246.147730000317097 ], [ 600905.005540000041947, 8171246.147730000317097 ] ] ], [ [ [ 600921.205540000111796, 8171243.74773000087589 ], [ 600921.205540000111796, 8171244.347730000503361 ], [ 600921.805540000088513, 8171244.347730000503361 ], [ 600921.805540000088513, 8171243.74773000087589 ], [ 600921.205540000111796, 8171243.74773000087589 ] ] ], [ [ [ 600920.605540000135079, 8171244.347730000503361 ], [ 600920.605540000135079, 8171244.947730001062155 ], [ 600921.205540000111796, 8171244.947730001062155 ], [ 600921.205540000111796, 8171244.347730000503361 ], [ 600920.605540000135079, 8171244.347730000503361 ] ] ], [ [ [ 600920.605540000135079, 8171245.547730000689626 ], [ 600920.605540000135079, 8171244.947730001062155 ], [ 600920.005540000041947, 8171244.947730001062155 ], [ 600920.005540000041947, 8171245.547730000689626 ], [ 600920.605540000135079, 8171245.547730000689626 ] ] ] ] } },
{ "type": "Feature", "properties": { "id": 18, "instance": 89, "mean_prob": 0.984, "area_m2": 166.0 }, "geometry": { "type": "Polygon", "coordinates": [ [ [ 600942.805540000088513, 8171253.947730001062155 ], [ 600942.805540000088513, 8171253.347730000503361 ], [ 600932.605540000135079, 8171253.347730000503361 ], [ 600932.605540000135079, 8171252.74773000087589 ], [ 600930.805540000088513, 8171252.74773000087589 ], [ 600930.805540000088513, 8171252.147730000317097 ], [ 600929.605540000135079, 8171252.147730000317097 ], [ 600929.005540000041947, 8171250.947730001062155 ], [ 600927.805540000088513, 8171250.947730001062155 ], [ 600927.805540000088513, 8171250.347730000503361 ], [ 600927.205540000111796, 8171250.347730000503361 ], [ 600927.205540000111796, 8171249.147730000317097 ], [ 600926.605540000135079, 8171249.147730000317097 ], [ 600926.605540000135079, 8171243.74773000087589 ], [ 600929.605540000135079, 8171243.74773000087589 ], [ 600929.605540000135079, 8171243.147730000317097 ], [ 600937.40554000006523, 8171243.147730000317097 ], [ 600937.40554000006523, 8171243.74773000087589 ], [ 600939.805540000088513, 8171244.347730000503361 ], [ 600939.805540000088513, 8171244.947730001062155 ], [ 600940.40554000006523, 8171244.947730001062155 ], [ 600940.40554000006523, 8171245.547730000689626 ], [ 600941.605540000135079, 8171245.547730000689626 ], [ 600941.605540000135079, 8171246.147730000317097 ], [ 600944.005540000041947, 8171246.147730000317097 ], [ 600944.005540000041947, 8171246.74773000087589 ], [ 600945.805540000088513, 8171246.74773000087589 ], [ 600945.805540000088513, 8171247.947730001062155 ], [ 600946.40554000006523, 8171247.947730001062155 ], [ 600946.40554000006523, 8171250.347730000503361 ], [ 600945.805540000088513, 8171250.347730000503361 ], [ 600945.805540000088513, 8171253.347730000503361 ], [ 600944.605540000135079, 8171253.347730000503361 ], [ 600944.605540000135079, 8171253.947730001062155 ], [ 600942.805540000088513, 8171253.947730001062155 ] ] ] } },
{ "type": "Feature", "properties": { "id": 19, "instance": 140, "mean_prob": 0.998, "area_m2": 127.8 }, "geometry": { "type": "Polygon", "coordinates": [ [ [ 600707.605540000135079, 8171253.347730000503361 ], [ 600707.605540000135079, 8171252.74773000087589 ], [ 600706.40554000006523, 8171252.74773000087589 ], [ 600706.40554000006523, 8171252.147730000317097 ], [ 600704.005540000041947, 8171252.147730000317097 ], [ 600704.005540000041947, 8171251.547730000689626 ], [ 600702.805540000088513, 8171251.547730000689626 ], [ 600702.805540000088513, 8171244.347730000503361 ], [ 600704.005540000041947, 8171244.347730000503361 ], [ 600704.005540000041947, 8171243.74773000087589 ], [ 600708.205540000111796, 8171243.74773000087589 ], [ 600708.805540000088513, 8171242.547730000689626 ], [ 600716.005540000041947, 8171242.547730000689626 ], [ 600716.005540000041947, 8171252.74773000087589 ], [ 600713.605540000135079, 8171252.74773000087589 ], [ 600713.605540000135079, 8171253.347730000503361 ], [ 600707.605540000135079, 8171253.347730000503361 ] ] ] } },
{ "type": "Feature", "properties": { "id": 20, "instance": 9, "mean_prob": 0.625, "area_m2": 33.5 }, "geometry": { "type": "MultiPolygon", "coordinates": [ [ [ [ 600706.40554000006523, 8171228.74773000087589 ], [ 600706.40554000006523, 8171228.147730000317097 ], [ 600708.205540000111796, 8171228.147730000317097 ], [ 600708.205540000111796, 8171227.547730000689626 ], [ 600709.40554000006523, 8171227.547730000689626 ], [ 600709.40554000006523, 8171228.147730000317097 ], [ 600710.005540000041947, 8171228.147730000317097 ], [ 600710.005540000041947, 8171224.547730000689626 ], [ 600709.40554000006523, 8171224.547730000689626 ], [ 600709.40554000006523, 8171223.947730001062155 ], [ 600700.40554000006523, 8171223.947730001062155 ], [ 600700.40554000006523, 8171225.74773000087589 ], [ 600701.605540000135079, 8171226.347730000503361 ], [ 600701.605540000135079, 8171228.147730000317097 ], [ 600701.005540000041947, 8171228.147730000317097 ], [ 600701.005540000041947, 8171228.74773000087589 ], [ 600706.40554000006523, 8171228.74773000087589 ] ], [ [ 600706.40554000006523, 8171226.347730000503361 ], [ 600705.205540000111796, 8171226.347730000503361 ], [ 600704.605540000135079, 8171225.147730000317097 ], [ 600709.40554000006523, 8171225.147730000317097 ], [ 600709.40554000006523, 8171226.947730001062155 ], [ 600706.40554000006523, 8171226.947730001062155 ], [ 600706.40554000006523, 8171226.347730000503361 ] ] ], [ [ [ 600702.805540000088513, 8171237.74773000087589 ], [ 600702.205540000111796, 8171237.74773000087589 ], [ 600702.205540000111796, 8171238.347730000503361 ], [ 600702.805540000088513, 8171238.347730000503361 ], [ 600702.805540000088513, 8171237.74773000087589 ] ] ], [ [ [ 600704.005540000041947, 8171238.347730000503361 ], [ 600703.40554000006523, 8171238.347730000503361 ], [ 600703.40554000006523, 8171238.947730001062155 ], [ 600704.005540000041947, 8171238.947730001062155 ], [ 600704.005540000041947, 8171238.347730000503361 ] ] ] ] } },
{ "type": "Feature", "properties": { "id": 21, "instance": 154, "mean_prob": 0.999, "area_m2": 255.2 }, "geometry": { "type": "Polygon", "coordinates": [ [ [ 600810.805540000088513, 8171257.547730000689626 ], [ 600810.805540000088513, 8171256.947730001062155 ], [ 600810.205540000111796, 8171256.947730001062155 ], [ 600810.205540000111796, 8171253.947730001062155 ], [ 600809.605540000135079, 8171253.947730001062155 ], [ 600809.605540000135079, 8171250.347730000503361 ], [ 600809.005540000041947, 8171250.347730000503361 ], [ 600809.005540000041947, 8171245.547730000689626 ], [ 600808.40554000006523, 8171245.547730000689626 ], [ 600808.40554000006523, 8171238.347730000503361 ], [ 600813.805540000088513, 8171238.347730000503361 ], [ 600813.805540000088513, 8171237.74773000087589 ], [ 600816.205540000111796, 8171237.74773000087589 ], [ 600816.205540000111796, 8171238.347730000503361 ], [ 600822.205540000111796, 8171238.347730000503361 ], [ 600822.205540000111796, 8171240.147730000317097 ], [ 600822.805540000088513, 8171240.147730000317097 ], [ 600822.805540000088513, 8171252.147730000317097 ], [ 600822.205540000111796, 8171252.147730000317097 ], [ 600822.205540000111796, 8171256.347730000503361 ], [ 600821.005540000041947, 8171256.347730000503361 ], [ 600821.005540000041947, 8171256.947730001062155 ], [ 600816.205540000111796, 8171256.947730001062155 ], [ 600816.205540000111796, 8171257.547730000689626 ], [ 600810.805540000088513, 8171257.547730000689626 ] ] ] } },
{ "type": "Feature", "properties": { "id": 22, "instance": 72, "mean_prob": 0.954, "area_m2": 79.2 }, "geometry": { "type": "Polygon", "coordinates": [ [ [ 600735.805540000088513, 8171248.547730000689626 ], [ 600735.805540000088513, 8171236.547730000689626 ], [ 600735.205540000111796, 8171236.547730000689626 ], [ 600735.205540000111796, 8171235.947730001062155 ], [ 600735.805540000088513, 8171235.947730001062155 ], [ 600735.805540000088513, 8171234.74773000087589 ], [ 600741.205540000111796, 8171234.74773000087589 ], [ 600741.205540000111796, 8171238.947730001062155 ], [ 600741.805540000088513, 8171238.947730001062155 ], [ 600741.805540000088513, 8171247.947730001062155 ], [ 600739.40554000006523, 8171247.947730001062155 ], [ 600739.40554000006523, 8171248.547730000689626 ], [ 600735.805540000088513, 8171248.547730000689626 ] ] ] } },
{ "type": "Feature", "properties": { "id": 23, "instance": 82, "mean_prob": 0.973, "area_m2": 112.3 }, "geometry": { "type": "Polygon", "coordinates": [ [ [ 600937.40554000006523, 8171240.147730000317097 ], [ 600937.40554000006523, 8171239.547730000689626 ], [ 600932.605540000135079, 8171239.547730000689626 ], [ 600932.605540000135079, 8171238.947730001062155 ], [ 600930.805540000088513, 8171238.947730001062155 ], [ 600930.805540000088513, 8171238.347730000503361 ], [ 600930.205540000111796, 8171238.347730000503361 ], [ 600930.205540000111796, 8171235.947730001062155 ], [ 600930.805540000088513, 8171235.947730001062155 ], [ 600930.805540000088513, 8171232.947730001062155 ], [ 600931.40554000006523, 8171232.947730001062155 ], [ 600931.40554000006523, 8171231.74773000087589 ], [ 600945.205540000111796, 8171231.74773000087589 ], [ 600945.205540000111796, 8171232.347730000503361 ], [ 600944.605540000135079, 8171232.347730000503361 ], [ 600944.605540000135079, 8171238.947730001062155 ], [ 600945.205540000111796, 8171238.947730001062155 ], [ 600945.205540000111796, 8171239.547730000689626 ], [ 600944.605540000135079, 8171239.547730000689626 ], [ 600944.605540000135079, 8171240.147730000317097 ], [ 600937.40554000006523, 8171240.147730000317097 ] ] ] } },
{ "type": "Feature", "properties": { "id": 24, "instance": 149, "mean_prob": 0.999, "area_m2": 333.0 }, "geometry": { "type": "Polygon", "coordinates": [ [ [ 600906.205540000111796, 8171250.347730000503361 ], [ 600906.205540000111796, 8171249.74773000087589 ], [ 600905.605540000135079, 8171249.74773000087589 ], [ 600905.605540000135079, 8171246.147730000317097 ], [ 600905.005540000041947, 8171246.147730000317097 ], [ 600905.005540000041947, 8171244.347730000503361 ], [ 600904.40554000006523, 8171244.347730000503361 ], [ 600904.40554000006523, 8171235.947730001062155 ], [ 600905.005540000041947, 8171235.947730001062155 ], [ 600905.005540000041947, 8171230.547730000689626 ], [ 600906.205540000111796, 8171230.547730000689626 ], [ 600906.205540000111796, 8171229.947730001062155 ], [ 600921.205540000111796, 8171229.947730001062155 ], [ 600921.205540000111796, 8171230.547730000689626 ], [ 600921.805540000088513, 8171230.547730000689626 ], [ 600921.805540000088513, 8171237.147730000317097 ], [ 600922.40554000006523, 8171237.147730000317097 ], [ 600922.40554000006523, 8171241.347730000503361 ], [ 600921.805540000088513, 8171241.347730000503361 ], [ 600921.805540000088513, 8171243.74773000087589 ], [ 600920.605540000135079, 8171244.347730000503361 ], [ 600920.605540000135079, 8171244.947730001062155 ], [ 600920.005540000041947, 8171244.947730001062155 ], [ 600920.005540000041947, 8171246.147730000317097 ], [ 600919.40554000006523, 8171246.147730000317097 ], [ 600919.40554000006523, 8171250.347730000503361 ], [ 600906.205540000111796, 8171250.347730000503361 ] ] ] } },
{ "type": "Feature", "properties": { "id": 25, "instance": 108, "mean_prob": 0.993, "area_m2": 13.0 }, "geometry": { "type": "MultiPolygon", "coordinates": [ [ [ [ 600850.40554000006523, 8171217.347730000503361 ], [ 600839.005540000041947, 8171217.347730000503361 ], [ 600839.005540000041947, 8171217.947730001062155 ], [ 600850.40554000006523, 8171217.947730001062155 ], [ 600850.40554000006523, 8171217.347730000503361 ] ] ], [ [ [ 600852.805540000088513, 8171217.347730000503361 ], [ 600852.805540000088513, 8171217.947730001062155 ], [ 600855.205540000111796, 8171217.947730001062155 ], [ 600855.205540000111796, 8171217.347730000503361 ], [ 600852.805540000088513, 8171217.347730000503361 ] ] ], [ [ [ 600837.805540000088513, 8171217.947730001062155 ], [ 600837.805540000088513, 8171218.547730000689626 ], [ 600838.40554000006523, 8171218.547730000689626 ], [ 600838.40554000006523, 8171217.947730001062155 ], [ 600837.805540000088513, 8171217.947730001062155 ] ] ], [ [ [ 600856.40554000006523, 8171217.947730001062155 ], [ 600855.205540000111796, 8171217.947730001062155 ], [ 600855.205540000111796, 8171218.547730000689626 ], [ 600855.805540000088513, 8171218.547730000689626 ], [ 600855.805540000088513, 8171223.347730000503361 ], [ 600856.40554000006523, 8171223.347730000503361 ], [ 600856.40554000006523, 8171217.947730001062155 ] ] ], [ [ [ 600841.40554000006523, 8171228.147730000317097 ], [ 600841.40554000006523, 8171228.74773000087589 ], [ 600842.005540000041947, 8171228.74773000087589 ], [ 600842.005540000041947, 8171228.147730000317097 ], [ 600841.40554000006523, 8171228.147730000317097 ] ] ], [ [ [ 600844.40554000006523, 8171228.147730000317097 ], [ 600844.40554000006523, 8171228.74773000087589 ], [ 600845.005540000041947, 8171228.74773000087589 ], [ 600845.005540000041947, 8171228.147730000317097 ], [ 600844.40554000006523, 8171228.147730000317097 ] ] ] ] } },
{ "type": "Feature", "properties": { "id": 26, "instance": 53, "mean_prob": 0.897, "area_m2": 97.2 }, "geometry": { "type": "MultiPolygon", "coordinates": [ [ [ [ 600709.40554000006523, 8171226.947730001062155 ], [ 600709.40554000006523, 8171225.147730000317097 ], [ 600704.605540000135079, 8171225.147730000317097 ], [ 600704.605540000135079, 8171225.74773000087589 ], [ 600705.205540000111796, 8171225.74773000087589 ], [ 600705.205540000111796, 8171226.347730000503361 ], [ 600706.40554000006523, 8171226.347730000503361 ], [ 600706.40554000006523, 8171226.947730001062155 ], [ 600709.40554000006523, 8171226.947730001062155 ] ] ], [ [ [ 600710.605540000135079, 8171238.947730001062155 ], [ 600710.605540000135079, 8171229.347730000503361 ], [ 600710.005540000041947, 8171229.347730000503361 ], [ 600710.005540000041947, 8171228.147730000317097 ], [ 600709.40554000006523, 8171228.147730000317097 ], [ 600709.40554000006523, 8171227.547730000689626 ], [ 600708.205540000111796, 8171227.547730000689626 ], [ 600708.205540000111796, 8171228.147730000317097 ], [ 600706.40554000006523, 8171228.147730000317097 ], [ 600706.40554000006523, 8171228.74773000087589 ], [ 600701.605540000135079, 8171228.74773000087589 ], [ 600701.005540000041947, 8171229.947730001062155 ], [ 600701.605540000135079, 8171229.947730001062155 ], [ 600701.605540000135079, 8171234.74773000087589 ], [ 600702.205540000111796, 8171234.74773000087589 ], [ 600702.805540000088513, 8171238.347730000503361 ], [ 600704.005540000041947, 8171238.347730000503361 ], [ 600704.005540000041947, 8171238.947730001062155 ], [ 600710.605540000135079, 8171238.947730001062155 ] ] ] ] } },
{ "type": "Feature", "properties": { "id": 27, "instance": 36, "mean_prob": 0.836, "area_m2": 112.7 }, "geometry": { "type": "Polygon", "coordinates": [ [ [ 600713.005540000041947, 8171239.547730000689626 ], [ 600713.005540000041947, 8171238.347730000503361 ], [ 600712.40554000006523, 8171238.347730000503361 ], [ 600712.40554000006523, 8171237.147730000317097 ], [ 600711.805540000088513, 8171237.147730000317097 ], [ 600711.805540000088513, 8171234.74773000087589 ], [ 600711.205540000111796, 8171234.74773000087589 ], [ 600711.205540000111796, 8171231.147730000317097 ], [ 600711.805540000088513, 8171231.147730000317097 ], [ 600711.805540000088513, 8171229.347730000503361 ], [ 600711.205540000111796, 8171229.347730000503361 ], [ 600711.205540000111796, 8171223.947730001062155 ], [ 600716.605540000135079, 8171223.947730001062155 ], [ 600717.205540000111796, 8171225.147730000317097 ], [ 600716.005540000041947, 8171225.147730000317097 ], [ 600716.005540000041947, 8171225.74773000087589 ], [ 600716.605540000135079, 8171225.74773000087589 ], [ 600716.605540000135079, 8171226.947730001062155 ], [ 600717.205540000111796, 8171226.947730001062155 ], [ 600717.205540000111796, 8171227.547730000689626 ], [ 600718.40554000006523, 8171227.547730000689626 ], [ 600718.40554000006523, 8171228.74773000087589 ], [ 600719.605540000135079, 8171229.347730000503361 ], [ 600719.605540000135079, 8171239.547730000689626 ], [ 600713.005540000041947, 8171239.547730000689626 ] ] ] } },
{ "type": "Feature", "properties": { "id": 28, "instance": 69, "mean_prob": 0.948, "area_m2": 23.4 }, "geometry": { "type": "MultiPolygon", "coordinates": [ [ [ [ 600815.005540000041947, 8171202.347730000503361 ], [ 600815.005540000041947, 8171202.947730001062155 ], [ 600833.005540000041947, 8171202.947730001062155 ], [ 600833.005540000041947, 8171202.347730000503361 ], [ 600815.005540000041947, 8171202.347730000503361 ] ] ], [ [ [ 600813.805540000088513, 8171203.547730000689626 ], [ 600814.40554000006523, 8171203.547730000689626 ], [ 600814.40554000006523, 8171202.947730001062155 ], [ 600813.805540000088513, 8171202.947730001062155 ], [ 600813.805540000088513, 8171203.547730000689626 ] ] ], [ [ [ 600829.40554000006523, 8171206.547730000689626 ], [ 600830.005540000041947, 8171206.547730000689626 ], [ 600830.005540000041947, 8171205.947730001062155 ], [ 600829.40554000006523, 8171205.947730001062155 ], [ 600829.40554000006523, 8171206.547730000689626 ] ] ], [ [ [ 600824.005540000041947, 8171208.347730000503361 ], [ 600824.005540000041947, 8171208.947730001062155 ], [ 600824.605540000135079, 8171208.947730001062155 ], [ 600824.605540000135079, 8171208.347730000503361 ], [ 600824.005540000041947, 8171208.347730000503361 ] ] ], [ [ [ 600825.205540000111796, 8171208.947730001062155 ], [ 600826.40554000006523, 8171208.947730001062155 ], [ 600826.40554000006523, 8171208.347730000503361 ], [ 600825.205540000111796, 8171208.347730000503361 ], [ 600825.205540000111796, 8171208.947730001062155 ] ] ], [ [ [ 600827.605540000135079, 8171208.947730001062155 ], [ 600828.205540000111796, 8171208.947730001062155 ], [ 600828.205540000111796, 8171208.347730000503361 ], [ 600827.605540000135079, 8171208.347730000503361 ], [ 600827.605540000135079, 8171208.947730001062155 ] ] ], [ [ [ 600816.205540000111796, 8171217.947730001062155 ], [ 600816.205540000111796, 8171218.547730000689626 ], [ 600816.805540000088513, 8171218.547730000689626 ], [ 600816.805540000088513, 8171217.947730001062155 ], [ 600816.205540000111796, 8171217.947730001062155 ] ] ], [ [ [ 600833.005540000041947, 8171203.547730000689626 ], [ 600835.40554000006523, 8171203.547730000689626 ], [ 600835.40554000006523, 8171202.947730001062155 ], [ 600833.005540000041947, 8171202.947730001062155 ], [ 600833.005540000041947, 8171203.547730000689626 ] ] ], [ [ [ 600835.40554000006523, 8171204.74773000087589 ], [ 600836.005540000041947, 8171204.74773000087589 ], [ 600836.005540000041947, 8171204.147730000317097 ], [ 600835.40554000006523, 8171204.147730000317097 ], [ 600835.40554000006523, 8171204.74773000087589 ] ] ], [ [ [ 600836.005540000041947, 8171208.347730000503361 ], [ 600837.205540000111796, 8171208.347730000503361 ], [ 600837.205540000111796, 8171207.74773000087589 ], [ 600836.005540000041947, 8171207.74773000087589 ], [ 600836.005540000041947, 8171208.347730000503361 ] ] ], [ [ [ 600836.005540000041947, 8171208.347730000503361 ], [ 600828.805540000088513, 8171208.347730000503361 ], [ 600828.805540000088513, 8171208.947730001062155 ], [ 600836.005540000041947, 8171208.947730001062155 ], [ 600836.005540000041947, 8171208.347730000503361 ] ] ], [ [ [ 600833.005540000041947, 8171218.547730000689626 ], [ 600833.605540000135079, 8171218.547730000689626 ], [ 600833.605540000135079, 8171217.947730001062155 ], [ 600833.005540000041947, 8171217.947730001062155 ], [ 600833.005540000041947, 8171218.547730000689626 ] ] ], [ [ [ 600830.605540000135079, 8171219.74773000087589 ], [ 600831.205540000111796, 8171219.74773000087589 ], [ 600831.205540000111796, 8171219.147730000317097 ], [ 600833.005540000041947, 8171219.147730000317097 ], [ 600833.005540000041947, 8171218.547730000689626 ], [ 600828.805540000088513, 8171218.547730000689626 ], [ 600828.805540000088513, 8171219.147730000317097 ], [ 600830.605540000135079, 8171219.147730000317097 ], [ 600830.605540000135079, 8171219.74773000087589 ] ] ] ] } },
{ "type": "Feature", "properties": { "id": 29, "instance": 136, "mean_prob": 0.997, "area_m2": 107.6 }, "geometry": { "type": "Polygon", "coordinates": [ [ [ 600929.605540000135079, 8171228.147730000317097 ], [ 600929.605540000135079, 8171217.947730001062155 ], [ 600939.805540000088513, 8171217.947730001062155 ], [ 600939.805540000088513, 8171222.147730000317097 ], [ 600940.40554000006523, 8171222.147730000317097 ], [ 600940.40554000006523, 8171228.147730000317097 ], [ 600929.605540000135079, 8171228.147730000317097 ] ] ] } },
{ "type": "Feature", "properties": { "id": 30, "instance": 14, "mean_prob": 0.687, "area_m2": 71.6 }, "geometry": { "type": "Polygon", "coordinates": [ [ [ 600922.40554000006523, 8171230.547730000689626 ], [ 600922.40554000006523, 8171229.947730001062155 ], [ 600921.205540000111796, 8171229.947730001062155 ], [ 600921.205540000111796, 8171223.947730001062155 ], [ 600920.605540000135079, 8171223.947730001062155 ], [ 600920.605540000135079, 8171222.147730000317097 ], [ 600920.005540000041947, 8171222.147730000317097 ], [ 600920.005540000041947, 8171220.947730001062155 ], [ 600919.40554000006523, 8171220.947730001062155 ], [ 600919.40554000006523, 8171217.947730001062155 ], [ 600923.605540000135079, 8171217.947730001062155 ], [ 600923.605540000135079, 8171219.147730000317097 ], [ 600924.205540000111796, 8171219.147730000317097 ], [ 600924.805540000088513, 8171220.347730000503361 ], [ 600925.40554000006523, 8171220.347730000503361 ], [ 600926.005540000041947, 8171221.547730000689626 ], [ 600926.605540000135079, 8171221.547730000689626 ], [ 600926.605540000135079, 8171223.947730001062155 ], [ 600927.205540000111796, 8171223.947730001062155 ], [ 600927.205540000111796, 8171229.947730001062155 ], [ 600926.605540000135079, 8171229.947730001062155 ], [ 600926.605540000135079, 8171230.547730000689626 ], [ 600922.40554000006523, 8171230.547730000689626 ] ] ] } },
{ "type": "Feature", "properties": { "id": 31, "instance": 113, "mean_prob": 0.994, "area_m2": 11.9 }, "geometry": { "type": "Polygon", "coordinates": [ [ [ 600929.005540000041947, 8171226.947730001062155 ], [ 600929.005540000041947, 8171217.347730000503361 ], [ 600939.805540000088513, 8171217.347730000503361 ], [ 600939.805540000088513, 8171217.947730001062155 ], [ 600929.605540000135079, 8171217.947730001062155 ], [ 600929.605540000135079, 8171226.947730001062155 ], [ 600929.005540000041947, 8171226.947730001062155 ] ] ] } },
{ "type": "Feature", "properties": { "id": 32, "instance": 40, "mean_prob": 0.853, "area_m2": 83.9 }, "geometry": { "type": "Polygon", "coordinates": [ [ [ 600747.205540000111796, 8171228.147730000317097 ], [ 600747.205540000111796, 8171227.547730000689626 ], [ 600745.40554000006523, 8171227.547730000689626 ], [ 600744.805540000088513, 8171226.347730000503361 ], [ 600744.205540000111796, 8171226.347730000503361 ], [ 600744.205540000111796, 8171225.147730000317097 ], [ 600743.605540000135079, 8171225.147730000317097 ], [ 600743.605540000135079, 8171222.74773000087589 ], [ 600743.005540000041947, 8171222.74773000087589 ], [ 600743.005540000041947, 8171217.347730000503361 ], [ 600750.805540000088513, 8171217.347730000503361 ], [ 600750.805540000088513, 8171219.74773000087589 ], [ 600750.205540000111796, 8171219.74773000087589 ], [ 600750.205540000111796, 8171220.947730001062155 ], [ 600750.805540000088513, 8171220.947730001062155 ], [ 600750.805540000088513, 8171222.74773000087589 ], [ 600752.005540000041947, 8171223.347730000503361 ], [ 600752.005540000041947, 8171223.947730001062155 ], [ 600752.605540000135079, 8171223.947730001062155 ], [ 600752.605540000135079, 8171227.547730000689626 ], [ 600752.005540000041947, 8171227.547730000689626 ], [ 600752.005540000041947, 8171228.147730000317097 ], [ 600747.205540000111796, 8171228.147730000317097 ] ] ] } },
{ "type": "Feature", "properties": { "id": 33, "instance": 119, "mean_prob": 0.995, "area_m2": 190.4 }, "geometry": { "type": "Polygon", "coordinates": [ [ [ 600851.005540000041947, 8171229.347730000503361 ], [ 600851.005540000041947, 8171228.74773000087589 ], [ 600847.40554000006523, 8171228.74773000087589 ], [ 600847.40554000006523, 8171228.147730000317097 ], [ 600844.40554000006523, 8171228.147730000317097 ], [ 600844.40554000006523, 8171228.74773000087589 ], [ 600842.005540000041947, 8171228.74773000087589 ], [ 600842.005540000041947, 8171228.147730000317097 ], [ 600840.205540000111796, 8171228.147730000317097 ], [ 600840.205540000111796, 8171227.547730000689626 ], [ 600839.605540000135079, 8171227.547730000689626 ], [ 600839.605540000135079, 8171226.347730000503361 ], [ 600838.40554000006523, 8171225.74773000087589 ], [ 600837.805540000088513, 8171218.547730000689626 ], [ 600838.40554000006523, 8171218.547730000689626 ], [ 600838.40554000006523, 8171217.947730001062155 ], [ 600850.40554000006523, 8171217.947730001062155 ], [ 600850.40554000006523, 8171217.347730000503361 ], [ 600855.205540000111796, 8171217.947730001062155 ], [ 600855.205540000111796, 8171218.547730000689626 ], [ 600855.805540000088513, 8171218.547730000689626 ], [ 600855.805540000088513, 8171223.347730000503361 ], [ 600856.40554000006523, 8171223.347730000503361 ], [ 600856.40554000006523, 8171228.74773000087589 ], [ 600855.805540000088513, 8171228.74773000087589 ], [ 600855.805540000088513, 8171229.347730000503361 ], [ 600851.005540000041947, 8171229.347730000503361 ] ] ] } },
{ "type": "Feature", "properties": { "id": 34, "instance": 114, "mean_prob": 0.994, "area_m2": 70.9 }, "geometry": { "type": "Polygon", "coordinates": [ [ [ 600701.605540000135079, 8171217.947730001062155 ], [ 600701.605540000135079, 8171217.347730000503361 ], [ 600701.005540000041947, 8171217.347730000503361 ], [ 600701.005540000041947, 8171213.74773000087589 ], [ 600701.605540000135079, 8171213.74773000087589 ], [ 600701.605540000135079, 8171211.347730000503361 ], [ 600712.40554000006523, 8171211.347730000503361 ], [ 600712.40554000006523, 8171217.947730001062155 ], [ 600708.205540000111796, 8171217.947730001062155 ], [ 600708.205540000111796, 8171217.347730000503361 ], [ 600704.005540000041947, 8171217.347730000503361 ], [ 600704.005540000041947, 8171217.947730001062155 ], [ 600701.605540000135079, 8171217.947730001062155 ] ] ] } },
{ "type": "Feature", "properties": { "id": 35, "instance": 41, "mean_prob": 0.853, "area_m2": 56.2 }, "geometry": { "type": "Polygon", "coordinates": [ [ [ 600731.605540000135079, 8171217.347730000503361 ], [ 600731.605540000135079, 8171216.74773000087589 ], [ 600730.40554000006523, 8171216.74773000087589 ], [ 600730.40554000006523, 8171213.74773000087589 ], [ 600731.005540000041947, 8171213.74773000087589 ], [ 600731.005540000041947, 8171211.947730001062155 ], [ 600730.40554000006523, 8171211.947730001062155 ], [ 600730.40554000006523, 8171210.74773000087589 ], [ 600738.805540000088513, 8171210.74773000087589 ], [ 600738.805540000088513, 8171211.347730000503361 ], [ 600739.40554000006523, 8171211.347730000503361 ], [ 600739.40554000006523, 8171216.74773000087589 ], [ 600737.605540000135079, 8171216.74773000087589 ], [ 600737.605540000135079, 8171217.347730000503361 ], [ 600731.605540000135079, 8171217.347730000503361 ] ] ] } },
{ "type": "Feature", "properties": { "id": 36, "instance": 142, "mean_prob": 0.998, "area_m2": 209.2 }, "geometry": { "type": "Polygon", "coordinates": [ [ [ 600683.005540000041947, 8171227.547730000689626 ], [ 600683.005540000041947, 8171226.947730001062155 ], [ 600680.005540000041947, 8171226.947730001062155 ], [ 600680.005540000041947, 8171226.347730000503361 ], [ 600676.40554000006523, 8171226.347730000503361 ], [ 600676.40554000006523, 8171225.74773000087589 ], [ 600674.605540000135079, 8171225.74773000087589 ], [ 600674.605540000135079, 8171225.147730000317097 ], [ 600674.005540000041947, 8171225.147730000317097 ], [ 600674.005540000041947, 8171222.74773000087589 ], [ 600674.605540000135079, 8171222.74773000087589 ], [ 600674.605540000135079, 8171222.147730000317097 ], [ 600674.005540000041947, 8171222.147730000317097 ], [ 600674.005540000041947, 8171219.74773000087589 ], [ 600673.40554000006523, 8171219.74773000087589 ], [ 600673.40554000006523, 8171213.147730000317097 ], [ 600674.605540000135079, 8171212.547730000689626 ], [ 600675.205540000111796, 8171210.147730000317097 ], [ 600676.40554000006523, 8171210.147730000317097 ], [ 600676.40554000006523, 8171209.547730000689626 ], [ 600680.005540000041947, 8171209.547730000689626 ], [ 600680.005540000041947, 8171210.147730000317097 ], [ 600681.805540000088513, 8171210.147730000317097 ], [ 600681.805540000088513, 8171210.74773000087589 ], [ 600683.005540000041947, 8171210.74773000087589 ], [ 600683.005540000041947, 8171211.347730000503361 ], [ 600687.205540000111796, 8171211.347730000503361 ], [ 600687.205540000111796, 8171217.347730000503361 ], [ 600686.605540000135079, 8171217.347730000503361 ], [ 600686.605540000135079, 8171226.347730000503361 ], [ 600686.005540000041947, 8171226.347730000503361 ], [ 600686.005540000041947, 8171227.547730000689626 ], [ 600683.005540000041947, 8171227.547730000689626 ] ], [ [ 600683.005540000041947, 8171213.147730000317097 ], [ 600684.205540000111796, 8171213.147730000317097 ], [ 600684.205540000111796, 8171212.547730000689626 ], [ 600683.005540000041947, 8171212.547730000689626 ], [ 600683.005540000041947, 8171213.147730000317097 ] ] ] } },
{ "type": "Feature", "properties": { "id": 37, "instance": 64, "mean_prob": 0.939, "area_m2": 71.3 }, "geometry": { "type": "MultiPolygon", "coordinates": [ [ [ [ 600830.005540000041947, 8171208.347730000503361 ], [ 600830.005540000041947, 8171207.74773000087589 ], [ 600831.205540000111796, 8171207.74773000087589 ], [ 600831.205540000111796, 8171207.147730000317097 ], [ 600835.40554000006523, 8171207.147730000317097 ], [ 600836.005540000041947, 8171205.947730001062155 ], [ 600836.605540000135079, 8171205.947730001062155 ], [ 600836.605540000135079, 8171204.74773000087589 ], [ 600837.205540000111796, 8171204.74773000087589 ], [ 600837.205540000111796, 8171202.947730001062155 ], [ 600836.005540000041947, 8171202.947730001062155 ], [ 600836.005540000041947, 8171202.347730000503361 ], [ 600833.005540000041947, 8171202.347730000503361 ], [ 600833.005540000041947, 8171202.947730001062155 ], [ 600835.40554000006523, 8171202.947730001062155 ], [ 600835.40554000006523, 8171204.147730000317097 ], [ 600836.005540000041947, 8171204.147730000317097 ], [ 600836.005540000041947, 8171205.347730000503361 ], [ 600835.40554000006523, 8171205.347730000503361 ], [ 600834.805540000088513, 8171206.547730000689626 ], [ 600834.205540000111796, 8171206.547730000689626 ], [ 600834.205540000111796, 8171205.947730001062155 ], [ 600833.005540000041947, 8171205.947730001062155 ], [ 600833.005540000041947, 8171206.547730000689626 ], [ 600832.40554000006523, 8171206.547730000689626 ], [ 600832.40554000006523, 8171205.947730001062155 ], [ 600830.005540000041947, 8171205.947730001062155 ], [ 600830.005540000041947, 8171206.547730000689626 ], [ 600826.40554000006523, 8171206.547730000689626 ], [ 600826.40554000006523, 8171207.147730000317097 ], [ 600824.605540000135079, 8171207.147730000317097 ], [ 600824.605540000135079, 8171207.74773000087589 ], [ 600824.005540000041947, 8171207.74773000087589 ], [ 600824.005540000041947, 8171208.347730000503361 ], [ 600830.005540000041947, 8171208.347730000503361 ] ] ], [ [ [ 600814.40554000006523, 8171217.347730000503361 ], [ 600813.805540000088513, 8171217.347730000503361 ], [ 600813.805540000088513, 8171215.547730000689626 ], [ 600813.205540000111796, 8171215.547730000689626 ], [ 600813.205540000111796, 8171203.547730000689626 ], [ 600813.805540000088513, 8171203.547730000689626 ], [ 600813.805540000088513, 8171202.947730001062155 ], [ 600815.005540000041947, 8171202.947730001062155 ], [ 600815.005540000041947, 8171202.347730000503361 ], [ 600810.205540000111796, 8171202.347730000503361 ], [ 600810.205540000111796, 8171210.74773000087589 ], [ 600810.805540000088513, 8171210.74773000087589 ], [ 600810.805540000088513, 8171216.147730000317097 ], [ 600811.40554000006523, 8171216.147730000317097 ], [ 600811.40554000006523, 8171217.347730000503361 ], [ 600812.605540000135079, 8171217.347730000503361 ], [ 600812.605540000135079, 8171217.947730001062155 ], [ 600814.40554000006523, 8171217.947730001062155 ], [ 600814.40554000006523, 8171217.347730000503361 ] ] ], [ [ [ 600838.40554000006523, 8171216.74773000087589 ], [ 600839.005540000041947, 8171216.74773000087589 ], [ 600839.005540000041947, 8171215.547730000689626 ], [ 600838.40554000006523, 8171215.547730000689626 ], [ 600838.40554000006523, 8171209.547730000689626 ], [ 600837.805540000088513, 8171209.547730000689626 ], [ 600837.805540000088513, 8171216.74773000087589 ], [ 600837.205540000111796, 8171216.74773000087589 ], [ 600837.205540000111796, 8171217.347730000503361 ], [ 600838.40554000006523, 8171217.347730000503361 ], [ 600838.40554000006523, 8171216.74773000087589 ] ] ] ] } },
{ "type": "Feature", "properties": { "id": 38, "instance": 44, "mean_prob": 0.861, "area_m2": 60.1 }, "geometry": { "type": "Polygon", "coordinates": [ [ [ 600940.40554000006523, 8171215.547730000689626 ], [ 600940.40554000006523, 8171214.347730000503361 ], [ 600939.805540000088513, 8171214.347730000503361 ], [ 600939.805540000088513, 8171207.74773000087589 ], [ 600944.005540000041947, 8171207.74773000087589 ], [ 600944.005540000041947, 8171208.947730001062155 ], [ 600944.605540000135079, 8171208.947730001062155 ], [ 600944.605540000135079, 8171209.547730000689626 ], [ 600948.205540000111796, 8171209.547730000689626 ], [ 600948.205540000111796, 8171210.147730000317097 ], [ 600948.805540000088513, 8171210.147730000317097 ], [ 600948.805540000088513, 8171214.947730001062155 ], [ 600947.605540000135079, 8171214.947730001062155 ], [ 600947.605540000135079, 8171215.547730000689626 ], [ 600940.40554000006523, 8171215.547730000689626 ] ] ] } },
{ "type": "Feature", "properties": { "id": 39, "instance": 7, "mean_prob": 0.601, "area_m2": 116.3 }, "geometry": { "type": "Polygon", "coordinates": [ [ [ 600716.005540000041947, 8171219.74773000087589 ], [ 600716.005540000041947, 8171214.347730000503361 ], [ 600716.605540000135079, 8171214.347730000503361 ], [ 600716.605540000135079, 8171211.947730001062155 ], [ 600717.205540000111796, 8171211.947730001062155 ], [ 600717.205540000111796, 8171210.147730000317097 ], [ 600717.805540000088513, 8171210.147730000317097 ], [ 600717.805540000088513, 8171208.347730000503361 ], [ 600718.40554000006523, 8171208.347730000503361 ], [ 600718.40554000006523, 8171207.147730000317097 ], [ 600720.805540000088513, 8171207.147730000317097 ], [ 600720.805540000088513, 8171207.74773000087589 ], [ 600723.805540000088513, 8171207.74773000087589 ], [ 600724.40554000006523, 8171208.947730001062155 ], [ 600725.605540000135079, 8171208.947730001062155 ], [ 600725.605540000135079, 8171209.547730000689626 ], [ 600726.805540000088513, 8171210.147730000317097 ], [ 600726.805540000088513, 8171210.74773000087589 ], [ 600727.40554000006523, 8171210.74773000087589 ], [ 600727.40554000006523, 8171213.147730000317097 ], [ 600726.805540000088513, 8171213.147730000317097 ], [ 600726.805540000088513, 8171218.547730000689626 ], [ 600726.205540000111796, 8171218.547730000689626 ], [ 600726.205540000111796, 8171219.147730000317097 ], [ 600721.40554000006523, 8171219.147730000317097 ], [ 600721.40554000006523, 8171219.74773000087589 ], [ 600716.005540000041947, 8171219.74773000087589 ] ] ] } },
{ "type": "Feature", "properties": { "id": 40, "instance": 91, "mean_prob": 0.985, "area_m2": 61.2 }, "geometry": { "type": "Polygon", "coordinates": [ [ [ 600687.805540000088513, 8171211.347730000503361 ], [ 600687.805540000088513, 8171210.74773000087589 ], [ 600684.805540000088513, 8171210.74773000087589 ], [ 600684.805540000088513, 8171210.147730000317097 ], [ 600684.205540000111796, 8171210.147730000317097 ], [ 600684.205540000111796, 8171208.347730000503361 ], [ 600684.805540000088513, 8171208.347730000503361 ], [ 600684.805540000088513, 8171204.74773000087589 ], [ 600686.005540000041947, 8171204.74773000087589 ], [ 600686.005540000041947, 8171204.147730000317097 ], [ 600690.205540000111796, 8171204.147730000317097 ], [ 600690.205540000111796, 8171203.547730000689626 ], [ 600693.805540000088513, 8171203.547730000689626 ], [ 600693.805540000088513, 8171205.947730001062155 ], [ 600693.205540000111796, 8171205.947730001062155 ], [ 600693.205540000111796, 8171209.547730000689626 ], [ 600692.605540000135079, 8171209.547730000689626 ], [ 600692.605540000135079, 8171211.347730000503361 ], [ 600687.805540000088513, 8171211.347730000503361 ] ] ] } },
{ "type": "Feature", "properties": { "id": 41, "instance": 75, "mean_prob": 0.963, "area_m2": 331.6 }, "geometry": { "type": "Polygon", "coordinates": [ [ [ 600816.805540000088513, 8171218.547730000689626 ], [ 600816.805540000088513, 8171217.947730001062155 ], [ 600814.40554000006523, 8171217.947730001062155 ], [ 600814.40554000006523, 8171217.347730000503361 ], [ 600813.805540000088513, 8171217.347730000503361 ], [ 600813.805540000088513, 8171215.547730000689626 ], [ 600813.205540000111796, 8171215.547730000689626 ], [ 600813.205540000111796, 8171203.547730000689626 ], [ 600814.40554000006523, 8171203.547730000689626 ], [ 600814.40554000006523, 8171202.947730001062155 ], [ 600833.005540000041947, 8171202.947730001062155 ], [ 600833.005540000041947, 8171203.547730000689626 ], [ 600835.40554000006523, 8171203.547730000689626 ], [ 600835.40554000006523, 8171204.74773000087589 ], [ 600836.005540000041947, 8171204.74773000087589 ], [ 600836.005540000041947, 8171205.347730000503361 ], [ 600835.40554000006523, 8171205.347730000503361 ], [ 600834.805540000088513, 8171206.547730000689626 ], [ 600834.205540000111796, 8171206.547730000689626 ], [ 600834.205540000111796, 8171205.947730001062155 ], [ 600833.005540000041947, 8171205.947730001062155 ], [ 600833.005540000041947, 8171206.547730000689626 ], [ 600832.40554000006523, 8171206.547730000689626 ], [ 600832.40554000006523, 8171205.947730001062155 ], [ 600826.40554000006523, 8171206.547730000689626 ], [ 600826.40554000006523, 8171207.147730000317097 ], [ 600824.605540000135079, 8171207.147730000317097 ], [ 600824.605540000135079, 8171207.74773000087589 ], [ 600824.005540000041947, 8171207.74773000087589 ], [ 600824.005540000041947, 8171208.947730001062155 ], [ 600836.005540000041947, 8171208.947730001062155 ], [ 600836.005540000041947, 8171208.347730000503361 ], [ 600837.205540000111796, 8171208.347730000503361 ], [ 600837.205540000111796, 8171208.947730001062155 ], [ 600837.805540000088513, 8171208.947730001062155 ], [ 600837.805540000088513, 8171216.74773000087589 ], [ 600837.205540000111796, 8171216.74773000087589 ], [ 600837.205540000111796, 8171217.347730000503361 ], [ 600836.005540000041947, 8171217.347730000503361 ], [ 600836.005540000041947, 8171217.947730001062155 ], [ 600833.005540000041947, 8171217.947730001062155 ], [ 600833.005540000041947, 8171218.547730000689626 ], [ 600816.805540000088513, 8171218.547730000689626 ] ] ] } },
{ "type": "Feature", "properties": { "id": 42, "instance": 68, "mean_prob": 0.945, "area_m2": 11.5 }, "geometry": { "type": "MultiPolygon", "coordinates": [ [ [ [ 600759.205540000111796, 8171185.547730000689626 ], [ 600759.205540000111796, 8171186.147730000317097 ], [ 600765.805540000088513, 8171186.147730000317097 ], [ 600765.805540000088513, 8171185.547730000689626 ], [ 600759.205540000111796, 8171185.547730000689626 ] ] ], [ [ [ 600758.005540000041947, 8171186.147730000317097 ], [ 600758.005540000041947, 8171186.74773000087589 ], [ 600758.605540000135079, 8171186.74773000087589 ], [ 600758.605540000135079, 8171186.147730000317097 ], [ 600758.005540000041947, 8171186.147730000317097 ] ] ], [ [ [ 600765.805540000088513, 8171186.147730000317097 ], [ 600765.805540000088513, 8171186.74773000087589 ], [ 600766.40554000006523, 8171186.74773000087589 ], [ 600766.40554000006523, 8171186.147730000317097 ], [ 600765.805540000088513, 8171186.147730000317097 ] ] ], [ [ [ 600757.40554000006523, 8171186.74773000087589 ], [ 600757.40554000006523, 8171187.347730000503361 ], [ 600758.005540000041947, 8171187.347730000503361 ], [ 600758.005540000041947, 8171186.74773000087589 ], [ 600757.40554000006523, 8171186.74773000087589 ] ] ], [ [ [ 600766.40554000006523, 8171186.74773000087589 ], [ 600766.40554000006523, 8171187.347730000503361 ], [ 600767.005540000041947, 8171187.347730000503361 ], [ 600767.005540000041947, 8171186.74773000087589 ], [ 600766.40554000006523, 8171186.74773000087589 ] ] ], [ [ [ 600756.805540000088513, 8171187.347730000503361 ], [ 600756.805540000088513, 8171190.947730001062155 ], [ 600757.40554000006523, 8171190.947730001062155 ], [ 600757.40554000006523, 8171187.347730000503361 ], [ 600756.805540000088513, 8171187.347730000503361 ] ] ], [ [ [ 600758.605540000135079, 8171195.147730000317097 ], [ 600758.605540000135079, 8171196.347730000503361 ], [ 600759.205540000111796, 8171196.347730000503361 ], [ 600759.205540000111796, 8171195.147730000317097 ], [ 600758.605540000135079, 8171195.147730000317097 ] ] ], [ [ [ 600760.40554000006523, 8171198.74773000087589 ], [ 600762.205540000111796, 8171198.74773000087589 ], [ 600762.205540000111796, 8171198.147730000317097 ], [ 600760.40554000006523, 8171198.147730000317097 ], [ 600760.40554000006523, 8171198.74773000087589 ] ] ], [ [ [ 600764.005540000041947, 8171198.74773000087589 ], [ 600767.605540000135079, 8171198.74773000087589 ], [ 600767.605540000135079, 8171198.147730000317097 ], [ 600764.005540000041947, 8171198.147730000317097 ], [ 600764.005540000041947, 8171198.74773000087589 ] ] ] ] } },
{ "type": "Feature", "properties": { "id": 43, "instance": 127, "mean_prob": 0.996, "area_m2": 11.5 }, "geometry": { "type": "MultiPolygon", "coordinates": [ [ [ [ 600809.005540000041947, 8171186.74773000087589 ], [ 600808.40554000006523, 8171186.74773000087589 ], [ 600808.40554000006523, 8171187.347730000503361 ], [ 600809.005540000041947, 8171187.347730000503361 ], [ 600809.005540000041947, 8171186.74773000087589 ] ] ], [ [ [ 600806.005540000041947, 8171187.947730001062155 ], [ 600807.805540000088513, 8171187.947730001062155 ], [ 600807.805540000088513, 8171186.74773000087589 ], [ 600805.40554000006523, 8171187.347730000503361 ], [ 600804.805540000088513, 8171188.547730000689626 ], [ 600806.005540000041947, 8171188.547730000689626 ], [ 600806.005540000041947, 8171187.947730001062155 ] ] ], [ [ [ 600806.005540000041947, 8171198.147730000317097 ], [ 600804.805540000088513, 8171198.147730000317097 ], [ 600804.805540000088513, 8171193.947730001062155 ], [ 600804.205540000111796, 8171193.947730001062155 ], [ 600804.205540000111796, 8171193.347730000503361 ], [ 600804.805540000088513, 8171193.347730000503361 ], [ 600804.805540000088513, 8171191.547730000689626 ], [ 600804.205540000111796, 8171191.547730000689626 ], [ 600804.205540000111796, 8171192.74773000087589 ], [ 600803.605540000135079, 8171192.74773000087589 ], [ 600803.605540000135079, 8171198.147730000317097 ], [ 600804.205540000111796, 8171198.147730000317097 ], [ 600804.205540000111796, 8171198.74773000087589 ], [ 600806.005540000041947, 8171198.74773000087589 ], [ 600806.005540000041947, 8171198.147730000317097 ] ] ], [ [ [ 600813.805540000088513, 8171197.547730000689626 ], [ 600813.205540000111796, 8171197.547730000689626 ], [ 600813.205540000111796, 8171198.147730000317097 ], [ 600813.805540000088513, 8171198.147730000317097 ], [ 600813.805540000088513, 8171197.547730000689626 ] ] ] ] } },
{ "type": "Feature", "properties": { "id": 44, "instance": 96, "mean_prob": 0.988, "area_m2": 12.6 }, "geometry": { "type": "MultiPolygon", "coordinates": [ [ [ [ 600944.005540000041947, 8171181.947730001062155 ], [ 600943.40554000006523, 8171181.947730001062155 ], [ 600943.40554000006523, 8171181.347730000503361 ], [ 600935.005540000041947, 8171181.347730000503361 ], [ 600935.005540000041947, 8171181.947730001062155 ], [ 600940.40554000006523, 8171181.947730001062155 ], [ 600940.40554000006523, 8171182.547730000689626 ], [ 600943.40554000006523, 8171182.547730000689626 ], [ 600943.40554000006523, 8171183.74773000087589 ], [ 600944.005540000041947, 8171183.74773000087589 ], [ 600944.005540000041947, 8171181.947730001062155 ] ] ], [ [ [ 600944.005540000041947, 8171184.347730000503361 ], [ 600943.40554000006523, 8171184.347730000503361 ], [ 600943.40554000006523, 8171184.947730001062155 ], [ 600944.005540000041947, 8171184.947730001062155 ], [ 600944.005540000041947, 8171184.347730000503361 ] ] ], [ [ [ 600944.605540000135079, 8171189.147730000317097 ], [ 600944.005540000041947, 8171189.147730000317097 ], [ 600944.005540000041947, 8171191.547730000689626 ], [ 600944.605540000135079, 8171191.547730000689626 ], [ 600944.605540000135079, 8171189.147730000317097 ] ] ], [ [ [ 600944.605540000135079, 8171196.347730000503361 ], [ 600939.805540000088513, 8171196.347730000503361 ], [ 600939.805540000088513, 8171196.947730001062155 ], [ 600944.605540000135079, 8171196.947730001062155 ], [ 600944.605540000135079, 8171196.347730000503361 ] ] ] ] } },
{ "type": "Feature", "properties": { "id": 45, "instance": 122, "mean_prob": 0.996, "area_m2": 109.1 }, "geometry": { "type": "Polygon", "coordinates": [ [ [ 600929.605540000135079, 8171205.347730000503361 ], [ 600929.605540000135079, 8171204.74773000087589 ], [ 600924.805540000088513, 8171204.74773000087589 ], [ 600924.805540000088513, 8171203.547730000689626 ], [ 600924.205540000111796, 8171203.547730000689626 ], [ 600924.205540000111796, 8171195.74773000087589 ], [ 600924.805540000088513, 8171195.74773000087589 ], [ 600924.805540000088513, 8171195.147730000317097 ], [ 600935.605540000135079, 8171195.147730000317097 ], [ 600935.605540000135079, 8171201.147730000317097 ], [ 600935.005540000041947, 8171201.147730000317097 ], [ 600935.005540000041947, 8171204.74773000087589 ], [ 600934.40554000006523, 8171204.74773000087589 ], [ 600934.40554000006523, 8171205.347730000503361 ], [ 600929.605540000135079, 8171205.347730000503361 ] ] ] } },
{ "type": "Feature", "properties": { "id": 46, "instance": 112, "mean_prob": 0.994, "area_m2": 82.1 }, "geometry": { "type": "MultiPolygon", "coordinates": [ [ [ [ 600858.805540000088513, 8171167.547730000689626 ], [ 600858.805540000088513, 8171166.347730000503361 ], [ 600858.205540000111796, 8171166.347730000503361 ], [ 600858.205540000111796, 8171167.547730000689626 ], [ 600858.805540000088513, 8171167.547730000689626 ] ] ], [ [ [ 600870.205540000111796, 8171192.74773000087589 ], [ 600872.005540000041947, 8171192.74773000087589 ], [ 600872.005540000041947, 8171192.147730000317097 ], [ 600872.605540000135079, 8171192.147730000317097 ], [ 600872.605540000135079, 8171190.947730001062155 ], [ 600873.205540000111796, 8171190.947730001062155 ], [ 600873.205540000111796, 8171163.947730001062155 ], [ 600872.605540000135079, 8171163.947730001062155 ], [ 600872.605540000135079, 8171163.347730000503361 ], [ 600870.205540000111796, 8171163.347730000503361 ], [ 600870.205540000111796, 8171163.947730001062155 ], [ 600870.805540000088513, 8171163.947730001062155 ], [ 600870.805540000088513, 8171167.547730000689626 ], [ 600870.205540000111796, 8171167.547730000689626 ], [ 600870.205540000111796, 8171169.347730000503361 ], [ 600870.805540000088513, 8171169.347730000503361 ], [ 600870.805540000088513, 8171177.147730000317097 ], [ 600870.205540000111796, 8171177.147730000317097 ], [ 600870.205540000111796, 8171191.547730000689626 ], [ 600869.605540000135079, 8171191.547730000689626 ], [ 600869.605540000135079, 8171192.74773000087589 ], [ 600869.005540000041947, 8171192.74773000087589 ], [ 600869.005540000041947, 8171193.347730000503361 ], [ 600870.205540000111796, 8171193.347730000503361 ], [ 600870.205540000111796, 8171192.74773000087589 ] ] ], [ [ [ 600868.40554000006523, 8171193.947730001062155 ], [ 600869.005540000041947, 8171193.947730001062155 ], [ 600869.005540000041947, 8171193.347730000503361 ], [ 600868.40554000006523, 8171193.347730000503361 ], [ 600868.40554000006523, 8171193.947730001062155 ] ] ] ] } },
{ "type": "Feature", "properties": { "id": 47, "instance": 33, "mean_prob": 0.805, "area_m2": 16.6 }, "geometry": { "type": "MultiPolygon", "coordinates": [ [ [ [ 600889.40554000006523, 8171178.347730000503361 ], [ 600888.805540000088513, 8171178.347730000503361 ], [ 600888.805540000088513, 8171178.947730001062155 ], [ 600889.40554000006523, 8171178.947730001062155 ], [ 600889.40554000006523, 8171178.347730000503361 ] ] ], [ [ [ 600889.40554000006523, 8171178.947730001062155 ], [ 600889.40554000006523, 8171190.347730000503361 ], [ 600890.005540000041947, 8171190.347730000503361 ], [ 600890.005540000041947, 8171178.947730001062155 ], [ 600889.40554000006523, 8171178.947730001062155 ] ] ], [ [ [ 600889.40554000006523, 8171191.547730000689626 ], [ 600889.40554000006523, 8171192.147730000317097 ], [ 600887.005540000041947, 8171192.147730000317097 ], [ 600887.005540000041947, 8171192.74773000087589 ], [ 600877.40554000006523, 8171192.74773000087589 ], [ 600877.40554000006523, 8171193.347730000503361 ], [ 600887.605540000135079, 8171193.347730000503361 ], [ 600887.605540000135079, 8171192.74773000087589 ], [ 600890.005540000041947, 8171192.74773000087589 ], [ 600890.005540000041947, 8171192.147730000317097 ], [ 600890.605540000135079, 8171192.147730000317097 ], [ 600890.605540000135079, 8171190.347730000503361 ], [ 600890.005540000041947, 8171190.347730000503361 ], [ 600890.005540000041947, 8171191.547730000689626 ], [ 600889.40554000006523, 8171191.547730000689626 ] ] ] ] } },
{ "type": "Feature", "properties": { "id": 48, "instance": 92, "mean_prob": 0.985, "area_m2": 118.8 }, "geometry": { "type": "Polygon", "coordinates": [ [ [ 600760.40554000006523, 8171198.147730000317097 ], [ 600760.40554000006523, 8171197.547730000689626 ], [ 600759.205540000111796, 8171196.947730001062155 ], [ 600759.205540000111796, 8171195.147730000317097 ], [ 600758.005540000041947, 8171195.147730000317097 ], [ 600758.005540000041947, 8171193.947730001062155 ], [ 600757.40554000006523, 8171193.947730001062155 ], [ 600757.40554000006523, 8171187.347730000503361 ], [ 600758.605540000135079, 8171186.74773000087589 ], [ 600758.605540000135079, 8171186.147730000317097 ], [ 600765.805540000088513, 8171186.147730000317097 ], [ 600766.40554000006523, 8171187.347730000503361 ], [ 600767.605540000135079, 8171187.347730000503361 ], [ 600767.605540000135079, 8171188.547730000689626 ], [ 600768.205540000111796, 8171188.547730000689626 ], [ 600768.205540000111796, 8171190.347730000503361 ], [ 600768.805540000088513, 8171190.347730000503361 ], [ 600768.805540000088513, 8171191.547730000689626 ], [ 600768.205540000111796, 8171191.547730000689626 ], [ 600768.205540000111796, 8171198.147730000317097 ], [ 600760.40554000006523, 8171198.147730000317097 ] ] ] } },
{ "type": "Feature", "properties": { "id": 49, "instance": 134, "mean_prob": 0.997, "area_m2": 232.9 }, "geometry": { "type": "Polygon", "coordinates": [ [ [ 600804.805540000088513, 8171198.147730000317097 ], [ 600804.805540000088513, 8171193.947730001062155 ], [ 600804.205540000111796, 8171193.947730001062155 ], [ 600804.205540000111796, 8171193.347730000503361 ], [ 600804.805540000088513, 8171193.347730000503361 ], [ 600804.805540000088513, 8171188.547730000689626 ], [ 600806.005540000041947, 8171188.547730000689626 ], [ 600806.005540000041947, 8171187.947730001062155 ], [ 600807.805540000088513, 8171187.947730001062155 ], [ 600807.805540000088513, 8171186.74773000087589 ], [ 600809.005540000041947, 8171187.347730000503361 ], [ 600809.005540000041947, 8171186.74773000087589 ], [ 600811.40554000006523, 8171186.74773000087589 ], [ 600811.40554000006523, 8171186.147730000317097 ], [ 600824.605540000135079, 8171186.147730000317097 ], [ 600824.605540000135079, 8171186.74773000087589 ], [ 600825.205540000111796, 8171186.74773000087589 ], [ 600825.205540000111796, 8171187.947730001062155 ], [ 600825.805540000088513, 8171187.947730001062155 ], [ 600825.805540000088513, 8171190.947730001062155 ], [ 600826.40554000006523, 8171190.947730001062155 ], [ 600826.40554000006523, 8171193.347730000503361 ], [ 600825.805540000088513, 8171193.347730000503361 ], [ 600825.805540000088513, 8171196.347730000503361 ], [ 600825.205540000111796, 8171196.347730000503361 ], [ 600825.205540000111796, 8171196.947730001062155 ], [ 600823.40554000006523, 8171196.947730001062155 ], [ 600823.40554000006523, 8171197.547730000689626 ], [ 600810.805540000088513, 8171197.547730000689626 ], [ 600810.805540000088513, 8171198.147730000317097 ], [ 600804.805540000088513, 8171198.147730000317097 ] ] ] } },
{ "type": "Feature", "properties": { "id": 50, "instance": 141, "mean_prob": 0.998, "area_m2": 122.4 }, "geometry": { "type": "Polygon", "coordinates": [ [ [ 600936.205540000111796, 8171196.347730000503361 ], [ 600936.205540000111796, 8171195.74773000087589 ], [ 600935.605540000135079, 8171195.74773000087589 ], [ 600935.605540000135079, 8171189.147730000317097 ], [ 600935.005540000041947, 8171189.147730000317097 ], [ 600935.005540000041947, 8171181.947730001062155 ], [ 600940.40554000006523, 8171181.947730001062155 ], [ 600940.40554000006523, 8171182.547730000689626 ], [ 600943.40554000006523, 8171182.547730000689626 ], [ 600943.40554000006523, 8171186.74773000087589 ], [ 600944.005540000041947, 8171186.74773000087589 ], [ 600944.005540000041947, 8171191.547730000689626 ], [ 600944.605540000135079, 8171191.547730000689626 ], [ 600944.605540000135079, 8171196.347730000503361 ], [ 600936.205540000111796, 8171196.347730000503361 ] ], [ [ 600941.005540000041947, 8171183.74773000087589 ], [ 600942.205540000111796, 8171183.74773000087589 ], [ 600942.205540000111796, 8171183.147730000317097 ], [ 600941.005540000041947, 8171183.147730000317097 ], [ 600941.005540000041947, 8171183.74773000087589 ] ] ] } },
{ "type": "Feature", "properties": { "id": 51, "instance": 1, "mean_prob": 0.554, "area_m2": 11.9 }, "geometry": { "type": "MultiPolygon", "coordinates": [ [ [ [ 600777.805540000088513, 8171168.147730000317097 ], [ 600777.205540000111796, 8171168.147730000317097 ], [ 600777.205540000111796, 8171168.74773000087589 ], [ 600777.805540000088513, 8171168.74773000087589 ], [ 600777.805540000088513, 8171168.147730000317097 ] ] ], [ [ [ 600778.40554000006523, 8171168.147730000317097 ], [ 600778.40554000006523, 8171168.74773000087589 ], [ 600779.005540000041947, 8171168.74773000087589 ], [ 600779.005540000041947, 8171168.147730000317097 ], [ 600778.40554000006523, 8171168.147730000317097 ] ] ], [ [ [ 600782.605540000135079, 8171168.147730000317097 ], [ 600782.605540000135079, 8171168.74773000087589 ], [ 600784.40554000006523, 8171168.74773000087589 ], [ 600784.40554000006523, 8171168.147730000317097 ], [ 600782.605540000135079, 8171168.147730000317097 ] ] ], [ [ [ 600777.205540000111796, 8171168.74773000087589 ], [ 600776.605540000135079, 8171168.74773000087589 ], [ 600776.605540000135079, 8171169.347730000503361 ], [ 600777.205540000111796, 8171169.347730000503361 ], [ 600777.205540000111796, 8171168.74773000087589 ] ] ], [ [ [ 600774.805540000088513, 8171181.347730000503361 ], [ 600774.805540000088513, 8171180.74773000087589 ], [ 600775.40554000006523, 8171180.74773000087589 ], [ 600775.40554000006523, 8171177.147730000317097 ], [ 600776.005540000041947, 8171177.147730000317097 ], [ 600776.005540000041947, 8171175.347730000503361 ], [ 600775.40554000006523, 8171175.347730000503361 ], [ 600775.40554000006523, 8171176.547730000689626 ], [ 600774.205540000111796, 8171177.147730000317097 ], [ 600774.205540000111796, 8171179.547730000689626 ], [ 600773.605540000135079, 8171179.547730000689626 ], [ 600773.605540000135079, 8171182.547730000689626 ], [ 600775.40554000006523, 8171182.547730000689626 ], [ 600775.40554000006523, 8171181.347730000503361 ], [ 600774.805540000088513, 8171181.347730000503361 ] ] ], [ [ [ 600778.40554000006523, 8171181.947730001062155 ], [ 600778.40554000006523, 8171182.547730000689626 ], [ 600779.005540000041947, 8171182.547730000689626 ], [ 600779.005540000041947, 8171181.947730001062155 ], [ 600778.40554000006523, 8171181.947730001062155 ] ] ] ] } },
{ "type": "Feature", "properties": { "id": 52, "instance": 54, "mean_prob": 0.9, "area_m2": 64.8 }, "geometry": { "type": "Polygon", "coordinates": [ [ [ 600902.005540000041947, 8171194.547730000689626 ], [ 600902.005540000041947, 8171190.947730001062155 ], [ 600902.605540000135079, 8171190.947730001062155 ], [ 600902.605540000135079, 8171190.347730000503361 ], [ 600902.005540000041947, 8171190.347730000503361 ], [ 600902.005540000041947, 8171189.74773000087589 ], [ 600902.605540000135079, 8171189.74773000087589 ], [ 600902.605540000135079, 8171188.547730000689626 ], [ 600902.005540000041947, 8171188.547730000689626 ], [ 600902.005540000041947, 8171181.347730000503361 ], [ 600906.805540000088513, 8171181.347730000503361 ], [ 600906.805540000088513, 8171182.547730000689626 ], [ 600907.40554000006523, 8171182.547730000689626 ], [ 600907.40554000006523, 8171183.147730000317097 ], [ 600906.805540000088513, 8171183.147730000317097 ], [ 600906.805540000088513, 8171189.147730000317097 ], [ 600907.40554000006523, 8171189.147730000317097 ], [ 600907.40554000006523, 8171193.947730001062155 ], [ 600905.605540000135079, 8171193.947730001062155 ], [ 600905.605540000135079, 8171194.547730000689626 ], [ 600902.005540000041947, 8171194.547730000689626 ] ] ] } },
{ "type": "Feature", "properties": { "id": 53, "instance": 56, "mean_prob": 0.904, "area_m2": 10.8 }, "geometry": { "type": "MultiPolygon", "coordinates": [ [ [ [ 600777.805540000088513, 8171168.147730000317097 ], [ 600777.805540000088513, 8171168.74773000087589 ], [ 600777.205540000111796, 8171168.74773000087589 ], [ 600777.205540000111796, 8171169.347730000503361 ], [ 600778.40554000006523, 8171169.347730000503361 ], [ 600778.40554000006523, 8171168.147730000317097 ], [ 600777.805540000088513, 8171168.147730000317097 ] ] ], [ [ [ 600779.005540000041947, 8171168.74773000087589 ], [ 600779.005540000041947, 8171169.347730000503361 ], [ 600781.40554000006523, 8171169.347730000503361 ], [ 600781.40554000006523, 8171168.74773000087589 ], [ 600779.005540000041947, 8171168.74773000087589 ] ] ], [ [ [ 600785.005540000041947, 8171168.74773000087589 ], [ 600785.005540000041947, 8171169.347730000503361 ], [ 600786.205540000111796, 8171169.347730000503361 ], [ 600786.205540000111796, 8171169.947730001062155 ], [ 600786.805540000088513, 8171169.947730001062155 ], [ 600786.805540000088513, 8171168.74773000087589 ], [ 600785.005540000041947, 8171168.74773000087589 ] ] ], [ [ [ 600776.605540000135079, 8171169.347730000503361 ], [ 600776.605540000135079, 8171169.947730001062155 ], [ 600777.205540000111796, 8171169.947730001062155 ], [ 600777.205540000111796, 8171169.347730000503361 ], [ 600776.605540000135079, 8171169.347730000503361 ] ] ], [ [ [ 600786.805540000088513, 8171170.547730000689626 ], [ 600787.40554000006523, 8171170.547730000689626 ], [ 600787.40554000006523, 8171169.947730001062155 ], [ 600786.805540000088513, 8171169.947730001062155 ], [ 600786.805540000088513, 8171170.547730000689626 ] ] ], [ [ [ 600788.005540000041947, 8171170.547730000689626 ], [ 600787.40554000006523, 8171170.547730000689626 ], [ 600787.40554000006523, 8171171.147730000317097 ], [ 600788.005540000041947, 8171171.147730000317097 ], [ 600788.005540000041947, 8171170.547730000689626 ] ] ], [ [ [ 600788.005540000041947, 8171171.147730000317097 ], [ 600788.005540000041947, 8171171.74773000087589 ], [ 600788.605540000135079, 8171171.74773000087589 ], [ 600788.605540000135079, 8171171.147730000317097 ], [ 600788.005540000041947, 8171171.147730000317097 ] ] ], [ [ [ 600776.005540000041947, 8171177.147730000317097 ], [ 600775.40554000006523, 8171177.147730000317097 ], [ 600775.40554000006523, 8171180.74773000087589 ], [ 600774.805540000088513, 8171180.74773000087589 ], [ 600774.805540000088513, 8171181.347730000503361 ], [ 600775.40554000006523, 8171181.347730000503361 ], [ 600775.40554000006523, 8171182.547730000689626 ], [ 600778.40554000006523, 8171182.547730000689626 ], [ 600778.40554000006523, 8171181.947730001062155 ], [ 600776.005540000041947, 8171181.947730001062155 ], [ 600776.005540000041947, 8171177.147730000317097 ] ] ], [ [ [ 600779.605540000135079, 8171181.947730001062155 ], [ 600780.205540000111796, 8171181.947730001062155 ], [ 600780.205540000111796, 8171181.347730000503361 ], [ 600779.605540000135079, 8171181.347730000503361 ], [ 600779.605540000135079, 8171181.947730001062155 ] ] ] ] } },
{ "type": "Feature", "properties": { "id": 54, "instance": 138, "mean_prob": 0.997, "area_m2": 359.3 }, "geometry": { "type": "Polygon", "coordinates": [ [ [ 600976.40554000006523, 8171205.947730001062155 ], [ 600976.40554000006523, 8171205.347730000503361 ], [ 600975.205540000111796, 8171205.347730000503361 ], [ 600975.205540000111796, 8171204.147730000317097 ], [ 600973.40554000006523, 8171204.147730000317097 ], [ 600973.40554000006523, 8171203.547730000689626 ], [ 600972.205540000111796, 8171202.947730001062155 ], [ 600972.205540000111796, 8171202.347730000503361 ], [ 600971.605540000135079, 8171202.347730000503361 ], [ 600971.605540000135079, 8171201.74773000087589 ], [ 600970.40554000006523, 8171201.74773000087589 ], [ 600970.40554000006523, 8171201.147730000317097 ], [ 600969.805540000088513, 8171201.147730000317097 ], [ 600969.805540000088513, 8171199.947730001062155 ], [ 600968.605540000135079, 8171199.947730001062155 ], [ 600968.005540000041947, 8171198.74773000087589 ], [ 600966.805540000088513, 8171198.74773000087589 ], [ 600966.805540000088513, 8171198.147730000317097 ], [ 600962.005540000041947, 8171198.147730000317097 ], [ 600962.005540000041947, 8171197.547730000689626 ], [ 600960.805540000088513, 8171196.947730001062155 ], [ 600960.805540000088513, 8171194.547730000689626 ], [ 600961.40554000006523, 8171194.547730000689626 ], [ 600961.40554000006523, 8171190.947730001062155 ], [ 600960.805540000088513, 8171190.947730001062155 ], [ 600960.805540000088513, 8171189.74773000087589 ], [ 600961.40554000006523, 8171189.74773000087589 ], [ 600961.40554000006523, 8171189.147730000317097 ], [ 600960.805540000088513, 8171189.147730000317097 ], [ 600960.805540000088513, 8171185.547730000689626 ], [ 600960.205540000111796, 8171185.547730000689626 ], [ 600960.205540000111796, 8171181.347730000503361 ], [ 600961.40554000006523, 8171180.74773000087589 ], [ 600961.40554000006523, 8171180.147730000317097 ], [ 600962.605540000135079, 8171180.147730000317097 ], [ 600963.205540000111796, 8171181.347730000503361 ], [ 600965.005540000041947, 8171181.347730000503361 ], [ 600965.005540000041947, 8171181.947730001062155 ], [ 600966.205540000111796, 8171181.947730001062155 ], [ 600966.205540000111796, 8171182.547730000689626 ], [ 600972.205540000111796, 8171182.547730000689626 ], [ 600972.205540000111796, 8171183.147730000317097 ], [ 600973.40554000006523, 8171183.147730000317097 ], [ 600973.40554000006523, 8171183.74773000087589 ], [ 600974.605540000135079, 8171183.74773000087589 ], [ 600974.605540000135079, 8171184.947730001062155 ], [ 600975.205540000111796, 8171184.947730001062155 ], [ 600975.205540000111796, 8171185.547730000689626 ], [ 600976.40554000006523, 8171186.147730000317097 ], [ 600976.40554000006523, 8171187.947730001062155 ], [ 600977.605540000135079, 8171187.947730001062155 ], [ 600977.605540000135079, 8171188.547730000689626 ], [ 600978.205540000111796, 8171188.547730000689626 ], [ 600978.205540000111796, 8171189.74773000087589 ], [ 600979.40554000006523, 8171189.74773000087589 ], [ 600980.005540000041947, 8171190.947730001062155 ], [ 600980.605540000135079, 8171190.947730001062155 ], [ 600980.605540000135079, 8171191.547730000689626 ], [ 600981.805540000088513, 8171192.147730000317097 ], [ 600981.805540000088513, 8171192.74773000087589 ], [ 600982.40554000006523, 8171192.74773000087589 ], [ 600982.40554000006523, 8171197.547730000689626 ], [ 600981.805540000088513, 8171197.547730000689626 ], [ 600981.805540000088513, 8171200.547730000689626 ], [ 600981.205540000111796, 8171200.547730000689626 ], [ 600980.605540000135079, 8171202.947730001062155 ], [ 600979.40554000006523, 8171202.947730001062155 ], [ 600979.40554000006523, 8171204.147730000317097 ], [ 600978.805540000088513, 8171204.147730000317097 ], [ 600978.805540000088513, 8171205.347730000503361 ], [ 600978.205540000111796, 8171205.347730000503361 ], [ 600978.205540000111796, 8171205.947730001062155 ], [ 600976.40554000006523, 8171205.947730001062155 ] ] ] } },
{ "type": "Feature", "properties": { "id": 55, "instance": 52, "mean_prob": 0.897, "area_m2": 202.3 }, "geometry": { "type": "Polygon", "coordinates": [ [ [ 600876.805540000088513, 8171192.74773000087589 ], [ 600876.805540000088513, 8171192.147730000317097 ], [ 600876.205540000111796, 8171192.147730000317097 ], [ 600876.205540000111796, 8171190.947730001062155 ], [ 600875.605540000135079, 8171190.947730001062155 ], [ 600875.605540000135079, 8171178.347730000503361 ], [ 600878.005540000041947, 8171178.347730000503361 ], [ 600878.005540000041947, 8171177.74773000087589 ], [ 600888.205540000111796, 8171177.74773000087589 ], [ 600888.805540000088513, 8171178.947730001062155 ], [ 600889.40554000006523, 8171178.947730001062155 ], [ 600889.40554000006523, 8171190.347730000503361 ], [ 600890.005540000041947, 8171190.347730000503361 ], [ 600890.005540000041947, 8171191.547730000689626 ], [ 600889.40554000006523, 8171191.547730000689626 ], [ 600889.40554000006523, 8171192.147730000317097 ], [ 600887.005540000041947, 8171192.147730000317097 ], [ 600887.005540000041947, 8171192.74773000087589 ], [ 600876.805540000088513, 8171192.74773000087589 ] ] ] } },
{ "type": "Feature", "properties": { "id": 56, "instance": 143, "mean_prob": 0.998, "area_m2": 123.5 }, "geometry": { "type": "Polygon", "coordinates": [ [ [ 600918.805540000088513, 8171195.147730000317097 ], [ 600918.805540000088513, 8171194.547730000689626 ], [ 600918.205540000111796, 8171194.547730000689626 ], [ 600918.205540000111796, 8171186.74773000087589 ], [ 600917.605540000135079, 8171186.74773000087589 ], [ 600917.605540000135079, 8171177.147730000317097 ], [ 600924.805540000088513, 8171177.147730000317097 ], [ 600924.805540000088513, 8171181.347730000503361 ], [ 600924.205540000111796, 8171181.347730000503361 ], [ 600924.205540000111796, 8171182.547730000689626 ], [ 600924.805540000088513, 8171182.547730000689626 ], [ 600924.805540000088513, 8171195.147730000317097 ], [ 600918.805540000088513, 8171195.147730000317097 ] ] ] } },
{ "type": "Feature", "properties": { "id": 57, "instance": 115, "mean_prob": 0.994, "area_m2": 28.4 }, "geometry": { "type": "MultiPolygon", "coordinates": [ [ [ [ 600920.005540000041947, 8171161.547730000689626 ], [ 600919.40554000006523, 8171161.547730000689626 ], [ 600919.40554000006523, 8171162.74773000087589 ], [ 600920.005540000041947, 8171162.74773000087589 ], [ 600920.005540000041947, 8171161.547730000689626 ] ] ], [ [ [ 600931.40554000006523, 8171171.147730000317097 ], [ 600930.805540000088513, 8171171.147730000317097 ], [ 600930.805540000088513, 8171171.74773000087589 ], [ 600931.40554000006523, 8171171.74773000087589 ], [ 600931.40554000006523, 8171171.147730000317097 ] ] ], [ [ [ 600923.605540000135079, 8171174.147730000317097 ], [ 600924.805540000088513, 8171174.147730000317097 ], [ 600924.805540000088513, 8171173.547730000689626 ], [ 600927.205540000111796, 8171173.547730000689626 ], [ 600927.205540000111796, 8171172.947730001062155 ], [ 600929.005540000041947, 8171172.947730001062155 ], [ 600929.005540000041947, 8171172.347730000503361 ], [ 600930.205540000111796, 8171172.347730000503361 ], [ 600930.205540000111796, 8171171.74773000087589 ], [ 600926.005540000041947, 8171171.74773000087589 ], [ 600926.005540000041947, 8171172.347730000503361 ], [ 600923.605540000135079, 8171172.347730000503361 ], [ 600923.605540000135079, 8171172.947730001062155 ], [ 600921.205540000111796, 8171172.947730001062155 ], [ 600921.205540000111796, 8171172.347730000503361 ], [ 600920.005540000041947, 8171172.347730000503361 ], [ 600920.005540000041947, 8171167.547730000689626 ], [ 600919.40554000006523, 8171167.547730000689626 ], [ 600919.40554000006523, 8171172.947730001062155 ], [ 600920.005540000041947, 8171172.947730001062155 ], [ 600920.005540000041947, 8171175.347730000503361 ], [ 600920.605540000135079, 8171175.347730000503361 ], [ 600920.605540000135079, 8171175.947730001062155 ], [ 600929.005540000041947, 8171175.947730001062155 ], [ 600929.005540000041947, 8171175.347730000503361 ], [ 600923.605540000135079, 8171175.347730000503361 ], [ 600923.605540000135079, 8171174.147730000317097 ] ] ], [ [ [ 600929.605540000135079, 8171172.947730001062155 ], [ 600929.605540000135079, 8171173.547730000689626 ], [ 600930.205540000111796, 8171173.547730000689626 ], [ 600930.205540000111796, 8171172.947730001062155 ], [ 600929.605540000135079, 8171172.947730001062155 ] ] ], [ [ [ 600929.005540000041947, 8171174.74773000087589 ], [ 600929.005540000041947, 8171175.347730000503361 ], [ 600930.205540000111796, 8171175.347730000503361 ], [ 600930.205540000111796, 8171174.74773000087589 ], [ 600929.005540000041947, 8171174.74773000087589 ] ] ] ] } },
{ "type": "Feature", "properties": { "id": 58, "instance": 116, "mean_prob": 0.994, "area_m2": 163.8 }, "geometry": { "type": "MultiPolygon", "coordinates": [ [ [ [ 600923.605540000135079, 8171172.947730001062155 ], [ 600923.605540000135079, 8171172.347730000503361 ], [ 600926.005540000041947, 8171172.347730000503361 ], [ 600926.005540000041947, 8171171.74773000087589 ], [ 600930.805540000088513, 8171171.74773000087589 ], [ 600930.805540000088513, 8171171.147730000317097 ], [ 600933.205540000111796, 8171171.147730000317097 ], [ 600933.205540000111796, 8171170.547730000689626 ], [ 600933.805540000088513, 8171170.547730000689626 ], [ 600933.805540000088513, 8171165.74773000087589 ], [ 600933.205540000111796, 8171165.74773000087589 ], [ 600933.205540000111796, 8171161.547730000689626 ], [ 600932.605540000135079, 8171161.547730000689626 ], [ 600932.605540000135079, 8171160.947730001062155 ], [ 600920.005540000041947, 8171160.947730001062155 ], [ 600920.005540000041947, 8171162.74773000087589 ], [ 600919.40554000006523, 8171162.74773000087589 ], [ 600920.005540000041947, 8171172.347730000503361 ], [ 600921.205540000111796, 8171172.347730000503361 ], [ 600921.205540000111796, 8171172.947730001062155 ], [ 600923.605540000135079, 8171172.947730001062155 ] ] ], [ [ [ 600929.005540000041947, 8171175.347730000503361 ], [ 600929.005540000041947, 8171174.74773000087589 ], [ 600930.205540000111796, 8171174.74773000087589 ], [ 600929.605540000135079, 8171172.347730000503361 ], [ 600929.005540000041947, 8171172.347730000503361 ], [ 600929.005540000041947, 8171172.947730001062155 ], [ 600927.205540000111796, 8171172.947730001062155 ], [ 600927.205540000111796, 8171173.547730000689626 ], [ 600924.805540000088513, 8171173.547730000689626 ], [ 600924.805540000088513, 8171174.147730000317097 ], [ 600923.605540000135079, 8171174.147730000317097 ], [ 600923.605540000135079, 8171175.347730000503361 ], [ 600929.005540000041947, 8171175.347730000503361 ] ] ] ] } },
{ "type": "Feature", "properties": { "id": 59, "instance": 46, "mean_prob": 0.865, "area_m2": 64.8 }, "geometry": { "type": "Polygon", "coordinates": [ [ [ 600935.005540000041947, 8171178.347730000503361 ], [ 600935.005540000041947, 8171177.74773000087589 ], [ 600934.40554000006523, 8171177.74773000087589 ], [ 600934.40554000006523, 8171171.74773000087589 ], [ 600935.005540000041947, 8171171.74773000087589 ], [ 600935.005540000041947, 8171171.147730000317097 ], [ 600943.40554000006523, 8171171.147730000317097 ], [ 600943.40554000006523, 8171175.347730000503361 ], [ 600944.005540000041947, 8171175.347730000503361 ], [ 600944.005540000041947, 8171177.74773000087589 ], [ 600942.205540000111796, 8171177.74773000087589 ], [ 600942.205540000111796, 8171178.347730000503361 ], [ 600935.005540000041947, 8171178.347730000503361 ] ] ] } },
{ "type": "Feature", "properties": { "id": 60, "instance": 66, "mean_prob": 0.941, "area_m2": 158.0 }, "geometry": { "type": "Polygon", "coordinates": [ [ [ 600776.005540000041947, 8171181.947730001062155 ], [ 600776.005540000041947, 8171173.547730000689626 ], [ 600776.605540000135079, 8171173.547730000689626 ], [ 600776.605540000135079, 8171169.947730001062155 ], [ 600777.205540000111796, 8171169.947730001062155 ], [ 600777.205540000111796, 8171169.347730000503361 ], [ 600778.40554000006523, 8171169.347730000503361 ], [ 600778.40554000006523, 8171168.74773000087589 ], [ 600779.005540000041947, 8171168.74773000087589 ], [ 600779.005540000041947, 8171169.347730000503361 ], [ 600781.40554000006523, 8171169.347730000503361 ], [ 600781.40554000006523, 8171168.74773000087589 ], [ 600785.005540000041947, 8171168.74773000087589 ], [ 600785.005540000041947, 8171169.347730000503361 ], [ 600786.205540000111796, 8171169.347730000503361 ], [ 600786.205540000111796, 8171169.947730001062155 ], [ 600786.805540000088513, 8171169.947730001062155 ], [ 600786.805540000088513, 8171170.547730000689626 ], [ 600788.005540000041947, 8171171.147730000317097 ], [ 600788.005540000041947, 8171171.74773000087589 ], [ 600789.205540000111796, 8171171.74773000087589 ], [ 600789.205540000111796, 8171172.947730001062155 ], [ 600789.805540000088513, 8171172.947730001062155 ], [ 600789.805540000088513, 8171173.547730000689626 ], [ 600789.205540000111796, 8171173.547730000689626 ], [ 600789.205540000111796, 8171180.74773000087589 ], [ 600788.605540000135079, 8171180.74773000087589 ], [ 600788.605540000135079, 8171181.347730000503361 ], [ 600787.40554000006523, 8171181.347730000503361 ], [ 600787.40554000006523, 8171181.947730001062155 ], [ 600783.805540000088513, 8171181.947730001062155 ], [ 600783.805540000088513, 8171181.347730000503361 ], [ 600783.205540000111796, 8171181.347730000503361 ], [ 600783.205540000111796, 8171181.947730001062155 ], [ 600782.605540000135079, 8171181.947730001062155 ], [ 600782.605540000135079, 8171181.347730000503361 ], [ 600780.805540000088513, 8171181.347730000503361 ], [ 600780.805540000088513, 8171181.947730001062155 ], [ 600780.205540000111796, 8171181.947730001062155 ], [ 600780.205540000111796, 8171181.347730000503361 ], [ 600779.605540000135079, 8171181.347730000503361 ], [ 600779.605540000135079, 8171181.947730001062155 ], [ 600776.005540000041947, 8171181.947730001062155 ] ] ] } },
{ "type": "Feature", "properties": { "id": 61, "instance": 34, "mean_prob": 0.831, "area_m2": 199.4 }, "geometry": { "type": "Polygon", "coordinates": [ [ [ 600834.205540000111796, 8171187.947730001062155 ], [ 600834.205540000111796, 8171187.347730000503361 ], [ 600832.40554000006523, 8171187.347730000503361 ], [ 600832.40554000006523, 8171183.74773000087589 ], [ 600833.005540000041947, 8171183.74773000087589 ], [ 600833.005540000041947, 8171182.547730000689626 ], [ 600832.40554000006523, 8171182.547730000689626 ], [ 600832.40554000006523, 8171167.547730000689626 ], [ 600842.005540000041947, 8171167.547730000689626 ], [ 600842.005540000041947, 8171168.147730000317097 ], [ 600842.605540000135079, 8171168.147730000317097 ], [ 600842.605540000135079, 8171173.547730000689626 ], [ 600842.005540000041947, 8171173.547730000689626 ], [ 600842.005540000041947, 8171178.947730001062155 ], [ 600842.605540000135079, 8171178.947730001062155 ], [ 600842.605540000135079, 8171181.947730001062155 ], [ 600842.005540000041947, 8171181.947730001062155 ], [ 600842.005540000041947, 8171186.74773000087589 ], [ 600842.605540000135079, 8171186.74773000087589 ], [ 600842.605540000135079, 8171187.347730000503361 ], [ 600842.005540000041947, 8171187.347730000503361 ], [ 600842.005540000041947, 8171187.947730001062155 ], [ 600834.205540000111796, 8171187.947730001062155 ] ] ] } },
{ "type": "Feature", "properties": { "id": 62, "instance": 150, "mean_prob": 0.999, "area_m2": 12.6 }, "geometry": { "type": "MultiPolygon", "coordinates": [ [ [ [ 600811.40554000006523, 8171163.947730001062155 ], [ 600811.40554000006523, 8171163.347730000503361 ], [ 600822.805540000088513, 8171163.347730000503361 ], [ 600822.805540000088513, 8171162.74773000087589 ], [ 600810.205540000111796, 8171162.74773000087589 ], [ 600810.205540000111796, 8171163.347730000503361 ], [ 600804.805540000088513, 8171163.347730000503361 ], [ 600804.805540000088513, 8171163.947730001062155 ], [ 600811.40554000006523, 8171163.947730001062155 ] ] ], [ [ [ 600803.005540000041947, 8171169.347730000503361 ], [ 600803.005540000041947, 8171167.547730000689626 ], [ 600802.40554000006523, 8171167.547730000689626 ], [ 600802.40554000006523, 8171169.347730000503361 ], [ 600803.005540000041947, 8171169.347730000503361 ] ] ] ] } },
{ "type": "Feature", "properties": { "id": 63, "instance": 38, "mean_prob": 0.838, "area_m2": 140.8 }, "geometry": { "type": "Polygon", "coordinates": [ [ [ 600910.40554000006523, 8171177.74773000087589 ], [ 600910.40554000006523, 8171177.147730000317097 ], [ 600908.005540000041947, 8171177.147730000317097 ], [ 600908.005540000041947, 8171176.547730000689626 ], [ 600903.805540000088513, 8171176.547730000689626 ], [ 600903.805540000088513, 8171174.74773000087589 ], [ 600904.40554000006523, 8171174.74773000087589 ], [ 600904.40554000006523, 8171168.74773000087589 ], [ 600903.805540000088513, 8171168.74773000087589 ], [ 600903.805540000088513, 8171166.347730000503361 ], [ 600904.40554000006523, 8171166.347730000503361 ], [ 600904.40554000006523, 8171164.547730000689626 ], [ 600905.605540000135079, 8171164.547730000689626 ], [ 600905.605540000135079, 8171163.947730001062155 ], [ 600915.205540000111796, 8171163.947730001062155 ], [ 600915.205540000111796, 8171171.147730000317097 ], [ 600914.605540000135079, 8171171.147730000317097 ], [ 600914.605540000135079, 8171177.147730000317097 ], [ 600914.005540000041947, 8171177.147730000317097 ], [ 600914.005540000041947, 8171177.74773000087589 ], [ 600910.40554000006523, 8171177.74773000087589 ] ] ] } },
{ "type": "Feature", "properties": { "id": 64, "instance": 74, "mean_prob": 0.959, "area_m2": 272.2 }, "geometry": { "type": "Polygon", "coordinates": [ [ [ 600719.005540000041947, 8171190.347730000503361 ], [ 600719.005540000041947, 8171189.74773000087589 ], [ 600718.40554000006523, 8171189.74773000087589 ], [ 600718.40554000006523, 8171187.947730001062155 ], [ 600717.805540000088513, 8171187.947730001062155 ], [ 600717.805540000088513, 8171186.74773000087589 ], [ 600718.40554000006523, 8171186.74773000087589 ], [ 600718.40554000006523, 8171184.347730000503361 ], [ 600719.005540000041947, 8171184.347730000503361 ], [ 600719.005540000041947, 8171181.347730000503361 ], [ 600719.605540000135079, 8171181.347730000503361 ], [ 600720.205540000111796, 8171176.547730000689626 ], [ 600720.805540000088513, 8171176.547730000689626 ], [ 600720.805540000088513, 8171174.147730000317097 ], [ 600721.40554000006523, 8171174.147730000317097 ], [ 600721.40554000006523, 8171169.947730001062155 ], [ 600722.005540000041947, 8171169.947730001062155 ], [ 600722.005540000041947, 8171168.74773000087589 ], [ 600722.605540000135079, 8171168.74773000087589 ], [ 600722.605540000135079, 8171164.547730000689626 ], [ 600723.205540000111796, 8171164.547730000689626 ], [ 600723.205540000111796, 8171163.347730000503361 ], [ 600725.005540000041947, 8171163.347730000503361 ], [ 600725.005540000041947, 8171163.947730001062155 ], [ 600726.205540000111796, 8171163.947730001062155 ], [ 600726.205540000111796, 8171164.547730000689626 ], [ 600728.605540000135079, 8171164.547730000689626 ], [ 600728.605540000135079, 8171165.147730000317097 ], [ 600730.40554000006523, 8171165.147730000317097 ], [ 600730.40554000006523, 8171165.74773000087589 ], [ 600731.605540000135079, 8171166.347730000503361 ], [ 600731.605540000135079, 8171171.74773000087589 ], [ 600731.005540000041947, 8171171.74773000087589 ], [ 600731.005540000041947, 8171172.347730000503361 ], [ 600731.605540000135079, 8171172.347730000503361 ], [ 600731.605540000135079, 8171173.547730000689626 ], [ 600731.005540000041947, 8171173.547730000689626 ], [ 600731.005540000041947, 8171182.547730000689626 ], [ 600730.40554000006523, 8171182.547730000689626 ], [ 600730.40554000006523, 8171189.147730000317097 ], [ 600729.805540000088513, 8171189.147730000317097 ], [ 600729.805540000088513, 8171189.74773000087589 ], [ 600723.805540000088513, 8171189.74773000087589 ], [ 600723.805540000088513, 8171190.347730000503361 ], [ 600719.005540000041947, 8171190.347730000503361 ] ] ] } },
{ "type": "Feature", "properties": { "id": 65, "instance": 152, "mean_prob": 0.999, "area_m2": 487.1 }, "geometry": { "type": "Polygon", "coordinates": [ [ [ 600808.40554000006523, 8171186.74773000087589 ], [ 600808.40554000006523, 8171186.147730000317097 ], [ 600803.605540000135079, 8171186.147730000317097 ], [ 600803.605540000135079, 8171185.547730000689626 ], [ 600803.005540000041947, 8171185.547730000689626 ], [ 600803.005540000041947, 8171166.347730000503361 ], [ 600802.40554000006523, 8171166.347730000503361 ], [ 600802.40554000006523, 8171165.74773000087589 ], [ 600803.005540000041947, 8171165.74773000087589 ], [ 600803.005540000041947, 8171164.547730000689626 ], [ 600803.605540000135079, 8171164.547730000689626 ], [ 600803.605540000135079, 8171163.947730001062155 ], [ 600811.40554000006523, 8171163.947730001062155 ], [ 600811.40554000006523, 8171163.347730000503361 ], [ 600824.005540000041947, 8171163.347730000503361 ], [ 600824.005540000041947, 8171163.947730001062155 ], [ 600824.605540000135079, 8171163.947730001062155 ], [ 600824.605540000135079, 8171165.147730000317097 ], [ 600824.005540000041947, 8171165.147730000317097 ], [ 600824.005540000041947, 8171165.74773000087589 ], [ 600824.605540000135079, 8171165.74773000087589 ], [ 600824.605540000135079, 8171182.547730000689626 ], [ 600825.205540000111796, 8171182.547730000689626 ], [ 600825.205540000111796, 8171184.347730000503361 ], [ 600824.605540000135079, 8171184.347730000503361 ], [ 600824.005540000041947, 8171185.547730000689626 ], [ 600821.605540000135079, 8171185.547730000689626 ], [ 600821.605540000135079, 8171186.147730000317097 ], [ 600811.40554000006523, 8171186.147730000317097 ], [ 600811.40554000006523, 8171186.74773000087589 ], [ 600808.40554000006523, 8171186.74773000087589 ] ] ] } },
{ "type": "Feature", "properties": { "id": 66, "instance": 118, "mean_prob": 0.995, "area_m2": 353.9 }, "geometry": { "type": "Polygon", "coordinates": [ [ [ 600858.805540000088513, 8171193.947730001062155 ], [ 600858.805540000088513, 8171163.347730000503361 ], [ 600866.605540000135079, 8171163.347730000503361 ], [ 600866.605540000135079, 8171162.74773000087589 ], [ 600867.805540000088513, 8171162.74773000087589 ], [ 600867.805540000088513, 8171163.347730000503361 ], [ 600870.205540000111796, 8171163.347730000503361 ], [ 600870.205540000111796, 8171163.947730001062155 ], [ 600870.805540000088513, 8171163.947730001062155 ], [ 600870.805540000088513, 8171167.547730000689626 ], [ 600870.205540000111796, 8171167.547730000689626 ], [ 600870.205540000111796, 8171169.347730000503361 ], [ 600870.805540000088513, 8171169.347730000503361 ], [ 600870.805540000088513, 8171177.147730000317097 ], [ 600870.205540000111796, 8171177.147730000317097 ], [ 600870.205540000111796, 8171191.547730000689626 ], [ 600869.605540000135079, 8171191.547730000689626 ], [ 600869.605540000135079, 8171192.74773000087589 ], [ 600868.40554000006523, 8171193.347730000503361 ], [ 600868.40554000006523, 8171193.947730001062155 ], [ 600858.805540000088513, 8171193.947730001062155 ] ] ] } },
{ "type": "Feature", "properties": { "id": 67, "instance": 58, "mean_prob": 0.912, "area_m2": 118.1 }, "geometry": { "type": "Polygon", "coordinates": [ [ [ 600847.40554000006523, 8171180.147730000317097 ], [ 600847.40554000006523, 8171165.147730000317097 ], [ 600846.805540000088513, 8171165.147730000317097 ], [ 600846.805540000088513, 8171163.947730001062155 ], [ 600847.40554000006523, 8171163.947730001062155 ], [ 600847.40554000006523, 8171162.74773000087589 ], [ 600849.805540000088513, 8171162.74773000087589 ], [ 600849.805540000088513, 8171163.347730000503361 ], [ 600853.40554000006523, 8171163.347730000503361 ], [ 600853.40554000006523, 8171163.947730001062155 ], [ 600854.005540000041947, 8171163.947730001062155 ], [ 600854.005540000041947, 8171169.347730000503361 ], [ 600854.605540000135079, 8171169.347730000503361 ], [ 600854.605540000135079, 8171178.947730001062155 ], [ 600854.005540000041947, 8171178.947730001062155 ], [ 600853.40554000006523, 8171180.147730000317097 ], [ 600847.40554000006523, 8171180.147730000317097 ] ] ] } },
{ "type": "Feature", "properties": { "id": 68, "instance": 111, "mean_prob": 0.994, "area_m2": 11.9 }, "geometry": { "type": "MultiPolygon", "coordinates": [ [ [ [ 600820.40554000006523, 8171119.547730000689626 ], [ 600820.40554000006523, 8171120.147730000317097 ], [ 600821.605540000135079, 8171120.147730000317097 ], [ 600821.605540000135079, 8171119.547730000689626 ], [ 600820.40554000006523, 8171119.547730000689626 ] ] ], [ [ [ 600820.40554000006523, 8171122.547730000689626 ], [ 600820.40554000006523, 8171123.147730000317097 ], [ 600821.005540000041947, 8171123.147730000317097 ], [ 600821.005540000041947, 8171122.547730000689626 ], [ 600820.40554000006523, 8171122.547730000689626 ] ] ], [ [ [ 600818.605540000135079, 8171123.147730000317097 ], [ 600818.605540000135079, 8171123.74773000087589 ], [ 600819.805540000088513, 8171123.74773000087589 ], [ 600819.805540000088513, 8171123.147730000317097 ], [ 600818.605540000135079, 8171123.147730000317097 ] ] ], [ [ [ 600813.805540000088513, 8171123.74773000087589 ], [ 600813.805540000088513, 8171124.347730000503361 ], [ 600815.605540000135079, 8171124.347730000503361 ], [ 600815.605540000135079, 8171123.74773000087589 ], [ 600813.805540000088513, 8171123.74773000087589 ] ] ], [ [ [ 600821.005540000041947, 8171133.347730000503361 ], [ 600821.005540000041947, 8171133.947730001062155 ], [ 600821.605540000135079, 8171133.947730001062155 ], [ 600821.605540000135079, 8171133.347730000503361 ], [ 600821.005540000041947, 8171133.347730000503361 ] ] ], [ [ [ 600819.805540000088513, 8171134.547730000689626 ], [ 600819.805540000088513, 8171135.147730000317097 ], [ 600820.40554000006523, 8171135.147730000317097 ], [ 600820.40554000006523, 8171134.547730000689626 ], [ 600819.805540000088513, 8171134.547730000689626 ] ] ], [ [ [ 600818.005540000041947, 8171135.74773000087589 ], [ 600818.005540000041947, 8171136.347730000503361 ], [ 600818.605540000135079, 8171136.347730000503361 ], [ 600818.605540000135079, 8171135.74773000087589 ], [ 600818.005540000041947, 8171135.74773000087589 ] ] ], [ [ [ 600819.205540000111796, 8171142.347730000503361 ], [ 600819.205540000111796, 8171141.147730000317097 ], [ 600818.605540000135079, 8171141.147730000317097 ], [ 600818.605540000135079, 8171141.74773000087589 ], [ 600810.205540000111796, 8171141.74773000087589 ], [ 600810.205540000111796, 8171142.347730000503361 ], [ 600813.205540000111796, 8171142.347730000503361 ], [ 600813.205540000111796, 8171142.947730001062155 ], [ 600816.805540000088513, 8171142.947730001062155 ], [ 600816.805540000088513, 8171142.347730000503361 ], [ 600819.205540000111796, 8171142.347730000503361 ] ] ] ] } },
{ "type": "Feature", "properties": { "id": 69, "instance": 132, "mean_prob": 0.997, "area_m2": 133.6 }, "geometry": { "type": "Polygon", "coordinates": [ [ [ 600828.205540000111796, 8171151.947730001062155 ], [ 600828.205540000111796, 8171139.947730001062155 ], [ 600834.205540000111796, 8171139.947730001062155 ], [ 600834.205540000111796, 8171139.347730000503361 ], [ 600835.40554000006523, 8171139.347730000503361 ], [ 600835.40554000006523, 8171138.147730000317097 ], [ 600839.005540000041947, 8171138.147730000317097 ], [ 600839.005540000041947, 8171150.147730000317097 ], [ 600838.40554000006523, 8171150.147730000317097 ], [ 600837.805540000088513, 8171151.347730000503361 ], [ 600835.40554000006523, 8171151.347730000503361 ], [ 600835.40554000006523, 8171151.947730001062155 ], [ 600828.205540000111796, 8171151.947730001062155 ] ] ] } },
{ "type": "Feature", "properties": { "id": 70, "instance": 13, "mean_prob": 0.685, "area_m2": 145.1 }, "geometry": { "type": "Polygon", "coordinates": [ [ [ 600781.40554000006523, 8171148.347730000503361 ], [ 600780.805540000088513, 8171147.147730000317097 ], [ 600780.205540000111796, 8171147.147730000317097 ], [ 600779.605540000135079, 8171145.947730001062155 ], [ 600779.005540000041947, 8171145.947730001062155 ], [ 600778.40554000006523, 8171144.74773000087589 ], [ 600777.805540000088513, 8171144.74773000087589 ], [ 600777.805540000088513, 8171144.147730000317097 ], [ 600776.605540000135079, 8171143.547730000689626 ], [ 600776.605540000135079, 8171141.74773000087589 ], [ 600776.005540000041947, 8171141.74773000087589 ], [ 600776.005540000041947, 8171141.147730000317097 ], [ 600773.605540000135079, 8171140.547730000689626 ], [ 600773.005540000041947, 8171139.347730000503361 ], [ 600772.40554000006523, 8171139.347730000503361 ], [ 600772.40554000006523, 8171135.147730000317097 ], [ 600776.605540000135079, 8171135.147730000317097 ], [ 600776.605540000135079, 8171134.547730000689626 ], [ 600777.805540000088513, 8171133.947730001062155 ], [ 600777.805540000088513, 8171133.347730000503361 ], [ 600779.605540000135079, 8171133.347730000503361 ], [ 600779.605540000135079, 8171132.74773000087589 ], [ 600780.205540000111796, 8171132.74773000087589 ], [ 600780.205540000111796, 8171133.347730000503361 ], [ 600782.605540000135079, 8171133.347730000503361 ], [ 600782.605540000135079, 8171133.947730001062155 ], [ 600784.40554000006523, 8171133.947730001062155 ], [ 600784.40554000006523, 8171134.547730000689626 ], [ 600785.005540000041947, 8171134.547730000689626 ], [ 600785.005540000041947, 8171135.74773000087589 ], [ 600785.605540000135079, 8171135.74773000087589 ], [ 600785.605540000135079, 8171138.74773000087589 ], [ 600785.005540000041947, 8171138.74773000087589 ], [ 600785.005540000041947, 8171139.347730000503361 ], [ 600783.805540000088513, 8171139.347730000503361 ], [ 600783.805540000088513, 8171141.147730000317097 ], [ 600786.805540000088513, 8171141.147730000317097 ], [ 600786.805540000088513, 8171147.74773000087589 ], [ 600786.205540000111796, 8171147.74773000087589 ], [ 600786.205540000111796, 8171148.347730000503361 ], [ 600783.805540000088513, 8171148.347730000503361 ], [ 600783.805540000088513, 8171147.74773000087589 ], [ 600781.40554000006523, 8171148.347730000503361 ] ] ] } },
{ "type": "Feature", "properties": { "id": 71, "instance": 120, "mean_prob": 0.995, "area_m2": 187.2 }, "geometry": { "type": "MultiPolygon", "coordinates": [ [ [ [ 600822.205540000111796, 8171119.547730000689626 ], [ 600821.605540000135079, 8171118.347730000503361 ], [ 600820.40554000006523, 8171118.347730000503361 ], [ 600820.40554000006523, 8171118.947730001062155 ], [ 600819.805540000088513, 8171118.947730001062155 ], [ 600819.805540000088513, 8171118.347730000503361 ], [ 600817.40554000006523, 8171118.347730000503361 ], [ 600817.40554000006523, 8171118.947730001062155 ], [ 600816.205540000111796, 8171118.947730001062155 ], [ 600816.205540000111796, 8171119.547730000689626 ], [ 600822.205540000111796, 8171119.547730000689626 ] ] ], [ [ [ 600818.605540000135079, 8171141.74773000087589 ], [ 600818.005540000041947, 8171135.74773000087589 ], [ 600819.205540000111796, 8171135.74773000087589 ], [ 600819.205540000111796, 8171135.147730000317097 ], [ 600819.805540000088513, 8171135.147730000317097 ], [ 600819.805540000088513, 8171134.547730000689626 ], [ 600821.005540000041947, 8171134.547730000689626 ], [ 600821.005540000041947, 8171133.347730000503361 ], [ 600821.605540000135079, 8171133.347730000503361 ], [ 600821.605540000135079, 8171126.147730000317097 ], [ 600822.205540000111796, 8171126.147730000317097 ], [ 600822.205540000111796, 8171123.74773000087589 ], [ 600821.605540000135079, 8171123.74773000087589 ], [ 600821.605540000135079, 8171123.147730000317097 ], [ 600819.805540000088513, 8171123.147730000317097 ], [ 600819.805540000088513, 8171123.74773000087589 ], [ 600815.605540000135079, 8171123.74773000087589 ], [ 600815.605540000135079, 8171124.347730000503361 ], [ 600810.205540000111796, 8171124.347730000503361 ], [ 600810.205540000111796, 8171141.74773000087589 ], [ 600818.605540000135079, 8171141.74773000087589 ] ] ] ] } },
{ "type": "Feature", "properties": { "id": 72, "instance": 32, "mean_prob": 0.798, "area_m2": 78.1 }, "geometry": { "type": "Polygon", "coordinates": [ [ [ 600881.005540000041947, 8171130.347730000503361 ], [ 600880.40554000006523, 8171129.147730000317097 ], [ 600879.805540000088513, 8171129.147730000317097 ], [ 600879.805540000088513, 8171127.947730001062155 ], [ 600879.205540000111796, 8171127.947730001062155 ], [ 600879.205540000111796, 8171124.347730000503361 ], [ 600878.605540000135079, 8171124.347730000503361 ], [ 600878.605540000135079, 8171121.347730000503361 ], [ 600886.40554000006523, 8171121.347730000503361 ], [ 600886.40554000006523, 8171121.947730001062155 ], [ 600887.605540000135079, 8171121.947730001062155 ], [ 600887.605540000135079, 8171122.547730000689626 ], [ 600888.205540000111796, 8171122.547730000689626 ], [ 600888.205540000111796, 8171124.947730001062155 ], [ 600888.805540000088513, 8171124.947730001062155 ], [ 600888.805540000088513, 8171129.147730000317097 ], [ 600887.605540000135079, 8171129.147730000317097 ], [ 600887.605540000135079, 8171129.74773000087589 ], [ 600883.40554000006523, 8171129.74773000087589 ], [ 600883.40554000006523, 8171130.347730000503361 ], [ 600881.005540000041947, 8171130.347730000503361 ] ] ] } },
{ "type": "Feature", "properties": { "id": 73, "instance": 83, "mean_prob": 0.976, "area_m2": 144.0 }, "geometry": { "type": "Polygon", "coordinates": [ [ [ 600834.205540000111796, 8171129.147730000317097 ], [ 600834.205540000111796, 8171128.547730000689626 ], [ 600833.605540000135079, 8171128.547730000689626 ], [ 600833.605540000135079, 8171124.947730001062155 ], [ 600834.205540000111796, 8171124.947730001062155 ], [ 600834.205540000111796, 8171116.547730000689626 ], [ 600833.605540000135079, 8171116.547730000689626 ], [ 600833.605540000135079, 8171115.347730000503361 ], [ 600845.005540000041947, 8171115.347730000503361 ], [ 600845.005540000041947, 8171121.947730001062155 ], [ 600844.40554000006523, 8171121.947730001062155 ], [ 600844.40554000006523, 8171125.547730000689626 ], [ 600845.005540000041947, 8171125.547730000689626 ], [ 600845.005540000041947, 8171127.347730000503361 ], [ 600843.805540000088513, 8171127.347730000503361 ], [ 600843.805540000088513, 8171127.947730001062155 ], [ 600842.005540000041947, 8171127.947730001062155 ], [ 600842.005540000041947, 8171128.547730000689626 ], [ 600840.205540000111796, 8171128.547730000689626 ], [ 600840.205540000111796, 8171129.147730000317097 ], [ 600839.005540000041947, 8171129.147730000317097 ], [ 600839.005540000041947, 8171128.547730000689626 ], [ 600838.40554000006523, 8171128.547730000689626 ], [ 600838.40554000006523, 8171129.147730000317097 ], [ 600834.205540000111796, 8171129.147730000317097 ] ] ] } },
{ "type": "Feature", "properties": { "id": 74, "instance": 43, "mean_prob": 0.861, "area_m2": 86.4 }, "geometry": { "type": "Polygon", "coordinates": [ [ [ 600869.005540000041947, 8171122.547730000689626 ], [ 600868.40554000006523, 8171121.347730000503361 ], [ 600867.805540000088513, 8171121.347730000503361 ], [ 600867.805540000088513, 8171113.547730000689626 ], [ 600869.005540000041947, 8171113.547730000689626 ], [ 600869.005540000041947, 8171112.947730001062155 ], [ 600872.605540000135079, 8171112.947730001062155 ], [ 600872.605540000135079, 8171113.547730000689626 ], [ 600874.40554000006523, 8171113.547730000689626 ], [ 600875.005540000041947, 8171114.74773000087589 ], [ 600876.205540000111796, 8171114.74773000087589 ], [ 600876.805540000088513, 8171115.947730001062155 ], [ 600877.40554000006523, 8171115.947730001062155 ], [ 600878.005540000041947, 8171117.147730000317097 ], [ 600878.605540000135079, 8171117.147730000317097 ], [ 600878.605540000135079, 8171121.947730001062155 ], [ 600872.605540000135079, 8171121.947730001062155 ], [ 600872.605540000135079, 8171122.547730000689626 ], [ 600869.005540000041947, 8171122.547730000689626 ] ] ] } },
{ "type": "Feature", "properties": { "id": 75, "instance": 61, "mean_prob": 0.927, "area_m2": 16.6 }, "geometry": { "type": "MultiPolygon", "coordinates": [ [ [ [ 600848.605540000135079, 8171103.347730000503361 ], [ 600848.605540000135079, 8171102.74773000087589 ], [ 600848.005540000041947, 8171102.74773000087589 ], [ 600848.005540000041947, 8171103.347730000503361 ], [ 600848.605540000135079, 8171103.347730000503361 ] ] ], [ [ [ 600846.805540000088513, 8171103.347730000503361 ], [ 600846.805540000088513, 8171106.947730001062155 ], [ 600847.40554000006523, 8171106.947730001062155 ], [ 600847.40554000006523, 8171109.347730000503361 ], [ 600846.805540000088513, 8171109.347730000503361 ], [ 600846.805540000088513, 8171112.347730000503361 ], [ 600846.205540000111796, 8171112.347730000503361 ], [ 600846.205540000111796, 8171114.74773000087589 ], [ 600849.205540000111796, 8171114.74773000087589 ], [ 600849.205540000111796, 8171114.147730000317097 ], [ 600848.005540000041947, 8171114.147730000317097 ], [ 600848.005540000041947, 8171112.347730000503361 ], [ 600848.605540000135079, 8171112.347730000503361 ], [ 600848.605540000135079, 8171111.74773000087589 ], [ 600848.005540000041947, 8171111.74773000087589 ], [ 600848.005540000041947, 8171108.74773000087589 ], [ 600848.605540000135079, 8171108.74773000087589 ], [ 600848.605540000135079, 8171106.347730000503361 ], [ 600848.005540000041947, 8171106.347730000503361 ], [ 600848.005540000041947, 8171103.347730000503361 ], [ 600846.805540000088513, 8171103.347730000503361 ] ] ] ] } },
{ "type": "Feature", "properties": { "id": 76, "instance": 73, "mean_prob": 0.957, "area_m2": 192.6 }, "geometry": { "type": "Polygon", "coordinates": [ [ [ 600849.205540000111796, 8171114.74773000087589 ], [ 600849.205540000111796, 8171114.147730000317097 ], [ 600848.005540000041947, 8171114.147730000317097 ], [ 600848.005540000041947, 8171112.347730000503361 ], [ 600848.605540000135079, 8171112.347730000503361 ], [ 600848.605540000135079, 8171111.74773000087589 ], [ 600848.005540000041947, 8171111.74773000087589 ], [ 600848.005540000041947, 8171108.74773000087589 ], [ 600848.605540000135079, 8171108.74773000087589 ], [ 600848.605540000135079, 8171106.347730000503361 ], [ 600848.005540000041947, 8171106.347730000503361 ], [ 600848.005540000041947, 8171103.347730000503361 ], [ 600848.605540000135079, 8171103.347730000503361 ], [ 600848.605540000135079, 8171102.74773000087589 ], [ 600858.805540000088513, 8171102.74773000087589 ], [ 600858.805540000088513, 8171103.347730000503361 ], [ 600861.205540000111796, 8171103.347730000503361 ], [ 600861.205540000111796, 8171103.947730001062155 ], [ 600861.805540000088513, 8171103.947730001062155 ], [ 600862.40554000006523, 8171105.147730000317097 ], [ 600863.605540000135079, 8171105.147730000317097 ], [ 600863.605540000135079, 8171105.74773000087589 ], [ 600864.805540000088513, 8171106.347730000503361 ], [ 600864.805540000088513, 8171108.147730000317097 ], [ 600865.40554000006523, 8171108.147730000317097 ], [ 600865.40554000006523, 8171114.74773000087589 ], [ 600849.205540000111796, 8171114.74773000087589 ] ] ] } },
{ "type": "Feature", "properties": { "id": 77, "instance": 48, "mean_prob": 0.873, "area_m2": 91.4 }, "geometry": { "type": "Polygon", "coordinates": [ [ [ 600815.005540000041947, 8171109.347730000503361 ], [ 600815.005540000041947, 8171098.547730000689626 ], [ 600822.805540000088513, 8171098.547730000689626 ], [ 600822.805540000088513, 8171101.547730000689626 ], [ 600823.40554000006523, 8171101.547730000689626 ], [ 600823.40554000006523, 8171105.147730000317097 ], [ 600824.005540000041947, 8171105.147730000317097 ], [ 600824.005540000041947, 8171109.347730000503361 ], [ 600815.005540000041947, 8171109.347730000503361 ] ] ] } },
{ "type": "Feature", "properties": { "id": 78, "instance": 76, "mean_prob": 0.964, "area_m2": 177.1 }, "geometry": { "type": "Polygon", "coordinates": [ [ [ 600829.40554000006523, 8171111.74773000087589 ], [ 600829.40554000006523, 8171111.147730000317097 ], [ 600828.805540000088513, 8171111.147730000317097 ], [ 600828.805540000088513, 8171100.947730001062155 ], [ 600829.40554000006523, 8171100.947730001062155 ], [ 600829.40554000006523, 8171099.74773000087589 ], [ 600830.005540000041947, 8171099.74773000087589 ], [ 600830.005540000041947, 8171097.947730001062155 ], [ 600830.605540000135079, 8171097.947730001062155 ], [ 600830.605540000135079, 8171097.347730000503361 ], [ 600832.40554000006523, 8171097.347730000503361 ], [ 600832.40554000006523, 8171096.74773000087589 ], [ 600834.805540000088513, 8171096.74773000087589 ], [ 600834.805540000088513, 8171096.147730000317097 ], [ 600836.005540000041947, 8171096.147730000317097 ], [ 600836.005540000041947, 8171096.74773000087589 ], [ 600837.205540000111796, 8171096.147730000317097 ], [ 600837.205540000111796, 8171096.74773000087589 ], [ 600840.205540000111796, 8171096.74773000087589 ], [ 600840.205540000111796, 8171097.347730000503361 ], [ 600842.005540000041947, 8171097.347730000503361 ], [ 600842.005540000041947, 8171106.947730001062155 ], [ 600841.40554000006523, 8171106.947730001062155 ], [ 600841.40554000006523, 8171108.74773000087589 ], [ 600840.205540000111796, 8171109.347730000503361 ], [ 600840.205540000111796, 8171109.947730001062155 ], [ 600839.005540000041947, 8171109.947730001062155 ], [ 600839.005540000041947, 8171110.547730000689626 ], [ 600836.605540000135079, 8171110.547730000689626 ], [ 600836.605540000135079, 8171111.147730000317097 ], [ 600831.205540000111796, 8171111.147730000317097 ], [ 600831.205540000111796, 8171111.74773000087589 ], [ 600829.40554000006523, 8171111.74773000087589 ] ] ] } },
{ "type": "Feature", "properties": { "id": 79, "instance": 158, "mean_prob": 1.0, "area_m2": 193.7 }, "geometry": { "type": "Polygon", "coordinates": [ [ [ 600804.805540000088513, 8171111.147730000317097 ], [ 600804.805540000088513, 8171110.547730000689626 ], [ 600802.40554000006523, 8171110.547730000689626 ], [ 600802.40554000006523, 8171109.947730001062155 ], [ 600801.805540000088513, 8171109.947730001062155 ], [ 600801.805540000088513, 8171108.147730000317097 ], [ 600801.205540000111796, 8171108.147730000317097 ], [ 600801.205540000111796, 8171107.547730000689626 ], [ 600801.805540000088513, 8171107.547730000689626 ], [ 600801.805540000088513, 8171100.347730000503361 ], [ 600801.205540000111796, 8171100.347730000503361 ], [ 600801.205540000111796, 8171099.74773000087589 ], [ 600800.005540000041947, 8171099.74773000087589 ], [ 600800.005540000041947, 8171099.147730000317097 ], [ 600798.805540000088513, 8171098.547730000689626 ], [ 600798.805540000088513, 8171093.147730000317097 ], [ 600800.605540000135079, 8171093.147730000317097 ], [ 600800.605540000135079, 8171093.74773000087589 ], [ 600806.605540000135079, 8171093.74773000087589 ], [ 600807.205540000111796, 8171094.947730001062155 ], [ 600807.805540000088513, 8171094.947730001062155 ], [ 600807.805540000088513, 8171097.347730000503361 ], [ 600808.40554000006523, 8171097.347730000503361 ], [ 600808.40554000006523, 8171097.947730001062155 ], [ 600810.205540000111796, 8171097.947730001062155 ], [ 600810.205540000111796, 8171098.547730000689626 ], [ 600812.605540000135079, 8171098.547730000689626 ], [ 600812.605540000135079, 8171099.147730000317097 ], [ 600813.205540000111796, 8171099.147730000317097 ], [ 600813.205540000111796, 8171102.74773000087589 ], [ 600813.805540000088513, 8171102.74773000087589 ], [ 600813.805540000088513, 8171109.947730001062155 ], [ 600813.205540000111796, 8171109.947730001062155 ], [ 600813.205540000111796, 8171111.147730000317097 ], [ 600804.805540000088513, 8171111.147730000317097 ] ] ] } },
{ "type": "Feature", "properties": { "id": 80, "instance": 129, "mean_prob": 0.997, "area_m2": 150.8 }, "geometry": { "type": "Polygon", "coordinates": [ [ [ 600782.605540000135079, 8171107.547730000689626 ], [ 600782.605540000135079, 8171106.347730000503361 ], [ 600782.005540000041947, 8171106.347730000503361 ], [ 600782.005540000041947, 8171103.947730001062155 ], [ 600781.40554000006523, 8171103.947730001062155 ], [ 600781.40554000006523, 8171102.147730000317097 ], [ 600780.805540000088513, 8171102.147730000317097 ], [ 600780.805540000088513, 8171101.547730000689626 ], [ 600779.605540000135079, 8171100.947730001062155 ], [ 600779.605540000135079, 8171099.74773000087589 ], [ 600779.005540000041947, 8171099.74773000087589 ], [ 600779.005540000041947, 8171098.547730000689626 ], [ 600778.40554000006523, 8171098.547730000689626 ], [ 600778.40554000006523, 8171097.347730000503361 ], [ 600777.805540000088513, 8171097.347730000503361 ], [ 600777.805540000088513, 8171096.147730000317097 ], [ 600778.40554000006523, 8171096.147730000317097 ], [ 600778.40554000006523, 8171094.947730001062155 ], [ 600779.005540000041947, 8171094.947730001062155 ], [ 600779.005540000041947, 8171093.74773000087589 ], [ 600779.605540000135079, 8171093.74773000087589 ], [ 600779.605540000135079, 8171093.147730000317097 ], [ 600780.805540000088513, 8171093.147730000317097 ], [ 600780.805540000088513, 8171092.547730000689626 ], [ 600782.005540000041947, 8171091.947730001062155 ], [ 600782.005540000041947, 8171091.347730000503361 ], [ 600783.205540000111796, 8171091.347730000503361 ], [ 600783.205540000111796, 8171090.74773000087589 ], [ 600789.205540000111796, 8171091.347730000503361 ], [ 600789.205540000111796, 8171092.547730000689626 ], [ 600789.805540000088513, 8171092.547730000689626 ], [ 600789.805540000088513, 8171105.74773000087589 ], [ 600789.205540000111796, 8171105.74773000087589 ], [ 600789.205540000111796, 8171106.347730000503361 ], [ 600787.40554000006523, 8171106.347730000503361 ], [ 600787.40554000006523, 8171106.947730001062155 ], [ 600784.40554000006523, 8171106.947730001062155 ], [ 600784.40554000006523, 8171107.547730000689626 ], [ 600782.605540000135079, 8171107.547730000689626 ] ] ] } }
]
}
