{
"type": "FeatureCollection",
"name": "buildings_wgs84",
"crs": { "type": "name", "properties": { "name": "urn:ogc:def:crs:OGC:1.3:CRS84" } },
"features": [
{ "type": "Feature", "properties": { "id": 1, "instance": 51, "mean_prob": 0.895, "area_m2": 27.0 }, "geometry": { "type": "MultiPolygon", "coordinates": [ [ [ [ -68.055258688700007, -16.537812192541104 ], [ -68.055253066262509, -16.537812167084645 ], [ -68.055253039870891, -16.537817590315328 ], [ -68.05525866230856, -16.537817615771797 ], [ -68.055258688700007, -16.537812192541104 ] ] ], [ [ [ -68.055258820657102, -16.537785076387628 ], [ -68.055253198220399, -16.53778505093122 ], [ -68.055253119045688, -16.537801320623291 ], [ -68.055258741482874, -16.537801346079721 ], [ -68.055258820657102, -16.537785076387628 ] ] ], [ [ [ -68.055247681350451, -16.537763332551908 ], [ -68.055247654958762, -16.537768755782597 ], [ -68.055253277394996, -16.53776878123913 ], [ -68.055253303786515, -16.53776335800843 ], [ -68.055247681350451, -16.537763332551908 ] ] ], [ [ [ -68.055242058914374, -16.537763307095229 ], [ -68.055247681350451, -16.537763332551908 ], [ -68.055247707742097, -16.537757909321204 ], [ -68.055242085306205, -16.537757883864536 ], [ -68.055242058914374, -16.537763307095229 ] ] ], [ [ [ -68.055242111698007, -16.53775246063385 ], [ -68.055236489262271, -16.537752435177037 ], [ -68.055236462870297, -16.537757858407723 ], [ -68.055242085306205, -16.537757883864536 ], [ -68.055242111698007, -16.53775246063385 ] ] ], [ [ [ -68.055236594830035, -16.537730742254283 ], [ -68.055230972394938, -16.537730716797352 ], [ -68.055230893218649, -16.537746986489395 ], [ -68.055236515654229, -16.537747011946351 ], [ -68.055236594830035, -16.537730742254283 ] ] ], [ [ [ -68.05522537635207, -16.5377252681096 ], [ -68.05523099878701, -16.53772529356667 ], [ -68.055231104355215, -16.537703600643894 ], [ -68.0552254819209, -16.53770357518685 ], [ -68.055225534705258, -16.537692728725467 ], [ -68.055219912271284, -16.537692703268295 ], [ -68.05522537635207, -16.5377252681096 ] ] ], [ [ [ -68.055219991448212, -16.537676433576216 ], [ -68.055214369014706, -16.537676408118923 ], [ -68.055214289837309, -16.537692677810977 ], [ -68.055219912271284, -16.537692703268295 ], [ -68.055219991448212, -16.537676433576216 ] ] ], [ [ [ -68.055208772973813, -16.537670959430809 ], [ -68.055214395407148, -16.537670984888241 ], [ -68.055214474584446, -16.537654715196155 ], [ -68.05520885215158, -16.537654689738744 ], [ -68.055208772973813, -16.537670959430809 ] ] ], [ [ [ -68.055208931329247, -16.537638420046651 ], [ -68.055203308896864, -16.537638394589116 ], [ -68.055203229718728, -16.537654664281185 ], [ -68.05520885215158, -16.537654689738744 ], [ -68.055208931329247, -16.537638420046651 ] ] ], [ [ [ -68.055123802993137, -16.537800735083461 ], [ -68.055118180556178, -16.537800709623394 ], [ -68.055118127765468, -16.537811556084332 ], [ -68.055123750202725, -16.537811581544421 ], [ -68.055123802993137, -16.537800735083461 ] ] ], [ [ [ -68.055118576485313, -16.537719361165976 ], [ -68.055112954050742, -16.537719335705891 ], [ -68.055112874864619, -16.537735605397408 ], [ -68.055118497299674, -16.537735630857526 ], [ -68.055118576485313, -16.537719361165976 ] ] ], [ [ [ -68.05510207872004, -16.537643359558142 ], [ -68.055107701152409, -16.537643385018409 ], [ -68.055107595570817, -16.537665077940535 ], [ -68.055113218003825, -16.537665103400688 ], [ -68.055112980446083, -16.537713912475386 ], [ -68.055118602880512, -16.537713937935468 ], [ -68.055118919622103, -16.537648859169039 ], [ -68.055113297189564, -16.537648833709067 ], [ -68.055113402770402, -16.537627140786878 ], [ -68.055107780338503, -16.537627115326785 ], [ -68.055102369070312, -16.537583704022147 ], [ -68.055096746639691, -16.537583678561823 ], [ -68.055096561870386, -16.537621641175612 ], [ -68.0551021843021, -16.537621666635999 ], [ -68.05510207872004, -16.537643359558142 ] ] ], [ [ [ -68.055197712857336, -16.537632945900757 ], [ -68.055203335289548, -16.53763297135843 ], [ -68.055203388074915, -16.537622124897037 ], [ -68.055197765643001, -16.537622099439382 ], [ -68.055197712857336, -16.537632945900757 ] ] ], [ [ [ -68.055197844821436, -16.537605829747296 ], [ -68.055192222390005, -16.537605804289516 ], [ -68.055192143211102, -16.53762207398157 ], [ -68.055197765643001, -16.537622099439382 ], [ -68.055197844821436, -16.537605829747296 ] ] ], [ [ [ -68.055192248782959, -16.537600381058827 ], [ -68.055186626351698, -16.537600355600901 ], [ -68.055186599958589, -16.53760577883158 ], [ -68.055192222390005, -16.537605804289516 ], [ -68.055192248782959, -16.537600381058827 ] ] ], [ [ [ -68.055186679137876, -16.537589509139522 ], [ -68.055181056706942, -16.537589483681465 ], [ -68.05518103031369, -16.537594906912137 ], [ -68.055186652744794, -16.537594932370208 ], [ -68.055186679137876, -16.537589509139522 ] ] ], [ [ [ -68.055175487062783, -16.537578611761898 ], [ -68.055169864632191, -16.53757858630355 ], [ -68.055169838238641, -16.537584009534218 ], [ -68.055175460669417, -16.537584034992573 ], [ -68.055175487062783, -16.537578611761898 ] ] ], [ [ [ -68.055147401304026, -16.537573061238021 ], [ -68.055147374909879, -16.537578484468654 ], [ -68.055152997340443, -16.537578509927602 ], [ -68.055153023734448, -16.537573086696963 ], [ -68.055147401304026, -16.537573061238021 ] ] ], [ [ [ -68.055108070686714, -16.537567459790601 ], [ -68.055108044291472, -16.537572883021181 ], [ -68.055119289152159, -16.537572933941036 ], [ -68.055119315547088, -16.537567510710439 ], [ -68.055108070686714, -16.537567459790601 ] ] ] ] } },
{ "type": "Feature", "properties": { "id": 2, "instance": 147, "mean_prob": 0.998, "area_m2": 256.7 }, "geometry": { "type": "Polygon", "coordinates": [ [ [ -68.054749080140013, -16.537392286674056 ], [ -68.054749053735023, -16.537397709904162 ], [ -68.054754676159718, -16.537397735373577 ], [ -68.054754491325696, -16.537435697984282 ], [ -68.054760113751485, -16.537435723453612 ], [ -68.054760034537239, -16.537451993143886 ], [ -68.054765656963511, -16.537452018613088 ], [ -68.054765604154269, -16.537462865073284 ], [ -68.054776849007467, -16.537462916011265 ], [ -68.054776769794486, -16.537479185701589 ], [ -68.054782392221554, -16.537479211170375 ], [ -68.054782180987758, -16.537522597011179 ], [ -68.05478780341609, -16.537522622479887 ], [ -68.054787618587085, -16.537560585090503 ], [ -68.05475950643995, -16.537560457745137 ], [ -68.054759480034974, -16.537565880975173 ], [ -68.05471450059882, -16.537565677214648 ], [ -68.054714474192579, -16.537571100444609 ], [ -68.054680739614938, -16.537570947617802 ], [ -68.054680713207745, -16.537576370847706 ], [ -68.054658223488886, -16.537576268960098 ], [ -68.054658249896704, -16.537570845730237 ], [ -68.054647005037637, -16.537570794785541 ], [ -68.054647321934397, -16.53750571602712 ], [ -68.054641699506774, -16.537505690554649 ], [ -68.054641963587883, -16.537451458255731 ], [ -68.054647586013957, -16.537451483728116 ], [ -68.054647770869053, -16.537413521118633 ], [ -68.054659042126517, -16.537408148832867 ], [ -68.054659094941513, -16.537397302372948 ], [ -68.054743431310357, -16.537397684434602 ], [ -68.054743457715503, -16.537392261204495 ], [ -68.054749080140013, -16.537392286674056 ] ] ] } },
{ "type": "Feature", "properties": { "id": 3, "instance": 2, "mean_prob": 0.555, "area_m2": 96.1 }, "geometry": { "type": "Polygon", "coordinates": [ [ [ -68.054669441940788, -16.537581743134087 ], [ -68.054669389125749, -16.537592589593842 ], [ -68.054675011555929, -16.537592615065694 ], [ -68.054674932333754, -16.537608884755336 ], [ -68.054680554764417, -16.53760891022706 ], [ -68.054680528357167, -16.537614333456947 ], [ -68.054674905926333, -16.537614307985212 ], [ -68.054674536221526, -16.537690233203151 ], [ -68.054640801623577, -16.537690080368822 ], [ -68.054640828032063, -16.537684657139042 ], [ -68.054618338300912, -16.537684555246496 ], [ -68.054618364710024, -16.537679132016752 ], [ -68.054607119844832, -16.537679081069587 ], [ -68.054607146254241, -16.537673657839843 ], [ -68.054584682934617, -16.537668132714035 ], [ -68.054584735754659, -16.537657286254614 ], [ -68.054579113322731, -16.537657260780243 ], [ -68.054579192553192, -16.537640991091131 ], [ -68.054590463825917, -16.537635618809951 ], [ -68.054596191895754, -16.537613951365024 ], [ -68.054601814326446, -16.537613976838873 ], [ -68.054601867145351, -16.537603130379352 ], [ -68.054613138415263, -16.537597758096794 ], [ -68.054613191233457, -16.53758691163722 ], [ -68.054624436093334, -16.537586962583777 ], [ -68.054624462502119, -16.537581539353965 ], [ -68.054669441940788, -16.537581743134087 ] ] ] } },
{ "type": "Feature", "properties": { "id": 4, "instance": 107, "mean_prob": 0.993, "area_m2": 168.5 }, "geometry": { "type": "Polygon", "coordinates": [ [ [ -68.054832413202334, -16.537598751446179 ], [ -68.054832386799333, -16.5376041746763 ], [ -68.05484363166093, -16.537604225611105 ], [ -68.054843578855539, -16.537615072071386 ], [ -68.054849201286657, -16.53761509753857 ], [ -68.054849174884097, -16.537620520768719 ], [ -68.054860419746703, -16.537620571702664 ], [ -68.054860393344455, -16.537625994932831 ], [ -68.054866015775929, -16.537626020399593 ], [ -68.054865778156639, -16.537674829470966 ], [ -68.054860155723745, -16.537674804004137 ], [ -68.054860076516675, -16.537691073694521 ], [ -68.054848831649991, -16.537691022760345 ], [ -68.054848805247303, -16.537696445990452 ], [ -68.054820693079989, -16.537696318652316 ], [ -68.054820666676505, -16.537701741882369 ], [ -68.054798176942199, -16.537701640009104 ], [ -68.054798150538076, -16.537707063239132 ], [ -68.054736303767854, -16.537706783075052 ], [ -68.054736277361982, -16.537712206304967 ], [ -68.054719410060741, -16.537712129893375 ], [ -68.054719436467082, -16.537706706663485 ], [ -68.054713814033519, -16.53770668119266 ], [ -68.054714051691491, -16.53765787212356 ], [ -68.054719674123646, -16.537657897594308 ], [ -68.054719806154722, -16.537630781444669 ], [ -68.054714183723362, -16.537630755973968 ], [ -68.054714262942355, -16.537614486284177 ], [ -68.054736752666017, -16.537614588165969 ], [ -68.054736779071689, -16.537609164935994 ], [ -68.054764891225702, -16.537609292284777 ], [ -68.054764917630592, -16.53760386905476 ], [ -68.054787407353345, -16.537603970931038 ], [ -68.054787433757596, -16.537598547700981 ], [ -68.054832413202334, -16.537598751446179 ] ] ] } },
{ "type": "Feature", "properties": { "id": 5, "instance": 94, "mean_prob": 0.986, "area_m2": 150.5 }, "geometry": { "type": "Polygon", "coordinates": [ [ [ -68.053988837306377, -16.537638315441203 ], [ -68.053988810879758, -16.537643738669971 ], [ -68.053994433310322, -16.537643764160233 ], [ -68.053994142618492, -16.537703419676749 ], [ -68.053982871327023, -16.537708791924604 ], [ -68.053982844900119, -16.537714215153336 ], [ -68.053971600034956, -16.53771416417182 ], [ -68.053971573607711, -16.537719587400545 ], [ -68.053960302314707, -16.537724959647097 ], [ -68.05396027588715, -16.53773038287579 ], [ -68.053949004593221, -16.53773575512168 ], [ -68.053948951737425, -16.537746601579009 ], [ -68.053943329303948, -16.537746576087368 ], [ -68.053943302875865, -16.537751999316022 ], [ -68.053932058008641, -16.537751948332261 ], [ -68.053932031580246, -16.537757371560897 ], [ -68.053875807243159, -16.537757116632925 ], [ -68.053875833673132, -16.537751693404381 ], [ -68.053870211239641, -16.537751667910761 ], [ -68.053870528400438, -16.537686589168104 ], [ -68.053864905968837, -16.537686563674434 ], [ -68.053864932398994, -16.537681140445873 ], [ -68.053870554830439, -16.537681165939528 ], [ -68.053870581260441, -16.537675742710963 ], [ -68.053864958829152, -16.537675717217311 ], [ -68.05386506454964, -16.537654024303013 ], [ -68.053870686980304, -16.537654049796625 ], [ -68.053870739840193, -16.537643203339439 ], [ -68.053893229561666, -16.537643305312312 ], [ -68.053893255990971, -16.537637882083686 ], [ -68.053938235433165, -16.537638086022088 ], [ -68.053938209005111, -16.537643509250778 ], [ -68.053960698727082, -16.537643611216378 ], [ -68.053960725154482, -16.537638187987653 ], [ -68.053988837306377, -16.537638315441203 ] ] ] } },
{ "type": "Feature", "properties": { "id": 6, "instance": 23, "mean_prob": 0.755, "area_m2": 144.0 }, "geometry": { "type": "Polygon", "coordinates": [ [ [ -68.054325866141212, -16.537704923340009 ], [ -68.054325839723887, -16.537710346569281 ], [ -68.054331462156924, -16.537710372050562 ], [ -68.054331277236471, -16.537748334655475 ], [ -68.054336899670631, -16.537748360136671 ], [ -68.054336688333635, -16.537791745970765 ], [ -68.054331065898225, -16.537791720489494 ], [ -68.0543310394809, -16.537797143718734 ], [ -68.054291682432222, -16.537796965345581 ], [ -68.054291708850656, -16.537791542116413 ], [ -68.054252351803569, -16.537791363735895 ], [ -68.054252325384041, -16.537796786965011 ], [ -68.054184856159708, -16.537796481152476 ], [ -68.054185199637232, -16.537725979175118 ], [ -68.05419082207051, -16.537726004660218 ], [ -68.054190848491629, -16.537720581431167 ], [ -68.054241450390052, -16.537720810790134 ], [ -68.05424147680975, -16.537715387560986 ], [ -68.05426396654201, -16.537715489494335 ], [ -68.054263992961069, -16.537710066265159 ], [ -68.054280860259908, -16.537710142713564 ], [ -68.054280886678484, -16.53770471948436 ], [ -68.054325866141212, -16.537704923340009 ] ] ] } },
{ "type": "Feature", "properties": { "id": 7, "instance": 62, "mean_prob": 0.931, "area_m2": 303.5 }, "geometry": { "type": "Polygon", "coordinates": [ [ [ -68.055147401304026, -16.537573061238021 ], [ -68.055147374909879, -16.537578484468654 ], [ -68.055169864632191, -16.53757858630355 ], [ -68.055169838238641, -16.537584009534218 ], [ -68.05518108310018, -16.537584060450772 ], [ -68.05518103031369, -16.537594906912137 ], [ -68.055186652744794, -16.537594932370208 ], [ -68.055186599958589, -16.53760577883158 ], [ -68.055192222390005, -16.537605804289516 ], [ -68.055192143211102, -16.53762207398157 ], [ -68.055197765643001, -16.537622099439382 ], [ -68.055197712857336, -16.537632945900757 ], [ -68.055203335289548, -16.53763297135843 ], [ -68.055203229718728, -16.537654664281185 ], [ -68.05520885215158, -16.537654689738744 ], [ -68.055208772973813, -16.537670959430809 ], [ -68.055214395407148, -16.537670984888241 ], [ -68.055214289837309, -16.537692677810977 ], [ -68.055219912271284, -16.537692703268295 ], [ -68.055219833094256, -16.53770897296036 ], [ -68.055225455528713, -16.53770899841755 ], [ -68.05522537635207, -16.5377252681096 ], [ -68.05523099878701, -16.53772529356667 ], [ -68.055230893218649, -16.537746986489395 ], [ -68.055236515654229, -16.537747011946351 ], [ -68.055236462870297, -16.537757858407723 ], [ -68.055242085306205, -16.537757883864536 ], [ -68.055242058914374, -16.537763307095229 ], [ -68.055253277394996, -16.53776878123913 ], [ -68.055253119045688, -16.537801320623291 ], [ -68.055258741482874, -16.537801346079721 ], [ -68.055253013479273, -16.537823013546003 ], [ -68.055123697412284, -16.537822428005363 ], [ -68.055123961364103, -16.537768195700526 ], [ -68.055118338928096, -16.537768170240504 ], [ -68.055118365323381, -16.537762747010017 ], [ -68.055123987759245, -16.537762772470028 ], [ -68.055124014154359, -16.53775734923952 ], [ -68.055118391718665, -16.537757323779523 ], [ -68.055118919622103, -16.537648859169039 ], [ -68.055113297189564, -16.537648833709067 ], [ -68.055113402770402, -16.537627140786878 ], [ -68.055107780338503, -16.537627115326785 ], [ -68.05510788591981, -16.537605422404575 ], [ -68.055102263488536, -16.537605396944368 ], [ -68.055102369070312, -16.537583704022147 ], [ -68.055096746639691, -16.537583678561823 ], [ -68.055096773035274, -16.537578255331269 ], [ -68.055102395465738, -16.537578280791589 ], [ -68.05510242186115, -16.537572857561024 ], [ -68.055147401304026, -16.537573061238021 ] ] ] } },
{ "type": "Feature", "properties": { "id": 8, "instance": 159, "mean_prob": 1.0, "area_m2": 244.1 }, "geometry": { "type": "Polygon", "coordinates": [ [ [ -68.053971097915777, -16.537817205516916 ], [ -68.053971071488348, -16.537822628745577 ], [ -68.053982316359793, -16.537822679727448 ], [ -68.053982289932677, -16.537828102956123 ], [ -68.053993508377644, -16.537833577166094 ], [ -68.053993481950826, -16.537839000394786 ], [ -68.05401597169579, -16.537839102355598 ], [ -68.054015998121983, -16.537833679126873 ], [ -68.05404973273879, -16.537833832063495 ], [ -68.05404975916403, -16.537828408834713 ], [ -68.054060977611144, -16.537833883041159 ], [ -68.054060951186202, -16.537839306269955 ], [ -68.054066573622535, -16.537839331758569 ], [ -68.054066467923306, -16.537861024673742 ], [ -68.054072090360293, -16.537861050162242 ], [ -68.054071931812089, -16.537893589534981 ], [ -68.054077554250014, -16.537893615023378 ], [ -68.054077237154416, -16.53795869376864 ], [ -68.054071614714587, -16.537958668280137 ], [ -68.054065939424746, -16.537969489248955 ], [ -68.053981602824081, -16.537969106900679 ], [ -68.053976033239181, -16.537958234952388 ], [ -68.053964788359906, -16.537958183969778 ], [ -68.053959218776242, -16.537947312021107 ], [ -68.053953596336953, -16.537947286529437 ], [ -68.053953622765079, -16.537941863300862 ], [ -68.053942404315251, -16.537936389088546 ], [ -68.05394243074366, -16.537930965859982 ], [ -68.053931185866077, -16.537930914875641 ], [ -68.053925616285056, -16.537920042926178 ], [ -68.053914371408155, -16.537919991940967 ], [ -68.053914424266495, -16.537909145483923 ], [ -68.053908801828371, -16.537909119991106 ], [ -68.053909066121008, -16.537854887705794 ], [ -68.053914688557569, -16.537854913198526 ], [ -68.053914741415667, -16.537844066741414 ], [ -68.053909118979419, -16.537844041248697 ], [ -68.05390914540861, -16.537838618020153 ], [ -68.053914767844702, -16.53783864351286 ], [ -68.05391482070273, -16.537827797055723 ], [ -68.053920443138509, -16.537827822548255 ], [ -68.053920469567359, -16.537822399319676 ], [ -68.053942959309921, -16.537822501288257 ], [ -68.053942985738132, -16.537817078059639 ], [ -68.053971097915777, -16.537817205516916 ] ], [ [ -68.054015892417141, -16.537855372041744 ], [ -68.054010269980409, -16.537855346551744 ], [ -68.054010243554018, -16.537860769780444 ], [ -68.054015865990905, -16.537860795270454 ], [ -68.054015892417141, -16.537855372041744 ] ] ] } },
{ "type": "Feature", "properties": { "id": 9, "instance": 103, "mean_prob": 0.993, "area_m2": 215.3 }, "geometry": { "type": "Polygon", "coordinates": [ [ [ -68.054048939976823, -16.537996528925515 ], [ -68.054048887125717, -16.5380073753829 ], [ -68.054054509566896, -16.538007400872083 ], [ -68.054054218886776, -16.538067056387547 ], [ -68.054059841329718, -16.53806708187668 ], [ -68.054059577075606, -16.538121314163252 ], [ -68.054042709742134, -16.538121237695126 ], [ -68.054042683316183, -16.538126660923751 ], [ -68.053980836425836, -16.538126380528869 ], [ -68.053980809998166, -16.538131803757381 ], [ -68.053913340662717, -16.538131497851047 ], [ -68.053913367092278, -16.538126074622642 ], [ -68.053907744647873, -16.538126049129474 ], [ -68.053907771077576, -16.538120625901062 ], [ -68.053913393521825, -16.538120651394223 ], [ -68.053913657816764, -16.538066419109946 ], [ -68.053919280259436, -16.538066444602862 ], [ -68.053919412405762, -16.538039328460574 ], [ -68.053913789963858, -16.538039302967697 ], [ -68.053913922110709, -16.538012186825377 ], [ -68.053919544551832, -16.538012212318211 ], [ -68.053919570981009, -16.538006789089739 ], [ -68.053936438303921, -16.538006865567297 ], [ -68.053936464732629, -16.538001442338793 ], [ -68.05397582181871, -16.538001620781078 ], [ -68.053975848246296, -16.537996197552499 ], [ -68.054048939976823, -16.537996528925515 ] ] ] } },
{ "type": "Feature", "properties": { "id": 10, "instance": 148, "mean_prob": 0.998, "area_m2": 120.2 }, "geometry": { "type": "Polygon", "coordinates": [ [ [ -68.055482478022512, -16.538040986376199 ], [ -68.055488047696144, -16.538051858288668 ], [ -68.05549926620067, -16.538057332420411 ], [ -68.05549921343038, -16.538068178882281 ], [ -68.055504835875695, -16.538068204332486 ], [ -68.055504756720651, -16.538084474025293 ], [ -68.055510379166435, -16.538084499475371 ], [ -68.055510300011775, -16.538100769168182 ], [ -68.05552151851974, -16.538106243298895 ], [ -68.055521465750516, -16.538117089760782 ], [ -68.055527088197294, -16.538117115210458 ], [ -68.055527035428355, -16.538127961672348 ], [ -68.055532657875446, -16.538127987121886 ], [ -68.055532525953694, -16.538155103276619 ], [ -68.055521281057949, -16.538155052377295 ], [ -68.055521254673266, -16.538160475608219 ], [ -68.055498764881264, -16.538160373807713 ], [ -68.055498738495928, -16.538165797038587 ], [ -68.055487493599685, -16.538165746137413 ], [ -68.055487467214022, -16.538171169368276 ], [ -68.055470599869238, -16.538171093015343 ], [ -68.055470652641489, -16.538160246553673 ], [ -68.055459407745644, -16.538160195650999 ], [ -68.055459460518477, -16.538149349189343 ], [ -68.055431348280621, -16.538149221930095 ], [ -68.055431374667805, -16.538143798699309 ], [ -68.05544824201003, -16.538143875055294 ], [ -68.055448268396717, -16.538138451824469 ], [ -68.055437023502222, -16.538138400920655 ], [ -68.055437049889221, -16.538132977689862 ], [ -68.055431427442144, -16.538132952237731 ], [ -68.055431480216441, -16.538122105776139 ], [ -68.055425857769706, -16.538122080323877 ], [ -68.055425963318811, -16.5381003874007 ], [ -68.055420340872686, -16.538100361948324 ], [ -68.055420525584353, -16.53806239933272 ], [ -68.055426148029369, -16.538062424785036 ], [ -68.055426200803737, -16.538051578323387 ], [ -68.055431823248455, -16.538051603775536 ], [ -68.055431849635454, -16.538046180544693 ], [ -68.055443094524605, -16.538046231448519 ], [ -68.055443120911292, -16.538040808217662 ], [ -68.055482478022512, -16.538040986376199 ] ] ] } },
{ "type": "Feature", "properties": { "id": 11, "instance": 88, "mean_prob": 0.982, "area_m2": 93.6 }, "geometry": { "type": "Polygon", "coordinates": [ [ [ -68.055633941069217, -16.538112175494426 ], [ -68.055633888306275, -16.538123021956661 ], [ -68.055656351713964, -16.538128546973532 ], [ -68.055661921399832, -16.538139418881901 ], [ -68.055678788742796, -16.538139495219223 ], [ -68.055678762362518, -16.538144918450403 ], [ -68.055689980878228, -16.538150392572398 ], [ -68.055689637937803, -16.538220894577609 ], [ -68.05568401548777, -16.538220869132157 ], [ -68.055683962727244, -16.538231715594435 ], [ -68.055678340276899, -16.538231690148812 ], [ -68.055678313896465, -16.538237113379942 ], [ -68.055633334292835, -16.538236909809441 ], [ -68.05563336067452, -16.538231486578386 ], [ -68.055622115774028, -16.538231435684267 ], [ -68.055616546088089, -16.538220563774914 ], [ -68.055610923638184, -16.53822053832749 ], [ -68.055611029167281, -16.538198845403357 ], [ -68.05561665161656, -16.538198870850742 ], [ -68.055616704380739, -16.538188024388639 ], [ -68.055622326829706, -16.538188049835856 ], [ -68.055628002042212, -16.538177228820775 ], [ -68.05562237959353, -16.538177203373724 ], [ -68.055622432357325, -16.538166356911578 ], [ -68.055616809908969, -16.538166331464399 ], [ -68.055616836291009, -16.538160908233333 ], [ -68.055594372880989, -16.538155383212089 ], [ -68.055594425646262, -16.538144536750021 ], [ -68.055605670541638, -16.53814458764537 ], [ -68.055605723306243, -16.538133741183245 ], [ -68.055616968201036, -16.538133792077961 ], [ -68.055622696175647, -16.538112124600694 ], [ -68.055633941069217, -16.538112175494426 ] ] ] } },
{ "type": "Feature", "properties": { "id": 12, "instance": 161, "mean_prob": 1.0, "area_m2": 289.8 }, "geometry": { "type": "Polygon", "coordinates": [ [ [ -68.05427344132957, -16.538078896809598 ], [ -68.054273414910142, -16.53808432003861 ], [ -68.054295904685361, -16.538084421970719 ], [ -68.054295878266558, -16.538089845199746 ], [ -68.05430712315453, -16.538089896164912 ], [ -68.05431269276184, -16.53810076810538 ], [ -68.054323911232444, -16.538106242298731 ], [ -68.054323884814394, -16.538111665527808 ], [ -68.054329507259055, -16.538111691009743 ], [ -68.054329480841147, -16.538117114238805 ], [ -68.054340699313201, -16.538122588431328 ], [ -68.054340672895592, -16.538128011660415 ], [ -68.054351917785922, -16.538128062623283 ], [ -68.054357487396786, -16.538138934562699 ], [ -68.054363109842285, -16.538138960043774 ], [ -68.054363083425272, -16.538144383272872 ], [ -68.054374301899912, -16.538149857463704 ], [ -68.05437419623297, -16.538171550380177 ], [ -68.054362924922955, -16.538176922647466 ], [ -68.054362872088788, -16.538187769105644 ], [ -68.054351600777537, -16.538193141372268 ], [ -68.054345872660065, -16.538214808806998 ], [ -68.054340250212391, -16.538214783325355 ], [ -68.054340223794611, -16.538220206554385 ], [ -68.054278376869121, -16.538219926246153 ], [ -68.054278350449607, -16.538225349475088 ], [ -68.054255860658188, -16.538225247540236 ], [ -68.05425583423802, -16.538230670769131 ], [ -68.054227721998188, -16.538230543347119 ], [ -68.054227695577239, -16.538235966575972 ], [ -68.054216450681068, -16.538235915606094 ], [ -68.054216424259778, -16.538241338834919 ], [ -68.054193934466923, -16.538241236893306 ], [ -68.054193908045008, -16.538246660122098 ], [ -68.054160173355072, -16.538246507205077 ], [ -68.054160226200779, -16.538235660747596 ], [ -68.054154603752792, -16.538235635260914 ], [ -68.054154788713547, -16.538197672659713 ], [ -68.054149166266683, -16.538197647172939 ], [ -68.054149351228048, -16.538159684571657 ], [ -68.054160622542298, -16.538154312316141 ], [ -68.054166297832978, -16.538143491344947 ], [ -68.05417754272365, -16.53814354231725 ], [ -68.054177569145835, -16.53813811908844 ], [ -68.054188814036223, -16.538138170060126 ], [ -68.054188840458096, -16.53813274683128 ], [ -68.054200085348228, -16.538132797802341 ], [ -68.054205760636066, -16.538121976829903 ], [ -68.054217005525615, -16.538122027800021 ], [ -68.054217031946678, -16.538116604571133 ], [ -68.054228303256679, -16.538111232311721 ], [ -68.0542283296774, -16.538105809082793 ], [ -68.054239600986492, -16.538100436822717 ], [ -68.054239627406872, -16.538095013593779 ], [ -68.054245249850922, -16.538095039077959 ], [ -68.054250925135094, -16.538084218104071 ], [ -68.054267792466376, -16.538084294555205 ], [ -68.054267818885947, -16.538078871326203 ], [ -68.05427344132957, -16.538078896809598 ] ] ] } },
{ "type": "Feature", "properties": { "id": 13, "instance": 25, "mean_prob": 0.761, "area_m2": 131.8 }, "geometry": { "type": "MultiPolygon", "coordinates": [ [ [ [ -68.054384146708301, -16.53843733956527 ], [ -68.054389769162484, -16.538437365046072 ], [ -68.054389795579254, -16.538431941817066 ], [ -68.054384173125229, -16.538431916336275 ], [ -68.054384146708301, -16.53843733956527 ] ] ], [ [ [ -68.054389874829496, -16.53841567213005 ], [ -68.054395497283068, -16.53841569761067 ], [ -68.054395735031846, -16.538366888549383 ], [ -68.054390112579682, -16.538366863068845 ], [ -68.054389874829496, -16.53841567213005 ] ] ], [ [ [ -68.054384542961131, -16.538355991130107 ], [ -68.054390165412954, -16.538356016610781 ], [ -68.054390297495956, -16.538328900465537 ], [ -68.054384675044886, -16.538328874984916 ], [ -68.054384542961131, -16.538355991130107 ] ] ], [ [ [ -68.054278086253859, -16.538279581764268 ], [ -68.054115035224143, -16.538278842679173 ], [ -68.054115008799954, -16.538284265907816 ], [ -68.054081274104249, -16.538284112977706 ], [ -68.054081247679107, -16.5382895362063 ], [ -68.054058757881549, -16.538289434249826 ], [ -68.054058731455768, -16.538294857478377 ], [ -68.054047486556726, -16.538294806499216 ], [ -68.054047460130633, -16.538300229727753 ], [ -68.05404183768097, -16.538300204237935 ], [ -68.054041467712381, -16.538376129436962 ], [ -68.054052712616112, -16.538376180416694 ], [ -68.054058282216104, -16.538387052363348 ], [ -68.054075149572753, -16.538387128831406 ], [ -68.054075096721789, -16.538397975288461 ], [ -68.054086315201701, -16.538403449494982 ], [ -68.054086341626885, -16.538398026266446 ], [ -68.054091964079447, -16.538398051755212 ], [ -68.054092334028809, -16.538322126555219 ], [ -68.054103578929585, -16.538322177532049 ], [ -68.054109254228791, -16.538311356562993 ], [ -68.054120499128985, -16.538311407538878 ], [ -68.054120525553074, -16.538305984310238 ], [ -68.054137392902959, -16.538306060772904 ], [ -68.054137366479367, -16.538311484001568 ], [ -68.054159856279995, -16.538311585949703 ], [ -68.054159882702976, -16.538306162721003 ], [ -68.054171127603041, -16.538306213694138 ], [ -68.054171154025681, -16.538300790465421 ], [ -68.054176776475572, -16.538300815951757 ], [ -68.054176829320539, -16.538289969494279 ], [ -68.054199319118936, -16.538290071438034 ], [ -68.054199292697092, -16.538295494666801 ], [ -68.054221782496271, -16.538295596608165 ], [ -68.054227352103936, -16.538306468550758 ], [ -68.054232974554083, -16.538306494035584 ], [ -68.054233000975017, -16.538301070806767 ], [ -68.054238623425007, -16.538301096291438 ], [ -68.054238597004243, -16.538306519520262 ], [ -68.054249841904578, -16.538306570489159 ], [ -68.054249868325044, -16.538301147260317 ], [ -68.054261113225095, -16.538301198228595 ], [ -68.05426113964522, -16.538295774999717 ], [ -68.054306145663489, -16.538290555637751 ], [ -68.054306198501195, -16.538279709179861 ], [ -68.054351178097463, -16.538279913036938 ], [ -68.054351151679867, -16.53828533626595 ], [ -68.05436239657935, -16.538285387228722 ], [ -68.054362370162067, -16.53829081045776 ], [ -68.054373588644921, -16.538296284648986 ], [ -68.054373535810925, -16.538307131107075 ], [ -68.054379158261327, -16.538307156587965 ], [ -68.054379105427614, -16.538318003046054 ], [ -68.054384727878329, -16.53831802852681 ], [ -68.054384886378429, -16.538285489152447 ], [ -68.054379263928638, -16.538285463671741 ], [ -68.054379290345452, -16.538280040442686 ], [ -68.054368045446225, -16.538279989480834 ], [ -68.054368071863337, -16.538274566251793 ], [ -68.054278112673472, -16.538274158535366 ], [ -68.054278086253859, -16.538279581764268 ] ] ] ] } },
{ "type": "Feature", "properties": { "id": 14, "instance": 45, "mean_prob": 0.861, "area_m2": 490.0 }, "geometry": { "type": "Polygon", "coordinates": [ [ [ -68.054351178097463, -16.538279913036938 ], [ -68.054351151679867, -16.53828533626595 ], [ -68.05436239657935, -16.538285387228722 ], [ -68.054362370162067, -16.53829081045776 ], [ -68.054373588644921, -16.538296284648986 ], [ -68.054373535810925, -16.538307131107075 ], [ -68.054379158261327, -16.538307156587965 ], [ -68.054379105427614, -16.538318003046054 ], [ -68.054384727878329, -16.53831802852681 ], [ -68.054384542961131, -16.538355991130107 ], [ -68.054390165412954, -16.538356016610781 ], [ -68.054389795579254, -16.538431941817066 ], [ -68.054384173125229, -16.538431916336275 ], [ -68.054378497837035, -16.5384427373133 ], [ -68.054356008019781, -16.538442635387938 ], [ -68.054355981602058, -16.538448058616879 ], [ -68.054192930427163, -16.538447319585337 ], [ -68.054192956849448, -16.538441896356662 ], [ -68.05417608948747, -16.538441819897873 ], [ -68.054176142332949, -16.538430973440548 ], [ -68.05416489742565, -16.538430922467313 ], [ -68.054159327818383, -16.538420050523168 ], [ -68.054119970645402, -16.538419872111113 ], [ -68.054119997069677, -16.538414448882534 ], [ -68.054103129710441, -16.538414372417972 ], [ -68.054097560107152, -16.538403500472381 ], [ -68.05409193765442, -16.538403474983753 ], [ -68.054092334028809, -16.538322126555219 ], [ -68.054103578929585, -16.538322177532049 ], [ -68.054109254228791, -16.538311356562993 ], [ -68.054120499128985, -16.538311407538878 ], [ -68.054120525553074, -16.538305984310238 ], [ -68.054137392902959, -16.538306060772904 ], [ -68.054137366479367, -16.538311484001568 ], [ -68.054159856279995, -16.538311585949703 ], [ -68.054159882702976, -16.538306162721003 ], [ -68.054171127603041, -16.538306213694138 ], [ -68.054171154025681, -16.538300790465421 ], [ -68.054176776475572, -16.538300815951757 ], [ -68.054176829320539, -16.538289969494279 ], [ -68.054199319118936, -16.538290071438034 ], [ -68.054199292697092, -16.538295494666801 ], [ -68.054221782496271, -16.538295596608165 ], [ -68.054227352103936, -16.538306468550758 ], [ -68.054232974554083, -16.538306494035584 ], [ -68.054233000975017, -16.538301070806767 ], [ -68.054238623425007, -16.538301096291438 ], [ -68.054238597004243, -16.538306519520262 ], [ -68.054249841904578, -16.538306570489159 ], [ -68.054249868325044, -16.538301147260317 ], [ -68.054261113225095, -16.538301198228595 ], [ -68.05426113964522, -16.538295774999717 ], [ -68.054306145663489, -16.538290555637751 ], [ -68.054306198501195, -16.538279709179861 ], [ -68.054351178097463, -16.538279913036938 ] ] ] } },
{ "type": "Feature", "properties": { "id": 15, "instance": 3, "mean_prob": 0.571, "area_m2": 83.9 }, "geometry": { "type": "Polygon", "coordinates": [ [ [ -68.056143975352825, -16.538445307660368 ], [ -68.056143948985039, -16.538450730892112 ], [ -68.056155167532452, -16.538456204990513 ], [ -68.05615514116495, -16.538461628222283 ], [ -68.05616635971333, -16.538467102320141 ], [ -68.056166333346127, -16.538472525551914 ], [ -68.056171955804245, -16.538472550984743 ], [ -68.056171929437184, -16.538477974216519 ], [ -68.056183147986999, -16.538483448313528 ], [ -68.056183121620236, -16.538488871545326 ], [ -68.056194366537468, -16.538488922409986 ], [ -68.056199936263496, -16.538499794305707 ], [ -68.056205558722453, -16.538499819737677 ], [ -68.056211075717343, -16.538521538096767 ], [ -68.056222294270825, -16.538527012191853 ], [ -68.056222215173577, -16.538543281887318 ], [ -68.056154745651369, -16.538542976698309 ], [ -68.056149228662377, -16.538521258338065 ], [ -68.056137983743426, -16.538521207470875 ], [ -68.056138010111496, -16.538515784239177 ], [ -68.056121142733602, -16.53851570793729 ], [ -68.056121169102141, -16.538510284705609 ], [ -68.056109924183914, -16.538510233836945 ], [ -68.056109950552752, -16.538504810605282 ], [ -68.056104328093795, -16.53850478517073 ], [ -68.056104539045407, -16.538461399317402 ], [ -68.056098916587743, -16.538461373882768 ], [ -68.056098995694896, -16.538445104187755 ], [ -68.056143975352825, -16.538445307660368 ] ] ] } },
{ "type": "Feature", "properties": { "id": 16, "instance": 153, "mean_prob": 0.999, "area_m2": 10.1 }, "geometry": { "type": "MultiPolygon", "coordinates": [ [ [ [ -68.055203731806714, -16.538706796438987 ], [ -68.055254333977032, -16.538707025565607 ], [ -68.0552543603701, -16.538701602335394 ], [ -68.055203758201216, -16.538701373208848 ], [ -68.055203731806714, -16.538706796438987 ] ] ], [ [ [ -68.055181241953505, -16.538706694601 ], [ -68.055181268348619, -16.53870127137089 ], [ -68.055136288643922, -16.538701067687711 ], [ -68.055136262247558, -16.538706490917743 ], [ -68.055181241953505, -16.538706694601 ] ] ], [ [ [ -68.055260009226274, -16.5386962045629 ], [ -68.055260088404935, -16.538679934872203 ], [ -68.055254465942298, -16.538679909414491 ], [ -68.055254386763181, -16.53869617910517 ], [ -68.055260009226274, -16.5386962045629 ] ] ], [ [ [ -68.055249054624824, -16.538636498114766 ], [ -68.055254677086197, -16.53863652357256 ], [ -68.055254756264986, -16.538620253881788 ], [ -68.055249133804097, -16.538620228424023 ], [ -68.055249054624824, -16.538636498114766 ] ] ], [ [ [ -68.055249265769348, -16.538593112272721 ], [ -68.055249318555369, -16.538582265812181 ], [ -68.055243696095587, -16.538582240354323 ], [ -68.05524364330924, -16.538593086814849 ], [ -68.055249265769348, -16.538593112272721 ] ] ], [ [ [ -68.055243801668155, -16.538560547433242 ], [ -68.055243880847485, -16.538544277742403 ], [ -68.055238258388812, -16.538544252284456 ], [ -68.055238179209013, -16.538560521975274 ], [ -68.055243801668155, -16.538560547433242 ] ] ] ] } },
{ "type": "Feature", "properties": { "id": 17, "instance": 137, "mean_prob": 0.997, "area_m2": 20.5 }, "geometry": { "type": "MultiPolygon", "coordinates": [ [ [ [ -68.054343151592505, -16.538773401383448 ], [ -68.054343178011138, -16.538767978154699 ], [ -68.054337555547448, -16.538767952672146 ], [ -68.054337529128659, -16.538773375900888 ], [ -68.054343151592505, -16.538773401383448 ] ] ], [ [ [ -68.054354422938559, -16.538768029119343 ], [ -68.054354660702998, -16.538719220060283 ], [ -68.054349038240716, -16.538719194578118 ], [ -68.054348800474841, -16.538768003637095 ], [ -68.054354422938559, -16.538768029119343 ] ] ], [ [ [ -68.054191371495008, -16.538767290072709 ], [ -68.054191662145982, -16.538707634558872 ], [ -68.054186039684296, -16.538707609072329 ], [ -68.054185749031575, -16.538767264586067 ], [ -68.054191371495008, -16.538767290072709 ] ] ], [ [ [ -68.054191847105074, -16.538669671958974 ], [ -68.054191926373107, -16.538653402273262 ], [ -68.054186303912985, -16.538653376786808 ], [ -68.054186224644482, -16.538669646472492 ], [ -68.054191847105074, -16.538669671958974 ] ] ], [ [ [ -68.054349487351828, -16.538626999688319 ], [ -68.054349408097139, -16.538643269374813 ], [ -68.054355030557232, -16.538643294856854 ], [ -68.054354660702998, -16.538719220060283 ], [ -68.054360283165309, -16.538719245542296 ], [ -68.054360732271093, -16.538627050652199 ], [ -68.054355109811453, -16.538627025170332 ], [ -68.054355215483625, -16.538605332254928 ], [ -68.054349593024625, -16.53860530677294 ], [ -68.054349645860952, -16.538594460315242 ], [ -68.05434402340228, -16.538594434833126 ], [ -68.054343864892218, -16.538626974206149 ], [ -68.054349487351828, -16.538626999688319 ] ] ], [ [ [ -68.054197575255756, -16.538648004530973 ], [ -68.05419760167824, -16.538642581302391 ], [ -68.054191979218416, -16.538642555816104 ], [ -68.054191952795776, -16.538647979044676 ], [ -68.054197575255756, -16.538648004530973 ] ] ], [ [ [ -68.054203224138078, -16.538642606788521 ], [ -68.054203250560391, -16.538637183559917 ], [ -68.054197628100724, -16.53863715807379 ], [ -68.05419760167824, -16.538642581302391 ], [ -68.054203224138078, -16.538642606788521 ] ] ], [ [ [ -68.054203276982705, -16.53863176033132 ], [ -68.054203250560391, -16.538637183559917 ], [ -68.054208873020073, -16.538637209045888 ], [ -68.054208899442244, -16.538631785817277 ], [ -68.054203276982705, -16.53863176033132 ] ] ] ] } },
{ "type": "Feature", "properties": { "id": 18, "instance": 89, "mean_prob": 0.984, "area_m2": 166.0 }, "geometry": { "type": "Polygon", "coordinates": [ [ [ -68.0539956159799, -16.538554892048019 ], [ -68.053995589551917, -16.538560315276339 ], [ -68.054091171324274, -16.538560748610436 ], [ -68.054091144898948, -16.538566171838898 ], [ -68.0541080122713, -16.538566248305109 ], [ -68.054107985846443, -16.538571671533596 ], [ -68.054119230761714, -16.53857172251033 ], [ -68.054124800370559, -16.538582594455477 ], [ -68.054136045286498, -16.53858264543134 ], [ -68.054136018862408, -16.53858806865987 ], [ -68.054141641320555, -16.538588094147574 ], [ -68.054141588472618, -16.538598940604633 ], [ -68.054147210931092, -16.538598966092209 ], [ -68.054146973116318, -16.538647775148881 ], [ -68.054118860816956, -16.538647647709087 ], [ -68.05411883439227, -16.538653070937553 ], [ -68.054045742413095, -16.538652739576253 ], [ -68.054045768839828, -16.538647316347898 ], [ -68.054023305428402, -16.538641791157161 ], [ -68.05402333185576, -16.538636367928831 ], [ -68.054017709396391, -16.538636342437854 ], [ -68.054017735823891, -16.538630919209556 ], [ -68.054006490905522, -16.53863086822718 ], [ -68.054006517333335, -16.538625444998878 ], [ -68.053984027497336, -16.538625343032344 ], [ -68.053984053925745, -16.538619919804074 ], [ -68.053967186549329, -16.538619843327606 ], [ -68.053967239407086, -16.538608996871119 ], [ -68.053961616948612, -16.538608971378679 ], [ -68.053961722664624, -16.53858727846572 ], [ -68.053967345122459, -16.538587303958124 ], [ -68.053967477266468, -16.538560187816802 ], [ -68.053978722180602, -16.538560238801072 ], [ -68.053978748609069, -16.53855481557278 ], [ -68.0539956159799, -16.538554892048019 ] ] ] } },
{ "type": "Feature", "properties": { "id": 19, "instance": 140, "mean_prob": 0.998, "area_m2": 127.8 }, "geometry": { "type": "Polygon", "coordinates": [ [ [ -68.056199593500594, -16.538570296318955 ], [ -68.056199567134158, -16.538575719550725 ], [ -68.056210812056477, -16.538575770414759 ], [ -68.056210785690325, -16.538581193646547 ], [ -68.056233275535703, -16.538581295372826 ], [ -68.056233249170177, -16.53858671860463 ], [ -68.056244494093235, -16.538586769466882 ], [ -68.056244177709971, -16.538651848248669 ], [ -68.056232932783132, -16.538651797386208 ], [ -68.056232906417478, -16.538657220617978 ], [ -68.056193549172789, -16.538657042594533 ], [ -68.05618787397546, -16.53866786362542 ], [ -68.056120404410606, -16.538667558423075 ], [ -68.056120852679072, -16.538575363485542 ], [ -68.056143342523171, -16.538575465221484 ], [ -68.056143368891199, -16.5385700419898 ], [ -68.056199593500594, -16.538570296318955 ] ] ] } },
{ "type": "Feature", "properties": { "id": 20, "instance": 9, "mean_prob": 0.625, "area_m2": 33.5 }, "geometry": { "type": "MultiPolygon", "coordinates": [ [ [ [ -68.05620975740311, -16.53879269968386 ], [ -68.056209731036574, -16.538798122915537 ], [ -68.056192863633811, -16.538798046618172 ], [ -68.056192837266792, -16.538803469849814 ], [ -68.056181592331342, -16.538803418984131 ], [ -68.056181618698673, -16.538797995752514 ], [ -68.056175996231133, -16.538797970319454 ], [ -68.05617583802605, -16.538830509709086 ], [ -68.056181460494543, -16.5388305351422 ], [ -68.05618143412714, -16.538835958373802 ], [ -68.056265771158081, -16.538836339852423 ], [ -68.056265850253155, -16.538820070157204 ], [ -68.056254631681838, -16.538814596063688 ], [ -68.056254710777722, -16.538798326368489 ], [ -68.056260333245419, -16.538798351799429 ], [ -68.056260359610548, -16.538792928567673 ], [ -68.05620975740311, -16.53879269968386 ] ], [ [ -68.056209651936911, -16.538814392610522 ], [ -68.056220896873086, -16.538814443474728 ], [ -68.056226466608962, -16.538825315369966 ], [ -68.056181486861917, -16.538825111910601 ], [ -68.05618156596401, -16.538808842215747 ], [ -68.056209678303475, -16.538808969378859 ], [ -68.056209651936911, -16.538814392610522 ] ] ], [ [ [ -68.056243887690712, -16.538711503798265 ], [ -68.056249510155865, -16.538711529229364 ], [ -68.05624953652115, -16.538706105997584 ], [ -68.056243914056139, -16.538706080566495 ], [ -68.056243887690712, -16.538711503798265 ] ] ], [ [ [ -68.056232669126175, -16.53870602970386 ], [ -68.056238291591157, -16.53870605513525 ], [ -68.056238317956741, -16.538700631903485 ], [ -68.056232695491914, -16.538700606472098 ], [ -68.056232669126175, -16.53870602970386 ] ] ] ] } },
{ "type": "Feature", "properties": { "id": 21, "instance": 154, "mean_prob": 0.999, "area_m2": 255.2 }, "geometry": { "type": "Polygon", "coordinates": [ [ [ -68.055232715110321, -16.53852795713555 ], [ -68.055232688716927, -16.53853338036582 ], [ -68.055238311175302, -16.538533405823902 ], [ -68.055238179209013, -16.538560521975274 ], [ -68.055243801668155, -16.538560547433242 ], [ -68.05524364330924, -16.538593086814849 ], [ -68.055249265769348, -16.538593112272721 ], [ -68.055249054624824, -16.538636498114766 ], [ -68.055254677086197, -16.53863652357256 ], [ -68.0552543603701, -16.538701602335394 ], [ -68.055203758201216, -16.538701373208848 ], [ -68.055203731806714, -16.538706796438987 ], [ -68.055181241953505, -16.538706694601 ], [ -68.055181268348619, -16.53870127137089 ], [ -68.055125043717851, -16.538701016765401 ], [ -68.055125122907825, -16.53868474707534 ], [ -68.055119500445286, -16.53868472161399 ], [ -68.055120028379406, -16.538576257013098 ], [ -68.055125650838818, -16.538576282474278 ], [ -68.055125835613723, -16.53853831986363 ], [ -68.055137080530386, -16.538538370785414 ], [ -68.055137106926438, -16.538532947555293 ], [ -68.055182086592197, -16.538533151236287 ], [ -68.055182112986998, -16.538527728006095 ], [ -68.055232715110321, -16.53852795713555 ] ] ] } },
{ "type": "Feature", "properties": { "id": 22, "instance": 72, "mean_prob": 0.954, "area_m2": 79.2 }, "geometry": { "type": "Polygon", "coordinates": [ [ [ -68.055935126854095, -16.538612486690987 ], [ -68.055934599374126, -16.538720951317082 ], [ -68.055940221839052, -16.538720976756533 ], [ -68.055940195465112, -16.538726399987812 ], [ -68.05593457300003, -16.538726374548354 ], [ -68.055934520251796, -16.538737221010901 ], [ -68.055883918063657, -16.538736992048818 ], [ -68.05588410269219, -16.538699029430422 ], [ -68.055878480227989, -16.538699003989496 ], [ -68.055878875861296, -16.538617655521186 ], [ -68.055901365708735, -16.538617757283458 ], [ -68.055901392083584, -16.538612334052178 ], [ -68.055935126854095, -16.538612486690987 ] ] ] } },
{ "type": "Feature", "properties": { "id": 23, "instance": 82, "mean_prob": 0.973, "area_m2": 112.3 }, "geometry": { "type": "Polygon", "coordinates": [ [ [ -68.054045610279246, -16.538679855717945 ], [ -68.054045583852442, -16.538685278946275 ], [ -68.054090563539276, -16.538685482864377 ], [ -68.054090537113723, -16.538690906092768 ], [ -68.054107404496904, -16.538690982559579 ], [ -68.054107378071819, -16.538696405788009 ], [ -68.054113000533064, -16.538696431276655 ], [ -68.054112894833224, -16.538718124190343 ], [ -68.054107272371354, -16.538718098701661 ], [ -68.054107140245534, -16.538745214843669 ], [ -68.054101517782897, -16.538745189354795 ], [ -68.054101464932188, -16.538756035811556 ], [ -68.05397214828686, -16.538755449525226 ], [ -68.053972174715824, -16.538750026297052 ], [ -68.053977797178405, -16.538750051789417 ], [ -68.053978087894691, -16.538690396279168 ], [ -68.053972465433844, -16.538690370786899 ], [ -68.053972491862694, -16.538684947558689 ], [ -68.053978114323385, -16.538684973050952 ], [ -68.053978140752065, -16.538679549822731 ], [ -68.054045610279246, -16.538679855717945 ] ] ] } },
{ "type": "Feature", "properties": { "id": 24, "instance": 149, "mean_prob": 0.999, "area_m2": 333.0 }, "geometry": { "type": "Polygon", "coordinates": [ [ [ -68.054338427362083, -16.538588986122026 ], [ -68.054338400943621, -16.538594409350861 ], [ -68.05434402340228, -16.538594434833126 ], [ -68.054343864892218, -16.538626974206149 ], [ -68.054349487351828, -16.538626999688319 ], [ -68.054349408097139, -16.538643269374813 ], [ -68.054355030557232, -16.538643294856854 ], [ -68.054354660702998, -16.538719220060283 ], [ -68.054349038240716, -16.538719194578118 ], [ -68.054348800474841, -16.538768003637095 ], [ -68.054337555547448, -16.538767952672146 ], [ -68.054337529128659, -16.538773375900888 ], [ -68.054196967535717, -16.53877273878771 ], [ -68.054196993958442, -16.538767315559191 ], [ -68.054191371495008, -16.538767290072709 ], [ -68.054191662145982, -16.538707634558872 ], [ -68.054186039684296, -16.538707609072329 ], [ -68.054186224644482, -16.538669646472492 ], [ -68.054191847105074, -16.538669671958974 ], [ -68.054191952795776, -16.538647979044676 ], [ -68.054203224138078, -16.538642606788521 ], [ -68.054203250560391, -16.538637183559917 ], [ -68.054208873020073, -16.538637209045888 ], [ -68.054208925864387, -16.538626362588666 ], [ -68.054214548323756, -16.538626388074473 ], [ -68.054214733277419, -16.538588425474028 ], [ -68.054338427362083, -16.538588986122026 ] ] ] } },
{ "type": "Feature", "properties": { "id": 25, "instance": 108, "mean_prob": 0.993, "area_m2": 13.0 }, "geometry": { "type": "MultiPolygon", "coordinates": [ [ [ [ -68.054859863818393, -16.538889632951022 ], [ -68.0549666907133, -16.53889011682962 ], [ -68.054966717114709, -16.53888469359995 ], [ -68.054859890222787, -16.538884209721516 ], [ -68.054859863818393, -16.538889632951022 ] ] ], [ [ [ -68.054837373946228, -16.538889531074879 ], [ -68.054837400351261, -16.538884107845405 ], [ -68.054814910479891, -16.538884005966874 ], [ -68.054814884074233, -16.538889429196313 ], [ -68.054837373946228, -16.538889531074879 ] ] ], [ [ [ -68.054977962050899, -16.538884744531341 ], [ -68.054977988451995, -16.53887932130165 ], [ -68.054972365984042, -16.53887929583604 ], [ -68.054972339582804, -16.53888471906572 ], [ -68.054977962050899, -16.538884744531341 ] ] ], [ [ [ -68.054803665544256, -16.538883955026698 ], [ -68.054814910479891, -16.538884005966874 ], [ -68.054814936885535, -16.538878582737446 ], [ -68.054809314417881, -16.538878557267445 ], [ -68.054809525663941, -16.538835171431927 ], [ -68.054803903197538, -16.538835145961837 ], [ -68.054803665544256, -16.538883955026698 ] ] ], [ [ [ -68.05494467607565, -16.53879239683112 ], [ -68.054944702477528, -16.538786973601422 ], [ -68.054939080012304, -16.538786948135051 ], [ -68.054939053610269, -16.538792371364739 ], [ -68.05494467607565, -16.53879239683112 ] ] ], [ [ [ -68.054916563748861, -16.538792269497709 ], [ -68.054916590151521, -16.53878684626806 ], [ -68.054910967686354, -16.538786820800929 ], [ -68.054910941283552, -16.538792244030574 ], [ -68.054916563748861, -16.538792269497709 ] ] ] ] } },
{ "type": "Feature", "properties": { "id": 26, "instance": 53, "mean_prob": 0.897, "area_m2": 97.2 }, "geometry": { "type": "MultiPolygon", "coordinates": [ [ [ [ -68.05618156596401, -16.538808842215747 ], [ -68.056181486861917, -16.538825111910601 ], [ -68.056226466608962, -16.538825315369966 ], [ -68.056226492975071, -16.538819892138275 ], [ -68.05622087050682, -16.53881986670639 ], [ -68.056220896873086, -16.538814443474728 ], [ -68.056209651936911, -16.538814392610522 ], [ -68.056209678303475, -16.538808969378859 ], [ -68.05618156596401, -16.538808842215747 ] ] ], [ [ [ -68.056170848379509, -16.538700326716867 ], [ -68.056170426498852, -16.538787098423025 ], [ -68.05617604896608, -16.538787123856221 ], [ -68.056175996231133, -16.538797970319454 ], [ -68.056181618698673, -16.538797995752514 ], [ -68.056181592331342, -16.538803418984131 ], [ -68.056192837266792, -16.538803469849814 ], [ -68.056192863633811, -16.538798046618172 ], [ -68.056209731036574, -16.538798122915537 ], [ -68.05620975740311, -16.53879269968386 ], [ -68.056254737143007, -16.538792903136745 ], [ -68.056260412340762, -16.538782082104166 ], [ -68.056254789873549, -16.538782056673252 ], [ -68.056255000795275, -16.538738670819193 ], [ -68.056249378329312, -16.5387386453882 ], [ -68.056243914056139, -16.538706080566495 ], [ -68.056232669126175, -16.53870602970386 ], [ -68.056232695491914, -16.538700606472098 ], [ -68.056170848379509, -16.538700326716867 ] ] ] ] } },
{ "type": "Feature", "properties": { "id": 27, "instance": 36, "mean_prob": 0.836, "area_m2": 112.7 }, "geometry": { "type": "Polygon", "coordinates": [ [ [ -68.056148384888843, -16.538694801751525 ], [ -68.056148332152674, -16.538705648214773 ], [ -68.056153954617486, -16.538705673648444 ], [ -68.056153901881586, -16.538716520111695 ], [ -68.056159524346754, -16.538716545545228 ], [ -68.056159418875438, -16.538738238471723 ], [ -68.056165041341231, -16.538738263905142 ], [ -68.056164883134926, -16.538770803294867 ], [ -68.056159260668181, -16.538770777861394 ], [ -68.056159181564425, -16.538787047556191 ], [ -68.056164804031624, -16.538787072989681 ], [ -68.056164566721236, -16.538835882073986 ], [ -68.056113964504007, -16.538835653166373 ], [ -68.056108394774341, -16.538824781268456 ], [ -68.056119639710772, -16.538824832138143 ], [ -68.056119666079866, -16.538819408906619 ], [ -68.0561140436118, -16.538819383471861 ], [ -68.056114096350285, -16.538808537008848 ], [ -68.056108473882546, -16.538808511573951 ], [ -68.056108500251923, -16.538803088342448 ], [ -68.056097255316772, -16.538803037472224 ], [ -68.056097308056138, -16.538792191009239 ], [ -68.056086089491629, -16.538786716906969 ], [ -68.056086537779805, -16.538694521971408 ], [ -68.056148384888843, -16.538694801751525 ] ] ] } },
{ "type": "Feature", "properties": { "id": 28, "instance": 69, "mean_prob": 0.948, "area_m2": 23.4 }, "geometry": { "type": "MultiPolygon", "coordinates": [ [ [ [ -68.055190929569491, -16.539026716092341 ], [ -68.055190955964875, -16.539021292862387 ], [ -68.055022281797008, -16.539020528993962 ], [ -68.055022255396921, -16.539025952223653 ], [ -68.055190929569491, -16.539026716092341 ] ] ], [ [ [ -68.055202227304761, -16.539015920552135 ], [ -68.055196604832503, -16.539015895092362 ], [ -68.05519657843729, -16.53902131832232 ], [ -68.055202200909704, -16.539021343782103 ], [ -68.055202227304761, -16.539015920552135 ] ] ], [ [ [ -68.055056175024561, -16.538988142400054 ], [ -68.05505055255334, -16.538988116936387 ], [ -68.055050526154076, -16.538993540166132 ], [ -68.055056148625468, -16.538993565629813 ], [ -68.055056175024561, -16.538988142400054 ] ] ], [ [ [ -68.05510685645902, -16.538972101876713 ], [ -68.055106882856649, -16.538966678646862 ], [ -68.055101260385968, -16.538966653184595 ], [ -68.055101233988168, -16.538972076414439 ], [ -68.05510685645902, -16.538972101876713 ] ] ], [ [ [ -68.055095637915286, -16.538966627722171 ], [ -68.055084392973967, -16.538966576796881 ], [ -68.055084366575699, -16.538972000026696 ], [ -68.055095611517331, -16.538972050952008 ], [ -68.055095637915286, -16.538966627722171 ] ] ], [ [ [ -68.055073148032676, -16.538966525870979 ], [ -68.055067525562038, -16.538966500407799 ], [ -68.055067499163314, -16.53897192363759 ], [ -68.055073121634095, -16.538971949100777 ], [ -68.055073148032676, -16.538966525870979 ] ] ], [ [ [ -68.055180370909255, -16.538885661192779 ], [ -68.055180397304696, -16.538880237962783 ], [ -68.055174774836388, -16.538880212502619 ], [ -68.055174748440791, -16.538885635732615 ], [ -68.055180370909255, -16.538885661192779 ] ] ], [ [ [ -68.055022308197081, -16.539015105764275 ], [ -68.054999818309327, -16.53901500390489 ], [ -68.054999791908628, -16.539020427134542 ], [ -68.055022281797008, -16.539020528993962 ], [ -68.055022308197081, -16.539015105764275 ] ] ], [ [ [ -68.054999871110724, -16.539004157445568 ], [ -68.054994248639133, -16.539004131980363 ], [ -68.054994222238292, -16.539009555210018 ], [ -68.054999844710025, -16.539009580675234 ], [ -68.054999871110724, -16.539004157445568 ] ] ], [ [ [ -68.054994407044006, -16.53897159260239 ], [ -68.054983162102715, -16.538971541671629 ], [ -68.054983135701619, -16.538976964901277 ], [ -68.054994380643222, -16.53897701583206 ], [ -68.054994407044006, -16.53897159260239 ] ] ], [ [ [ -68.054994407044006, -16.53897159260239 ], [ -68.055061876692534, -16.538971898174253 ], [ -68.055061903091428, -16.538966474944473 ], [ -68.05499443344479, -16.538966169372713 ], [ -68.054994407044006, -16.53897159260239 ] ] ], [ [ [ -68.055022968195928, -16.538879525021091 ], [ -68.055017345727904, -16.538879499556689 ], [ -68.055017319327916, -16.538884922786437 ], [ -68.055022941796096, -16.538884948250839 ], [ -68.055022968195928, -16.538879525021091 ] ] ], [ [ [ -68.05504551086652, -16.538868780417566 ], [ -68.055039888398767, -16.538868754953789 ], [ -68.055039861999418, -16.53887417818359 ], [ -68.05502299459576, -16.538874101791322 ], [ -68.055022968195928, -16.538879525021091 ], [ -68.055062325472392, -16.538879703267646 ], [ -68.055062351871115, -16.53887428003782 ], [ -68.055045484467328, -16.538874203647371 ], [ -68.05504551086652, -16.538868780417566 ] ] ] ] } },
{ "type": "Feature", "properties": { "id": 29, "instance": 136, "mean_prob": 0.997, "area_m2": 107.6 }, "geometry": { "type": "Polygon", "coordinates": [ [ [ -68.05411817377157, -16.538788651648176 ], [ -68.054117724545947, -16.538880846530361 ], [ -68.054022142615267, -16.538880413200289 ], [ -68.054022327609545, -16.5388424506029 ], [ -68.054016705144221, -16.538842425111589 ], [ -68.054016969422506, -16.538788192829433 ], [ -68.05411817377157, -16.538788651648176 ] ] ] } },
{ "type": "Feature", "properties": { "id": 30, "instance": 14, "mean_prob": 0.687, "area_m2": 71.6 }, "geometry": { "type": "Polygon", "coordinates": [ [ [ -68.054185749031575, -16.538767264586067 ], [ -68.054185722608551, -16.538772687814568 ], [ -68.054196967535717, -16.53877273878771 ], [ -68.05419670330798, -16.538826971072787 ], [ -68.054202325773147, -16.538826996559216 ], [ -68.054202246505113, -16.538843266244715 ], [ -68.054207868970764, -16.538843291731016 ], [ -68.054207816125654, -16.538854138188007 ], [ -68.054213438591646, -16.538854163674188 ], [ -68.054213306479511, -16.538881279816668 ], [ -68.054173949212398, -16.538881101409967 ], [ -68.054174002059483, -16.538870254953107 ], [ -68.054168379593108, -16.538870229465847 ], [ -68.054162809974414, -16.538859357521599 ], [ -68.054157187508366, -16.53885933203405 ], [ -68.054151617890597, -16.538848460089536 ], [ -68.054145995424889, -16.5388484346017 ], [ -68.054146101121901, -16.538826741688069 ], [ -68.054140478656834, -16.538826716200123 ], [ -68.054140742900273, -16.538772483915938 ], [ -68.054146365363778, -16.538772509403795 ], [ -68.05414639178791, -16.538767086175355 ], [ -68.054185749031575, -16.538767264586067 ] ] ] } },
{ "type": "Feature", "properties": { "id": 31, "instance": 113, "mean_prob": 0.994, "area_m2": 11.9 }, "geometry": { "type": "Polygon", "coordinates": [ [ [ -68.054123743385887, -16.53879952359345 ], [ -68.054123320587593, -16.538886295247359 ], [ -68.054022116187468, -16.538885836428488 ], [ -68.054022142615267, -16.538880413200289 ], [ -68.054117724545947, -16.538880846530361 ], [ -68.054118120921643, -16.538799498104943 ], [ -68.054123743385887, -16.53879952359345 ] ] ] } },
{ "type": "Feature", "properties": { "id": 32, "instance": 40, "mean_prob": 0.853, "area_m2": 83.9 }, "geometry": { "type": "Polygon", "coordinates": [ [ [ -68.055827403262285, -16.538796393174053 ], [ -68.055827376885077, -16.538801816405112 ], [ -68.055844244286391, -16.538801892732032 ], [ -68.055849814000297, -16.538812764636237 ], [ -68.055855436467738, -16.538812790078104 ], [ -68.055855383714785, -16.538823636540307 ], [ -68.055861006182568, -16.538823661982047 ], [ -68.055860900677175, -16.538845354906446 ], [ -68.055866523145596, -16.538845380348068 ], [ -68.055866285759322, -16.538894189427896 ], [ -68.055793193652377, -16.538893858674005 ], [ -68.055793299165657, -16.538872165750121 ], [ -68.055798921634747, -16.538872191193601 ], [ -68.055798974390996, -16.538861344731618 ], [ -68.055793351922233, -16.538861319288156 ], [ -68.055793431057026, -16.538845049595199 ], [ -68.055782212499039, -16.538839575476906 ], [ -68.055782238877583, -16.538834152245922 ], [ -68.055776616409631, -16.538834126802048 ], [ -68.055776774681661, -16.538801587416184 ], [ -68.055782397148661, -16.538801612860002 ], [ -68.055782423527148, -16.538796189629011 ], [ -68.055827403262285, -16.538796393174053 ] ] ] } },
{ "type": "Feature", "properties": { "id": 33, "instance": 119, "mean_prob": 0.995, "area_m2": 190.4 }, "geometry": { "type": "Polygon", "coordinates": [ [ [ -68.054854769439572, -16.538781142891786 ], [ -68.054854743035207, -16.538786566121331 ], [ -68.05488847782577, -16.538786718930908 ], [ -68.054888451422343, -16.538792142160514 ], [ -68.054916563748861, -16.538792269497709 ], [ -68.054916590151521, -16.53878684626806 ], [ -68.054939080012304, -16.538786948135051 ], [ -68.054939053610269, -16.538792371364739 ], [ -68.054955921006425, -16.538792447763417 ], [ -68.054955894604873, -16.538797870993115 ], [ -68.054961517070439, -16.538797896459052 ], [ -68.054961464267592, -16.538808742918469 ], [ -68.054972682798251, -16.538814217079626 ], [ -68.054977988451995, -16.53887932130165 ], [ -68.054972365984042, -16.53887929583604 ], [ -68.054972339582804, -16.53888471906572 ], [ -68.054859890222787, -16.538884209721516 ], [ -68.054859863818393, -16.538889632951022 ], [ -68.054814910479891, -16.538884005966874 ], [ -68.054814936885535, -16.538878582737446 ], [ -68.054809314417881, -16.538878557267445 ], [ -68.054809525663941, -16.538835171431927 ], [ -68.054803903197538, -16.538835145961837 ], [ -68.05480414085001, -16.538786336896742 ], [ -68.054809763314992, -16.538786362366743 ], [ -68.054809789720622, -16.538780939137272 ], [ -68.054854769439572, -16.538781142891786 ] ] ] } },
{ "type": "Feature", "properties": { "id": 34, "instance": 114, "mean_prob": 0.994, "area_m2": 70.9 }, "geometry": { "type": "Polygon", "coordinates": [ [ [ -68.056254262566455, -16.538890521307618 ], [ -68.056254236200999, -16.538895944539309 ], [ -68.05625985867151, -16.538895969970405 ], [ -68.056259700479487, -16.538928509360527 ], [ -68.056254078008038, -16.538928483929379 ], [ -68.056253972545875, -16.538950176856034 ], [ -68.056152768050026, -16.538949719068814 ], [ -68.0561530581017, -16.538890063522143 ], [ -68.05619241539317, -16.538890241555656 ], [ -68.056192389025981, -16.538895664787255 ], [ -68.056231746319042, -16.53889584281341 ], [ -68.056231772685123, -16.538890419581751 ], [ -68.056254262566455, -16.538890521307618 ] ] ] } },
{ "type": "Feature", "properties": { "id": 35, "instance": 41, "mean_prob": 0.853, "area_m2": 56.2 }, "geometry": { "type": "Polygon", "coordinates": [ [ [ -68.055973112687838, -16.538894672791386 ], [ -68.055973086314523, -16.538900096022626 ], [ -68.055984331254891, -16.538900146899838 ], [ -68.055984199389712, -16.538927263056109 ], [ -68.055978576918747, -16.538927237617532 ], [ -68.055978497799046, -16.538943507311235 ], [ -68.055984120270494, -16.538943532749826 ], [ -68.055984067524292, -16.538954379212303 ], [ -68.055905352920576, -16.538954023057912 ], [ -68.055905379295879, -16.538948599826806 ], [ -68.055899756824417, -16.53894857438608 ], [ -68.055899994203102, -16.538899765306031 ], [ -68.055916861613284, -16.538899841627515 ], [ -68.055916887988175, -16.538894418396364 ], [ -68.055973112687838, -16.538894672791386 ] ] ] } },
{ "type": "Feature", "properties": { "id": 36, "instance": 142, "mean_prob": 0.998, "area_m2": 209.2 }, "geometry": { "type": "Polygon", "coordinates": [ [ [ -68.056428980920245, -16.538804537889138 ], [ -68.05642895455982, -16.538809961121146 ], [ -68.056457066901459, -16.538810088250933 ], [ -68.056457040541801, -16.538815511482987 ], [ -68.056490775353041, -16.53881566403378 ], [ -68.056490748994321, -16.538821087265877 ], [ -68.056507616400538, -16.538821163539261 ], [ -68.056507590042273, -16.538826586771389 ], [ -68.056513212511192, -16.53882661219555 ], [ -68.056513107078672, -16.538848305124034 ], [ -68.056507484609128, -16.538848279699838 ], [ -68.056507458250806, -16.538853702931952 ], [ -68.056513080720507, -16.538853728356163 ], [ -68.056512975287788, -16.538875421284587 ], [ -68.056518597758128, -16.53887544670868 ], [ -68.056518307819061, -16.538935102261746 ], [ -68.05650703651645, -16.538940474645269 ], [ -68.05650130860964, -16.538962142148954 ], [ -68.056490063664, -16.538962091299421 ], [ -68.056490037305011, -16.538967514531436 ], [ -68.056456302467396, -16.538967361979161 ], [ -68.056456328827323, -16.538961938747196 ], [ -68.056439461409113, -16.538961862469041 ], [ -68.056439487769509, -16.538956439237094 ], [ -68.05642824282441, -16.538956388384246 ], [ -68.056428269185105, -16.538950965152313 ], [ -68.056388911878642, -16.538950787162655 ], [ -68.056389175496079, -16.538896554843816 ], [ -68.056394797966846, -16.538896580271278 ], [ -68.056395193388795, -16.538815231792359 ], [ -68.056400815857188, -16.538815257219536 ], [ -68.056400868579644, -16.538804410755613 ], [ -68.056428980920245, -16.538804537889138 ] ], [ [ -68.056428348267133, -16.538934695456515 ], [ -68.056417103323327, -16.538934644603131 ], [ -68.056417076962347, -16.538940067835053 ], [ -68.056428321906466, -16.538940118688451 ], [ -68.056428348267133, -16.538934695456515 ] ] ] } },
{ "type": "Feature", "properties": { "id": 37, "instance": 64, "mean_prob": 0.939, "area_m2": 71.3 }, "geometry": { "type": "MultiPolygon", "coordinates": [ [ [ [ -68.055050631751016, -16.538971847247122 ], [ -68.055050605351809, -16.538977270476877 ], [ -68.055039360410007, -16.538977219549128 ], [ -68.055039334010459, -16.538982642778866 ], [ -68.05499997671339, -16.538982464526899 ], [ -68.054994301440786, -16.538993285521045 ], [ -68.054988678969522, -16.538993260055705 ], [ -68.054988626167543, -16.539004106514998 ], [ -68.054983003695952, -16.539004081049487 ], [ -68.05498292449245, -16.539020350738383 ], [ -68.054994169436554, -16.539020401669305 ], [ -68.054994143035685, -16.53902582489895 ], [ -68.055022255396921, -16.539025952223653 ], [ -68.055022281797008, -16.539020528993962 ], [ -68.054999791908628, -16.539020427134542 ], [ -68.054999844710025, -16.539009580675234 ], [ -68.054994222238292, -16.539009555210018 ], [ -68.054994275039959, -16.538998708750707 ], [ -68.054999897511408, -16.538998734215905 ], [ -68.05500557278387, -16.538987913221597 ], [ -68.05501119525502, -16.538987938686475 ], [ -68.055011168854676, -16.538993361916162 ], [ -68.055022413797317, -16.538993412845485 ], [ -68.055022440197348, -16.538987989615777 ], [ -68.055028062668526, -16.5389880150802 ], [ -68.055028036268652, -16.538993438309916 ], [ -68.055050526154076, -16.538993540166132 ], [ -68.05505055255334, -16.538988116936387 ], [ -68.055084287380836, -16.538988269716114 ], [ -68.055084313779133, -16.538982846486313 ], [ -68.055101181192541, -16.538982922874109 ], [ -68.055101207590354, -16.538977499644272 ], [ -68.055106830061362, -16.538977525106556 ], [ -68.05510685645902, -16.538972101876713 ], [ -68.055050631751016, -16.538971847247122 ] ] ], [ [ [ -68.055197211919719, -16.538891160802411 ], [ -68.055202834388368, -16.538891186261985 ], [ -68.055202755203851, -16.538907455952085 ], [ -68.055208377672997, -16.538907481411535 ], [ -68.055207849777048, -16.539015946011752 ], [ -68.055202227304761, -16.539015920552135 ], [ -68.055202200909704, -16.539021343782103 ], [ -68.055190955964875, -16.539021292862387 ], [ -68.055190929569491, -16.539026716092341 ], [ -68.055235909350344, -16.53902691976764 ], [ -68.055236278867213, -16.538950994547065 ], [ -68.055230656396759, -16.538950969088301 ], [ -68.055230893943701, -16.538902160017724 ], [ -68.055225271474683, -16.538902134558896 ], [ -68.055225324263105, -16.538891288098746 ], [ -68.055214079325722, -16.538891237180671 ], [ -68.055214105720225, -16.538885813950603 ], [ -68.05519723831469, -16.538885737572375 ], [ -68.055197211919719, -16.538891160802411 ] ] ], [ [ [ -68.05497228678027, -16.538895565525078 ], [ -68.054966664311863, -16.53889554005929 ], [ -68.054966611508988, -16.538906386518619 ], [ -68.054972233977708, -16.538906411984424 ], [ -68.054971969964285, -16.53896064428098 ], [ -68.054977592434582, -16.538960669746718 ], [ -68.054977909248692, -16.538895590990716 ], [ -68.054983531717113, -16.538895616456198 ], [ -68.054983558118067, -16.538890193226511 ], [ -68.054972313181537, -16.538890142295401 ], [ -68.05497228678027, -16.538895565525078 ] ] ] ] } },
{ "type": "Feature", "properties": { "id": 38, "instance": 44, "mean_prob": 0.861, "area_m2": 60.1 }, "geometry": { "type": "Polygon", "coordinates": [ [ [ -68.054016414436987, -16.538902080621632 ], [ -68.054016361580977, -16.538912927077973 ], [ -68.054021984048347, -16.53891295256939 ], [ -68.054021693341411, -16.538972608079121 ], [ -68.053982336057985, -16.538972429635319 ], [ -68.053982388916069, -16.538961583179148 ], [ -68.053976766447363, -16.538961557686594 ], [ -68.053976792876554, -16.538956134458513 ], [ -68.053943058065457, -16.538955981500024 ], [ -68.053943084495586, -16.538950558271999 ], [ -68.05393746202725, -16.538950532778394 ], [ -68.053937673469122, -16.538907146954127 ], [ -68.053948918403279, -16.538907197941043 ], [ -68.053948944833152, -16.53890177471299 ], [ -68.054016414436987, -16.538902080621632 ] ] ] } },
{ "type": "Feature", "properties": { "id": 39, "instance": 7, "mean_prob": 0.601, "area_m2": 116.3 }, "geometry": { "type": "Polygon", "coordinates": [ [ [ -68.056119402388447, -16.538873641221628 ], [ -68.056119165065311, -16.538922450304902 ], [ -68.056113542594261, -16.538922424869977 ], [ -68.056113437116437, -16.538944117795761 ], [ -68.056107814644761, -16.538944092360648 ], [ -68.056107735535818, -16.53896036205494 ], [ -68.056102113063673, -16.538960336619642 ], [ -68.056102033954176, -16.538976606313874 ], [ -68.056096411481576, -16.538976580878401 ], [ -68.056096358741542, -16.538987427341191 ], [ -68.056073868850021, -16.538987325597731 ], [ -68.056073895220663, -16.53898190236637 ], [ -68.056045782857254, -16.538981775183679 ], [ -68.056040213127758, -16.538970903284071 ], [ -68.056028968183114, -16.538970852409662 ], [ -68.056028994554993, -16.538965429178369 ], [ -68.05601777598288, -16.538959955072098 ], [ -68.056017802355044, -16.538954531840808 ], [ -68.05601217988324, -16.538954506403101 ], [ -68.056012285372461, -16.538932813477977 ], [ -68.056017907843639, -16.538932838915649 ], [ -68.056018145192382, -16.538884029833859 ], [ -68.056023767662168, -16.5388840552713 ], [ -68.056023794034047, -16.538878632039967 ], [ -68.056068773791424, -16.538878835533964 ], [ -68.056068800162038, -16.53887341230255 ], [ -68.056119402388447, -16.538873641221628 ] ] ] } },
{ "type": "Feature", "properties": { "id": 40, "instance": 91, "mean_prob": 0.985, "area_m2": 61.2 }, "geometry": { "type": "Polygon", "coordinates": [ [ [ -68.056383289406327, -16.538950761734956 ], [ -68.056383263044381, -16.538956184966814 ], [ -68.056411375406825, -16.538956312103846 ], [ -68.056411349045632, -16.538961735335747 ], [ -68.056416971518317, -16.538961760762714 ], [ -68.056416892435195, -16.53897803045842 ], [ -68.056411269962041, -16.538978005031431 ], [ -68.056411111794574, -16.53901054442272 ], [ -68.056399866846434, -16.539010493568181 ], [ -68.056399840484829, -16.539015916800043 ], [ -68.056360483165534, -16.539015738804338 ], [ -68.056360456802821, -16.539021162036125 ], [ -68.056326721957134, -16.539021009462424 ], [ -68.056326827411667, -16.538999316535449 ], [ -68.056332449885289, -16.538999341964743 ], [ -68.05633260806583, -16.538966802574162 ], [ -68.056338230538529, -16.538966828003254 ], [ -68.056338309628188, -16.538950558307899 ], [ -68.056383289406327, -16.538950761734956 ] ] ] } },
{ "type": "Feature", "properties": { "id": 41, "instance": 75, "mean_prob": 0.963, "area_m2": 331.6 }, "geometry": { "type": "Polygon", "coordinates": [ [ [ -68.055174774836388, -16.538880212502619 ], [ -68.055174748440791, -16.538885635732615 ], [ -68.05519723831469, -16.538885737572375 ], [ -68.055197211919719, -16.538891160802411 ], [ -68.055202834388368, -16.538891186261985 ], [ -68.055202755203851, -16.538907455952085 ], [ -68.055208377672997, -16.538907481411535 ], [ -68.055207849777048, -16.539015946011752 ], [ -68.055196604832503, -16.539015895092362 ], [ -68.05519657843729, -16.53902131832232 ], [ -68.055022281797008, -16.539020528993962 ], [ -68.055022308197081, -16.539015105764275 ], [ -68.054999818309327, -16.53901500390489 ], [ -68.054999871110724, -16.539004157445568 ], [ -68.054994248639133, -16.539004131980363 ], [ -68.054994275039959, -16.538998708750707 ], [ -68.054999897511408, -16.538998734215905 ], [ -68.05500557278387, -16.538987913221597 ], [ -68.05501119525502, -16.538987938686475 ], [ -68.055011168854676, -16.538993361916162 ], [ -68.055022413797317, -16.538993412845485 ], [ -68.055022440197348, -16.538987989615777 ], [ -68.055028062668526, -16.5389880150802 ], [ -68.055028036268652, -16.538993438309916 ], [ -68.055084287380836, -16.538988269716114 ], [ -68.055084313779133, -16.538982846486313 ], [ -68.055101181192541, -16.538982922874109 ], [ -68.055101207590354, -16.538977499644272 ], [ -68.055106830061362, -16.538977525106556 ], [ -68.055106882856649, -16.538966678646862 ], [ -68.05499443344479, -16.538966169372713 ], [ -68.054994407044006, -16.53897159260239 ], [ -68.054983162102715, -16.538971541671629 ], [ -68.054983188503812, -16.538966118441969 ], [ -68.054977566033344, -16.53896609297637 ], [ -68.054977909248692, -16.538895590990716 ], [ -68.054983531717113, -16.538895616456198 ], [ -68.054983558118067, -16.538890193226511 ], [ -68.05499480305464, -16.53889024415701 ], [ -68.054994829455282, -16.53888482092729 ], [ -68.055022941796096, -16.538884948250839 ], [ -68.055022968195928, -16.538879525021091 ], [ -68.055174774836388, -16.538880212502619 ] ] ] } },
{ "type": "Feature", "properties": { "id": 42, "instance": 68, "mean_prob": 0.945, "area_m2": 11.5 }, "geometry": { "type": "MultiPolygon", "coordinates": [ [ [ [ -68.055713080895217, -16.539180933679457 ], [ -68.055713107276276, -16.539175510448768 ], [ -68.055651260021875, -16.539175230531729 ], [ -68.055651233639097, -16.53918065376233 ], [ -68.055713080895217, -16.539180933679457 ] ] ], [ [ [ -68.055724352231749, -16.539175561340805 ], [ -68.055724378612481, -16.539170138110094 ], [ -68.055718756134894, -16.539170112664159 ], [ -68.055718729754005, -16.539175535894859 ], [ -68.055724352231749, -16.539175561340805 ] ] ], [ [ [ -68.055651260021875, -16.539175230531729 ], [ -68.055651286404654, -16.539169807301139 ], [ -68.055645663927194, -16.539169781853232 ], [ -68.055645637544274, -16.539175205083819 ], [ -68.055651260021875, -16.539175230531729 ] ] ], [ [ [ -68.055730001090083, -16.539170163555873 ], [ -68.055730027470645, -16.539164740325155 ], [ -68.0557244049932, -16.539164714879373 ], [ -68.055724378612481, -16.539170138110094 ], [ -68.055730001090083, -16.539170163555873 ] ] ], [ [ [ -68.055645663927194, -16.539169781853232 ], [ -68.055645690310115, -16.539164358622639 ], [ -68.055640067832826, -16.539164333174597 ], [ -68.055640041449749, -16.539169756405173 ], [ -68.055645663927194, -16.539169781853232 ] ] ], [ [ [ -68.05573564994809, -16.539164765770774 ], [ -68.055735808230324, -16.539132226386311 ], [ -68.055730185753816, -16.539132200940745 ], [ -68.055730027470645, -16.539164740325155 ], [ -68.05573564994809, -16.539164765770774 ] ] ], [ [ [ -68.055719125466297, -16.539094187434021 ], [ -68.055719178227776, -16.539083340972521 ], [ -68.055713555752703, -16.539083315526572 ], [ -68.055713502990926, -16.539094161988054 ], [ -68.055719125466297, -16.539094187434021 ] ] ], [ [ [ -68.055702416327321, -16.539061571711311 ], [ -68.055685548904137, -16.539061495371765 ], [ -68.055685522522509, -16.539066918602479 ], [ -68.055702389946163, -16.539066994942051 ], [ -68.055702416327321, -16.539061571711311 ] ] ], [ [ [ -68.055668681481052, -16.539061419030855 ], [ -68.055634946635124, -16.539061266344948 ], [ -68.055634920252075, -16.539066689575581 ], [ -68.055668655098941, -16.539066842261544 ], [ -68.055668681481052, -16.539061419030855 ] ] ] ] } },
{ "type": "Feature", "properties": { "id": 43, "instance": 127, "mean_prob": 0.996, "area_m2": 11.5 }, "geometry": { "type": "MultiPolygon", "coordinates": [ [ [ [ -68.055246468053099, -16.539167974664988 ], [ -68.055252090529834, -16.539168000123645 ], [ -68.055252116923768, -16.53916257689367 ], [ -68.055246494447161, -16.539162551435023 ], [ -68.055246468053099, -16.539167974664988 ] ] ], [ [ [ -68.055274633223519, -16.539157255496729 ], [ -68.05525776579411, -16.539157179122174 ], [ -68.055257713006611, -16.53916802558215 ], [ -68.055280229306888, -16.539162704184637 ], [ -68.055285904569459, -16.53915188318231 ], [ -68.055274659616785, -16.539151832266718 ], [ -68.055274633223519, -16.539157255496729 ] ] ], [ [ [ -68.055275081907652, -16.539065060586083 ], [ -68.055286326855295, -16.539065111501397 ], [ -68.055286142105558, -16.539103074111882 ], [ -68.055291764580488, -16.539103099569367 ], [ -68.05529173818779, -16.539108522799449 ], [ -68.055286115712704, -16.539108497341946 ], [ -68.055286036534056, -16.539124767032103 ], [ -68.055291659009626, -16.539124792489631 ], [ -68.055291711795078, -16.539113946029506 ], [ -68.055297334270335, -16.539113971486859 ], [ -68.055297571802996, -16.539065162416104 ], [ -68.055291949329145, -16.539065136958822 ], [ -68.055291975721772, -16.539059713728726 ], [ -68.055275108300762, -16.539059637356015 ], [ -68.055275081907652, -16.539065060586083 ] ] ], [ [ [ -68.055201963353753, -16.539070152851728 ], [ -68.055207585827603, -16.539070178311437 ], [ -68.055207612222588, -16.539064755081487 ], [ -68.055201989748895, -16.539064729621789 ], [ -68.055201963353753, -16.539070152851728 ] ] ] ] } },
{ "type": "Feature", "properties": { "id": 44, "instance": 96, "mean_prob": 0.988, "area_m2": 12.6 }, "geometry": { "type": "MultiPolygon", "coordinates": [ [ [ [ -68.053981199599377, -16.539205628440115 ], [ -68.053986822075174, -16.539205653932928 ], [ -68.053986795645841, -16.539211077160896 ], [ -68.054065510310039, -16.539211434044397 ], [ -68.054065536737184, -16.539206010816304 ], [ -68.054014934454244, -16.539205781394685 ], [ -68.054014960882768, -16.539200358166678 ], [ -68.053986848504493, -16.539200230704964 ], [ -68.053986901363103, -16.539189384249021 ], [ -68.05398127888779, -16.539189358756243 ], [ -68.053981199599377, -16.539205628440115 ] ] ], [ [ [ -68.053981305317237, -16.539183935528271 ], [ -68.053986927792394, -16.539183961021038 ], [ -68.053986954221671, -16.539178537793056 ], [ -68.05398133174667, -16.539178512300296 ], [ -68.053981305317237, -16.539183935528271 ] ] ], [ [ [ -68.053975894278565, -16.539140524211586 ], [ -68.053981516752458, -16.539140549704438 ], [ -68.053981622469834, -16.539118856792442 ], [ -68.053975999996581, -16.539118831299625 ], [ -68.053975894278565, -16.539140524211586 ] ] ], [ [ [ -68.053976211432101, -16.539075445475586 ], [ -68.054021191208435, -16.539075649413306 ], [ -68.05402121763656, -16.539070226185206 ], [ -68.053976237861491, -16.539070022247557 ], [ -68.053976211432101, -16.539075445475586 ] ] ] ] } },
{ "type": "Feature", "properties": { "id": 45, "instance": 122, "mean_prob": 0.996, "area_m2": 109.1 }, "geometry": { "type": "Polygon", "coordinates": [ [ [ -68.054117169616262, -16.538994734324891 ], [ -68.054117143190922, -16.539000157553168 ], [ -68.054162122951624, -16.539000361459614 ], [ -68.054162070103459, -16.539011207916303 ], [ -68.054167692573898, -16.539011233403947 ], [ -68.054167349061785, -16.539081735372264 ], [ -68.0541617265893, -16.539081709884517 ], [ -68.054161700165068, -16.539087133112822 ], [ -68.054060495659115, -16.539086674307157 ], [ -68.054060759929285, -16.539032442025572 ], [ -68.054066382400194, -16.53903246751598 ], [ -68.054066540960861, -16.538999928146836 ], [ -68.054072163430845, -16.538999953637035 ], [ -68.054072189857422, -16.538994530408829 ], [ -68.054117169616262, -16.538994734324891 ] ] ] } },
{ "type": "Feature", "properties": { "id": 46, "instance": 112, "mean_prob": 0.994, "area_m2": 82.1 }, "geometry": { "type": "MultiPolygon", "coordinates": [ [ [ [ -68.054778957484501, -16.539339404402487 ], [ -68.054778904669632, -16.539350250860764 ], [ -68.054784527150915, -16.539350276332293 ], [ -68.054784579965471, -16.539339429873994 ], [ -68.054778957484501, -16.539339404402487 ] ] ], [ [ [ -68.05467323957653, -16.539111144795591 ], [ -68.054656372154056, -16.53911106837263 ], [ -68.054656345743595, -16.539116491601703 ], [ -68.054650723269305, -16.539116466127069 ], [ -68.054650670448027, -16.539127312585173 ], [ -68.054645047973423, -16.539127287110372 ], [ -68.054643859477167, -16.539371332414326 ], [ -68.054649481958819, -16.539371357889529 ], [ -68.054649455547718, -16.539376781118452 ], [ -68.054671945475107, -16.539376883017763 ], [ -68.054671971885568, -16.539371459788796 ], [ -68.054666349403874, -16.539371434314212 ], [ -68.054666507867424, -16.539338894940482 ], [ -68.054672130348195, -16.539338920415016 ], [ -68.054672209579365, -16.539322650728085 ], [ -68.054666587099078, -16.539322625253572 ], [ -68.054666930435175, -16.539252123276675 ], [ -68.054672552913416, -16.539252148751075 ], [ -68.054673186756531, -16.539121991253776 ], [ -68.054678809231007, -16.539122016727816 ], [ -68.054678862050693, -16.539111170269614 ], [ -68.054684484524884, -16.539111195743477 ], [ -68.054684510934564, -16.539105772514368 ], [ -68.054673265986509, -16.539105721566504 ], [ -68.05467323957653, -16.539111144795591 ] ] ], [ [ [ -68.054690159818094, -16.539100374758945 ], [ -68.054684537344215, -16.539100349285249 ], [ -68.054684510934564, -16.539105772514368 ], [ -68.054690133408599, -16.539105797988075 ], [ -68.054690159818094, -16.539100374758945 ] ] ] ] } },
{ "type": "Feature", "properties": { "id": 47, "instance": 33, "mean_prob": 0.805, "area_m2": 16.6 }, "geometry": { "type": "MultiPolygon", "coordinates": [ [ [ [ -68.054492686444917, -16.539240487037727 ], [ -68.054498308922561, -16.539240512516802 ], [ -68.054498335337655, -16.539235089288042 ], [ -68.054492712860181, -16.539235063808981 ], [ -68.054492686444917, -16.539240487037727 ] ] ], [ [ [ -68.054492712860181, -16.539235063808981 ], [ -68.054493214748007, -16.539132022462297 ], [ -68.054487592273532, -16.539131996983244 ], [ -68.054487090382722, -16.53923503832976 ], [ -68.054492712860181, -16.539235063808981 ] ] ], [ [ [ -68.054493267578096, -16.539121176004688 ], [ -68.054493293993133, -16.539115752775881 ], [ -68.054515783889244, -16.539115854690465 ], [ -68.054515810303641, -16.539110431461609 ], [ -68.054605769887203, -16.539110839095567 ], [ -68.054605796299072, -16.539105415866587 ], [ -68.054510214244303, -16.53910498275437 ], [ -68.054510187829749, -16.539110405983202 ], [ -68.054487697934306, -16.539110304068046 ], [ -68.054487671519126, -16.53911572729686 ], [ -68.05448204904512, -16.539115701817689 ], [ -68.054481969799056, -16.539131971504041 ], [ -68.054487592273532, -16.539131996983244 ], [ -68.054487645103933, -16.539121150525652 ], [ -68.054493267578096, -16.539121176004688 ] ] ] ] } },
{ "type": "Feature", "properties": { "id": 48, "instance": 92, "mean_prob": 0.985, "area_m2": 118.8 }, "geometry": { "type": "Polygon", "coordinates": [ [ [ -68.055702389946163, -16.539066994942051 ], [ -68.05570236356499, -16.539072418172776 ], [ -68.055713582133592, -16.539077892295829 ], [ -68.055713502990926, -16.539094161988054 ], [ -68.055724747941682, -16.539094212879832 ], [ -68.055724695180487, -16.539105059341324 ], [ -68.055730317656199, -16.539105084787003 ], [ -68.055730027470645, -16.539164740325155 ], [ -68.055718756134894, -16.539170112664159 ], [ -68.055718729754005, -16.539175535894859 ], [ -68.055651260021875, -16.539175230531729 ], [ -68.055645690310115, -16.539164358622639 ], [ -68.055634445355551, -16.539164307726395 ], [ -68.055634498121989, -16.53915346126524 ], [ -68.055628875645027, -16.53915343581691 ], [ -68.055628954795097, -16.539137166125183 ], [ -68.055623332318618, -16.539137140676726 ], [ -68.055623385085582, -16.539126294215578 ], [ -68.055629007561734, -16.53912631966401 ], [ -68.055629297777628, -16.539066664127393 ], [ -68.055702389946163, -16.539066994942051 ] ] ] } },
{ "type": "Feature", "properties": { "id": 49, "instance": 134, "mean_prob": 0.997, "area_m2": 232.9 }, "geometry": { "type": "Polygon", "coordinates": [ [ [ -68.055286326855295, -16.539065111501397 ], [ -68.055286142105558, -16.539103074111882 ], [ -68.055291764580488, -16.539103099569367 ], [ -68.05529173818779, -16.539108522799449 ], [ -68.055286115712704, -16.539108497341946 ], [ -68.055285904569459, -16.53915188318231 ], [ -68.055274659616785, -16.539151832266718 ], [ -68.055274633223519, -16.539157255496729 ], [ -68.05525776579411, -16.539157179122174 ], [ -68.055257713006611, -16.53916802558215 ], [ -68.055246494447161, -16.539162551435023 ], [ -68.055246468053099, -16.539167974664988 ], [ -68.055223978146174, -16.539167872828845 ], [ -68.055223951751472, -16.539173296058774 ], [ -68.055100257262794, -16.539172735916484 ], [ -68.055100283660948, -16.539167312686754 ], [ -68.055094661184469, -16.539167287224007 ], [ -68.055094713981077, -16.539156440764543 ], [ -68.055089091504911, -16.539156415301662 ], [ -68.055089223497049, -16.539129299153014 ], [ -68.055083601021664, -16.539129273690026 ], [ -68.055083706615818, -16.539107580771091 ], [ -68.055089329090563, -16.539107606234044 ], [ -68.055089461082247, -16.539080490085265 ], [ -68.055095083556211, -16.539080515548022 ], [ -68.055095109954365, -16.539075092318246 ], [ -68.055111977375844, -16.539075168705576 ], [ -68.055112003773516, -16.539069745475775 ], [ -68.055230075723088, -16.539070280148763 ], [ -68.055230102117449, -16.539064856918774 ], [ -68.055286326855295, -16.539065111501397 ] ] ] } },
{ "type": "Feature", "properties": { "id": 50, "instance": 141, "mean_prob": 0.998, "area_m2": 122.4 }, "geometry": { "type": "Polygon", "coordinates": [ [ [ -68.054054926041076, -16.539075802360241 ], [ -68.054054899613874, -16.539081225588369 ], [ -68.054060522086189, -16.539081251079004 ], [ -68.054060231387965, -16.53914090658845 ], [ -68.054065853861999, -16.539140932079029 ], [ -68.054065536737184, -16.539206010816304 ], [ -68.054014934454244, -16.539205781394685 ], [ -68.054014960882768, -16.539200358166678 ], [ -68.053986848504493, -16.539200230704964 ], [ -68.053987033509458, -16.539162268109113 ], [ -68.053981411034925, -16.539162242616378 ], [ -68.053981622469834, -16.539118856792442 ], [ -68.053975999996581, -16.539118831299625 ], [ -68.053976211432101, -16.539075445475586 ], [ -68.054054926041076, -16.539075802360241 ] ], [ [ -68.054009391264444, -16.539189486218618 ], [ -68.053998146313759, -16.539189435234125 ], [ -68.053998119884767, -16.539194858462121 ], [ -68.054009364835778, -16.539194909446632 ], [ -68.054009391264444, -16.539189486218618 ] ] ] } },
{ "type": "Feature", "properties": { "id": 51, "instance": 1, "mean_prob": 0.554, "area_m2": 11.9 }, "geometry": { "type": "MultiPolygon", "coordinates": [ [ [ [ -68.055538018889493, -16.539337418456029 ], [ -68.055543641371642, -16.539337443907083 ], [ -68.055543667757689, -16.539332020676735 ], [ -68.055538045275711, -16.539331995225687 ], [ -68.055538018889493, -16.539337418456029 ] ] ], [ [ [ -68.055532396407372, -16.539337393004825 ], [ -68.055532422793732, -16.539331969774487 ], [ -68.055526800311782, -16.539331944323145 ], [ -68.055526773925251, -16.539337367553468 ], [ -68.055532396407372, -16.539337393004825 ] ] ], [ [ [ -68.055493039032768, -16.539337214842146 ], [ -68.055493065420237, -16.539331791611875 ], [ -68.055476197974599, -16.539331715254196 ], [ -68.055476171586648, -16.539337138484441 ], [ -68.055493039032768, -16.539337214842146 ] ] ], [ [ [ -68.055543667757689, -16.539332020676735 ], [ -68.055549290239668, -16.539332046127626 ], [ -68.055549316625559, -16.539326622897278 ], [ -68.055543694143736, -16.53932659744639 ], [ -68.055543667757689, -16.539332020676735 ] ] ], [ [ [ -68.055566711777345, -16.539218234640771 ], [ -68.055566685392122, -16.539223657871204 ], [ -68.055561062913256, -16.539223632420949 ], [ -68.055560904600796, -16.539256171803476 ], [ -68.055555282120991, -16.539256146353004 ], [ -68.055555202964158, -16.539272416044206 ], [ -68.055560825444431, -16.539272441494695 ], [ -68.055560878215346, -16.539261595033885 ], [ -68.055572149560447, -16.539256222703958 ], [ -68.05557225510087, -16.53923452978221 ], [ -68.055577877580063, -16.539234555232184 ], [ -68.055578009504586, -16.539207439079902 ], [ -68.055561142069337, -16.539207362729648 ], [ -68.055561089298621, -16.539218209190519 ], [ -68.055566711777345, -16.539218234640771 ] ] ], [ [ [ -68.055533003291316, -16.539212658706578 ], [ -68.055533029677449, -16.539207235476191 ], [ -68.055527407199108, -16.539207210025047 ], [ -68.055527380812819, -16.539212633255428 ], [ -68.055533003291316, -16.539212658706578 ] ] ] ] } },
{ "type": "Feature", "properties": { "id": 52, "instance": 54, "mean_prob": 0.9, "area_m2": 64.8 }, "geometry": { "type": "Polygon", "coordinates": [ [ [ -68.054375327714311, -16.539093524770045 ], [ -68.054375169204434, -16.539126064141801 ], [ -68.054369546730314, -16.539126038659578 ], [ -68.054369520311809, -16.539131461888189 ], [ -68.054375142786085, -16.539131487370422 ], [ -68.054375116367723, -16.539136910599037 ], [ -68.054369493893304, -16.539136885116793 ], [ -68.054369441056238, -16.539147731573994 ], [ -68.054375063530983, -16.539147757056249 ], [ -68.05437474650968, -16.539212835799326 ], [ -68.054329766696966, -16.539212631936174 ], [ -68.054329819536463, -16.539201785479161 ], [ -68.054324197060225, -16.539201759995603 ], [ -68.054324223480108, -16.539196336767109 ], [ -68.05432984595619, -16.539196362250653 ], [ -68.054330110152961, -16.539142129965416 ], [ -68.054324487678457, -16.539142104481954 ], [ -68.054324699036428, -16.539098718653616 ], [ -68.054341566456216, -16.539098795103332 ], [ -68.054341592875431, -16.53909337187476 ], [ -68.054375327714311, -16.539093524770045 ] ] ] } },
{ "type": "Feature", "properties": { "id": 53, "instance": 56, "mean_prob": 0.904, "area_m2": 10.8 }, "geometry": { "type": "MultiPolygon", "coordinates": [ [ [ [ -68.055538018889493, -16.539337418456029 ], [ -68.055538045275711, -16.539331995225687 ], [ -68.055543667757689, -16.539332020676735 ], [ -68.055543694143736, -16.53932659744639 ], [ -68.055532449180106, -16.539326546544167 ], [ -68.055532396407372, -16.539337393004825 ], [ -68.055538018889493, -16.539337418456029 ] ] ], [ [ [ -68.055526800311782, -16.539331944323145 ], [ -68.055526826698298, -16.539326521092825 ], [ -68.055504336771193, -16.539326419285956 ], [ -68.055504310384052, -16.539331842516237 ], [ -68.055526800311782, -16.539331944323145 ] ] ], [ [ [ -68.055470575492734, -16.539331689801333 ], [ -68.055470601880813, -16.539326266571102 ], [ -68.055459356917439, -16.539326215664943 ], [ -68.055459383305831, -16.539320792434719 ], [ -68.055453760824321, -16.539320766981419 ], [ -68.05545370804721, -16.539331613441838 ], [ -68.055470575492734, -16.539331689801333 ] ] ], [ [ [ -68.055549316625559, -16.539326622897278 ], [ -68.055549343011435, -16.539321199666908 ], [ -68.055543720529769, -16.539321174216031 ], [ -68.055543694143736, -16.53932659744639 ], [ -68.055549316625559, -16.539326622897278 ] ] ], [ [ [ -68.055453787212855, -16.539315343751209 ], [ -68.055448164731501, -16.539315318297767 ], [ -68.055448138342811, -16.53932074152797 ], [ -68.055453760824321, -16.539320766981419 ], [ -68.055453787212855, -16.539315343751209 ] ] ], [ [ [ -68.055442542250162, -16.539315292844179 ], [ -68.055448164731501, -16.539315318297767 ], [ -68.055448191120192, -16.539309895067568 ], [ -68.055442568638995, -16.539309869613984 ], [ -68.055442542250162, -16.539315292844179 ] ] ], [ [ [ -68.055442568638995, -16.539309869613984 ], [ -68.055442595027827, -16.539304446383778 ], [ -68.055436972546815, -16.539304420930048 ], [ -68.055436946157826, -16.539309844160243 ], [ -68.055442568638995, -16.539309869613984 ] ] ], [ [ [ -68.055555282120991, -16.539256146353004 ], [ -68.055560904600796, -16.539256171803476 ], [ -68.055561062913256, -16.539223632420949 ], [ -68.055566685392122, -16.539223657871204 ], [ -68.055566711777345, -16.539218234640771 ], [ -68.055561089298621, -16.539218209190519 ], [ -68.055561142069337, -16.539207362729648 ], [ -68.055533029677449, -16.539207235476191 ], [ -68.055533003291316, -16.539212658706578 ], [ -68.055555493205432, -16.539212760509685 ], [ -68.055555282120991, -16.539256146353004 ] ] ], [ [ [ -68.055521758334308, -16.539212607804117 ], [ -68.055516135855825, -16.539212582352665 ], [ -68.05551610946921, -16.539218005583031 ], [ -68.055521731947849, -16.539218031034494 ], [ -68.055521758334308, -16.539212607804117 ] ] ] ] } },
{ "type": "Feature", "properties": { "id": 54, "instance": 138, "mean_prob": 0.997, "area_m2": 359.3 }, "geometry": { "type": "Polygon", "coordinates": [ [ [ -68.053678643432292, -16.53898732250218 ], [ -68.053678616994731, -16.538992745729775 ], [ -68.053689861932995, -16.538992796730906 ], [ -68.05368980905844, -16.539003643186124 ], [ -68.053706676466845, -16.539003719686736 ], [ -68.053706650030037, -16.53900914291436 ], [ -68.053717868532829, -16.539014617141664 ], [ -68.05371784209629, -16.539020040369309 ], [ -68.053723464566289, -16.539020065868936 ], [ -68.053723438129907, -16.539025489096581 ], [ -68.053734683070203, -16.539025540095395 ], [ -68.053734656634134, -16.539030963323054 ], [ -68.053740279104474, -16.539030988822248 ], [ -68.053740226232605, -16.539041835277573 ], [ -68.053751471173911, -16.539041886275527 ], [ -68.053757040773633, -16.539052758229655 ], [ -68.053768285715634, -16.539052809226735 ], [ -68.053768259280446, -16.539058232454444 ], [ -68.053813239050072, -16.53905843643679 ], [ -68.053813212616134, -16.539063859664548 ], [ -68.053824431125335, -16.53906933388642 ], [ -68.053824325390721, -16.539091026797529 ], [ -68.05381870291852, -16.539091001300516 ], [ -68.053818544315376, -16.539123540667028 ], [ -68.05382416678853, -16.53912356616409 ], [ -68.053824113921038, -16.5391344126196 ], [ -68.053818491447586, -16.539134387122512 ], [ -68.053818465013677, -16.539139810350253 ], [ -68.053824087487286, -16.539139835847344 ], [ -68.053823928884555, -16.539172375213763 ], [ -68.053829551359101, -16.539172400710754 ], [ -68.053829366323228, -16.539210363304839 ], [ -68.053818094937867, -16.539215735538267 ], [ -68.053818068503801, -16.539221158765965 ], [ -68.053806823551895, -16.539221107771066 ], [ -68.053801253945011, -16.539210235818047 ], [ -68.053784386518203, -16.539210159324149 ], [ -68.053784412953178, -16.539204736096501 ], [ -68.053773168002323, -16.539204685099836 ], [ -68.053773194437625, -16.539199261872209 ], [ -68.053716969685553, -16.539199006879858 ], [ -68.053716996122404, -16.539193583652317 ], [ -68.053705751172416, -16.53919353265205 ], [ -68.053705777609579, -16.539188109424515 ], [ -68.053694532659947, -16.539188058423662 ], [ -68.053694585534856, -16.539177211968617 ], [ -68.053688963060381, -16.539177186467985 ], [ -68.053688989497957, -16.539171763240475 ], [ -68.053677770987235, -16.539166289011263 ], [ -68.053677850300858, -16.539150019328741 ], [ -68.053666605353541, -16.539149968326495 ], [ -68.053666631791714, -16.539144545099006 ], [ -68.053661009318219, -16.539144519597663 ], [ -68.053661062194848, -16.539133673142693 ], [ -68.053649817248512, -16.539133622139584 ], [ -68.053644247652912, -16.539122750182869 ], [ -68.053638625180085, -16.539122724680954 ], [ -68.053638651618996, -16.539117301453498 ], [ -68.053627433112894, -16.539111827221792 ], [ -68.053627459552089, -16.539106403994328 ], [ -68.05362183707976, -16.539106378491994 ], [ -68.053622048594278, -16.539062992672349 ], [ -68.053627671065357, -16.53906301817462 ], [ -68.05362780326081, -16.53903590203721 ], [ -68.053633425731107, -16.539035927539285 ], [ -68.05363915395634, -16.53901426013115 ], [ -68.053650398895726, -16.539014311134469 ], [ -68.053650451772498, -16.5390034646794 ], [ -68.053656074241886, -16.539003490180814 ], [ -68.053656127118316, -16.538992643725702 ], [ -68.053661749587405, -16.538992669226946 ], [ -68.05366177602545, -16.538987245999373 ], [ -68.053678643432292, -16.53898732250218 ] ] ] } },
{ "type": "Feature", "properties": { "id": 55, "instance": 52, "mean_prob": 0.897, "area_m2": 202.3 }, "geometry": { "type": "Polygon", "coordinates": [ [ [ -68.054611392361252, -16.539110864571406 ], [ -68.05461136594954, -16.539116287800407 ], [ -68.054616988423746, -16.539116313276104 ], [ -68.054616935600592, -16.539127159734093 ], [ -68.054622558075152, -16.539127185209651 ], [ -68.05462200343284, -16.539241073018143 ], [ -68.054599513521524, -16.539240971114264 ], [ -68.054599487109257, -16.53924639434317 ], [ -68.054503904985239, -16.539245961224477 ], [ -68.054498335337655, -16.539235089288042 ], [ -68.054492712860181, -16.539235063808981 ], [ -68.054493214748007, -16.539132022462297 ], [ -68.054487592273532, -16.539131996983244 ], [ -68.054487645103933, -16.539121150525652 ], [ -68.054493267578096, -16.539121176004688 ], [ -68.054493293993133, -16.539115752775881 ], [ -68.054515783889244, -16.539115854690465 ], [ -68.054515810303641, -16.539110431461609 ], [ -68.054611392361252, -16.539110864571406 ] ] ] } },
{ "type": "Feature", "properties": { "id": 56, "instance": 143, "mean_prob": 0.998, "area_m2": 123.5 }, "geometry": { "type": "Polygon", "coordinates": [ [ [ -68.054217924891972, -16.539087387983656 ], [ -68.05421789846929, -16.53909281121204 ], [ -68.054223520942202, -16.539092836698298 ], [ -68.054223177448563, -16.539163338667219 ], [ -68.054228799923507, -16.539163364153438 ], [ -68.054228377162346, -16.539250135806977 ], [ -68.054160907433399, -16.539249829960614 ], [ -68.054161092404911, -16.539211867363026 ], [ -68.054166714881177, -16.539211892850989 ], [ -68.054166767729782, -16.539201046394492 ], [ -68.054161145253843, -16.539201020906543 ], [ -68.054161700165068, -16.539087133112822 ], [ -68.054217924891972, -16.539087387983656 ] ] ] } },
{ "type": "Feature", "properties": { "id": 57, "instance": 115, "mean_prob": 0.994, "area_m2": 28.4 }, "geometry": { "type": "MultiPolygon", "coordinates": [ [ [ [ -68.054205200243899, -16.539391037795113 ], [ -68.054210822725409, -16.53939106328216 ], [ -68.054210875572153, -16.539380216825709 ], [ -68.054205253090956, -16.539380191338676 ], [ -68.054205200243899, -16.539391037795113 ] ] ], [ [ [ -68.054098795919998, -16.539303781863346 ], [ -68.054104418398808, -16.539303807353132 ], [ -68.054104444825015, -16.539298384125026 ], [ -68.054098822346361, -16.53929835863525 ], [ -68.054098795919998, -16.539303781863346 ] ] ], [ [ [ -68.05417202026689, -16.539276997077657 ], [ -68.054160775310592, -16.539276946101662 ], [ -68.054160748886005, -16.539282369329857 ], [ -68.054138258972898, -16.539282267376009 ], [ -68.054138232547672, -16.539287690604176 ], [ -68.054121365112493, -16.539287614137173 ], [ -68.05412133868677, -16.539293037365315 ], [ -68.054110093729719, -16.539292986386538 ], [ -68.054110067303682, -16.539298409614648 ], [ -68.054149424654653, -16.53929858803777 ], [ -68.054149451079596, -16.539293164809603 ], [ -68.054171940994024, -16.539293266762304 ], [ -68.054171967418327, -16.539287843534083 ], [ -68.054194457332287, -16.539287945484325 ], [ -68.054194430908623, -16.539293368712585 ], [ -68.054205675865973, -16.539293419686814 ], [ -68.054205464478784, -16.539336805512843 ], [ -68.054211086958716, -16.539336830999801 ], [ -68.054211324767863, -16.539288021945424 ], [ -68.054205702289323, -16.53928799645854 ], [ -68.054205807982655, -16.539266303545457 ], [ -68.054200185504754, -16.539266278058463 ], [ -68.054200211928219, -16.539260854830186 ], [ -68.054121497240885, -16.539260497996462 ], [ -68.054121470815232, -16.539265921224615 ], [ -68.05417207311541, -16.539266150621209 ], [ -68.05417202026689, -16.539276997077657 ] ] ], [ [ [ -68.05411574263411, -16.539287588647873 ], [ -68.054115769059976, -16.539282165419742 ], [ -68.054110146581763, -16.539282139930297 ], [ -68.054110120155741, -16.539287563158414 ], [ -68.05411574263411, -16.539287588647873 ] ] ], [ [ [ -68.054121444389551, -16.539271344452761 ], [ -68.054121470815232, -16.539265921224615 ], [ -68.054110225859745, -16.539265870245931 ], [ -68.054110199433751, -16.539271293474055 ], [ -68.054121444389551, -16.539271344452761 ] ] ] ] } },
{ "type": "Feature", "properties": { "id": 58, "instance": 116, "mean_prob": 0.994, "area_m2": 163.8 }, "geometry": { "type": "MultiPolygon", "coordinates": [ [ [ [ -68.054171967418327, -16.539287843534083 ], [ -68.054171940994024, -16.539293266762304 ], [ -68.054149451079596, -16.539293164809603 ], [ -68.054149424654653, -16.53929858803777 ], [ -68.054104444825015, -16.539298384125026 ], [ -68.054104418398808, -16.539303807353132 ], [ -68.054081928483598, -16.539303705393088 ], [ -68.054081902056751, -16.539309128621145 ], [ -68.054076279577814, -16.539309103130748 ], [ -68.054076068161493, -16.539352488955078 ], [ -68.054081690641681, -16.539352514445547 ], [ -68.054081505652974, -16.539390477041749 ], [ -68.05408712813427, -16.539390502532132 ], [ -68.054087101707438, -16.539395925760154 ], [ -68.05420517382035, -16.539396461023323 ], [ -68.054205253090956, -16.539380191338676 ], [ -68.054210875572153, -16.539380216825709 ], [ -68.054205675865973, -16.539293419686814 ], [ -68.054194430908623, -16.539293368712585 ], [ -68.054194457332287, -16.539287945484325 ], [ -68.054171967418327, -16.539287843534083 ] ] ], [ [ [ -68.054121470815232, -16.539265921224615 ], [ -68.054121444389551, -16.539271344452761 ], [ -68.054110199433751, -16.539271293474055 ], [ -68.054115716208244, -16.539293011875998 ], [ -68.05412133868677, -16.539293037365315 ], [ -68.054121365112493, -16.539287614137173 ], [ -68.054138232547672, -16.539287690604176 ], [ -68.054138258972898, -16.539282267376009 ], [ -68.054160748886005, -16.539282369329857 ], [ -68.054160775310592, -16.539276946101662 ], [ -68.05417202026689, -16.539276997077657 ], [ -68.05417207311541, -16.539266150621209 ], [ -68.054121470815232, -16.539265921224615 ] ] ] ] } },
{ "type": "Feature", "properties": { "id": 59, "instance": 46, "mean_prob": 0.865, "area_m2": 64.8 }, "geometry": { "type": "Polygon", "coordinates": [ [ [ -68.054065378174244, -16.539238550184791 ], [ -68.054065351747056, -16.539243973412862 ], [ -68.054070974224075, -16.539243998903459 ], [ -68.054070709953194, -16.539298231184102 ], [ -68.054065087474584, -16.539298205693417 ], [ -68.054065061047297, -16.539303628921463 ], [ -68.053986346345695, -16.539303272035863 ], [ -68.053986531351995, -16.539265309440388 ], [ -68.053980908874479, -16.539265283947483 ], [ -68.053981014592765, -16.539243591035753 ], [ -68.053997882023438, -16.539243667513901 ], [ -68.053997908452516, -16.539238244285936 ], [ -68.054065378174244, -16.539238550184791 ] ] ] } },
{ "type": "Feature", "properties": { "id": 60, "instance": 66, "mean_prob": 0.941, "area_m2": 158.0 }, "geometry": { "type": "Polygon", "coordinates": [ [ [ -68.055555493205432, -16.539212760509685 ], [ -68.055555123807238, -16.539288685735372 ], [ -68.055549501326482, -16.539288660284697 ], [ -68.055549343011435, -16.539321199666908 ], [ -68.055543720529769, -16.539321174216031 ], [ -68.055543694143736, -16.53932659744639 ], [ -68.055532449180106, -16.539326546544167 ], [ -68.055532422793732, -16.539331969774487 ], [ -68.055526800311782, -16.539331944323145 ], [ -68.055526826698298, -16.539326521092825 ], [ -68.055504336771193, -16.539326419285956 ], [ -68.055504310384052, -16.539331842516237 ], [ -68.055470575492734, -16.539331689801333 ], [ -68.055470601880813, -16.539326266571102 ], [ -68.055459356917439, -16.539326215664943 ], [ -68.055459383305831, -16.539320792434719 ], [ -68.055453760824321, -16.539320766981419 ], [ -68.055453787212855, -16.539315343751209 ], [ -68.055442568638995, -16.539309869613984 ], [ -68.055442595027827, -16.539304446383778 ], [ -68.055431350065803, -16.539304395476172 ], [ -68.055431402844079, -16.539293549015802 ], [ -68.055425780363379, -16.539293523561785 ], [ -68.055425806752666, -16.539288100331603 ], [ -68.055431429233181, -16.539288125785607 ], [ -68.055431745901785, -16.539223047023089 ], [ -68.055437368380439, -16.539223072476844 ], [ -68.055437394769271, -16.539217649246609 ], [ -68.055448639726279, -16.539217700153625 ], [ -68.055448666114785, -16.539212276923365 ], [ -68.055482400985127, -16.539212429640742 ], [ -68.05548237459756, -16.539217852871055 ], [ -68.055487997076156, -16.539217878323431 ], [ -68.055488023463553, -16.539212455093104 ], [ -68.055493645941979, -16.53921248054532 ], [ -68.055493619554738, -16.539217903775654 ], [ -68.05551048699057, -16.539217980131415 ], [ -68.055510513377357, -16.539212556901052 ], [ -68.055516135855825, -16.539212582352665 ], [ -68.05551610946921, -16.539218005583031 ], [ -68.055521731947849, -16.539218031034494 ], [ -68.055521758334308, -16.539212607804117 ], [ -68.055555493205432, -16.539212760509685 ] ] ] } },
{ "type": "Feature", "properties": { "id": 61, "instance": 34, "mean_prob": 0.831, "area_m2": 199.4 }, "geometry": { "type": "Polygon", "coordinates": [ [ [ -68.055010376839661, -16.539156058805442 ], [ -68.055010350439019, -16.539161482035045 ], [ -68.05502721786759, -16.539161558429619 ], [ -68.055027059466283, -16.539194097807311 ], [ -68.055021436989136, -16.539194072342546 ], [ -68.055021384188322, -16.539204918801737 ], [ -68.055027006665782, -16.539204944266515 ], [ -68.055026346656007, -16.539340525005638 ], [ -68.054936386955063, -16.539340117547511 ], [ -68.054936413358092, -16.539334694318121 ], [ -68.054930790877023, -16.539334668850714 ], [ -68.05493102850518, -16.539285859786151 ], [ -68.054936650984843, -16.539285885253481 ], [ -68.054936888610783, -16.53923707618862 ], [ -68.054931266132542, -16.539237050721365 ], [ -68.054931398147389, -16.539209934574156 ], [ -68.054937020624848, -16.539209960041365 ], [ -68.05493723184685, -16.539166574205623 ], [ -68.054931609370655, -16.539166548738486 ], [ -68.054931635773499, -16.539161125509015 ], [ -68.054937258249552, -16.539161150976142 ], [ -68.054937284652254, -16.539155727746653 ], [ -68.055010376839661, -16.539156058805442 ] ] ] } },
{ "type": "Feature", "properties": { "id": 62, "instance": 150, "mean_prob": 0.999, "area_m2": 12.6 }, "geometry": { "type": "MultiPolygon", "coordinates": [ [ [ [ -68.055222975140367, -16.539373955564088 ], [ -68.055222948745296, -16.53937937879391 ], [ -68.055116121573235, -16.539378895032616 ], [ -68.055116095175165, -16.539384318262265 ], [ -68.0552341673162, -16.53938485294281 ], [ -68.055234193710973, -16.539379429712969 ], [ -68.055284796057052, -16.539379658841252 ], [ -68.055284822450403, -16.539374235611326 ], [ -68.055222975140367, -16.539373955564088 ] ] ], [ [ [ -68.055301927434328, -16.539325502915062 ], [ -68.055301848255908, -16.539341772604956 ], [ -68.055307470737787, -16.539341798062384 ], [ -68.055307549915725, -16.539325528372462 ], [ -68.055301927434328, -16.539325502915062 ] ] ] ] } },
{ "type": "Feature", "properties": { "id": 63, "instance": 38, "mean_prob": 0.838, "area_m2": 140.8 }, "geometry": { "type": "Polygon", "coordinates": [ [ [ -68.054295873313464, -16.539245018403079 ], [ -68.054295846892714, -16.539250441631527 ], [ -68.054318336803135, -16.53925054356819 ], [ -68.054318310382996, -16.539255966796645 ], [ -68.054357667727743, -16.539256145180051 ], [ -68.054357588470552, -16.539272414865604 ], [ -68.054351965992225, -16.539272389382692 ], [ -68.054351701799348, -16.539326621667602 ], [ -68.054357324279252, -16.539326647150602 ], [ -68.054357218602448, -16.539348340064521 ], [ -68.054351596121919, -16.539348314581485 ], [ -68.054351516863761, -16.53936458426687 ], [ -68.054340271901793, -16.539364533300283 ], [ -68.054340245482067, -16.53936995652872 ], [ -68.054250285785372, -16.53936954877409 ], [ -68.054250602851553, -16.539304470034349 ], [ -68.054256225330647, -16.539304495520042 ], [ -68.054256489549815, -16.539250263236518 ], [ -68.054262112027345, -16.539250288721977 ], [ -68.054262138449047, -16.539244865493586 ], [ -68.054295873313464, -16.539245018403079 ] ] ] } },
{ "type": "Feature", "properties": { "id": 64, "instance": 74, "mean_prob": 0.959, "area_m2": 272.2 }, "geometry": { "type": "Polygon", "coordinates": [ [ [ -68.056089997899619, -16.539139252383151 ], [ -68.056089971529133, -16.539144675614455 ], [ -68.056095594006592, -16.539144701050347 ], [ -68.056095514895603, -16.539160970744256 ], [ -68.056101137373545, -16.539160996180023 ], [ -68.056101084633141, -16.539171842642642 ], [ -68.0560954621549, -16.539171817206853 ], [ -68.056095356673367, -16.539193510132009 ], [ -68.056089734194501, -16.539193484696035 ], [ -68.056089602341586, -16.539220600852374 ], [ -68.056083979861938, -16.539220575416202 ], [ -68.056078146414606, -16.53926393582973 ], [ -68.056072523933736, -16.539263910393185 ], [ -68.056072418449006, -16.539285603318014 ], [ -68.056066795967524, -16.539285577881291 ], [ -68.056066611367783, -16.539323540499542 ], [ -68.056060988885193, -16.539323515062602 ], [ -68.056060936142018, -16.539334361524915 ], [ -68.05605531365913, -16.539334336087808 ], [ -68.056055129056574, -16.539372298705775 ], [ -68.056049506572592, -16.539372273268448 ], [ -68.056049453828606, -16.539383119730683 ], [ -68.056032586375792, -16.53938304341775 ], [ -68.056032612748254, -16.539377620186652 ], [ -68.05602136778009, -16.539377569310631 ], [ -68.05602139415285, -16.539372146079558 ], [ -68.055998904217248, -16.539372044325724 ], [ -68.055998930590633, -16.539366621094683 ], [ -68.05598206313951, -16.539366544777739 ], [ -68.055982089513364, -16.539361121546715 ], [ -68.055970870920461, -16.53935564743702 ], [ -68.055971108287437, -16.539306838357867 ], [ -68.055976730769402, -16.539306863797201 ], [ -68.055976757143299, -16.539301440566167 ], [ -68.055971134661505, -16.53930141512684 ], [ -68.055971187409597, -16.539290568664761 ], [ -68.055976809891078, -16.539290594104074 ], [ -68.055977205498138, -16.539209245638059 ], [ -68.055982827977274, -16.539209271077084 ], [ -68.055983118085976, -16.539149615534829 ], [ -68.055988740563393, -16.539149640973612 ], [ -68.055988766936707, -16.539144217742471 ], [ -68.056044991709882, -16.539144472121855 ], [ -68.056045018081605, -16.539139048890622 ], [ -68.056089997899619, -16.539139252383151 ] ] ] } },
{ "type": "Feature", "properties": { "id": 65, "instance": 152, "mean_prob": 0.999, "area_m2": 487.1 }, "geometry": { "type": "Polygon", "coordinates": [ [ [ -68.055252090529834, -16.539168000123645 ], [ -68.055252064135914, -16.539173423353621 ], [ -68.055297043951569, -16.53917362701749 ], [ -68.0552970175589, -16.53917905024753 ], [ -68.055302640036047, -16.53917907570484 ], [ -68.055301795470243, -16.539352619064882 ], [ -68.055307417952434, -16.539352644522317 ], [ -68.055307391559751, -16.539358067752271 ], [ -68.055301769077403, -16.539358042294822 ], [ -68.05530171629168, -16.539368888754726 ], [ -68.055296093809019, -16.539368863297106 ], [ -68.055296067415995, -16.539374286527043 ], [ -68.055222975140367, -16.539373955564088 ], [ -68.055222948745296, -16.53937937879391 ], [ -68.055104876607956, -16.539378844107194 ], [ -68.055104903006352, -16.53937342087756 ], [ -68.055099280523876, -16.539373395414625 ], [ -68.055099333320925, -16.539362548955371 ], [ -68.055104955803074, -16.539362574418284 ], [ -68.055104982201428, -16.539357151188636 ], [ -68.055099359719435, -16.539357125725733 ], [ -68.055100098873609, -16.53920527529483 ], [ -68.055094476396036, -16.539205249832023 ], [ -68.05509455559114, -16.539188980142892 ], [ -68.055100178068258, -16.539189005605667 ], [ -68.055105853341431, -16.539178184608829 ], [ -68.055128343248782, -16.539178286457762 ], [ -68.05512836964617, -16.539172863227993 ], [ -68.055223951751472, -16.539173296058774 ], [ -68.055223978146174, -16.539167872828845 ], [ -68.055252090529834, -16.539168000123645 ] ] ] } },
{ "type": "Feature", "properties": { "id": 66, "instance": 118, "mean_prob": 0.995, "area_m2": 353.9 }, "geometry": { "type": "Polygon", "coordinates": [ [ [ -68.054780119401542, -16.539100782317494 ], [ -68.054778772632304, -16.539377367006406 ], [ -68.054705680366467, -16.539377035862188 ], [ -68.054705653956916, -16.53938245909119 ], [ -68.054694408992788, -16.539382408143634 ], [ -68.054694435402638, -16.53937698491465 ], [ -68.054671945475107, -16.539376883017763 ], [ -68.054671971885568, -16.539371459788796 ], [ -68.054666349403874, -16.539371434314212 ], [ -68.054666507867424, -16.539338894940482 ], [ -68.054672130348195, -16.539338920415016 ], [ -68.054672209579365, -16.539322650728085 ], [ -68.054666587099078, -16.539322625253572 ], [ -68.054666930435175, -16.539252123276675 ], [ -68.054672552913416, -16.539252148751075 ], [ -68.054673186756531, -16.539121991253776 ], [ -68.054678809231007, -16.539122016727816 ], [ -68.054678862050693, -16.539111170269614 ], [ -68.054690133408599, -16.539105797988075 ], [ -68.054690159818094, -16.539100374758945 ], [ -68.054780119401542, -16.539100782317494 ] ] ] } },
{ "type": "Feature", "properties": { "id": 67, "instance": 58, "mean_prob": 0.912, "area_m2": 118.1 }, "geometry": { "type": "Polygon", "coordinates": [ [ [ -68.054886339115441, -16.539226000519164 ], [ -68.05488567900656, -16.539361581252489 ], [ -68.05489130148834, -16.539361606721155 ], [ -68.054891248679681, -16.539372453179759 ], [ -68.054885626197589, -16.539372427711072 ], [ -68.054885573388574, -16.539383274169648 ], [ -68.054863083459068, -16.539383172293324 ], [ -68.054863109864201, -16.539377749064073 ], [ -68.054829374971177, -16.539377596245096 ], [ -68.054829401377248, -16.539372173015892 ], [ -68.054823778895269, -16.539372147545535 ], [ -68.054824016550896, -16.539323338482671 ], [ -68.054818394070352, -16.53932331301225 ], [ -68.054818816569792, -16.539236541344497 ], [ -68.054824439047835, -16.539236566814779 ], [ -68.054830114337506, -16.539225745826361 ], [ -68.054886339115441, -16.539226000519164 ] ] ] } },
{ "type": "Feature", "properties": { "id": 68, "instance": 111, "mean_prob": 0.994, "area_m2": 11.9 }, "geometry": { "type": "MultiPolygon", "coordinates": [ [ [ [ -68.055136684464244, -16.539774892641081 ], [ -68.055136710862399, -16.539769469411603 ], [ -68.05512546587444, -16.539769418486124 ], [ -68.055125439475958, -16.539774841715577 ], [ -68.055136684464244, -16.539774892641081 ] ] ], [ [ [ -68.055136816454933, -16.539747776493655 ], [ -68.055136842853045, -16.539742353264167 ], [ -68.05513122035984, -16.539742327801548 ], [ -68.055131193961572, -16.53974775103103 ], [ -68.055136816454933, -16.539747776493655 ] ] ], [ [ [ -68.055153710332704, -16.53974242965112 ], [ -68.055153736730333, -16.539737006421593 ], [ -68.055142491744206, -16.539736955497126 ], [ -68.055142465346265, -16.539742378726636 ], [ -68.055153710332704, -16.53974242965112 ] ] ], [ [ [ -68.055198716675292, -16.539737210113394 ], [ -68.055198743071642, -16.539731786883802 ], [ -68.055181875592694, -16.53973171050054 ], [ -68.055181849195861, -16.539737133730107 ], [ -68.055198716675292, -16.539737210113394 ] ] ], [ [ [ -68.055131669128869, -16.539650132899883 ], [ -68.055131695526967, -16.539644709670348 ], [ -68.05512607303659, -16.539644684207726 ], [ -68.05512604663835, -16.539650107437257 ], [ -68.055131669128869, -16.539650132899883 ] ] ], [ [ [ -68.055142966905478, -16.539639337365564 ], [ -68.055142993303235, -16.539633914135997 ], [ -68.055137370813171, -16.539633888673709 ], [ -68.055137344415257, -16.539639311903262 ], [ -68.055142966905478, -16.539639337365564 ] ] ], [ [ [ -68.055159887170788, -16.539628567292382 ], [ -68.055159913568062, -16.539623144062798 ], [ -68.055154291078253, -16.539623118600975 ], [ -68.055154264680837, -16.539628541830552 ], [ -68.055159887170788, -16.539628567292382 ] ] ], [ [ [ -68.055148932563739, -16.539568860843115 ], [ -68.055148879768751, -16.539579707302316 ], [ -68.055154502257281, -16.539579732764214 ], [ -68.055154528654612, -16.539574309534608 ], [ -68.055233243492722, -16.539574665985192 ], [ -68.055233269887864, -16.539569242755462 ], [ -68.055205157446238, -16.539569115455134 ], [ -68.055205183842133, -16.539563692225435 ], [ -68.055171448913455, -16.539563539460094 ], [ -68.055171422516622, -16.539568962689739 ], [ -68.055148932563739, -16.539568860843115 ] ] ] ] } },
{ "type": "Feature", "properties": { "id": 69, "instance": 132, "mean_prob": 0.997, "area_m2": 133.6 }, "geometry": { "type": "Polygon", "coordinates": [ [ [ -68.055065017637844, -16.539481707224773 ], [ -68.055064489642433, -16.539590171814538 ], [ -68.055008264756125, -16.539589917164296 ], [ -68.055008238354674, -16.539595340393674 ], [ -68.05499699337723, -16.539595289461793 ], [ -68.054996940573673, -16.539606135920486 ], [ -68.054963205639652, -16.539605983121096 ], [ -68.05496373369219, -16.539497518534674 ], [ -68.05496935617802, -16.539497544001446 ], [ -68.054975031468288, -16.539486723009318 ], [ -68.054997521410527, -16.539486824874196 ], [ -68.054997547812079, -16.539481401644785 ], [ -68.055065017637844, -16.539481707224773 ] ] ] } },
{ "type": "Feature", "properties": { "id": 70, "instance": 13, "mean_prob": 0.685, "area_m2": 145.1 }, "geometry": { "type": "Polygon", "coordinates": [ [ [ -68.055503413215334, -16.539516232344248 ], [ -68.055508982927904, -16.539527104256887 ], [ -68.055514605415496, -16.539527129709008 ], [ -68.055520175129004, -16.539538001621377 ], [ -68.055525797616923, -16.539538027073217 ], [ -68.055531367331341, -16.539548898985327 ], [ -68.055536989819601, -16.539548924436883 ], [ -68.055536963432999, -16.53955434766711 ], [ -68.055548182023529, -16.539559821800001 ], [ -68.055548102864577, -16.539576091490687 ], [ -68.055553725353633, -16.539576116941824 ], [ -68.055553698967458, -16.539581540172062 ], [ -68.055576162538884, -16.539587065205399 ], [ -68.055581732257465, -16.539597937116344 ], [ -68.055587354747203, -16.539597962566607 ], [ -68.055587170050032, -16.539635925178473 ], [ -68.055547812614279, -16.539635747023002 ], [ -68.055547786227834, -16.539641170253198 ], [ -68.055536514859199, -16.539646542580421 ], [ -68.055536488472413, -16.539651965810602 ], [ -68.055519620998737, -16.539651889454994 ], [ -68.055519594611468, -16.539657312685129 ], [ -68.05551397212011, -16.539657287232952 ], [ -68.055513998507536, -16.539651864002824 ], [ -68.055491508542815, -16.53965176219263 ], [ -68.055491534930866, -16.53964633896252 ], [ -68.055474667457887, -16.539646262603313 ], [ -68.055474693846392, -16.539640839373238 ], [ -68.055469071355589, -16.539640813919874 ], [ -68.05546912413287, -16.539629967459728 ], [ -68.055463501642379, -16.539629942006229 ], [ -68.055463633586214, -16.539602825855873 ], [ -68.055469256075909, -16.539602851309326 ], [ -68.055469282464486, -16.539597428079237 ], [ -68.055480527443621, -16.539597478985677 ], [ -68.055480606608342, -16.539581209295335 ], [ -68.055452494162978, -16.539581082028242 ], [ -68.055452784441542, -16.539521426497252 ], [ -68.055458406928878, -16.539521451950879 ], [ -68.055458433317625, -16.539516028720772 ], [ -68.055480923266387, -16.53951613053372 ], [ -68.055480896878265, -16.539521553763862 ], [ -68.055503413215334, -16.539516232344248 ] ] ] } },
{ "type": "Feature", "properties": { "id": 71, "instance": 120, "mean_prob": 0.995, "area_m2": 187.2 }, "geometry": { "type": "MultiPolygon", "coordinates": [ [ [ [ -68.055119816981829, -16.539774816252606 ], [ -68.055125386678981, -16.539785688174501 ], [ -68.055136631667892, -16.539785739100033 ], [ -68.055136658066075, -16.539780315870548 ], [ -68.055142280560375, -16.539780341333081 ], [ -68.055142254162348, -16.53978576456257 ], [ -68.055164744140328, -16.539785866411211 ], [ -68.055164770537715, -16.539780443181684 ], [ -68.055176015526456, -16.539780494105084 ], [ -68.055176041923517, -16.539775070875546 ], [ -68.055119816981829, -16.539774816252606 ] ] ], [ [ [ -68.055154528654612, -16.539574309534608 ], [ -68.055159887170788, -16.539628567292382 ], [ -68.055148642190915, -16.53962851636857 ], [ -68.055148615793328, -16.539633939598144 ], [ -68.055142993303235, -16.539633914135997 ], [ -68.055142966905478, -16.539639337365564 ], [ -68.055131721925036, -16.53963928644081 ], [ -68.055131669128869, -16.539650132899883 ], [ -68.05512604663835, -16.539650107437257 ], [ -68.055125729858631, -16.539715186191358 ], [ -68.055120107366236, -16.53971516072848 ], [ -68.055120001772053, -16.539736853646378 ], [ -68.05512562426506, -16.539736879109295 ], [ -68.055125597866649, -16.539742302338773 ], [ -68.055142465346265, -16.539742378726636 ], [ -68.055142491744206, -16.539736955497126 ], [ -68.055181849195861, -16.539737133730107 ], [ -68.055181875592694, -16.53973171050054 ], [ -68.055232478029822, -16.539731939646241 ], [ -68.055233243492722, -16.539574665985192 ], [ -68.055154528654612, -16.539574309534608 ] ] ] ] } },
{ "type": "Feature", "properties": { "id": 72, "instance": 32, "mean_prob": 0.798, "area_m2": 78.1 }, "geometry": { "type": "Polygon", "coordinates": [ [ [ -68.05456928805657, -16.539674702031185 ], [ -68.054574857719501, -16.539685573966135 ], [ -68.054580480210149, -16.539685599443665 ], [ -68.05458042738303, -16.539696445900951 ], [ -68.054586049874004, -16.539696471378342 ], [ -68.054585891393344, -16.539729010750214 ], [ -68.054591513885256, -16.539729036227506 ], [ -68.054591381818554, -16.5397561523707 ], [ -68.054518289414077, -16.539755821153477 ], [ -68.054518315829469, -16.539750397924955 ], [ -68.054507070844636, -16.539750346966208 ], [ -68.054507097260327, -16.539744923737707 ], [ -68.054501474768074, -16.539744898258117 ], [ -68.054501580431435, -16.53972320534411 ], [ -68.054495957939835, -16.539723179864399 ], [ -68.05449614285142, -16.53968521726485 ], [ -68.054507387832459, -16.539685268223995 ], [ -68.05450741424805, -16.539679844995455 ], [ -68.05454677168089, -16.539680023347625 ], [ -68.054546798095373, -16.539674600119024 ], [ -68.05456928805657, -16.539674702031185 ] ] ] } },
{ "type": "Feature", "properties": { "id": 73, "instance": 83, "mean_prob": 0.976, "area_m2": 144.0 }, "geometry": { "type": "Polygon", "coordinates": [ [ [ -68.055007789528602, -16.539687535292529 ], [ -68.05500776312698, -16.539692958521844 ], [ -68.055013385618551, -16.539692983987717 ], [ -68.055013227209542, -16.539725523363622 ], [ -68.055007604717034, -16.539725497897688 ], [ -68.055007235092447, -16.539801423107619 ], [ -68.055012857587158, -16.539801448573666 ], [ -68.055012804783786, -16.539812295032203 ], [ -68.054905977380017, -16.539811811151029 ], [ -68.054906267830802, -16.539752155630794 ], [ -68.054911890323922, -16.539752181099491 ], [ -68.054912048750197, -16.539719641724627 ], [ -68.054906426258015, -16.539719616255983 ], [ -68.054906505471479, -16.53970334656854 ], [ -68.054917750454905, -16.539703397505622 ], [ -68.054917776859057, -16.539697974276447 ], [ -68.054934644333798, -16.539698050680911 ], [ -68.054934670737467, -16.539692627451707 ], [ -68.054951538211824, -16.539692703854783 ], [ -68.054951564615024, -16.539687280625557 ], [ -68.054962809597654, -16.539687331560163 ], [ -68.054962783194782, -16.539692754789407 ], [ -68.054968405686267, -16.539692780256491 ], [ -68.054968432088984, -16.539687357027233 ], [ -68.055007789528602, -16.539687535292529 ] ] ] } },
{ "type": "Feature", "properties": { "id": 74, "instance": 43, "mean_prob": 0.861, "area_m2": 86.4 }, "geometry": { "type": "Polygon", "coordinates": [ [ [ -68.054681394524991, -16.539745713529964 ], [ -68.054686964196179, -16.539756585462278 ], [ -68.054692586689072, -16.539756610936891 ], [ -68.054692243351212, -16.53982711291091 ], [ -68.054680998361363, -16.539827061961304 ], [ -68.054680971950376, -16.539832485190033 ], [ -68.054647236980102, -16.539832332337532 ], [ -68.054647263392027, -16.53982690910885 ], [ -68.054630395907509, -16.539826832680582 ], [ -68.05462482623777, -16.539815960746893 ], [ -68.054613581248788, -16.539815909793685 ], [ -68.054608011580285, -16.539805037859598 ], [ -68.054602389086142, -16.539805012382633 ], [ -68.054596819418578, -16.539794140448286 ], [ -68.054591196924747, -16.539794114971041 ], [ -68.054591408231914, -16.539750729142057 ], [ -68.054647633158012, -16.53975098390703 ], [ -68.054647659569795, -16.539745560678309 ], [ -68.054681394524991, -16.539745713529964 ] ] ] } },
{ "type": "Feature", "properties": { "id": 75, "instance": 61, "mean_prob": 0.927, "area_m2": 16.6 }, "geometry": { "type": "MultiPolygon", "coordinates": [ [ [ [ -68.05487171429688, -16.539920122915369 ], [ -68.054871687891065, -16.539925546144353 ], [ -68.054877310389159, -16.539925571614237 ], [ -68.054877336794817, -16.539920148385249 ], [ -68.05487171429688, -16.539920122915369 ] ] ], [ [ [ -68.054888581790706, -16.539920199324548 ], [ -68.054888740222566, -16.53988765995042 ], [ -68.054883117725552, -16.539887634480895 ], [ -68.054883223347233, -16.539865941564798 ], [ -68.054888845843607, -16.539865967034281 ], [ -68.054888977869695, -16.539838850889048 ], [ -68.054894600365301, -16.539838876358338 ], [ -68.054894705985362, -16.539817183442057 ], [ -68.054866593510596, -16.539817056094261 ], [ -68.05486656710481, -16.539822479323295 ], [ -68.054877812095, -16.539822530262889 ], [ -68.054877732878523, -16.539838799950015 ], [ -68.054872110382945, -16.539838774480263 ], [ -68.054872083977287, -16.539844197709289 ], [ -68.054877706473007, -16.539844223179042 ], [ -68.054877574445314, -16.539871339324183 ], [ -68.054871951948797, -16.53987131385438 ], [ -68.054871846325824, -16.539893006770402 ], [ -68.054877468822966, -16.539893032240236 ], [ -68.054877336794817, -16.539920148385249 ], [ -68.054888581790706, -16.539920199324548 ] ] ] ] } },
{ "type": "Feature", "properties": { "id": 76, "instance": 73, "mean_prob": 0.957, "area_m2": 192.6 }, "geometry": { "type": "Polygon", "coordinates": [ [ [ -68.054866593510596, -16.539817056094261 ], [ -68.05486656710481, -16.539822479323295 ], [ -68.054877812095, -16.539822530262889 ], [ -68.054877732878523, -16.539838799950015 ], [ -68.054872110382945, -16.539838774480263 ], [ -68.054872083977287, -16.539844197709289 ], [ -68.054877706473007, -16.539844223179042 ], [ -68.054877574445314, -16.539871339324183 ], [ -68.054871951948797, -16.53987131385438 ], [ -68.054871846325824, -16.539893006770402 ], [ -68.054877468822966, -16.539893032240236 ], [ -68.054877336794817, -16.539920148385249 ], [ -68.05487171429688, -16.539920122915369 ], [ -68.054871687891065, -16.539925546144353 ], [ -68.054776105425148, -16.539925113133094 ], [ -68.054776131833634, -16.539919689904259 ], [ -68.05475364184268, -16.539919588012935 ], [ -68.054753668251792, -16.539914164784125 ], [ -68.054748045754238, -16.539914139310923 ], [ -68.054742476075504, -16.539903267379998 ], [ -68.054731231081078, -16.539903216432872 ], [ -68.054731257490786, -16.539897793204098 ], [ -68.054720038906709, -16.539892319027622 ], [ -68.054720118136672, -16.539876049341323 ], [ -68.054714495640283, -16.539876023867276 ], [ -68.054714786151095, -16.539816368350724 ], [ -68.054866593510596, -16.539817056094261 ] ] ] } },
{ "type": "Feature", "properties": { "id": 77, "instance": 48, "mean_prob": 0.873, "area_m2": 91.4 }, "geometry": { "type": "Polygon", "coordinates": [ [ [ -68.055186838165767, -16.539867316700366 ], [ -68.055186363019615, -16.539964934831044 ], [ -68.055113270523933, -16.539964603818195 ], [ -68.055113402519495, -16.539937487671445 ], [ -68.055107780020677, -16.539937462207906 ], [ -68.055107938415972, -16.539904922831766 ], [ -68.05510231591812, -16.539904897368128 ], [ -68.055102500713289, -16.539866934762571 ], [ -68.055186838165767, -16.539867316700366 ] ] ] } },
{ "type": "Feature", "properties": { "id": 78, "instance": 76, "mean_prob": 0.964, "area_m2": 177.1 }, "geometry": { "type": "Polygon", "coordinates": [ [ [ -68.055052003845532, -16.539845012666323 ], [ -68.05505197744489, -16.53985043589563 ], [ -68.05505759994108, -16.539850461360547 ], [ -68.055057151131123, -16.539942656258464 ], [ -68.055051528632262, -16.539942630793398 ], [ -68.055051475830581, -16.539953477251903 ], [ -68.055045853331407, -16.539953451786669 ], [ -68.055045774128345, -16.539969721474382 ], [ -68.055040151628717, -16.539969696008967 ], [ -68.055040125227521, -16.539975119238193 ], [ -68.055023257728195, -16.539975042841021 ], [ -68.055023231326516, -16.539980466070208 ], [ -68.055000741326936, -16.539980364205153 ], [ -68.055000714924617, -16.539985787434315 ], [ -68.054989469924564, -16.539985736500856 ], [ -68.054989496327195, -16.539980313271716 ], [ -68.054978224924554, -16.539985685566798 ], [ -68.054978251327498, -16.539980262337668 ], [ -68.054950138828431, -16.539980134999912 ], [ -68.054950165232157, -16.539974711770835 ], [ -68.054933297733299, -16.539974635366388 ], [ -68.054933720198974, -16.53988786370115 ], [ -68.054939342696073, -16.539887889169307 ], [ -68.054939421907619, -16.539871619481971 ], [ -68.05495069330442, -16.539866247188648 ], [ -68.054950719707932, -16.539860823959504 ], [ -68.054961964700624, -16.539860874894678 ], [ -68.054961991103809, -16.53985545166552 ], [ -68.054984481088667, -16.539855553534011 ], [ -68.054984507491213, -16.539850130304817 ], [ -68.055035109956336, -16.539850359499972 ], [ -68.055035136357461, -16.539844936270693 ], [ -68.055052003845532, -16.539845012666323 ] ] ] } },
{ "type": "Feature", "properties": { "id": 79, "instance": 158, "mean_prob": 1.0, "area_m2": 193.7 }, "geometry": { "type": "Polygon", "coordinates": [ [ [ -68.055282499797315, -16.539851479833022 ], [ -68.055282473403082, -16.539856903062681 ], [ -68.055304963390213, -16.539857004896636 ], [ -68.055304936996592, -16.539862428126334 ], [ -68.055310559493563, -16.539862453584448 ], [ -68.055310480313153, -16.539878723273556 ], [ -68.055316102810593, -16.53987874873155 ], [ -68.055316076417256, -16.539884171961255 ], [ -68.05531045391966, -16.539884146503251 ], [ -68.055310137197026, -16.53994922525936 ], [ -68.055315759696498, -16.53994925071747 ], [ -68.055315733303047, -16.539954673947133 ], [ -68.055326978302361, -16.539954724862909 ], [ -68.055326951909194, -16.5399601480926 ], [ -68.055338170516009, -16.539965622237485 ], [ -68.055337932979896, -16.540014431304623 ], [ -68.055321065475695, -16.540014354931344 ], [ -68.055321091869118, -16.540008931701689 ], [ -68.055264866857343, -16.540008677114344 ], [ -68.055259297146478, -16.539997805195668 ], [ -68.05525367464567, -16.53999777973597 ], [ -68.055253780226678, -16.539976086817767 ], [ -68.055248157726524, -16.539976061357951 ], [ -68.055248184121908, -16.539970638128398 ], [ -68.055231316621956, -16.53997056174806 ], [ -68.055231343017795, -16.539965138518532 ], [ -68.055208853018627, -16.539965036676001 ], [ -68.05520887941509, -16.53995961344652 ], [ -68.055203256915476, -16.539959587985514 ], [ -68.055203415294997, -16.53992704860854 ], [ -68.055197792796335, -16.539927023147442 ], [ -68.055198109556201, -16.539861944393301 ], [ -68.055203732052973, -16.539861969854297 ], [ -68.05520378484583, -16.53985112339522 ], [ -68.055282499797315, -16.539851479833022 ] ] ] } },
{ "type": "Feature", "properties": { "id": 80, "instance": 129, "mean_prob": 0.997, "area_m2": 150.8 }, "geometry": { "type": "Polygon", "coordinates": [ [ [ -68.055490373847775, -16.539884961084198 ], [ -68.055490321070806, -16.539895807544138 ], [ -68.055495943569042, -16.539895832997313 ], [ -68.055495838015631, -16.539917525917197 ], [ -68.055501460514492, -16.539917551370255 ], [ -68.055501381349814, -16.539933821060178 ], [ -68.055507003849158, -16.539933846513104 ], [ -68.055506977461079, -16.53993926974308 ], [ -68.055518196072313, -16.539944743878493 ], [ -68.055518143296709, -16.539955590338462 ], [ -68.055523765796721, -16.539955615790976 ], [ -68.055523713021387, -16.539966462250952 ], [ -68.055529335521726, -16.539966487703332 ], [ -68.055529282746662, -16.539977334163321 ], [ -68.055534905247328, -16.539977359615563 ], [ -68.055534852472533, -16.539988206075552 ], [ -68.055529229971569, -16.53998818062329 ], [ -68.055529177196433, -16.53999902708324 ], [ -68.055523554695156, -16.539999001630807 ], [ -68.055523501919666, -16.54000984809074 ], [ -68.05551787941809, -16.54000982263814 ], [ -68.055517853030167, -16.540015245868101 ], [ -68.055506608026732, -16.540015194962429 ], [ -68.055506581638497, -16.540020618192358 ], [ -68.055495310246215, -16.540025990515968 ], [ -68.055495283857653, -16.540031413745879 ], [ -68.055484038853351, -16.540031362838942 ], [ -68.055484012464447, -16.540036786068821 ], [ -68.055427813832424, -16.54003110829516 ], [ -68.055427866613329, -16.540020261835554 ], [ -68.055422244111611, -16.540020236380361 ], [ -68.055422824702447, -16.539900925324112 ], [ -68.055428447200711, -16.539900950779106 ], [ -68.055428473590936, -16.539895527549238 ], [ -68.055445341085331, -16.539895603913305 ], [ -68.055445367475059, -16.5398901806834 ], [ -68.05547347996513, -16.539890307953762 ], [ -68.055473506354076, -16.539884884723822 ], [ -68.055490373847775, -16.539884961084198 ] ] ] } }
]
}
