{
"type": "FeatureCollection",
"name": "cut_review_final",
"crs": { "type": "name", "properties": { "name": "urn:ogc:def:crs:EPSG::32719" } },
"features": [
{ "type": "Feature", "properties": { "cut_id": "C001", "component": 1, "part_a": 1, "part_b": 3, "part_a_m2": 11.1, "part_b_m2": 105.4, "baseline_polygon_id": 1, "confidence": "medium", "contrast": 0.076, "edge_support": 1.0, "boundary_m": 15.9, "mid_x": 600871.41, "mid_y": 8171377.7, "ortho_row": 836, "ortho_col": 3971, "lon": -68.0546701, "lat": -16.5374394, "windows": "", "panel": "outputs/rgb_guided_reviewed/cut_panels/C001.png", "status": "rejected", "reason": "follows roof planes/ridge inside one continuous tile roof (large terracotta house)", "reviewer": "project user", "review_date": "2026-10-04", "decision_source": "cut_review_proposals.csv reviewed by project user in Excel; decisions confirmed final 2026-10-04 (file unchanged from AI proposals)" }, "geometry": { "type": "LineString", "coordinates": [ [ 600866.305540000088513, 8171380.24773000087589 ], [ 600868.40554000006523, 8171380.24773000087589 ], [ 600868.40554000006523, 8171379.947730001062155 ], [ 600868.705540000111796, 8171379.947730001062155 ], [ 600868.705540000111796, 8171379.647730000317097 ], [ 600870.205540000111796, 8171379.647730000317097 ], [ 600870.205540000111796, 8171378.147730000317097 ], [ 600870.505540000041947, 8171378.147730000317097 ], [ 600870.505540000041947, 8171377.847730000503361 ], [ 600871.105540000135079, 8171377.847730000503361 ], [ 600871.105540000135079, 8171377.547730000689626 ], [ 600871.40554000006523, 8171377.547730000689626 ], [ 600871.40554000006523, 8171377.847730000503361 ], [ 600872.005540000041947, 8171377.847730000503361 ], [ 600872.005540000041947, 8171379.347730000503361 ], [ 600871.705540000111796, 8171379.347730000503361 ], [ 600871.705540000111796, 8171379.947730001062155 ], [ 600871.40554000006523, 8171379.947730001062155 ], [ 600871.40554000006523, 8171380.24773000087589 ], [ 600871.105540000135079, 8171380.24773000087589 ], [ 600871.105540000135079, 8171381.147730000317097 ], [ 600870.505540000041947, 8171381.147730000317097 ], [ 600870.505540000041947, 8171381.447730001062155 ], [ 600870.205540000111796, 8171381.447730001062155 ], [ 600870.205540000111796, 8171381.74773000087589 ], [ 600869.90554000006523, 8171381.74773000087589 ], [ 600869.90554000006523, 8171382.947730001062155 ] ] } },
{ "type": "Feature", "properties": { "cut_id": "C002", "component": 1, "part_a": 2, "part_b": 3, "part_a_m2": 19.2, "part_b_m2": 105.4, "baseline_polygon_id": 1, "confidence": "high", "contrast": 0.1164, "edge_support": 1.0, "boundary_m": 1.8, "mid_x": 600864.81, "mid_y": 8171380.55, "ortho_row": 780, "ortho_col": 3840, "lon": -68.0547321, "lat": -16.5374139, "windows": "", "panel": "outputs/rgb_guided_reviewed/cut_panels/C002.png", "status": "rejected", "reason": "separates roof terrace from the same house", "reviewer": "project user", "review_date": "2026-10-04", "decision_source": "cut_review_proposals.csv reviewed by project user in Excel; decisions confirmed final 2026-10-04 (file unchanged from AI proposals)" }, "geometry": { "type": "LineString", "coordinates": [ [ 600864.205540000111796, 8171380.24773000087589 ], [ 600864.505540000041947, 8171380.24773000087589 ], [ 600864.505540000041947, 8171380.547730000689626 ], [ 600864.805540000088513, 8171380.547730000689626 ], [ 600864.805540000088513, 8171380.24773000087589 ], [ 600865.105540000135079, 8171380.24773000087589 ], [ 600865.105540000135079, 8171380.547730000689626 ] ] } },
{ "type": "Feature", "properties": { "cut_id": "C003", "component": 1, "part_a": 2, "part_b": 7, "part_a_m2": 19.2, "part_b_m2": 255.1, "baseline_polygon_id": 1, "confidence": "medium", "contrast": 0.0727, "edge_support": 1.0, "boundary_m": 11.7, "mid_x": 600862.56, "mid_y": 8171376.65, "ortho_row": 858, "ortho_col": 3795, "lon": -68.054753, "lat": -16.5374492, "windows": "", "panel": "outputs/rgb_guided_reviewed/cut_panels/C003.png", "status": "rejected", "reason": "separates roof terrace from the same house", "reviewer": "project user", "review_date": "2026-10-04", "decision_source": "cut_review_proposals.csv reviewed by project user in Excel; decisions confirmed final 2026-10-04 (file unchanged from AI proposals)" }, "geometry": { "type": "LineString", "coordinates": [ [ 600859.705540000111796, 8171373.647730000317097 ], [ 600860.605540000135079, 8171373.647730000317097 ], [ 600860.605540000135079, 8171373.947730001062155 ], [ 600860.90554000006523, 8171373.947730001062155 ], [ 600860.90554000006523, 8171374.24773000087589 ], [ 600861.505540000041947, 8171374.24773000087589 ], [ 600861.505540000041947, 8171374.547730000689626 ], [ 600861.805540000088513, 8171374.547730000689626 ], [ 600861.805540000088513, 8171374.847730000503361 ], [ 600862.105540000135079, 8171374.847730000503361 ], [ 600862.105540000135079, 8171375.147730000317097 ], [ 600862.40554000006523, 8171375.147730000317097 ], [ 600862.40554000006523, 8171376.647730000317097 ], [ 600863.005540000041947, 8171376.647730000317097 ], [ 600863.005540000041947, 8171378.74773000087589 ], [ 600863.305540000088513, 8171378.74773000087589 ], [ 600863.305540000088513, 8171380.24773000087589 ], [ 600863.605540000135079, 8171380.24773000087589 ], [ 600863.605540000135079, 8171380.547730000689626 ], [ 600864.205540000111796, 8171380.547730000689626 ], [ 600864.205540000111796, 8171380.24773000087589 ] ] } },
{ "type": "Feature", "properties": { "cut_id": "C004", "component": 1, "part_a": 3, "part_b": 7, "part_a_m2": 105.4, "part_b_m2": 255.1, "baseline_polygon_id": 1, "confidence": "medium", "contrast": 0.0439, "edge_support": 1.0, "boundary_m": 33.0, "mid_x": 600871.11, "mid_y": 8171371.85, "ortho_row": 954, "ortho_col": 3966, "lon": -68.0546727, "lat": -16.5374923, "windows": "", "panel": "outputs/rgb_guided_reviewed/cut_panels/C004.png", "status": "rejected", "reason": "follows roof ridge / shaded roof plane inside one roof", "reviewer": "project user", "review_date": "2026-10-04", "decision_source": "cut_review_proposals.csv reviewed by project user in Excel; decisions confirmed final 2026-10-04 (file unchanged from AI proposals)" }, "geometry": { "type": "LineString", "coordinates": [ [ 600864.205540000111796, 8171380.24773000087589 ], [ 600864.205540000111796, 8171379.347730000503361 ], [ 600864.505540000041947, 8171379.347730000503361 ], [ 600864.505540000041947, 8171379.047730000689626 ], [ 600864.805540000088513, 8171379.047730000689626 ], [ 600864.805540000088513, 8171378.74773000087589 ], [ 600865.105540000135079, 8171378.74773000087589 ], [ 600865.105540000135079, 8171378.147730000317097 ], [ 600865.40554000006523, 8171378.147730000317097 ], [ 600865.40554000006523, 8171377.847730000503361 ], [ 600865.705540000111796, 8171377.847730000503361 ], [ 600865.705540000111796, 8171377.547730000689626 ], [ 600866.005540000041947, 8171377.547730000689626 ], [ 600866.005540000041947, 8171376.947730001062155 ], [ 600866.305540000088513, 8171376.947730001062155 ], [ 600866.305540000088513, 8171376.647730000317097 ], [ 600866.605540000135079, 8171376.647730000317097 ], [ 600866.605540000135079, 8171376.347730000503361 ], [ 600866.90554000006523, 8171376.347730000503361 ], [ 600866.90554000006523, 8171376.047730000689626 ], [ 600867.205540000111796, 8171376.047730000689626 ], [ 600867.205540000111796, 8171375.447730001062155 ], [ 600867.505540000041947, 8171375.447730001062155 ], [ 600867.505540000041947, 8171375.147730000317097 ], [ 600867.805540000088513, 8171375.147730000317097 ], [ 600867.805540000088513, 8171374.847730000503361 ], [ 600868.40554000006523, 8171374.847730000503361 ], [ 600868.40554000006523, 8171374.547730000689626 ], [ 600868.705540000111796, 8171374.547730000689626 ], [ 600868.705540000111796, 8171374.24773000087589 ], [ 600869.605540000135079, 8171374.24773000087589 ], [ 600869.605540000135079, 8171373.647730000317097 ], [ 600870.505540000041947, 8171373.647730000317097 ], [ 600870.505540000041947, 8171373.347730000503361 ], [ 600871.40554000006523, 8171373.347730000503361 ], [ 600871.40554000006523, 8171373.047730000689626 ], [ 600871.705540000111796, 8171373.047730000689626 ], [ 600871.705540000111796, 8171372.147730000317097 ], [ 600871.40554000006523, 8171372.147730000317097 ], [ 600871.40554000006523, 8171371.847730000503361 ], [ 600871.105540000135079, 8171371.847730000503361 ], [ 600871.105540000135079, 8171371.547730000689626 ], [ 600869.005540000041947, 8171371.547730000689626 ], [ 600869.005540000041947, 8171370.947730001062155 ], [ 600868.705540000111796, 8171370.947730001062155 ], [ 600868.705540000111796, 8171370.647730000317097 ], [ 600868.40554000006523, 8171370.647730000317097 ], [ 600868.40554000006523, 8171368.847730000503361 ], [ 600868.705540000111796, 8171368.847730000503361 ], [ 600868.705540000111796, 8171368.547730000689626 ], [ 600869.005540000041947, 8171368.547730000689626 ], [ 600869.005540000041947, 8171368.24773000087589 ], [ 600869.305540000088513, 8171368.24773000087589 ], [ 600869.305540000088513, 8171367.647730000317097 ], [ 600869.605540000135079, 8171367.647730000317097 ], [ 600869.605540000135079, 8171367.047730000689626 ], [ 600869.90554000006523, 8171367.047730000689626 ], [ 600869.90554000006523, 8171366.74773000087589 ], [ 600870.205540000111796, 8171366.74773000087589 ], [ 600870.205540000111796, 8171366.447730001062155 ], [ 600870.505540000041947, 8171366.447730001062155 ], [ 600870.505540000041947, 8171365.847730000503361 ], [ 600870.805540000088513, 8171365.847730000503361 ], [ 600870.805540000088513, 8171365.24773000087589 ], [ 600871.105540000135079, 8171365.24773000087589 ], [ 600871.105540000135079, 8171364.947730001062155 ], [ 600871.40554000006523, 8171364.947730001062155 ], [ 600871.40554000006523, 8171364.647730000317097 ], [ 600871.705540000111796, 8171364.647730000317097 ], [ 600871.705540000111796, 8171364.347730000503361 ], [ 600872.005540000041947, 8171364.347730000503361 ], [ 600872.005540000041947, 8171364.047730000689626 ], [ 600872.305540000088513, 8171364.047730000689626 ], [ 600872.305540000088513, 8171363.74773000087589 ], [ 600872.605540000135079, 8171363.74773000087589 ], [ 600872.605540000135079, 8171363.447730001062155 ], [ 600872.90554000006523, 8171363.447730001062155 ], [ 600872.90554000006523, 8171363.74773000087589 ], [ 600873.505540000041947, 8171363.74773000087589 ] ] } },
{ "type": "Feature", "properties": { "cut_id": "C005", "component": 1, "part_a": 4, "part_b": 7, "part_a_m2": 28.9, "part_b_m2": 255.1, "baseline_polygon_id": 1, "confidence": "medium", "contrast": 0.0629, "edge_support": 1.0, "boundary_m": 10.8, "mid_x": 600854.01, "mid_y": 8171353.85, "ortho_row": 1314, "ortho_col": 3623, "lon": -68.0548321, "lat": -16.5376557, "windows": "", "panel": "outputs/rgb_guided_reviewed/cut_panels/C005.png", "status": "rejected", "reason": "separates porch/terrace of the same house", "reviewer": "project user", "review_date": "2026-10-04", "decision_source": "cut_review_proposals.csv reviewed by project user in Excel; decisions confirmed final 2026-10-04 (file unchanged from AI proposals)" }, "geometry": { "type": "LineString", "coordinates": [ [ 600853.105540000135079, 8171349.347730000503361 ], [ 600853.105540000135079, 8171349.947730001062155 ], [ 600853.40554000006523, 8171349.947730001062155 ], [ 600853.40554000006523, 8171351.447730001062155 ], [ 600853.705540000111796, 8171351.447730001062155 ], [ 600853.705540000111796, 8171353.547730000689626 ], [ 600854.005540000041947, 8171353.547730000689626 ], [ 600854.005540000041947, 8171355.947730001062155 ], [ 600854.305540000088513, 8171355.947730001062155 ], [ 600854.305540000088513, 8171358.647730000317097 ], [ 600854.005540000041947, 8171358.647730000317097 ] ] } },
{ "type": "Feature", "properties": { "cut_id": "C006", "component": 1, "part_a": 5, "part_b": 6, "part_a_m2": 63.8, "part_b_m2": 15.5, "baseline_polygon_id": 1, "confidence": "high", "contrast": 0.1129, "edge_support": 1.0, "boundary_m": 1.5, "mid_x": 600866.01, "mid_y": 8171354.0, "ortho_row": 1310, "ortho_col": 3863, "lon": -68.0547197, "lat": -16.5376538, "windows": "", "panel": "outputs/rgb_guided_reviewed/cut_panels/C006.png", "status": "rejected", "reason": "cuts around glass courtyard roof and along tree occlusion of the same house", "reviewer": "project user", "review_date": "2026-10-04", "decision_source": "cut_review_proposals.csv reviewed by project user in Excel; decisions confirmed final 2026-10-04 (file unchanged from AI proposals)" }, "geometry": { "type": "LineString", "coordinates": [ [ 600865.705540000111796, 8171354.447730001062155 ], [ 600865.705540000111796, 8171354.147730000317097 ], [ 600866.005540000041947, 8171354.147730000317097 ], [ 600866.005540000041947, 8171353.547730000689626 ], [ 600866.305540000088513, 8171353.547730000689626 ] ] } },
{ "type": "Feature", "properties": { "cut_id": "C007", "component": 1, "part_a": 5, "part_b": 7, "part_a_m2": 63.8, "part_b_m2": 255.1, "baseline_polygon_id": 1, "confidence": "medium", "contrast": 0.0654, "edge_support": 0.811, "boundary_m": 27.0, "mid_x": 600859.41, "mid_y": 8171360.45, "ortho_row": 1181, "ortho_col": 3731, "lon": -68.0547818, "lat": -16.5375958, "windows": "", "panel": "outputs/rgb_guided_reviewed/cut_panels/C007.png", "status": "rejected", "reason": "separates glass connector between two wings of the same house", "reviewer": "project user", "review_date": "2026-10-04", "decision_source": "cut_review_proposals.csv reviewed by project user in Excel; decisions confirmed final 2026-10-04 (file unchanged from AI proposals)" }, "geometry": { "type": "LineString", "coordinates": [ [ 600867.805540000088513, 8171363.147730000317097 ], [ 600867.805540000088513, 8171363.74773000087589 ], [ 600864.805540000088513, 8171363.74773000087589 ], [ 600864.805540000088513, 8171364.047730000689626 ], [ 600863.005540000041947, 8171364.047730000689626 ], [ 600863.005540000041947, 8171364.347730000503361 ], [ 600860.605540000135079, 8171364.347730000503361 ], [ 600860.605540000135079, 8171364.047730000689626 ], [ 600860.305540000088513, 8171364.047730000689626 ], [ 600860.305540000088513, 8171363.447730001062155 ], [ 600860.005540000041947, 8171363.447730001062155 ], [ 600860.005540000041947, 8171362.24773000087589 ], [ 600859.705540000111796, 8171362.24773000087589 ], [ 600859.705540000111796, 8171360.447730001062155 ], [ 600859.40554000006523, 8171360.447730001062155 ], [ 600859.40554000006523, 8171360.147730000317097 ], [ 600859.705540000111796, 8171360.147730000317097 ], [ 600859.705540000111796, 8171358.947730001062155 ], [ 600860.005540000041947, 8171358.947730001062155 ], [ 600860.005540000041947, 8171358.647730000317097 ], [ 600860.305540000088513, 8171358.647730000317097 ], [ 600860.305540000088513, 8171356.847730000503361 ], [ 600860.005540000041947, 8171356.847730000503361 ], [ 600860.005540000041947, 8171355.947730001062155 ], [ 600860.90554000006523, 8171355.947730001062155 ], [ 600860.90554000006523, 8171356.24773000087589 ], [ 600862.105540000135079, 8171356.24773000087589 ], [ 600862.105540000135079, 8171355.947730001062155 ], [ 600863.005540000041947, 8171355.947730001062155 ], [ 600863.005540000041947, 8171355.647730000317097 ], [ 600864.205540000111796, 8171355.647730000317097 ], [ 600864.205540000111796, 8171355.347730000503361 ], [ 600865.705540000111796, 8171355.347730000503361 ], [ 600865.705540000111796, 8171354.447730001062155 ] ] } },
{ "type": "Feature", "properties": { "cut_id": "C008", "component": 1, "part_a": 6, "part_b": 7, "part_a_m2": 15.5, "part_b_m2": 255.1, "baseline_polygon_id": 1, "confidence": "medium", "contrast": 0.0475, "edge_support": 1.0, "boundary_m": 12.6, "mid_x": 600863.91, "mid_y": 8171351.75, "ortho_row": 1355, "ortho_col": 3822, "lon": -68.0547393, "lat": -16.5376743, "windows": "", "panel": "outputs/rgb_guided_reviewed/cut_panels/C008.png", "status": "rejected", "reason": "follows tree occlusion edge on a continuous roof", "reviewer": "project user", "review_date": "2026-10-04", "decision_source": "cut_review_proposals.csv reviewed by project user in Excel; decisions confirmed final 2026-10-04 (file unchanged from AI proposals)" }, "geometry": { "type": "LineString", "coordinates": [ [ 600865.705540000111796, 8171354.447730001062155 ], [ 600864.805540000088513, 8171354.447730001062155 ], [ 600864.805540000088513, 8171354.74773000087589 ], [ 600864.205540000111796, 8171354.74773000087589 ], [ 600864.205540000111796, 8171354.447730001062155 ], [ 600863.605540000135079, 8171354.447730001062155 ], [ 600863.605540000135079, 8171354.147730000317097 ], [ 600863.305540000088513, 8171354.147730000317097 ], [ 600863.305540000088513, 8171352.647730000317097 ], [ 600863.605540000135079, 8171352.647730000317097 ], [ 600863.605540000135079, 8171352.047730000689626 ], [ 600863.90554000006523, 8171352.047730000689626 ], [ 600863.90554000006523, 8171351.74773000087589 ], [ 600864.205540000111796, 8171351.74773000087589 ], [ 600864.205540000111796, 8171351.447730001062155 ], [ 600864.505540000041947, 8171351.447730001062155 ], [ 600864.505540000041947, 8171351.147730000317097 ], [ 600864.805540000088513, 8171351.147730000317097 ], [ 600864.805540000088513, 8171350.547730000689626 ], [ 600865.105540000135079, 8171350.547730000689626 ], [ 600865.105540000135079, 8171350.24773000087589 ], [ 600865.40554000006523, 8171350.24773000087589 ], [ 600865.40554000006523, 8171349.947730001062155 ], [ 600866.005540000041947, 8171349.947730001062155 ], [ 600866.005540000041947, 8171349.047730000689626 ], [ 600866.305540000088513, 8171349.047730000689626 ], [ 600866.305540000088513, 8171348.74773000087589 ], [ 600867.205540000111796, 8171348.74773000087589 ] ] } },
{ "type": "Feature", "properties": { "cut_id": "C009", "component": 7, "part_a": 13, "part_b": 14, "part_a_m2": 49.6, "part_b_m2": 16.7, "baseline_polygon_id": 5, "confidence": "high", "contrast": 0.1532, "edge_support": 1.0, "boundary_m": 5.1, "mid_x": 600798.06, "mid_y": 8171320.85, "ortho_row": 1974, "ortho_col": 2505, "lon": -68.055355, "lat": -16.5379563, "windows": "", "panel": "outputs/rgb_guided_reviewed/cut_panels/C009.png", "status": "accepted", "reason": "straight visible edge between pink roof and separate white roof", "reviewer": "project user", "review_date": "2026-10-04", "decision_source": "cut_review_proposals.csv reviewed by project user in Excel; decisions confirmed final 2026-10-04 (file unchanged from AI proposals)" }, "geometry": { "type": "LineString", "coordinates": [ [ 600797.90554000006523, 8171322.947730001062155 ], [ 600797.90554000006523, 8171321.147730000317097 ], [ 600798.205540000111796, 8171321.147730000317097 ], [ 600798.205540000111796, 8171320.847730000503361 ], [ 600797.90554000006523, 8171320.847730000503361 ], [ 600797.90554000006523, 8171318.447730001062155 ] ] } },
{ "type": "Feature", "properties": { "cut_id": "C010", "component": 14, "part_a": 21, "part_b": 22, "part_a_m2": 11.2, "part_b_m2": 98.5, "baseline_polygon_id": 12, "confidence": "high", "contrast": 0.1567, "edge_support": 1.0, "boundary_m": 6.3, "mid_x": 600975.96, "mid_y": 8171288.15, "ortho_row": 2628, "ortho_col": 6063, "lon": -68.0536865, "lat": -16.5382444, "windows": "", "panel": "outputs/rgb_guided_reviewed/cut_panels/C010.png", "status": "uncertain", "reason": "orange tile house vs light-grey roof; could be an attached annex of the same house", "reviewer": "project user", "review_date": "2026-10-04", "decision_source": "cut_review_proposals.csv reviewed by project user in Excel; decisions confirmed final 2026-10-04 (file unchanged from AI proposals)" }, "geometry": { "type": "LineString", "coordinates": [ [ 600973.705540000111796, 8171287.24773000087589 ], [ 600974.305540000088513, 8171287.24773000087589 ], [ 600974.305540000088513, 8171287.547730000689626 ], [ 600974.90554000006523, 8171287.547730000689626 ], [ 600974.90554000006523, 8171287.847730000503361 ], [ 600975.505540000041947, 8171287.847730000503361 ], [ 600975.505540000041947, 8171288.147730000317097 ], [ 600976.105540000135079, 8171288.147730000317097 ], [ 600976.105540000135079, 8171288.447730001062155 ], [ 600976.40554000006523, 8171288.447730001062155 ], [ 600976.40554000006523, 8171288.74773000087589 ], [ 600977.005540000041947, 8171288.74773000087589 ], [ 600977.005540000041947, 8171289.047730000689626 ], [ 600977.305540000088513, 8171289.047730000689626 ], [ 600977.305540000088513, 8171289.347730000503361 ], [ 600977.605540000135079, 8171289.347730000503361 ], [ 600977.605540000135079, 8171289.647730000317097 ] ] } },
{ "type": "Feature", "properties": { "cut_id": "C011", "component": 17, "part_a": 25, "part_b": 26, "part_a_m2": 1667.2, "part_b_m2": 12.7, "baseline_polygon_id": 32, "confidence": "high", "contrast": 0.0979, "edge_support": 1.0, "boundary_m": 3.9, "mid_x": 600933.51, "mid_y": 8171263.4, "ortho_row": 3122, "ortho_col": 5213, "lon": -68.0540832, "lat": -16.5384699, "windows": "W3_large_sheds (design)", "panel": "outputs/rgb_guided_reviewed/cut_panels/C011.png", "status": "accepted", "reason": "small red curved roof vs large grey shed; distinct roof with visible edge", "reviewer": "project user", "review_date": "2026-10-04", "decision_source": "cut_review_proposals.csv reviewed by project user in Excel; decisions confirmed final 2026-10-04 (file unchanged from AI proposals)" }, "geometry": { "type": "LineString", "coordinates": [ [ 600933.805540000088513, 8171261.74773000087589 ], [ 600933.805540000088513, 8171262.947730001062155 ], [ 600933.505540000041947, 8171262.947730001062155 ], [ 600933.505540000041947, 8171263.847730000503361 ], [ 600933.805540000088513, 8171263.847730000503361 ], [ 600933.805540000088513, 8171264.447730001062155 ], [ 600934.105540000135079, 8171264.447730001062155 ], [ 600934.105540000135079, 8171264.74773000087589 ] ] } },
{ "type": "Feature", "properties": { "cut_id": "C012", "component": 17, "part_a": 25, "part_b": 27, "part_a_m2": 1667.2, "part_b_m2": 43.7, "baseline_polygon_id": 32, "confidence": "high", "contrast": 0.0877, "edge_support": 1.0, "boundary_m": 5.1, "mid_x": 600946.26, "mid_y": 8171264.75, "ortho_row": 3095, "ortho_col": 5468, "lon": -68.0539638, "lat": -16.5384571, "windows": "", "panel": "outputs/rgb_guided_reviewed/cut_panels/C012.png", "status": "uncertain", "reason": "view too coarse to confirm the 44 m2 part is a separate roof", "reviewer": "project user", "review_date": "2026-10-04", "decision_source": "cut_review_proposals.csv reviewed by project user in Excel; decisions confirmed final 2026-10-04 (file unchanged from AI proposals)" }, "geometry": { "type": "LineString", "coordinates": [ [ 600943.705540000111796, 8171264.74773000087589 ], [ 600948.805540000088513, 8171264.74773000087589 ] ] } },
{ "type": "Feature", "properties": { "cut_id": "C013", "component": 17, "part_a": 25, "part_b": 28, "part_a_m2": 1667.2, "part_b_m2": 48.8, "baseline_polygon_id": 32, "confidence": "medium", "contrast": 0.0716, "edge_support": 1.0, "boundary_m": 31.5, "mid_x": 600926.76, "mid_y": 8171261.15, "ortho_row": 3168, "ortho_col": 5078, "lon": -68.0541463, "lat": -16.5384905, "windows": "W3_large_sheds (design)", "panel": "outputs/rgb_guided_reviewed/cut_panels/C013.png", "status": "rejected", "reason": "isolates middle segment of a continuous rusty roof row (vertical ends cut through the roof)", "reviewer": "project user", "review_date": "2026-10-04", "decision_source": "cut_review_proposals.csv reviewed by project user in Excel; decisions confirmed final 2026-10-04 (file unchanged from AI proposals)" }, "geometry": { "type": "LineString", "coordinates": [ [ 600923.305540000088513, 8171264.74773000087589 ], [ 600923.90554000006523, 8171264.74773000087589 ], [ 600923.90554000006523, 8171264.447730001062155 ], [ 600924.505540000041947, 8171264.447730001062155 ], [ 600924.505540000041947, 8171264.147730000317097 ], [ 600925.705540000111796, 8171264.147730000317097 ], [ 600925.705540000111796, 8171264.447730001062155 ], [ 600926.90554000006523, 8171264.447730001062155 ], [ 600926.90554000006523, 8171264.74773000087589 ], [ 600927.505540000041947, 8171264.74773000087589 ], [ 600927.505540000041947, 8171265.047730000689626 ], [ 600928.705540000111796, 8171265.047730000689626 ], [ 600928.705540000111796, 8171264.74773000087589 ], [ 600929.005540000041947, 8171264.74773000087589 ], [ 600929.005540000041947, 8171264.447730001062155 ], [ 600929.305540000088513, 8171264.447730001062155 ], [ 600929.305540000088513, 8171264.147730000317097 ], [ 600929.605540000135079, 8171264.147730000317097 ], [ 600929.605540000135079, 8171263.847730000503361 ], [ 600929.90554000006523, 8171263.847730000503361 ], [ 600929.90554000006523, 8171262.647730000317097 ], [ 600930.205540000111796, 8171262.647730000317097 ], [ 600930.205540000111796, 8171262.047730000689626 ], [ 600929.605540000135079, 8171262.047730000689626 ], [ 600929.605540000135079, 8171261.74773000087589 ], [ 600929.305540000088513, 8171261.74773000087589 ], [ 600929.305540000088513, 8171261.447730001062155 ], [ 600928.705540000111796, 8171261.447730001062155 ], [ 600928.705540000111796, 8171261.147730000317097 ], [ 600923.305540000088513, 8171261.147730000317097 ], [ 600923.305540000088513, 8171261.447730001062155 ], [ 600922.705540000111796, 8171261.447730001062155 ], [ 600922.705540000111796, 8171261.147730000317097 ], [ 600921.205540000111796, 8171261.147730000317097 ], [ 600921.205540000111796, 8171261.447730001062155 ], [ 600920.90554000006523, 8171261.447730001062155 ], [ 600920.90554000006523, 8171261.147730000317097 ], [ 600919.105540000135079, 8171261.147730000317097 ], [ 600919.105540000135079, 8171261.447730001062155 ], [ 600917.005540000041947, 8171261.447730001062155 ], [ 600917.005540000041947, 8171261.147730000317097 ], [ 600915.205540000111796, 8171261.147730000317097 ], [ 600915.205540000111796, 8171261.447730001062155 ], [ 600914.605540000135079, 8171261.447730001062155 ], [ 600914.605540000135079, 8171262.047730000689626 ], [ 600914.305540000088513, 8171262.047730000689626 ], [ 600914.305540000088513, 8171262.647730000317097 ] ] } },
{ "type": "Feature", "properties": { "cut_id": "C014", "component": 17, "part_a": 25, "part_b": 32, "part_a_m2": 1667.2, "part_b_m2": 79.0, "baseline_polygon_id": 32, "confidence": "high", "contrast": 0.0871, "edge_support": 1.0, "boundary_m": 8.7, "mid_x": 600923.61, "mid_y": 8171218.7, "ortho_row": 4016, "ortho_col": 5016, "lon": -68.054174, "lat": -16.5388743, "windows": "", "panel": "outputs/rgb_guided_reviewed/cut_panels/C014.png", "status": "uncertain", "reason": "rusty roof joined to grey shed complex; view too coarse to confirm wall", "reviewer": "project user", "review_date": "2026-10-04", "decision_source": "cut_review_proposals.csv reviewed by project user in Excel; decisions confirmed final 2026-10-04 (file unchanged from AI proposals)" }, "geometry": { "type": "LineString", "coordinates": [ [ 600921.505540000041947, 8171216.447730001062155 ], [ 600921.805540000088513, 8171216.447730001062155 ], [ 600921.805540000088513, 8171216.74773000087589 ], [ 600922.105540000135079, 8171216.74773000087589 ], [ 600922.105540000135079, 8171217.047730000689626 ], [ 600922.40554000006523, 8171217.047730000689626 ], [ 600922.40554000006523, 8171217.347730000503361 ], [ 600922.705540000111796, 8171217.347730000503361 ], [ 600922.705540000111796, 8171217.647730000317097 ], [ 600923.005540000041947, 8171217.647730000317097 ], [ 600923.005540000041947, 8171217.947730001062155 ], [ 600923.605540000135079, 8171217.947730001062155 ], [ 600923.605540000135079, 8171218.847730000503361 ], [ 600923.90554000006523, 8171218.847730000503361 ], [ 600923.90554000006523, 8171219.147730000317097 ], [ 600924.205540000111796, 8171219.147730000317097 ], [ 600924.205540000111796, 8171219.447730001062155 ], [ 600924.505540000041947, 8171219.447730001062155 ], [ 600924.505540000041947, 8171219.74773000087589 ], [ 600925.105540000135079, 8171219.74773000087589 ], [ 600925.105540000135079, 8171220.047730000689626 ], [ 600925.40554000006523, 8171220.047730000689626 ], [ 600925.40554000006523, 8171220.347730000503361 ], [ 600926.305540000088513, 8171220.347730000503361 ] ] } },
{ "type": "Feature", "properties": { "cut_id": "C015", "component": 17, "part_a": 27, "part_b": 29, "part_a_m2": 43.7, "part_b_m2": 18.3, "baseline_polygon_id": 32, "confidence": "medium", "contrast": 0.066, "edge_support": 1.0, "boundary_m": 15.0, "mid_x": 600942.51, "mid_y": 8171259.05, "ortho_row": 3210, "ortho_col": 5394, "lon": -68.0539987, "lat": -16.5385088, "windows": "", "panel": "outputs/rgb_guided_reviewed/cut_panels/C015.png", "status": "uncertain", "reason": "grey patch enclosed by rusty roofs on three sides; separate roof or re-roofed patch", "reviewer": "project user", "review_date": "2026-10-04", "decision_source": "cut_review_proposals.csv reviewed by project user in Excel; decisions confirmed final 2026-10-04 (file unchanged from AI proposals)" }, "geometry": { "type": "LineString", "coordinates": [ [ 600945.505540000041947, 8171255.147730000317097 ], [ 600944.90554000006523, 8171255.147730000317097 ], [ 600944.90554000006523, 8171255.447730001062155 ], [ 600943.40554000006523, 8171255.447730001062155 ], [ 600943.40554000006523, 8171255.74773000087589 ], [ 600943.105540000135079, 8171255.74773000087589 ], [ 600943.105540000135079, 8171256.047730000689626 ], [ 600942.805540000088513, 8171256.047730000689626 ], [ 600942.805540000088513, 8171257.24773000087589 ], [ 600942.505540000041947, 8171257.24773000087589 ], [ 600942.505540000041947, 8171258.74773000087589 ], [ 600942.805540000088513, 8171258.74773000087589 ], [ 600942.805540000088513, 8171259.047730000689626 ], [ 600942.505540000041947, 8171259.047730000689626 ], [ 600942.505540000041947, 8171259.347730000503361 ], [ 600942.805540000088513, 8171259.347730000503361 ], [ 600942.805540000088513, 8171260.847730000503361 ], [ 600943.105540000135079, 8171260.847730000503361 ], [ 600943.105540000135079, 8171261.147730000317097 ], [ 600943.40554000006523, 8171261.147730000317097 ], [ 600943.40554000006523, 8171261.74773000087589 ], [ 600944.005540000041947, 8171261.74773000087589 ], [ 600944.005540000041947, 8171262.047730000689626 ], [ 600944.305540000088513, 8171262.047730000689626 ], [ 600944.305540000088513, 8171261.74773000087589 ], [ 600945.205540000111796, 8171261.74773000087589 ], [ 600945.205540000111796, 8171261.447730001062155 ], [ 600945.505540000041947, 8171261.447730001062155 ], [ 600945.505540000041947, 8171261.147730000317097 ], [ 600945.805540000088513, 8171261.147730000317097 ], [ 600945.805540000088513, 8171260.847730000503361 ] ] } },
{ "type": "Feature", "properties": { "cut_id": "C016", "component": 17, "part_a": 27, "part_b": 30, "part_a_m2": 43.7, "part_b_m2": 48.1, "baseline_polygon_id": 32, "confidence": "medium", "contrast": 0.06, "edge_support": 1.0, "boundary_m": 1.2, "mid_x": 600944.31, "mid_y": 8171253.95, "ortho_row": 3311, "ortho_col": 5429, "lon": -68.0539816, "lat": -16.5385548, "windows": "", "panel": "outputs/rgb_guided_reviewed/cut_panels/C016.png", "status": "accepted", "reason": "rotated cream roof joined at narrow junction; clearly separate building", "reviewer": "project user", "review_date": "2026-10-04", "decision_source": "cut_review_proposals.csv reviewed by project user in Excel; decisions confirmed final 2026-10-04 (file unchanged from AI proposals)" }, "geometry": { "type": "LineString", "coordinates": [ [ 600944.005540000041947, 8171253.647730000317097 ], [ 600944.005540000041947, 8171253.947730001062155 ], [ 600944.90554000006523, 8171253.947730001062155 ] ] } },
{ "type": "Feature", "properties": { "cut_id": "C017", "component": 17, "part_a": 31, "part_b": 32, "part_a_m2": 106.7, "part_b_m2": 79.0, "baseline_polygon_id": 32, "confidence": "medium", "contrast": 0.0698, "edge_support": 1.0, "boundary_m": 3.9, "mid_x": 600927.96, "mid_y": 8171216.15, "ortho_row": 4068, "ortho_col": 5102, "lon": -68.0541331, "lat": -16.5388972, "windows": "", "panel": "outputs/rgb_guided_reviewed/cut_panels/C017.png", "status": "accepted", "reason": "flat grey concrete roof vs rusty corrugated strip roof; distinct structures", "reviewer": "project user", "review_date": "2026-10-04", "decision_source": "cut_review_proposals.csv reviewed by project user in Excel; decisions confirmed final 2026-10-04 (file unchanged from AI proposals)" }, "geometry": { "type": "LineString", "coordinates": [ [ 600926.605540000135079, 8171216.74773000087589 ], [ 600926.605540000135079, 8171216.147730000317097 ], [ 600929.005540000041947, 8171216.147730000317097 ], [ 600929.005540000041947, 8171215.847730000503361 ], [ 600929.605540000135079, 8171215.847730000503361 ] ] } },
{ "type": "Feature", "properties": { "cut_id": "C018", "component": 17, "part_a": 32, "part_b": 33, "part_a_m2": 79.0, "part_b_m2": 59.4, "baseline_polygon_id": 32, "confidence": "high", "contrast": 0.1255, "edge_support": 1.0, "boundary_m": 2.4, "mid_x": 600927.21, "mid_y": 8171204.15, "ortho_row": 4308, "ortho_col": 5087, "lon": -68.0541396, "lat": -16.5390057, "windows": "", "panel": "outputs/rgb_guided_reviewed/cut_panels/C018.png", "status": "accepted", "reason": "rusty strip roof vs teal roof; visible edge", "reviewer": "project user", "review_date": "2026-10-04", "decision_source": "cut_review_proposals.csv reviewed by project user in Excel; decisions confirmed final 2026-10-04 (file unchanged from AI proposals)" }, "geometry": { "type": "LineString", "coordinates": [ [ 600926.005540000041947, 8171204.147730000317097 ], [ 600928.40554000006523, 8171204.147730000317097 ] ] } },
{ "type": "Feature", "properties": { "cut_id": "C019", "component": 21, "part_a": 37, "part_b": 38, "part_a_m2": 35.4, "part_b_m2": 69.7, "baseline_polygon_id": 14, "confidence": "medium", "contrast": 0.0629, "edge_support": 1.0, "boundary_m": 12.0, "mid_x": 600749.31, "mid_y": 8171269.25, "ortho_row": 3005, "ortho_col": 1530, "lon": -68.0558095, "lat": -16.5384248, "windows": "V4_small_roofs (independent)", "panel": "outputs/rgb_guided_reviewed/cut_panels/C019.png", "status": "accepted", "reason": "white sheet roof vs rusty roof; cut approximately follows visible edge", "reviewer": "project user", "review_date": "2026-10-04", "decision_source": "cut_review_proposals.csv reviewed by project user in Excel; decisions confirmed final 2026-10-04 (file unchanged from AI proposals)" }, "geometry": { "type": "LineString", "coordinates": [ [ 600746.605540000135079, 8171267.74773000087589 ], [ 600746.605540000135079, 8171267.447730001062155 ], [ 600746.90554000006523, 8171267.447730001062155 ], [ 600746.90554000006523, 8171267.74773000087589 ], [ 600747.205540000111796, 8171267.74773000087589 ], [ 600747.205540000111796, 8171268.047730000689626 ], [ 600747.805540000088513, 8171268.047730000689626 ], [ 600747.805540000088513, 8171268.947730001062155 ], [ 600747.505540000041947, 8171268.947730001062155 ], [ 600747.505540000041947, 8171269.24773000087589 ], [ 600747.805540000088513, 8171269.24773000087589 ], [ 600747.805540000088513, 8171269.547730000689626 ], [ 600749.305540000088513, 8171269.547730000689626 ], [ 600749.305540000088513, 8171269.24773000087589 ], [ 600749.605540000135079, 8171269.24773000087589 ], [ 600749.605540000135079, 8171268.947730001062155 ], [ 600749.005540000041947, 8171268.947730001062155 ], [ 600749.005540000041947, 8171268.047730000689626 ], [ 600750.505540000041947, 8171268.047730000689626 ], [ 600750.505540000041947, 8171267.74773000087589 ], [ 600750.805540000088513, 8171267.74773000087589 ], [ 600750.805540000088513, 8171267.147730000317097 ], [ 600751.105540000135079, 8171267.147730000317097 ], [ 600751.105540000135079, 8171266.847730000503361 ], [ 600751.705540000111796, 8171266.847730000503361 ] ] } },
{ "type": "Feature", "properties": { "cut_id": "C020", "component": 25, "part_a": 42, "part_b": 43, "part_a_m2": 33.5, "part_b_m2": 21.5, "baseline_polygon_id": 15, "confidence": "medium", "contrast": 0.0795, "edge_support": 1.0, "boundary_m": 11.7, "mid_x": 600736.86, "mid_y": 8171261.75, "ortho_row": 3155, "ortho_col": 1280, "lon": -68.0559259, "lat": -16.5384931, "windows": "V4_small_roofs (independent)", "panel": "outputs/rgb_guided_reviewed/cut_panels/C020.png", "status": "accepted", "reason": "grey roof vs red roof; visible edge", "reviewer": "project user", "review_date": "2026-10-04", "decision_source": "cut_review_proposals.csv reviewed by project user in Excel; decisions confirmed final 2026-10-04 (file unchanged from AI proposals)" }, "geometry": { "type": "LineString", "coordinates": [ [ 600737.605540000135079, 8171256.947730001062155 ], [ 600737.605540000135079, 8171257.24773000087589 ], [ 600737.005540000041947, 8171257.24773000087589 ], [ 600737.005540000041947, 8171257.547730000689626 ], [ 600736.705540000111796, 8171257.547730000689626 ], [ 600736.705540000111796, 8171261.74773000087589 ], [ 600737.005540000041947, 8171261.74773000087589 ], [ 600737.005540000041947, 8171262.347730000503361 ], [ 600737.305540000088513, 8171262.347730000503361 ], [ 600737.305540000088513, 8171262.647730000317097 ], [ 600740.005540000041947, 8171262.647730000317097 ], [ 600740.005540000041947, 8171262.347730000503361 ], [ 600740.305540000088513, 8171262.347730000503361 ], [ 600740.305540000088513, 8171262.047730000689626 ], [ 600740.605540000135079, 8171262.047730000689626 ], [ 600740.605540000135079, 8171261.74773000087589 ], [ 600740.90554000006523, 8171261.74773000087589 ] ] } },
{ "type": "Feature", "properties": { "cut_id": "C021", "component": 26, "part_a": 44, "part_b": 45, "part_a_m2": 98.8, "part_b_m2": 208.7, "baseline_polygon_id": 18, "confidence": "high", "contrast": 0.0946, "edge_support": 1.0, "boundary_m": 6.3, "mid_x": 600713.16, "mid_y": 8171259.35, "ortho_row": 3204, "ortho_col": 806, "lon": -68.0561478, "lat": -16.5385158, "windows": "", "panel": "outputs/rgb_guided_reviewed/cut_panels/C021.png", "status": "accepted", "reason": "separate orange tile house vs other structures at narrow junction", "reviewer": "project user", "review_date": "2026-10-04", "decision_source": "cut_review_proposals.csv reviewed by project user in Excel; decisions confirmed final 2026-10-04 (file unchanged from AI proposals)" }, "geometry": { "type": "LineString", "coordinates": [ [ 600712.705540000111796, 8171257.24773000087589 ], [ 600712.40554000006523, 8171257.24773000087589 ], [ 600712.40554000006523, 8171258.74773000087589 ], [ 600712.705540000111796, 8171258.74773000087589 ], [ 600712.705540000111796, 8171259.047730000689626 ], [ 600713.005540000041947, 8171259.047730000689626 ], [ 600713.005540000041947, 8171259.347730000503361 ], [ 600713.305540000088513, 8171259.347730000503361 ], [ 600713.305540000088513, 8171259.647730000317097 ], [ 600714.205540000111796, 8171259.647730000317097 ], [ 600714.205540000111796, 8171259.347730000503361 ], [ 600714.805540000088513, 8171259.347730000503361 ], [ 600714.805540000088513, 8171259.047730000689626 ], [ 600715.40554000006523, 8171259.047730000689626 ] ] } },
{ "type": "Feature", "properties": { "cut_id": "C022", "component": 33, "part_a": 52, "part_b": 53, "part_a_m2": 31.1, "part_b_m2": 72.3, "baseline_polygon_id": 21, "confidence": "medium", "contrast": 0.045, "edge_support": 0.913, "boundary_m": 20.7, "mid_x": 600736.41, "mid_y": 8171238.2, "ortho_row": 3627, "ortho_col": 1271, "lon": -68.055929, "lat": -16.538706, "windows": "V4_small_roofs (independent)", "panel": "outputs/rgb_guided_reviewed/cut_panels/C022.png", "status": "uncertain", "reason": "top follows rust/white edge but bottom wanders through cluttered patched roofing", "reviewer": "project user", "review_date": "2026-10-04", "decision_source": "cut_review_proposals.csv reviewed by project user in Excel; decisions confirmed final 2026-10-04 (file unchanged from AI proposals)" }, "geometry": { "type": "LineString", "coordinates": [ [ 600733.40554000006523, 8171235.947730001062155 ], [ 600733.40554000006523, 8171236.24773000087589 ], [ 600733.705540000111796, 8171236.24773000087589 ], [ 600733.705540000111796, 8171236.547730000689626 ], [ 600734.90554000006523, 8171236.547730000689626 ], [ 600734.90554000006523, 8171236.847730000503361 ], [ 600735.505540000041947, 8171236.847730000503361 ], [ 600735.505540000041947, 8171237.147730000317097 ], [ 600735.805540000088513, 8171237.147730000317097 ], [ 600735.805540000088513, 8171236.847730000503361 ], [ 600737.005540000041947, 8171236.847730000503361 ], [ 600737.005540000041947, 8171237.147730000317097 ], [ 600737.605540000135079, 8171237.147730000317097 ], [ 600737.605540000135079, 8171237.447730001062155 ], [ 600738.205540000111796, 8171237.447730001062155 ], [ 600738.205540000111796, 8171238.347730000503361 ], [ 600737.605540000135079, 8171238.347730000503361 ], [ 600737.605540000135079, 8171238.647730000317097 ], [ 600736.705540000111796, 8171238.647730000317097 ], [ 600736.705540000111796, 8171238.347730000503361 ], [ 600736.40554000006523, 8171238.347730000503361 ], [ 600736.40554000006523, 8171237.447730001062155 ], [ 600735.805540000088513, 8171237.447730001062155 ], [ 600735.805540000088513, 8171237.74773000087589 ], [ 600735.505540000041947, 8171237.74773000087589 ], [ 600735.505540000041947, 8171238.047730000689626 ], [ 600735.205540000111796, 8171238.047730000689626 ], [ 600735.205540000111796, 8171238.947730001062155 ], [ 600735.505540000041947, 8171238.947730001062155 ], [ 600735.505540000041947, 8171239.547730000689626 ], [ 600735.805540000088513, 8171239.547730000689626 ], [ 600735.805540000088513, 8171241.647730000317097 ], [ 600736.105540000135079, 8171241.647730000317097 ], [ 600736.105540000135079, 8171242.547730000689626 ], [ 600735.805540000088513, 8171242.547730000689626 ], [ 600735.805540000088513, 8171244.647730000317097 ] ] } },
{ "type": "Feature", "properties": { "cut_id": "C023", "component": 38, "part_a": 58, "part_b": 59, "part_a_m2": 40.9, "part_b_m2": 101.2, "baseline_polygon_id": 22, "confidence": "high", "contrast": 0.1457, "edge_support": 1.0, "boundary_m": 7.8, "mid_x": 600944.31, "mid_y": 8171232.65, "ortho_row": 3738, "ortho_col": 5430, "lon": -68.0539806, "lat": -16.5387474, "windows": "", "panel": "outputs/rgb_guided_reviewed/cut_panels/C023.png", "status": "accepted", "reason": "orange tile vs grey metal roof; straight visible edge", "reviewer": "project user", "review_date": "2026-10-04", "decision_source": "cut_review_proposals.csv reviewed by project user in Excel; decisions confirmed final 2026-10-04 (file unchanged from AI proposals)" }, "geometry": { "type": "MultiLineString", "coordinates": [ [ [ 600944.305540000088513, 8171233.847730000503361 ], [ 600944.305540000088513, 8171232.647730000317097 ], [ 600944.605540000135079, 8171232.647730000317097 ], [ 600944.605540000135079, 8171232.047730000689626 ], [ 600944.305540000088513, 8171232.047730000689626 ], [ 600944.305540000088513, 8171231.147730000317097 ] ], [ [ 600944.605540000135079, 8171238.947730001062155 ], [ 600944.605540000135079, 8171238.047730000689626 ], [ 600944.305540000088513, 8171238.047730000689626 ], [ 600944.305540000088513, 8171234.74773000087589 ] ] ] } },
{ "type": "Feature", "properties": { "cut_id": "C024", "component": 38, "part_a": 59, "part_b": 60, "part_a_m2": 101.2, "part_b_m2": 19.5, "baseline_polygon_id": 22, "confidence": "high", "contrast": 0.0875, "edge_support": 0.923, "boundary_m": 7.8, "mid_x": 600933.51, "mid_y": 8171233.55, "ortho_row": 3720, "ortho_col": 5213, "lon": -68.0540819, "lat": -16.5387397, "windows": "", "panel": "outputs/rgb_guided_reviewed/cut_panels/C024.png", "status": "rejected", "reason": "bends through the continuous orange roof", "reviewer": "project user", "review_date": "2026-10-04", "decision_source": "cut_review_proposals.csv reviewed by project user in Excel; decisions confirmed final 2026-10-04 (file unchanged from AI proposals)" }, "geometry": { "type": "LineString", "coordinates": [ [ 600930.805540000088513, 8171234.74773000087589 ], [ 600931.40554000006523, 8171234.74773000087589 ], [ 600931.40554000006523, 8171234.447730001062155 ], [ 600931.705540000111796, 8171234.447730001062155 ], [ 600931.705540000111796, 8171234.147730000317097 ], [ 600932.005540000041947, 8171234.147730000317097 ], [ 600932.005540000041947, 8171233.847730000503361 ], [ 600932.305540000088513, 8171233.847730000503361 ], [ 600932.305540000088513, 8171233.547730000689626 ], [ 600933.505540000041947, 8171233.547730000689626 ], [ 600933.505540000041947, 8171233.24773000087589 ], [ 600934.105540000135079, 8171233.24773000087589 ], [ 600934.105540000135079, 8171232.647730000317097 ], [ 600934.40554000006523, 8171232.647730000317097 ], [ 600934.40554000006523, 8171230.547730000689626 ] ] } },
{ "type": "Feature", "properties": { "cut_id": "C025", "component": 41, "part_a": 63, "part_b": 64, "part_a_m2": 88.1, "part_b_m2": 17.8, "baseline_polygon_id": 25, "confidence": "medium", "contrast": 0.0536, "edge_support": 1.0, "boundary_m": 4.8, "mid_x": 600974.61, "mid_y": 8171223.95, "ortho_row": 3911, "ortho_col": 6036, "lon": -68.0536963, "lat": -16.5388247, "windows": "", "panel": "outputs/rgb_guided_reviewed/cut_panels/C025.png", "status": "accepted", "reason": "purple roof vs different salmon roof; visible edge", "reviewer": "project user", "review_date": "2026-10-04", "decision_source": "cut_review_proposals.csv reviewed by project user in Excel; decisions confirmed final 2026-10-04 (file unchanged from AI proposals)" }, "geometry": { "type": "LineString", "coordinates": [ [ 600974.005540000041947, 8171222.74773000087589 ], [ 600974.005540000041947, 8171222.447730001062155 ], [ 600974.305540000088513, 8171222.447730001062155 ], [ 600974.305540000088513, 8171222.74773000087589 ], [ 600974.605540000135079, 8171222.74773000087589 ], [ 600974.605540000135079, 8171224.24773000087589 ], [ 600975.205540000111796, 8171224.24773000087589 ], [ 600975.205540000111796, 8171224.547730000689626 ], [ 600975.805540000088513, 8171224.547730000689626 ], [ 600975.805540000088513, 8171224.24773000087589 ], [ 600976.105540000135079, 8171224.24773000087589 ] ] } },
{ "type": "Feature", "properties": { "cut_id": "C026", "component": 42, "part_a": 65, "part_b": 68, "part_a_m2": 84.7, "part_b_m2": 1527.2, "baseline_polygon_id": 48, "confidence": "medium", "contrast": 0.048, "edge_support": 0.982, "boundary_m": 17.1, "mid_x": 600855.51, "mid_y": 8171222.0, "ortho_row": 3951, "ortho_col": 3653, "lon": -68.0548123, "lat": -16.5388474, "windows": "", "panel": "outputs/rgb_guided_reviewed/cut_panels/C026.png", "status": "rejected", "reason": "splits the mauve roof of one building vertically", "reviewer": "project user", "review_date": "2026-10-04", "decision_source": "cut_review_proposals.csv reviewed by project user in Excel; decisions confirmed final 2026-10-04 (file unchanged from AI proposals)" }, "geometry": { "type": "LineString", "coordinates": [ [ 600856.705540000111796, 8171229.347730000503361 ], [ 600856.705540000111796, 8171227.847730000503361 ], [ 600856.40554000006523, 8171227.847730000503361 ], [ 600856.40554000006523, 8171227.547730000689626 ], [ 600856.105540000135079, 8171227.547730000689626 ], [ 600856.105540000135079, 8171225.74773000087589 ], [ 600855.805540000088513, 8171225.74773000087589 ], [ 600855.805540000088513, 8171223.647730000317097 ], [ 600855.505540000041947, 8171223.647730000317097 ], [ 600855.505540000041947, 8171221.547730000689626 ], [ 600855.805540000088513, 8171221.547730000689626 ], [ 600855.805540000088513, 8171220.947730001062155 ], [ 600855.505540000041947, 8171220.947730001062155 ], [ 600855.505540000041947, 8171219.74773000087589 ], [ 600855.205540000111796, 8171219.74773000087589 ], [ 600855.205540000111796, 8171219.447730001062155 ], [ 600855.505540000041947, 8171219.447730001062155 ], [ 600855.505540000041947, 8171219.147730000317097 ], [ 600855.805540000088513, 8171219.147730000317097 ], [ 600855.805540000088513, 8171219.447730001062155 ], [ 600856.105540000135079, 8171219.447730001062155 ], [ 600856.105540000135079, 8171219.147730000317097 ], [ 600856.705540000111796, 8171219.147730000317097 ], [ 600856.705540000111796, 8171218.847730000503361 ], [ 600856.40554000006523, 8171218.847730000503361 ], [ 600856.40554000006523, 8171217.647730000317097 ], [ 600856.105540000135079, 8171217.647730000317097 ], [ 600856.105540000135079, 8171217.047730000689626 ] ] } },
{ "type": "Feature", "properties": { "cut_id": "C027", "component": 42, "part_a": 66, "part_b": 68, "part_a_m2": 19.0, "part_b_m2": 1527.2, "baseline_polygon_id": 48, "confidence": "high", "contrast": 0.1184, "edge_support": 1.0, "boundary_m": 17.4, "mid_x": 600819.51, "mid_y": 8171196.95, "ortho_row": 4451, "ortho_col": 2934, "lon": -68.0551485, "lat": -16.5390753, "windows": "V2_large_sheds (independent)", "panel": "outputs/rgb_guided_reviewed/cut_panels/C027.png", "status": "uncertain", "reason": "thin strip at top of pink shed: separate salmon strip roof or sliver of pink roof", "reviewer": "project user", "review_date": "2026-10-04", "decision_source": "cut_review_proposals.csv reviewed by project user in Excel; decisions confirmed final 2026-10-04 (file unchanged from AI proposals)" }, "geometry": { "type": "LineString", "coordinates": [ [ 600811.705540000111796, 8171197.847730000503361 ], [ 600812.305540000088513, 8171197.847730000503361 ], [ 600812.305540000088513, 8171197.547730000689626 ], [ 600812.90554000006523, 8171197.547730000689626 ], [ 600812.90554000006523, 8171197.24773000087589 ], [ 600813.805540000088513, 8171197.24773000087589 ], [ 600813.805540000088513, 8171196.947730001062155 ], [ 600821.305540000088513, 8171196.947730001062155 ], [ 600821.305540000088513, 8171196.647730000317097 ], [ 600824.305540000088513, 8171196.647730000317097 ], [ 600824.305540000088513, 8171196.347730000503361 ], [ 600824.90554000006523, 8171196.347730000503361 ], [ 600824.90554000006523, 8171196.647730000317097 ], [ 600825.205540000111796, 8171196.647730000317097 ], [ 600825.205540000111796, 8171196.947730001062155 ], [ 600825.505540000041947, 8171196.947730001062155 ], [ 600825.505540000041947, 8171197.24773000087589 ], [ 600825.805540000088513, 8171197.24773000087589 ], [ 600825.805540000088513, 8171197.547730000689626 ], [ 600825.505540000041947, 8171197.547730000689626 ], [ 600825.505540000041947, 8171197.847730000503361 ] ] } },
{ "type": "Feature", "properties": { "cut_id": "C028", "component": 42, "part_a": 67, "part_b": 68, "part_a_m2": 41.4, "part_b_m2": 1527.2, "baseline_polygon_id": 48, "confidence": "medium", "contrast": 0.0477, "edge_support": 0.851, "boundary_m": 30.3, "mid_x": 600805.26, "mid_y": 8171193.05, "ortho_row": 4530, "ortho_col": 2648, "lon": -68.0552819, "lat": -16.5391112, "windows": "", "panel": "outputs/rgb_guided_reviewed/cut_panels/C028.png", "status": "rejected", "reason": "jagged cut through the pink shed roof", "reviewer": "project user", "review_date": "2026-10-04", "decision_source": "cut_review_proposals.csv reviewed by project user in Excel; decisions confirmed final 2026-10-04 (file unchanged from AI proposals)" }, "geometry": { "type": "LineString", "coordinates": [ [ 600807.505540000041947, 8171185.847730000503361 ], [ 600807.505540000041947, 8171186.74773000087589 ], [ 600808.105540000135079, 8171186.74773000087589 ], [ 600808.105540000135079, 8171187.947730001062155 ], [ 600807.505540000041947, 8171187.947730001062155 ], [ 600807.505540000041947, 8171188.24773000087589 ], [ 600807.205540000111796, 8171188.24773000087589 ], [ 600807.205540000111796, 8171188.547730000689626 ], [ 600806.605540000135079, 8171188.547730000689626 ], [ 600806.605540000135079, 8171188.847730000503361 ], [ 600804.805540000088513, 8171188.847730000503361 ], [ 600804.805540000088513, 8171189.147730000317097 ], [ 600804.505540000041947, 8171189.147730000317097 ], [ 600804.505540000041947, 8171189.447730001062155 ], [ 600803.90554000006523, 8171189.447730001062155 ], [ 600803.90554000006523, 8171190.647730000317097 ], [ 600804.205540000111796, 8171190.647730000317097 ], [ 600804.205540000111796, 8171191.24773000087589 ], [ 600803.90554000006523, 8171191.24773000087589 ], [ 600803.90554000006523, 8171191.547730000689626 ], [ 600804.205540000111796, 8171191.547730000689626 ], [ 600804.205540000111796, 8171191.847730000503361 ], [ 600803.90554000006523, 8171191.847730000503361 ], [ 600803.90554000006523, 8171193.347730000503361 ], [ 600804.505540000041947, 8171193.347730000503361 ], [ 600804.505540000041947, 8171193.047730000689626 ], [ 600806.305540000088513, 8171193.047730000689626 ], [ 600806.305540000088513, 8171194.24773000087589 ], [ 600806.005540000041947, 8171194.24773000087589 ], [ 600806.005540000041947, 8171194.547730000689626 ], [ 600805.105540000135079, 8171194.547730000689626 ], [ 600805.105540000135079, 8171195.147730000317097 ], [ 600804.805540000088513, 8171195.147730000317097 ], [ 600804.805540000088513, 8171195.447730001062155 ], [ 600804.505540000041947, 8171195.447730001062155 ], [ 600804.505540000041947, 8171196.047730000689626 ], [ 600804.205540000111796, 8171196.047730000689626 ], [ 600804.205540000111796, 8171196.347730000503361 ], [ 600804.505540000041947, 8171196.347730000503361 ], [ 600804.505540000041947, 8171196.947730001062155 ], [ 600804.805540000088513, 8171196.947730001062155 ], [ 600804.805540000088513, 8171197.547730000689626 ], [ 600807.505540000041947, 8171197.547730000689626 ], [ 600807.505540000041947, 8171197.24773000087589 ], [ 600810.505540000041947, 8171197.24773000087589 ], [ 600810.505540000041947, 8171197.547730000689626 ], [ 600811.105540000135079, 8171197.547730000689626 ] ] } },
{ "type": "Feature", "properties": { "cut_id": "C029", "component": 42, "part_a": 67, "part_b": 69, "part_a_m2": 41.4, "part_b_m2": 1170.7, "baseline_polygon_id": 48, "confidence": "high", "contrast": 0.0921, "edge_support": 1.0, "boundary_m": 5.1, "mid_x": 600805.26, "mid_y": 8171186.15, "ortho_row": 4668, "ortho_col": 2648, "lon": -68.0552816, "lat": -16.5391736, "windows": "", "panel": "outputs/rgb_guided_reviewed/cut_panels/C029.png", "status": "accepted", "reason": "pink shed vs grey shed boundary (with C028 rejected the fragment rejoins the pink shed)", "reviewer": "project user", "review_date": "2026-10-04", "decision_source": "cut_review_proposals.csv reviewed by project user in Excel; decisions confirmed final 2026-10-04 (file unchanged from AI proposals)" }, "geometry": { "type": "LineString", "coordinates": [ [ 600803.005540000041947, 8171186.447730001062155 ], [ 600803.605540000135079, 8171186.447730001062155 ], [ 600803.605540000135079, 8171186.147730000317097 ], [ 600807.205540000111796, 8171186.147730000317097 ], [ 600807.205540000111796, 8171185.847730000503361 ], [ 600807.505540000041947, 8171185.847730000503361 ] ] } },
{ "type": "Feature", "properties": { "cut_id": "C030", "component": 42, "part_a": 68, "part_b": 69, "part_a_m2": 1527.2, "part_b_m2": 1170.7, "baseline_polygon_id": 48, "confidence": "medium", "contrast": 0.0471, "edge_support": 0.905, "boundary_m": 94.5, "mid_x": 600830.31, "mid_y": 8171190.8, "ortho_row": 4575, "ortho_col": 3150, "lon": -68.055047, "lat": -16.5391305, "windows": "V2_large_sheds (independent)", "panel": "outputs/rgb_guided_reviewed/cut_panels/C030.png", "status": "accepted", "reason": "long cut mostly following pink/rusty vs grey shed boundary", "reviewer": "project user", "review_date": "2026-10-04", "decision_source": "cut_review_proposals.csv reviewed by project user in Excel; decisions confirmed final 2026-10-04 (file unchanged from AI proposals)" }, "geometry": { "type": "LineString", "coordinates": [ [ 600807.505540000041947, 8171185.847730000503361 ], [ 600816.805540000088513, 8171185.847730000503361 ], [ 600816.805540000088513, 8171185.547730000689626 ], [ 600819.805540000088513, 8171185.547730000689626 ], [ 600819.805540000088513, 8171185.24773000087589 ], [ 600821.605540000135079, 8171185.24773000087589 ], [ 600821.605540000135079, 8171185.547730000689626 ], [ 600823.705540000111796, 8171185.547730000689626 ], [ 600823.705540000111796, 8171185.24773000087589 ], [ 600824.605540000135079, 8171185.24773000087589 ], [ 600824.605540000135079, 8171185.547730000689626 ], [ 600824.90554000006523, 8171185.547730000689626 ], [ 600824.90554000006523, 8171185.847730000503361 ], [ 600825.205540000111796, 8171185.847730000503361 ], [ 600825.205540000111796, 8171186.147730000317097 ], [ 600825.505540000041947, 8171186.147730000317097 ], [ 600825.505540000041947, 8171187.647730000317097 ], [ 600825.805540000088513, 8171187.647730000317097 ], [ 600825.805540000088513, 8171190.647730000317097 ], [ 600826.105540000135079, 8171190.647730000317097 ], [ 600826.105540000135079, 8171191.24773000087589 ], [ 600827.005540000041947, 8171191.24773000087589 ], [ 600827.005540000041947, 8171191.847730000503361 ], [ 600826.705540000111796, 8171191.847730000503361 ], [ 600826.705540000111796, 8171193.047730000689626 ], [ 600826.40554000006523, 8171193.047730000689626 ], [ 600826.40554000006523, 8171194.547730000689626 ], [ 600827.005540000041947, 8171194.547730000689626 ], [ 600827.005540000041947, 8171194.847730000503361 ], [ 600828.205540000111796, 8171194.847730000503361 ], [ 600828.205540000111796, 8171195.147730000317097 ], [ 600828.505540000041947, 8171195.147730000317097 ], [ 600828.505540000041947, 8171195.447730001062155 ], [ 600829.105540000135079, 8171195.447730001062155 ], [ 600829.105540000135079, 8171195.74773000087589 ], [ 600829.40554000006523, 8171195.74773000087589 ], [ 600829.40554000006523, 8171196.047730000689626 ], [ 600829.705540000111796, 8171196.047730000689626 ], [ 600829.705540000111796, 8171196.347730000503361 ], [ 600830.005540000041947, 8171196.347730000503361 ], [ 600830.005540000041947, 8171197.547730000689626 ], [ 600831.205540000111796, 8171197.547730000689626 ], [ 600831.205540000111796, 8171197.24773000087589 ], [ 600831.505540000041947, 8171197.24773000087589 ], [ 600831.505540000041947, 8171196.947730001062155 ], [ 600831.805540000088513, 8171196.947730001062155 ], [ 600831.805540000088513, 8171195.147730000317097 ], [ 600831.505540000041947, 8171195.147730000317097 ], [ 600831.505540000041947, 8171194.847730000503361 ], [ 600831.205540000111796, 8171194.847730000503361 ], [ 600831.205540000111796, 8171194.547730000689626 ], [ 600830.90554000006523, 8171194.547730000689626 ], [ 600830.90554000006523, 8171193.947730001062155 ], [ 600830.605540000135079, 8171193.947730001062155 ], [ 600830.605540000135079, 8171193.347730000503361 ], [ 600830.305540000088513, 8171193.347730000503361 ], [ 600830.305540000088513, 8171190.047730000689626 ], [ 600830.005540000041947, 8171190.047730000689626 ], [ 600830.005540000041947, 8171189.447730001062155 ], [ 600830.305540000088513, 8171189.447730001062155 ], [ 600830.305540000088513, 8171188.547730000689626 ], [ 600829.40554000006523, 8171188.547730000689626 ], [ 600829.40554000006523, 8171186.74773000087589 ], [ 600829.705540000111796, 8171186.74773000087589 ], [ 600829.705540000111796, 8171186.447730001062155 ], [ 600830.005540000041947, 8171186.447730001062155 ], [ 600830.005540000041947, 8171186.74773000087589 ], [ 600831.505540000041947, 8171186.74773000087589 ], [ 600831.505540000041947, 8171187.047730000689626 ], [ 600831.805540000088513, 8171187.047730000689626 ], [ 600831.805540000088513, 8171187.347730000503361 ], [ 600832.105540000135079, 8171187.347730000503361 ], [ 600832.105540000135079, 8171187.647730000317097 ], [ 600833.605540000135079, 8171187.647730000317097 ], [ 600833.605540000135079, 8171187.947730001062155 ], [ 600834.205540000111796, 8171187.947730001062155 ], [ 600834.205540000111796, 8171187.647730000317097 ], [ 600835.705540000111796, 8171187.647730000317097 ], [ 600835.705540000111796, 8171187.347730000503361 ], [ 600836.605540000135079, 8171187.347730000503361 ], [ 600836.605540000135079, 8171187.647730000317097 ], [ 600837.205540000111796, 8171187.647730000317097 ], [ 600837.205540000111796, 8171187.947730001062155 ], [ 600837.505540000041947, 8171187.947730001062155 ], [ 600837.505540000041947, 8171187.647730000317097 ], [ 600839.605540000135079, 8171187.647730000317097 ], [ 600839.605540000135079, 8171187.947730001062155 ], [ 600840.205540000111796, 8171187.947730001062155 ], [ 600840.205540000111796, 8171188.24773000087589 ], [ 600840.505540000041947, 8171188.24773000087589 ], [ 600840.505540000041947, 8171187.947730001062155 ], [ 600841.105540000135079, 8171187.947730001062155 ], [ 600841.105540000135079, 8171187.647730000317097 ], [ 600841.40554000006523, 8171187.647730000317097 ], [ 600841.40554000006523, 8171187.947730001062155 ], [ 600842.305540000088513, 8171187.947730001062155 ], [ 600842.305540000088513, 8171187.647730000317097 ], [ 600842.605540000135079, 8171187.647730000317097 ], [ 600842.605540000135079, 8171187.347730000503361 ], [ 600842.90554000006523, 8171187.347730000503361 ], [ 600842.90554000006523, 8171187.647730000317097 ], [ 600843.805540000088513, 8171187.647730000317097 ], [ 600843.805540000088513, 8171187.347730000503361 ], [ 600844.105540000135079, 8171187.347730000503361 ], [ 600844.105540000135079, 8171187.647730000317097 ], [ 600845.005540000041947, 8171187.647730000317097 ], [ 600845.005540000041947, 8171187.347730000503361 ], [ 600846.505540000041947, 8171187.347730000503361 ], [ 600846.505540000041947, 8171187.047730000689626 ], [ 600848.605540000135079, 8171187.047730000689626 ], [ 600848.605540000135079, 8171185.547730000689626 ], [ 600848.305540000088513, 8171185.547730000689626 ], [ 600848.305540000088513, 8171184.047730000689626 ], [ 600848.005540000041947, 8171184.047730000689626 ], [ 600848.005540000041947, 8171183.74773000087589 ], [ 600848.305540000088513, 8171183.74773000087589 ], [ 600848.305540000088513, 8171182.547730000689626 ], [ 600848.605540000135079, 8171182.547730000689626 ], [ 600848.605540000135079, 8171180.147730000317097 ], [ 600848.90554000006523, 8171180.147730000317097 ], [ 600848.90554000006523, 8171179.847730000503361 ], [ 600849.205540000111796, 8171179.847730000503361 ], [ 600849.205540000111796, 8171179.547730000689626 ], [ 600849.505540000041947, 8171179.547730000689626 ], [ 600849.505540000041947, 8171179.24773000087589 ], [ 600850.705540000111796, 8171179.24773000087589 ], [ 600850.705540000111796, 8171178.947730001062155 ], [ 600853.105540000135079, 8171178.947730001062155 ], [ 600853.105540000135079, 8171179.24773000087589 ], [ 600854.005540000041947, 8171179.24773000087589 ], [ 600854.005540000041947, 8171178.947730001062155 ], [ 600854.305540000088513, 8171178.947730001062155 ] ] } },
{ "type": "Feature", "properties": { "cut_id": "C031", "component": 43, "part_a": 70, "part_b": 71, "part_a_m2": 178.4, "part_b_m2": 79.6, "baseline_polygon_id": 31, "confidence": "high", "contrast": 0.1196, "edge_support": 0.843, "boundary_m": 21.0, "mid_x": 600679.41, "mid_y": 8171215.25, "ortho_row": 4085, "ortho_col": 131, "lon": -68.0564622, "lat": -16.5389159, "windows": "", "panel": "outputs/rgb_guided_reviewed/cut_panels/C031.png", "status": "rejected", "reason": "loops around rooftop structure on the orange tile roof", "reviewer": "project user", "review_date": "2026-10-04", "decision_source": "cut_review_proposals.csv reviewed by project user in Excel; decisions confirmed final 2026-10-04 (file unchanged from AI proposals)" }, "geometry": { "type": "LineString", "coordinates": [ [ 600684.805540000088513, 8171210.74773000087589 ], [ 600684.805540000088513, 8171211.347730000503361 ], [ 600684.505540000041947, 8171211.347730000503361 ], [ 600684.505540000041947, 8171211.647730000317097 ], [ 600684.205540000111796, 8171211.647730000317097 ], [ 600684.205540000111796, 8171212.847730000503361 ], [ 600683.605540000135079, 8171212.847730000503361 ], [ 600683.605540000135079, 8171213.147730000317097 ], [ 600683.305540000088513, 8171213.147730000317097 ], [ 600683.305540000088513, 8171214.347730000503361 ], [ 600682.105540000135079, 8171214.347730000503361 ], [ 600682.105540000135079, 8171214.047730000689626 ], [ 600680.005540000041947, 8171214.047730000689626 ], [ 600680.005540000041947, 8171214.647730000317097 ], [ 600679.705540000111796, 8171214.647730000317097 ], [ 600679.705540000111796, 8171215.24773000087589 ], [ 600679.40554000006523, 8171215.24773000087589 ], [ 600679.40554000006523, 8171216.74773000087589 ], [ 600679.705540000111796, 8171216.74773000087589 ], [ 600679.705540000111796, 8171217.047730000689626 ], [ 600680.005540000041947, 8171217.047730000689626 ], [ 600680.005540000041947, 8171217.347730000503361 ], [ 600682.40554000006523, 8171217.347730000503361 ], [ 600682.40554000006523, 8171217.647730000317097 ], [ 600683.305540000088513, 8171217.647730000317097 ], [ 600683.305540000088513, 8171217.947730001062155 ], [ 600686.005540000041947, 8171217.947730001062155 ], [ 600686.005540000041947, 8171217.647730000317097 ], [ 600686.305540000088513, 8171217.647730000317097 ], [ 600686.305540000088513, 8171217.347730000503361 ], [ 600686.605540000135079, 8171217.347730000503361 ] ] } },
{ "type": "Feature", "properties": { "cut_id": "C032", "component": 43, "part_a": 71, "part_b": 72, "part_a_m2": 79.6, "part_b_m2": 44.2, "baseline_polygon_id": 31, "confidence": "high", "contrast": 0.1749, "edge_support": 1.0, "boundary_m": 2.7, "mid_x": 600689.01, "mid_y": 8171204.45, "ortho_row": 4301, "ortho_col": 323, "lon": -68.0563717, "lat": -16.5390131, "windows": "", "panel": "outputs/rgb_guided_reviewed/cut_panels/C032.png", "status": "accepted", "reason": "grey roof vs pink roof; straight edge", "reviewer": "project user", "review_date": "2026-10-04", "decision_source": "cut_review_proposals.csv reviewed by project user in Excel; decisions confirmed final 2026-10-04 (file unchanged from AI proposals)" }, "geometry": { "type": "MultiLineString", "coordinates": [ [ [ 600686.90554000006523, 8171204.447730001062155 ], [ 600689.005540000041947, 8171204.447730001062155 ] ], [ [ 600689.305540000088513, 8171204.147730000317097 ], [ 600689.90554000006523, 8171204.147730000317097 ] ] ] } },
{ "type": "Feature", "properties": { "cut_id": "C033", "component": 48, "part_a": 77, "part_b": 78, "part_a_m2": 390.0, "part_b_m2": 21.1, "baseline_polygon_id": 30, "confidence": "medium", "contrast": 0.0422, "edge_support": 0.719, "boundary_m": 26.7, "mid_x": 600716.31, "mid_y": 8171206.55, "ortho_row": 4260, "ortho_col": 870, "lon": -68.056116, "lat": -16.5389929, "windows": "V1_dense_informal (independent)", "panel": "outputs/rgb_guided_reviewed/cut_panels/C033.png", "status": "rejected", "reason": "jagged cut through dense clutter; no visible boundary", "reviewer": "project user", "review_date": "2026-10-04", "decision_source": "cut_review_proposals.csv reviewed by project user in Excel; decisions confirmed final 2026-10-04 (file unchanged from AI proposals)" }, "geometry": { "type": "MultiLineString", "coordinates": [ [ [ 600713.90554000006523, 8171208.947730001062155 ], [ 600713.90554000006523, 8171209.24773000087589 ], [ 600714.505540000041947, 8171209.24773000087589 ], [ 600714.505540000041947, 8171209.547730000689626 ], [ 600714.805540000088513, 8171209.547730000689626 ], [ 600714.805540000088513, 8171209.847730000503361 ], [ 600716.305540000088513, 8171209.847730000503361 ], [ 600716.305540000088513, 8171210.447730001062155 ], [ 600716.605540000135079, 8171210.447730001062155 ], [ 600716.605540000135079, 8171212.24773000087589 ], [ 600716.90554000006523, 8171212.24773000087589 ], [ 600716.90554000006523, 8171212.547730000689626 ], [ 600717.205540000111796, 8171212.547730000689626 ], [ 600717.205540000111796, 8171212.847730000503361 ], [ 600717.505540000041947, 8171212.847730000503361 ], [ 600717.505540000041947, 8171213.147730000317097 ], [ 600718.105540000135079, 8171213.147730000317097 ], [ 600718.105540000135079, 8171212.847730000503361 ], [ 600718.40554000006523, 8171212.847730000503361 ], [ 600718.40554000006523, 8171212.547730000689626 ], [ 600718.705540000111796, 8171212.547730000689626 ], [ 600718.705540000111796, 8171211.947730001062155 ] ], [ [ 600718.705540000111796, 8171208.947730001062155 ], [ 600718.705540000111796, 8171208.647730000317097 ], [ 600719.005540000041947, 8171208.647730000317097 ], [ 600719.005540000041947, 8171207.74773000087589 ], [ 600719.305540000088513, 8171207.74773000087589 ], [ 600719.305540000088513, 8171207.147730000317097 ], [ 600719.605540000135079, 8171207.147730000317097 ], [ 600719.605540000135079, 8171206.24773000087589 ], [ 600719.305540000088513, 8171206.24773000087589 ], [ 600719.305540000088513, 8171205.947730001062155 ], [ 600719.005540000041947, 8171205.947730001062155 ], [ 600719.005540000041947, 8171205.647730000317097 ], [ 600718.705540000111796, 8171205.647730000317097 ], [ 600718.705540000111796, 8171205.947730001062155 ], [ 600718.40554000006523, 8171205.947730001062155 ], [ 600718.40554000006523, 8171206.24773000087589 ], [ 600717.505540000041947, 8171206.24773000087589 ], [ 600717.505540000041947, 8171204.74773000087589 ], [ 600717.205540000111796, 8171204.74773000087589 ], [ 600717.205540000111796, 8171204.147730000317097 ], [ 600716.90554000006523, 8171204.147730000317097 ], [ 600716.90554000006523, 8171203.547730000689626 ], [ 600716.605540000135079, 8171203.547730000689626 ], [ 600716.605540000135079, 8171203.847730000503361 ], [ 600716.305540000088513, 8171203.847730000503361 ], [ 600716.305540000088513, 8171204.147730000317097 ], [ 600716.005540000041947, 8171204.147730000317097 ], [ 600716.005540000041947, 8171204.447730001062155 ], [ 600715.705540000111796, 8171204.447730001062155 ], [ 600715.705540000111796, 8171204.74773000087589 ], [ 600716.005540000041947, 8171204.74773000087589 ], [ 600716.005540000041947, 8171205.347730000503361 ], [ 600716.305540000088513, 8171205.347730000503361 ], [ 600716.305540000088513, 8171206.547730000689626 ], [ 600714.805540000088513, 8171206.547730000689626 ] ] ] } },
{ "type": "Feature", "properties": { "cut_id": "C034", "component": 51, "part_a": 81, "part_b": 82, "part_a_m2": 40.4, "part_b_m2": 35.6, "baseline_polygon_id": 33, "confidence": "high", "contrast": 0.1351, "edge_support": 1.0, "boundary_m": 9.6, "mid_x": 600970.71, "mid_y": 8171207.75, "ortho_row": 4235, "ortho_col": 5958, "lon": -68.0537321, "lat": -16.5389713, "windows": "", "panel": "outputs/rgb_guided_reviewed/cut_panels/C034.png", "status": "accepted", "reason": "brown roof vs red roof; straight edge", "reviewer": "project user", "review_date": "2026-10-04", "decision_source": "cut_review_proposals.csv reviewed by project user in Excel; decisions confirmed final 2026-10-04 (file unchanged from AI proposals)" }, "geometry": { "type": "LineString", "coordinates": [ [ 600968.305540000088513, 8171210.147730000317097 ], [ 600968.605540000135079, 8171210.147730000317097 ], [ 600968.605540000135079, 8171209.847730000503361 ], [ 600968.90554000006523, 8171209.847730000503361 ], [ 600968.90554000006523, 8171209.547730000689626 ], [ 600969.205540000111796, 8171209.547730000689626 ], [ 600969.205540000111796, 8171209.24773000087589 ], [ 600969.505540000041947, 8171209.24773000087589 ], [ 600969.505540000041947, 8171208.947730001062155 ], [ 600969.805540000088513, 8171208.947730001062155 ], [ 600969.805540000088513, 8171208.647730000317097 ], [ 600970.105540000135079, 8171208.647730000317097 ], [ 600970.105540000135079, 8171208.047730000689626 ], [ 600970.40554000006523, 8171208.047730000689626 ], [ 600970.40554000006523, 8171207.74773000087589 ], [ 600970.705540000111796, 8171207.74773000087589 ], [ 600970.705540000111796, 8171206.847730000503361 ], [ 600971.005540000041947, 8171206.847730000503361 ], [ 600971.005540000041947, 8171206.547730000689626 ], [ 600971.305540000088513, 8171206.547730000689626 ], [ 600971.305540000088513, 8171206.24773000087589 ], [ 600971.605540000135079, 8171206.24773000087589 ], [ 600971.605540000135079, 8171205.947730001062155 ], [ 600971.90554000006523, 8171205.947730001062155 ], [ 600971.90554000006523, 8171205.347730000503361 ], [ 600972.205540000111796, 8171205.347730000503361 ], [ 600972.205540000111796, 8171205.047730000689626 ], [ 600972.505540000041947, 8171205.047730000689626 ], [ 600972.505540000041947, 8171204.74773000087589 ] ] } },
{ "type": "Feature", "properties": { "cut_id": "C035", "component": 51, "part_a": 81, "part_b": 83, "part_a_m2": 40.4, "part_b_m2": 25.6, "baseline_polygon_id": 33, "confidence": "high", "contrast": 0.2791, "edge_support": 1.0, "boundary_m": 2.4, "mid_x": 600978.51, "mid_y": 8171209.25, "ortho_row": 4205, "ortho_col": 6113, "lon": -68.0536591, "lat": -16.5389574, "windows": "", "panel": "outputs/rgb_guided_reviewed/cut_panels/C035.png", "status": "accepted", "reason": "red roof vs neighbouring building rooftop terrace", "reviewer": "project user", "review_date": "2026-10-04", "decision_source": "cut_review_proposals.csv reviewed by project user in Excel; decisions confirmed final 2026-10-04 (file unchanged from AI proposals)" }, "geometry": { "type": "MultiLineString", "coordinates": [ [ [ 600977.005540000041947, 8171206.847730000503361 ], [ 600977.005540000041947, 8171207.447730001062155 ], [ 600977.305540000088513, 8171207.447730001062155 ], [ 600977.305540000088513, 8171207.74773000087589 ] ], [ [ 600978.205540000111796, 8171209.24773000087589 ], [ 600978.505540000041947, 8171209.24773000087589 ], [ 600978.505540000041947, 8171209.547730000689626 ], [ 600978.805540000088513, 8171209.547730000689626 ], [ 600978.805540000088513, 8171209.847730000503361 ] ] ] } },
{ "type": "Feature", "properties": { "cut_id": "C036", "component": 51, "part_a": 83, "part_b": 84, "part_a_m2": 25.6, "part_b_m2": 14.5, "baseline_polygon_id": 33, "confidence": "high", "contrast": 0.0936, "edge_support": 0.667, "boundary_m": 8.1, "mid_x": 600979.71, "mid_y": 8171200.7, "ortho_row": 4376, "ortho_col": 6138, "lon": -68.0536475, "lat": -16.5390346, "windows": "", "panel": "outputs/rgb_guided_reviewed/cut_panels/C036.png", "status": "rejected", "reason": "separates rooftop structure from roof of the same cyan building", "reviewer": "project user", "review_date": "2026-10-04", "decision_source": "cut_review_proposals.csv reviewed by project user in Excel; decisions confirmed final 2026-10-04 (file unchanged from AI proposals)" }, "geometry": { "type": "LineString", "coordinates": [ [ 600977.305540000088513, 8171201.147730000317097 ], [ 600977.90554000006523, 8171201.147730000317097 ], [ 600977.90554000006523, 8171201.447730001062155 ], [ 600978.205540000111796, 8171201.447730001062155 ], [ 600978.205540000111796, 8171201.74773000087589 ], [ 600978.505540000041947, 8171201.74773000087589 ], [ 600978.505540000041947, 8171201.447730001062155 ], [ 600979.705540000111796, 8171201.447730001062155 ], [ 600979.705540000111796, 8171199.947730001062155 ], [ 600979.40554000006523, 8171199.947730001062155 ], [ 600979.40554000006523, 8171199.647730000317097 ], [ 600980.005540000041947, 8171199.647730000317097 ], [ 600980.005540000041947, 8171199.347730000503361 ], [ 600980.90554000006523, 8171199.347730000503361 ], [ 600980.90554000006523, 8171199.647730000317097 ], [ 600981.505540000041947, 8171199.647730000317097 ] ] } },
{ "type": "Feature", "properties": { "cut_id": "C037", "component": 56, "part_a": 89, "part_b": 90, "part_a_m2": 78.7, "part_b_m2": 50.1, "baseline_polygon_id": 35, "confidence": "high", "contrast": 0.0839, "edge_support": 1.0, "boundary_m": 22.5, "mid_x": 600940.41, "mid_y": 8171192.3, "ortho_row": 4545, "ortho_col": 5351, "lon": -68.0540154, "lat": -16.5391122, "windows": "V3_residential (independent)", "panel": "outputs/rgb_guided_reviewed/cut_panels/C037.png", "status": "uncertain", "reason": "flat white roof vs pitched purple roof with long shared edge; could be one house", "reviewer": "project user", "review_date": "2026-10-04", "decision_source": "cut_review_proposals.csv reviewed by project user in Excel; decisions confirmed final 2026-10-04 (file unchanged from AI proposals)" }, "geometry": { "type": "LineString", "coordinates": [ [ 600940.105540000135079, 8171181.947730001062155 ], [ 600940.105540000135079, 8171182.547730000689626 ], [ 600939.805540000088513, 8171182.547730000689626 ], [ 600939.805540000088513, 8171185.547730000689626 ], [ 600940.105540000135079, 8171185.547730000689626 ], [ 600940.105540000135079, 8171189.147730000317097 ], [ 600940.40554000006523, 8171189.147730000317097 ], [ 600940.40554000006523, 8171192.74773000087589 ], [ 600940.705540000111796, 8171192.74773000087589 ], [ 600940.705540000111796, 8171193.047730000689626 ], [ 600940.40554000006523, 8171193.047730000689626 ], [ 600940.40554000006523, 8171193.947730001062155 ], [ 600940.705540000111796, 8171193.947730001062155 ], [ 600940.705540000111796, 8171194.24773000087589 ], [ 600941.305540000088513, 8171194.24773000087589 ], [ 600941.305540000088513, 8171194.547730000689626 ], [ 600941.90554000006523, 8171194.547730000689626 ], [ 600941.90554000006523, 8171195.147730000317097 ], [ 600942.205540000111796, 8171195.147730000317097 ], [ 600942.205540000111796, 8171196.047730000689626 ], [ 600942.505540000041947, 8171196.047730000689626 ], [ 600942.505540000041947, 8171196.347730000503361 ], [ 600942.805540000088513, 8171196.347730000503361 ], [ 600942.805540000088513, 8171196.047730000689626 ], [ 600944.005540000041947, 8171196.047730000689626 ], [ 600944.005540000041947, 8171195.74773000087589 ], [ 600944.305540000088513, 8171195.74773000087589 ], [ 600944.305540000088513, 8171195.447730001062155 ], [ 600944.605540000135079, 8171195.447730001062155 ], [ 600944.605540000135079, 8171193.947730001062155 ] ] } },
{ "type": "Feature", "properties": { "cut_id": "C038", "component": 58, "part_a": 92, "part_b": 93, "part_a_m2": 12.2, "part_b_m2": 160.7, "baseline_polygon_id": 38, "confidence": "medium", "contrast": 0.0401, "edge_support": 0.611, "boundary_m": 10.8, "mid_x": 600767.91, "mid_y": 8171194.85, "ortho_row": 4494, "ortho_col": 1901, "lon": -68.055632, "lat": -16.5390965, "windows": "", "panel": "outputs/rgb_guided_reviewed/cut_panels/C038.png", "status": "rejected", "reason": "splits part of the same brown roof along a tree edge", "reviewer": "project user", "review_date": "2026-10-04", "decision_source": "cut_review_proposals.csv reviewed by project user in Excel; decisions confirmed final 2026-10-04 (file unchanged from AI proposals)" }, "geometry": { "type": "LineString", "coordinates": [ [ 600766.705540000111796, 8171198.447730001062155 ], [ 600766.705540000111796, 8171197.24773000087589 ], [ 600766.40554000006523, 8171197.24773000087589 ], [ 600766.40554000006523, 8171196.947730001062155 ], [ 600766.705540000111796, 8171196.947730001062155 ], [ 600766.705540000111796, 8171196.647730000317097 ], [ 600767.305540000088513, 8171196.647730000317097 ], [ 600767.305540000088513, 8171196.347730000503361 ], [ 600767.605540000135079, 8171196.347730000503361 ], [ 600767.605540000135079, 8171196.047730000689626 ], [ 600767.90554000006523, 8171196.047730000689626 ], [ 600767.90554000006523, 8171194.24773000087589 ], [ 600768.805540000088513, 8171194.24773000087589 ], [ 600768.805540000088513, 8171193.647730000317097 ], [ 600769.40554000006523, 8171193.647730000317097 ], [ 600769.40554000006523, 8171191.847730000503361 ], [ 600770.305540000088513, 8171191.847730000503361 ] ] } },
{ "type": "Feature", "properties": { "cut_id": "C039", "component": 60, "part_a": 95, "part_b": 96, "part_a_m2": 90.9, "part_b_m2": 41.5, "baseline_polygon_id": 40, "confidence": "high", "contrast": 0.0806, "edge_support": 1.0, "boundary_m": 20.4, "mid_x": 600689.31, "mid_y": 8171188.25, "ortho_row": 4625, "ortho_col": 330, "lon": -68.0563682, "lat": -16.5391595, "windows": "", "panel": "outputs/rgb_guided_reviewed/cut_panels/C039.png", "status": "uncertain", "reason": "white-sheet block inside rusty roof complex; separate roof or re-roofed sheets", "reviewer": "project user", "review_date": "2026-10-04", "decision_source": "cut_review_proposals.csv reviewed by project user in Excel; decisions confirmed final 2026-10-04 (file unchanged from AI proposals)" }, "geometry": { "type": "LineString", "coordinates": [ [ 600693.505540000041947, 8171183.447730001062155 ], [ 600693.505540000041947, 8171183.74773000087589 ], [ 600690.805540000088513, 8171183.74773000087589 ], [ 600690.805540000088513, 8171183.447730001062155 ], [ 600690.205540000111796, 8171183.447730001062155 ], [ 600690.205540000111796, 8171183.74773000087589 ], [ 600689.605540000135079, 8171183.74773000087589 ], [ 600689.605540000135079, 8171185.847730000503361 ], [ 600689.305540000088513, 8171185.847730000503361 ], [ 600689.305540000088513, 8171186.74773000087589 ], [ 600689.605540000135079, 8171186.74773000087589 ], [ 600689.605540000135079, 8171187.047730000689626 ], [ 600689.305540000088513, 8171187.047730000689626 ], [ 600689.305540000088513, 8171188.24773000087589 ], [ 600689.605540000135079, 8171188.24773000087589 ], [ 600689.605540000135079, 8171189.447730001062155 ], [ 600689.305540000088513, 8171189.447730001062155 ], [ 600689.305540000088513, 8171189.74773000087589 ], [ 600689.605540000135079, 8171189.74773000087589 ], [ 600689.605540000135079, 8171190.347730000503361 ], [ 600689.90554000006523, 8171190.347730000503361 ], [ 600689.90554000006523, 8171190.947730001062155 ], [ 600693.205540000111796, 8171190.947730001062155 ], [ 600693.205540000111796, 8171190.647730000317097 ], [ 600694.705540000111796, 8171190.647730000317097 ], [ 600694.705540000111796, 8171190.947730001062155 ], [ 600695.005540000041947, 8171190.947730001062155 ], [ 600695.005540000041947, 8171191.24773000087589 ], [ 600695.305540000088513, 8171191.24773000087589 ] ] } },
{ "type": "Feature", "properties": { "cut_id": "C040", "component": 60, "part_a": 95, "part_b": 97, "part_a_m2": 90.9, "part_b_m2": 53.9, "baseline_polygon_id": 40, "confidence": "high", "contrast": 0.1003, "edge_support": 1.0, "boundary_m": 6.3, "mid_x": 600690.96, "mid_y": 8171182.25, "ortho_row": 4745, "ortho_col": 362, "lon": -68.0563525, "lat": -16.5392137, "windows": "", "panel": "outputs/rgb_guided_reviewed/cut_panels/C040.png", "status": "accepted", "reason": "rusty roof vs grey roof; clear edge", "reviewer": "project user", "review_date": "2026-10-04", "decision_source": "cut_review_proposals.csv reviewed by project user in Excel; decisions confirmed final 2026-10-04 (file unchanged from AI proposals)" }, "geometry": { "type": "LineString", "coordinates": [ [ 600688.105540000135079, 8171182.547730000689626 ], [ 600689.305540000088513, 8171182.547730000689626 ], [ 600689.305540000088513, 8171182.24773000087589 ], [ 600691.105540000135079, 8171182.24773000087589 ], [ 600691.105540000135079, 8171182.547730000689626 ], [ 600691.705540000111796, 8171182.547730000689626 ], [ 600691.705540000111796, 8171182.24773000087589 ], [ 600693.505540000041947, 8171182.24773000087589 ] ] } },
{ "type": "Feature", "properties": { "cut_id": "C041", "component": 61, "part_a": 98, "part_b": 99, "part_a_m2": 90.9, "part_b_m2": 18.6, "baseline_polygon_id": 37, "confidence": "medium", "contrast": 0.0453, "edge_support": 1.0, "boundary_m": 5.7, "mid_x": 600918.21, "mid_y": 8171183.3, "ortho_row": 4725, "ortho_col": 4908, "lon": -68.054223, "lat": -16.5391945, "windows": "V3_residential (independent)", "panel": "outputs/rgb_guided_reviewed/cut_panels/C041.png", "status": "accepted", "reason": "follows real west edge of long grey roof (detached part is yard clutter / WHU false positive)", "reviewer": "project user", "review_date": "2026-10-04", "decision_source": "cut_review_proposals.csv reviewed by project user in Excel; decisions confirmed final 2026-10-04 (file unchanged from AI proposals)" }, "geometry": { "type": "LineString", "coordinates": [ [ 600918.205540000111796, 8171186.147730000317097 ], [ 600918.205540000111796, 8171180.74773000087589 ], [ 600917.90554000006523, 8171180.74773000087589 ] ] } },
{ "type": "Feature", "properties": { "cut_id": "C042", "component": 62, "part_a": 100, "part_b": 101, "part_a_m2": 13.4, "part_b_m2": 433.6, "baseline_polygon_id": 47, "confidence": "medium", "contrast": 0.0476, "edge_support": 1.0, "boundary_m": 4.2, "mid_x": 600731.01, "mid_y": 8171182.55, "ortho_row": 4740, "ortho_col": 1163, "lon": -68.0559772, "lat": -16.5392092, "windows": "", "panel": "outputs/rgb_guided_reviewed/cut_panels/C042.png", "status": "uncertain", "reason": "small structure at shed edge; unclear at this scale", "reviewer": "project user", "review_date": "2026-10-04", "decision_source": "cut_review_proposals.csv reviewed by project user in Excel; decisions confirmed final 2026-10-04 (file unchanged from AI proposals)" }, "geometry": { "type": "LineString", "coordinates": [ [ 600730.40554000006523, 8171184.047730000689626 ], [ 600731.005540000041947, 8171184.047730000689626 ], [ 600731.005540000041947, 8171182.547730000689626 ], [ 600730.705540000111796, 8171182.547730000689626 ], [ 600730.705540000111796, 8171182.24773000087589 ], [ 600730.40554000006523, 8171182.24773000087589 ], [ 600730.40554000006523, 8171181.347730000503361 ], [ 600730.705540000111796, 8171181.347730000503361 ] ] } },
{ "type": "Feature", "properties": { "cut_id": "C043", "component": 66, "part_a": 105, "part_b": 106, "part_a_m2": 53.0, "part_b_m2": 25.0, "baseline_polygon_id": 39, "confidence": "medium", "contrast": 0.0422, "edge_support": 1.0, "boundary_m": 6.6, "mid_x": 600744.81, "mid_y": 8171180.75, "ortho_row": 4775, "ortho_col": 1439, "lon": -68.0558478, "lat": -16.5392249, "windows": "", "panel": "outputs/rgb_guided_reviewed/cut_panels/C043.png", "status": "accepted", "reason": "follows rusty roof edge (detached part is stacked timber / WHU false positive)", "reviewer": "project user", "review_date": "2026-10-04", "decision_source": "cut_review_proposals.csv reviewed by project user in Excel; decisions confirmed final 2026-10-04 (file unchanged from AI proposals)" }, "geometry": { "type": "LineString", "coordinates": [ [ 600743.005540000041947, 8171179.24773000087589 ], [ 600743.305540000088513, 8171179.24773000087589 ], [ 600743.305540000088513, 8171179.547730000689626 ], [ 600743.605540000135079, 8171179.547730000689626 ], [ 600743.605540000135079, 8171180.147730000317097 ], [ 600744.205540000111796, 8171180.147730000317097 ], [ 600744.205540000111796, 8171180.447730001062155 ], [ 600744.505540000041947, 8171180.447730001062155 ], [ 600744.505540000041947, 8171180.74773000087589 ], [ 600745.105540000135079, 8171180.74773000087589 ], [ 600745.105540000135079, 8171181.047730000689626 ], [ 600745.40554000006523, 8171181.047730000689626 ], [ 600745.40554000006523, 8171180.74773000087589 ], [ 600746.90554000006523, 8171180.74773000087589 ], [ 600746.90554000006523, 8171180.447730001062155 ], [ 600747.205540000111796, 8171180.447730001062155 ] ] } },
{ "type": "Feature", "properties": { "cut_id": "C044", "component": 89, "part_a": 129, "part_b": 130, "part_a_m2": 41.1, "part_b_m2": 10.2, "baseline_polygon_id": 52, "confidence": "medium", "contrast": 0.0491, "edge_support": 1.0, "boundary_m": 7.5, "mid_x": 600786.36, "mid_y": 8171143.55, "ortho_row": 5520, "ortho_col": 2270, "lon": -68.0554568, "lat": -16.5395594, "windows": "", "panel": "outputs/rgb_guided_reviewed/cut_panels/C044.png", "status": "accepted", "reason": "rusty roof west edge vs concrete courtyard (false positive)", "reviewer": "project user", "review_date": "2026-10-04", "decision_source": "cut_review_proposals.csv reviewed by project user in Excel; decisions confirmed final 2026-10-04 (file unchanged from AI proposals)" }, "geometry": { "type": "LineString", "coordinates": [ [ 600785.605540000135079, 8171146.24773000087589 ], [ 600785.90554000006523, 8171146.24773000087589 ], [ 600785.90554000006523, 8171145.947730001062155 ], [ 600786.205540000111796, 8171145.947730001062155 ], [ 600786.205540000111796, 8171144.74773000087589 ], [ 600786.505540000041947, 8171144.74773000087589 ], [ 600786.505540000041947, 8171143.547730000689626 ], [ 600786.205540000111796, 8171143.547730000689626 ], [ 600786.205540000111796, 8171142.347730000503361 ], [ 600786.805540000088513, 8171142.347730000503361 ], [ 600786.805540000088513, 8171142.047730000689626 ], [ 600787.105540000135079, 8171142.047730000689626 ], [ 600787.105540000135079, 8171141.74773000087589 ], [ 600787.40554000006523, 8171141.74773000087589 ], [ 600787.40554000006523, 8171141.147730000317097 ] ] } },
{ "type": "Feature", "properties": { "cut_id": "C045", "component": 90, "part_a": 131, "part_b": 132, "part_a_m2": 14.8, "part_b_m2": 58.9, "baseline_polygon_id": 65, "confidence": "high", "contrast": 0.122, "edge_support": 1.0, "boundary_m": 1.2, "mid_x": 600880.71, "mid_y": 8171145.05, "ortho_row": 5490, "ortho_col": 4158, "lon": -68.0545727, "lat": -16.5395418, "windows": "", "panel": "outputs/rgb_guided_reviewed/cut_panels/C045.png", "status": "accepted", "reason": "small white roof vs lumber yard", "reviewer": "project user", "review_date": "2026-10-04", "decision_source": "cut_review_proposals.csv reviewed by project user in Excel; decisions confirmed final 2026-10-04 (file unchanged from AI proposals)" }, "geometry": { "type": "LineString", "coordinates": [ [ 600880.105540000135079, 8171145.047730000689626 ], [ 600881.305540000088513, 8171145.047730000689626 ] ] } },
{ "type": "Feature", "properties": { "cut_id": "C046", "component": 90, "part_a": 131, "part_b": 134, "part_a_m2": 14.8, "part_b_m2": 138.5, "baseline_polygon_id": 65, "confidence": "medium", "contrast": 0.0425, "edge_support": 1.0, "boundary_m": 2.1, "mid_x": 600878.31, "mid_y": 8171147.45, "ortho_row": 5441, "ortho_col": 4110, "lon": -68.0545953, "lat": -16.5395203, "windows": "", "panel": "outputs/rgb_guided_reviewed/cut_panels/C046.png", "status": "accepted", "reason": "small white roof vs rusty roof complex at short junction", "reviewer": "project user", "review_date": "2026-10-04", "decision_source": "cut_review_proposals.csv reviewed by project user in Excel; decisions confirmed final 2026-10-04 (file unchanged from AI proposals)" }, "geometry": { "type": "MultiLineString", "coordinates": [ [ [ 600878.305540000088513, 8171146.547730000689626 ], [ 600878.305540000088513, 8171145.947730001062155 ] ], [ [ 600878.605540000135079, 8171148.047730000689626 ], [ 600878.605540000135079, 8171147.447730001062155 ], [ 600878.305540000088513, 8171147.447730001062155 ], [ 600878.305540000088513, 8171146.847730000503361 ] ] ] } },
{ "type": "Feature", "properties": { "cut_id": "C047", "component": 90, "part_a": 132, "part_b": 133, "part_a_m2": 58.9, "part_b_m2": 33.8, "baseline_polygon_id": 65, "confidence": "medium", "contrast": 0.0764, "edge_support": 1.0, "boundary_m": 10.5, "mid_x": 600886.56, "mid_y": 8171137.25, "ortho_row": 5645, "ortho_col": 4274, "lon": -68.0545176, "lat": -16.5396121, "windows": "", "panel": "outputs/rgb_guided_reviewed/cut_panels/C047.png", "status": "rejected", "reason": "runs through lumber and dirt; no building boundary", "reviewer": "project user", "review_date": "2026-10-04", "decision_source": "cut_review_proposals.csv reviewed by project user in Excel; decisions confirmed final 2026-10-04 (file unchanged from AI proposals)" }, "geometry": { "type": "LineString", "coordinates": [ [ 600881.605540000135079, 8171136.947730001062155 ], [ 600881.605540000135079, 8171137.24773000087589 ], [ 600887.005540000041947, 8171137.24773000087589 ], [ 600887.005540000041947, 8171136.947730001062155 ], [ 600887.305540000088513, 8171136.947730001062155 ], [ 600887.305540000088513, 8171137.24773000087589 ], [ 600887.605540000135079, 8171137.24773000087589 ], [ 600887.605540000135079, 8171137.847730000503361 ], [ 600887.90554000006523, 8171137.847730000503361 ], [ 600887.90554000006523, 8171140.547730000689626 ] ] } },
{ "type": "Feature", "properties": { "cut_id": "C048", "component": 90, "part_a": 132, "part_b": 134, "part_a_m2": 58.9, "part_b_m2": 138.5, "baseline_polygon_id": 65, "confidence": "medium", "contrast": 0.0795, "edge_support": 1.0, "boundary_m": 11.7, "mid_x": 600877.71, "mid_y": 8171140.1, "ortho_row": 5588, "ortho_col": 4098, "lon": -68.0546006, "lat": -16.5395867, "windows": "", "panel": "outputs/rgb_guided_reviewed/cut_panels/C048.png", "status": "accepted", "reason": "rusty roof east edge vs lumber yard", "reviewer": "project user", "review_date": "2026-10-04", "decision_source": "cut_review_proposals.csv reviewed by project user in Excel; decisions confirmed final 2026-10-04 (file unchanged from AI proposals)" }, "geometry": { "type": "LineString", "coordinates": [ [ 600878.90554000006523, 8171144.74773000087589 ], [ 600878.90554000006523, 8171144.447730001062155 ], [ 600878.605540000135079, 8171144.447730001062155 ], [ 600878.605540000135079, 8171143.547730000689626 ], [ 600878.305540000088513, 8171143.547730000689626 ], [ 600878.305540000088513, 8171142.347730000503361 ], [ 600878.005540000041947, 8171142.347730000503361 ], [ 600878.005540000041947, 8171141.74773000087589 ], [ 600877.705540000111796, 8171141.74773000087589 ], [ 600877.705540000111796, 8171137.847730000503361 ], [ 600878.005540000041947, 8171137.847730000503361 ], [ 600878.005540000041947, 8171137.547730000689626 ], [ 600878.305540000088513, 8171137.547730000689626 ], [ 600878.305540000088513, 8171137.24773000087589 ], [ 600880.40554000006523, 8171137.24773000087589 ], [ 600880.40554000006523, 8171136.947730001062155 ] ] } },
{ "type": "Feature", "properties": { "cut_id": "C049", "component": 90, "part_a": 133, "part_b": 135, "part_a_m2": 33.8, "part_b_m2": 115.9, "baseline_polygon_id": 65, "confidence": "medium", "contrast": 0.0459, "edge_support": 1.0, "boundary_m": 8.1, "mid_x": 600888.06, "mid_y": 8171133.95, "ortho_row": 5711, "ortho_col": 4305, "lon": -68.0545034, "lat": -16.5396419, "windows": "", "panel": "outputs/rgb_guided_reviewed/cut_panels/C049.png", "status": "accepted", "reason": "grey roof north edge", "reviewer": "project user", "review_date": "2026-10-04", "decision_source": "cut_review_proposals.csv reviewed by project user in Excel; decisions confirmed final 2026-10-04 (file unchanged from AI proposals)" }, "geometry": { "type": "LineString", "coordinates": [ [ 600884.605540000135079, 8171133.947730001062155 ], [ 600885.805540000088513, 8171133.947730001062155 ], [ 600885.805540000088513, 8171134.24773000087589 ], [ 600886.40554000006523, 8171134.24773000087589 ], [ 600886.40554000006523, 8171133.947730001062155 ], [ 600888.505540000041947, 8171133.947730001062155 ], [ 600888.505540000041947, 8171133.647730000317097 ], [ 600889.40554000006523, 8171133.647730000317097 ], [ 600889.40554000006523, 8171133.047730000689626 ], [ 600889.705540000111796, 8171133.047730000689626 ], [ 600889.705540000111796, 8171131.547730000689626 ] ] } },
{ "type": "Feature", "properties": { "cut_id": "C050", "component": 90, "part_a": 135, "part_b": 136, "part_a_m2": 115.9, "part_b_m2": 22.7, "baseline_polygon_id": 65, "confidence": "medium", "contrast": 0.0434, "edge_support": 0.692, "boundary_m": 11.7, "mid_x": 600878.61, "mid_y": 8171125.4, "ortho_row": 5883, "ortho_col": 4116, "lon": -68.0545916, "lat": -16.5397195, "windows": "", "panel": "outputs/rgb_guided_reviewed/cut_panels/C050.png", "status": "uncertain", "reason": "curved cut between big grey roof and small cluttered roof; boundary unclear", "reviewer": "project user", "review_date": "2026-10-04", "decision_source": "cut_review_proposals.csv reviewed by project user in Excel; decisions confirmed final 2026-10-04 (file unchanged from AI proposals)" }, "geometry": { "type": "LineString", "coordinates": [ [ 600874.705540000111796, 8171126.74773000087589 ], [ 600875.005540000041947, 8171126.74773000087589 ], [ 600875.005540000041947, 8171125.847730000503361 ], [ 600875.305540000088513, 8171125.847730000503361 ], [ 600875.305540000088513, 8171125.547730000689626 ], [ 600878.005540000041947, 8171125.547730000689626 ], [ 600878.005540000041947, 8171125.847730000503361 ], [ 600878.305540000088513, 8171125.847730000503361 ], [ 600878.305540000088513, 8171125.547730000689626 ], [ 600878.605540000135079, 8171125.547730000689626 ], [ 600878.605540000135079, 8171125.24773000087589 ], [ 600879.205540000111796, 8171125.24773000087589 ], [ 600879.205540000111796, 8171124.647730000317097 ], [ 600879.505540000041947, 8171124.647730000317097 ], [ 600879.505540000041947, 8171124.347730000503361 ], [ 600879.205540000111796, 8171124.347730000503361 ], [ 600879.205540000111796, 8171123.147730000317097 ], [ 600879.505540000041947, 8171123.147730000317097 ], [ 600879.505540000041947, 8171122.24773000087589 ], [ 600879.805540000088513, 8171122.24773000087589 ], [ 600879.805540000088513, 8171121.347730000503361 ] ] } },
{ "type": "Feature", "properties": { "cut_id": "C051", "component": 90, "part_a": 136, "part_b": 137, "part_a_m2": 22.7, "part_b_m2": 63.2, "baseline_polygon_id": 65, "confidence": "high", "contrast": 0.1441, "edge_support": 1.0, "boundary_m": 3.6, "mid_x": 600877.41, "mid_y": 8171121.65, "ortho_row": 5958, "ortho_col": 4091, "lon": -68.0546026, "lat": -16.5397535, "windows": "", "panel": "outputs/rgb_guided_reviewed/cut_panels/C051.png", "status": "accepted", "reason": "pink roof top edge vs different roof", "reviewer": "project user", "review_date": "2026-10-04", "decision_source": "cut_review_proposals.csv reviewed by project user in Excel; decisions confirmed final 2026-10-04 (file unchanged from AI proposals)" }, "geometry": { "type": "LineString", "coordinates": [ [ 600875.90554000006523, 8171121.347730000503361 ], [ 600876.805540000088513, 8171121.347730000503361 ], [ 600876.805540000088513, 8171121.647730000317097 ], [ 600878.005540000041947, 8171121.647730000317097 ], [ 600878.005540000041947, 8171121.347730000503361 ], [ 600878.605540000135079, 8171121.347730000503361 ], [ 600878.605540000135079, 8171121.047730000689626 ] ] } },
{ "type": "Feature", "properties": { "cut_id": "C052", "component": 91, "part_a": 138, "part_b": 139, "part_a_m2": 78.7, "part_b_m2": 337.6, "baseline_polygon_id": 71, "confidence": "high", "contrast": 0.1107, "edge_support": 1.0, "boundary_m": 5.1, "mid_x": 600816.06, "mid_y": 8171142.95, "ortho_row": 5531, "ortho_col": 2865, "lon": -68.0551785, "lat": -16.5395636, "windows": "W1_dense_informal (design)", "panel": "outputs/rgb_guided_reviewed/cut_panels/C052.png", "status": "accepted", "reason": "orange roof vs grey roof below", "reviewer": "project user", "review_date": "2026-10-04", "decision_source": "cut_review_proposals.csv reviewed by project user in Excel; decisions confirmed final 2026-10-04 (file unchanged from AI proposals)" }, "geometry": { "type": "LineString", "coordinates": [ [ 600813.505540000041947, 8171142.947730001062155 ], [ 600818.005540000041947, 8171142.947730001062155 ], [ 600818.005540000041947, 8171142.647730000317097 ], [ 600818.305540000088513, 8171142.647730000317097 ] ] } },
{ "type": "Feature", "properties": { "cut_id": "C053", "component": 91, "part_a": 139, "part_b": 140, "part_a_m2": 337.6, "part_b_m2": 128.5, "baseline_polygon_id": 71, "confidence": "medium", "contrast": 0.0693, "edge_support": 1.0, "boundary_m": 16.8, "mid_x": 600822.51, "mid_y": 8171109.35, "ortho_row": 6204, "ortho_col": 2994, "lon": -68.0551166, "lat": -16.539867, "windows": "", "panel": "outputs/rgb_guided_reviewed/cut_panels/C053.png", "status": "accepted", "reason": "purple roof edge vs grey roof chain", "reviewer": "project user", "review_date": "2026-10-04", "decision_source": "cut_review_proposals.csv reviewed by project user in Excel; decisions confirmed final 2026-10-04 (file unchanged from AI proposals)" }, "geometry": { "type": "LineString", "coordinates": [ [ 600815.305540000088513, 8171108.74773000087589 ], [ 600815.90554000006523, 8171108.74773000087589 ], [ 600815.90554000006523, 8171109.347730000503361 ], [ 600816.205540000111796, 8171109.347730000503361 ], [ 600816.205540000111796, 8171109.047730000689626 ], [ 600816.505540000041947, 8171109.047730000689626 ], [ 600816.505540000041947, 8171109.347730000503361 ], [ 600822.805540000088513, 8171109.347730000503361 ], [ 600822.805540000088513, 8171109.047730000689626 ], [ 600823.40554000006523, 8171109.047730000689626 ], [ 600823.40554000006523, 8171108.74773000087589 ], [ 600824.005540000041947, 8171108.74773000087589 ], [ 600824.005540000041947, 8171108.447730001062155 ], [ 600824.305540000088513, 8171108.447730001062155 ], [ 600824.305540000088513, 8171108.147730000317097 ], [ 600826.705540000111796, 8171108.147730000317097 ], [ 600826.705540000111796, 8171107.547730000689626 ], [ 600827.005540000041947, 8171107.547730000689626 ], [ 600827.005540000041947, 8171107.24773000087589 ], [ 600827.305540000088513, 8171107.24773000087589 ], [ 600827.305540000088513, 8171106.947730001062155 ], [ 600827.605540000135079, 8171106.947730001062155 ], [ 600827.605540000135079, 8171106.647730000317097 ], [ 600828.205540000111796, 8171106.647730000317097 ] ] } },
{ "type": "Feature", "properties": { "cut_id": "C054", "component": 91, "part_a": 140, "part_b": 141, "part_a_m2": 128.5, "part_b_m2": 25.5, "baseline_polygon_id": 71, "confidence": "medium", "contrast": 0.0529, "edge_support": 1.0, "boundary_m": 15.9, "mid_x": 600823.11, "mid_y": 8171099.6, "ortho_row": 6399, "ortho_col": 3006, "lon": -68.0551105, "lat": -16.5399551, "windows": "", "panel": "outputs/rgb_guided_reviewed/cut_panels/C054.png", "status": "rejected", "reason": "loops through bottom of purple and rusty roofs", "reviewer": "project user", "review_date": "2026-10-04", "decision_source": "cut_review_proposals.csv reviewed by project user in Excel; decisions confirmed final 2026-10-04 (file unchanged from AI proposals)" }, "geometry": { "type": "LineString", "coordinates": [ [ 600820.105540000135079, 8171097.947730001062155 ], [ 600820.105540000135079, 8171098.547730000689626 ], [ 600819.805540000088513, 8171098.547730000689626 ], [ 600819.805540000088513, 8171099.447730001062155 ], [ 600820.105540000135079, 8171099.447730001062155 ], [ 600820.105540000135079, 8171100.047730000689626 ], [ 600820.40554000006523, 8171100.047730000689626 ], [ 600820.40554000006523, 8171100.347730000503361 ], [ 600820.705540000111796, 8171100.347730000503361 ], [ 600820.705540000111796, 8171100.647730000317097 ], [ 600821.305540000088513, 8171100.647730000317097 ], [ 600821.305540000088513, 8171100.947730001062155 ], [ 600821.90554000006523, 8171100.947730001062155 ], [ 600821.90554000006523, 8171100.647730000317097 ], [ 600822.805540000088513, 8171100.647730000317097 ], [ 600822.805540000088513, 8171099.74773000087589 ], [ 600823.105540000135079, 8171099.74773000087589 ], [ 600823.105540000135079, 8171099.147730000317097 ], [ 600823.705540000111796, 8171099.147730000317097 ], [ 600823.705540000111796, 8171098.847730000503361 ], [ 600827.005540000041947, 8171098.847730000503361 ], [ 600827.005540000041947, 8171099.147730000317097 ], [ 600827.305540000088513, 8171099.147730000317097 ], [ 600827.305540000088513, 8171099.447730001062155 ], [ 600827.605540000135079, 8171099.447730001062155 ], [ 600827.605540000135079, 8171101.24773000087589 ], [ 600827.90554000006523, 8171101.24773000087589 ] ] } },
{ "type": "Feature", "properties": { "cut_id": "C055", "component": 91, "part_a": 141, "part_b": 143, "part_a_m2": 25.5, "part_b_m2": 62.5, "baseline_polygon_id": 71, "confidence": "high", "contrast": 0.1878, "edge_support": 1.0, "boundary_m": 4.2, "mid_x": 600824.91, "mid_y": 8171096.75, "ortho_row": 6455, "ortho_col": 3042, "lon": -68.0550935, "lat": -16.5399808, "windows": "", "panel": "outputs/rgb_guided_reviewed/cut_panels/C055.png", "status": "accepted", "reason": "orange roof top edge vs mauve/rusty roofs", "reviewer": "project user", "review_date": "2026-10-04", "decision_source": "cut_review_proposals.csv reviewed by project user in Excel; decisions confirmed final 2026-10-04 (file unchanged from AI proposals)" }, "geometry": { "type": "LineString", "coordinates": [ [ 600823.105540000135079, 8171097.047730000689626 ], [ 600823.40554000006523, 8171097.047730000689626 ], [ 600823.40554000006523, 8171096.74773000087589 ], [ 600825.205540000111796, 8171096.74773000087589 ], [ 600825.205540000111796, 8171096.447730001062155 ], [ 600826.105540000135079, 8171096.447730001062155 ], [ 600826.105540000135079, 8171096.147730000317097 ], [ 600826.40554000006523, 8171096.147730000317097 ] ] } },
{ "type": "Feature", "properties": { "cut_id": "C056", "component": 91, "part_a": 142, "part_b": 143, "part_a_m2": 20.7, "part_b_m2": 62.5, "baseline_polygon_id": 71, "confidence": "high", "contrast": 0.1289, "edge_support": 1.0, "boundary_m": 6.6, "mid_x": 600821.31, "mid_y": 8171094.05, "ortho_row": 6510, "ortho_col": 2970, "lon": -68.0551271, "lat": -16.5400053, "windows": "", "panel": "outputs/rgb_guided_reviewed/cut_panels/C056.png", "status": "accepted", "reason": "straight edge between orange roof and rusty roof beside it", "reviewer": "project user", "review_date": "2026-10-04", "decision_source": "cut_review_proposals.csv reviewed by project user in Excel; decisions confirmed final 2026-10-04 (file unchanged from AI proposals)" }, "geometry": { "type": "LineString", "coordinates": [ [ 600820.40554000006523, 8171091.647730000317097 ], [ 600820.705540000111796, 8171091.647730000317097 ], [ 600820.705540000111796, 8171092.24773000087589 ], [ 600821.005540000041947, 8171092.24773000087589 ], [ 600821.005540000041947, 8171093.74773000087589 ], [ 600821.305540000088513, 8171093.74773000087589 ], [ 600821.305540000088513, 8171096.74773000087589 ], [ 600821.605540000135079, 8171096.74773000087589 ], [ 600821.605540000135079, 8171097.047730000689626 ] ] } },
{ "type": "Feature", "properties": { "cut_id": "C057", "component": 94, "part_a": 146, "part_b": 147, "part_a_m2": 59.7, "part_b_m2": 64.8, "baseline_polygon_id": 61, "confidence": "medium", "contrast": 0.0562, "edge_support": 1.0, "boundary_m": 9.6, "mid_x": 600853.41, "mid_y": 8171142.95, "ortho_row": 5531, "ortho_col": 3611, "lon": -68.0548285, "lat": -16.539562, "windows": "", "panel": "outputs/rgb_guided_reviewed/cut_panels/C057.png", "status": "uncertain", "reason": "grey roof vs brick-coloured terrace area; may be the same building", "reviewer": "project user", "review_date": "2026-10-04", "decision_source": "cut_review_proposals.csv reviewed by project user in Excel; decisions confirmed final 2026-10-04 (file unchanged from AI proposals)" }, "geometry": { "type": "LineString", "coordinates": [ [ 600852.805540000088513, 8171146.547730000689626 ], [ 600852.805540000088513, 8171145.947730001062155 ], [ 600853.105540000135079, 8171145.947730001062155 ], [ 600853.105540000135079, 8171145.047730000689626 ], [ 600852.805540000088513, 8171145.047730000689626 ], [ 600852.805540000088513, 8171144.74773000087589 ], [ 600853.105540000135079, 8171144.74773000087589 ], [ 600853.105540000135079, 8171143.547730000689626 ], [ 600853.40554000006523, 8171143.547730000689626 ], [ 600853.40554000006523, 8171142.347730000503361 ], [ 600853.705540000111796, 8171142.347730000503361 ], [ 600853.705540000111796, 8171138.447730001062155 ] ] } },
{ "type": "Feature", "properties": { "cut_id": "C058", "component": 96, "part_a": 149, "part_b": 150, "part_a_m2": 49.1, "part_b_m2": 11.2, "baseline_polygon_id": 58, "confidence": "medium", "contrast": 0.0663, "edge_support": 1.0, "boundary_m": 8.1, "mid_x": 600746.31, "mid_y": 8171135.9, "ortho_row": 5673, "ortho_col": 1470, "lon": -68.0558318, "lat": -16.5396303, "windows": "", "panel": "outputs/rgb_guided_reviewed/cut_panels/C058.png", "status": "uncertain", "reason": "narrow rusty strip beside grey roof; possibly an attached lean-to", "reviewer": "project user", "review_date": "2026-10-04", "decision_source": "cut_review_proposals.csv reviewed by project user in Excel; decisions confirmed final 2026-10-04 (file unchanged from AI proposals)" }, "geometry": { "type": "LineString", "coordinates": [ [ 600747.205540000111796, 8171133.347730000503361 ], [ 600747.205540000111796, 8171133.647730000317097 ], [ 600746.90554000006523, 8171133.647730000317097 ], [ 600746.90554000006523, 8171134.24773000087589 ], [ 600746.305540000088513, 8171134.24773000087589 ], [ 600746.305540000088513, 8171134.547730000689626 ], [ 600746.005540000041947, 8171134.547730000689626 ], [ 600746.005540000041947, 8171135.74773000087589 ], [ 600746.305540000088513, 8171135.74773000087589 ], [ 600746.305540000088513, 8171137.547730000689626 ], [ 600746.605540000135079, 8171137.547730000689626 ], [ 600746.605540000135079, 8171139.647730000317097 ] ] } },
{ "type": "Feature", "properties": { "cut_id": "C059", "component": 103, "part_a": 157, "part_b": 158, "part_a_m2": 55.7, "part_b_m2": 64.2, "baseline_polygon_id": 62, "confidence": "medium", "contrast": 0.0501, "edge_support": 1.0, "boundary_m": 5.4, "mid_x": 600758.91, "mid_y": 8171126.45, "ortho_row": 5861, "ortho_col": 1722, "lon": -68.0557133, "lat": -16.5397151, "windows": "", "panel": "outputs/rgb_guided_reviewed/cut_panels/C059.png", "status": "accepted", "reason": "pink roof vs rusty roof; straight edge", "reviewer": "project user", "review_date": "2026-10-04", "decision_source": "cut_review_proposals.csv reviewed by project user in Excel; decisions confirmed final 2026-10-04 (file unchanged from AI proposals)" }, "geometry": { "type": "LineString", "coordinates": [ [ 600756.505540000041947, 8171126.74773000087589 ], [ 600756.505540000041947, 8171126.447730001062155 ], [ 600761.005540000041947, 8171126.447730001062155 ], [ 600761.005540000041947, 8171125.847730000503361 ] ] } },
{ "type": "Feature", "properties": { "cut_id": "C060", "component": 106, "part_a": 161, "part_b": 162, "part_a_m2": 55.8, "part_b_m2": 43.8, "baseline_polygon_id": 63, "confidence": "medium", "contrast": 0.0434, "edge_support": 1.0, "boundary_m": 27.0, "mid_x": 600851.31, "mid_y": 8171118.65, "ortho_row": 6018, "ortho_col": 3569, "lon": -68.0548471, "lat": -16.5397817, "windows": "", "panel": "outputs/rgb_guided_reviewed/cut_panels/C060.png", "status": "rejected", "reason": "jagged cut through patterned roofs and a terrace", "reviewer": "project user", "review_date": "2026-10-04", "decision_source": "cut_review_proposals.csv reviewed by project user in Excel; decisions confirmed final 2026-10-04 (file unchanged from AI proposals)" }, "geometry": { "type": "LineString", "coordinates": [ [ 600852.805540000088513, 8171125.847730000503361 ], [ 600852.505540000041947, 8171125.847730000503361 ], [ 600852.505540000041947, 8171126.147730000317097 ], [ 600851.90554000006523, 8171126.147730000317097 ], [ 600851.90554000006523, 8171126.447730001062155 ], [ 600851.305540000088513, 8171126.447730001062155 ], [ 600851.305540000088513, 8171126.147730000317097 ], [ 600851.005540000041947, 8171126.147730000317097 ], [ 600851.005540000041947, 8171124.947730001062155 ], [ 600850.705540000111796, 8171124.947730001062155 ], [ 600850.705540000111796, 8171124.347730000503361 ], [ 600850.40554000006523, 8171124.347730000503361 ], [ 600850.40554000006523, 8171123.74773000087589 ], [ 600850.105540000135079, 8171123.74773000087589 ], [ 600850.105540000135079, 8171123.447730001062155 ], [ 600849.805540000088513, 8171123.447730001062155 ], [ 600849.805540000088513, 8171122.847730000503361 ], [ 600850.105540000135079, 8171122.847730000503361 ], [ 600850.105540000135079, 8171122.547730000689626 ], [ 600850.40554000006523, 8171122.547730000689626 ], [ 600850.40554000006523, 8171121.947730001062155 ], [ 600850.705540000111796, 8171121.947730001062155 ], [ 600850.705540000111796, 8171120.447730001062155 ], [ 600850.40554000006523, 8171120.447730001062155 ], [ 600850.40554000006523, 8171119.547730000689626 ], [ 600850.705540000111796, 8171119.547730000689626 ], [ 600850.705540000111796, 8171118.947730001062155 ], [ 600851.005540000041947, 8171118.947730001062155 ], [ 600851.005540000041947, 8171118.647730000317097 ], [ 600851.305540000088513, 8171118.647730000317097 ], [ 600851.305540000088513, 8171118.947730001062155 ], [ 600851.605540000135079, 8171118.947730001062155 ], [ 600851.605540000135079, 8171119.547730000689626 ], [ 600851.90554000006523, 8171119.547730000689626 ], [ 600851.90554000006523, 8171120.74773000087589 ], [ 600852.505540000041947, 8171120.74773000087589 ], [ 600852.505540000041947, 8171121.047730000689626 ], [ 600853.105540000135079, 8171121.047730000689626 ], [ 600853.105540000135079, 8171120.74773000087589 ], [ 600853.40554000006523, 8171120.74773000087589 ], [ 600853.40554000006523, 8171121.047730000689626 ], [ 600853.705540000111796, 8171121.047730000689626 ], [ 600853.705540000111796, 8171120.74773000087589 ], [ 600854.005540000041947, 8171120.74773000087589 ], [ 600854.005540000041947, 8171120.447730001062155 ], [ 600854.305540000088513, 8171120.447730001062155 ], [ 600854.305540000088513, 8171120.147730000317097 ], [ 600854.605540000135079, 8171120.147730000317097 ], [ 600854.605540000135079, 8171119.24773000087589 ], [ 600854.90554000006523, 8171119.24773000087589 ], [ 600854.90554000006523, 8171118.947730001062155 ], [ 600855.505540000041947, 8171118.947730001062155 ], [ 600855.505540000041947, 8171119.24773000087589 ], [ 600855.805540000088513, 8171119.24773000087589 ], [ 600855.805540000088513, 8171119.847730000503361 ], [ 600856.105540000135079, 8171119.847730000503361 ], [ 600856.105540000135079, 8171120.447730001062155 ], [ 600858.205540000111796, 8171120.447730001062155 ] ] } },
{ "type": "Feature", "properties": { "cut_id": "C061", "component": 108, "part_a": 164, "part_b": 165, "part_a_m2": 25.4, "part_b_m2": 12.8, "baseline_polygon_id": 66, "confidence": "medium", "contrast": 0.0489, "edge_support": 1.0, "boundary_m": 7.5, "mid_x": 600864.66, "mid_y": 8171115.65, "ortho_row": 6078, "ortho_col": 3837, "lon": -68.0547219, "lat": -16.5398083, "windows": "", "panel": "outputs/rgb_guided_reviewed/cut_panels/C061.png", "status": "rejected", "reason": "cut sits inside the grey roof above the actual grey/green roof edge", "reviewer": "project user", "review_date": "2026-10-04", "decision_source": "cut_review_proposals.csv reviewed by project user in Excel; decisions confirmed final 2026-10-04 (file unchanged from AI proposals)" }, "geometry": { "type": "LineString", "coordinates": [ [ 600861.505540000041947, 8171115.647730000317097 ], [ 600862.105540000135079, 8171115.647730000317097 ], [ 600862.105540000135079, 8171115.347730000503361 ], [ 600864.505540000041947, 8171115.347730000503361 ], [ 600864.505540000041947, 8171115.647730000317097 ], [ 600864.805540000088513, 8171115.647730000317097 ], [ 600864.805540000088513, 8171115.947730001062155 ], [ 600865.40554000006523, 8171115.947730001062155 ], [ 600865.40554000006523, 8171115.047730000689626 ], [ 600865.705540000111796, 8171115.047730000689626 ], [ 600865.705540000111796, 8171113.547730000689626 ] ] } },
{ "type": "Feature", "properties": { "cut_id": "C062", "component": 114, "part_a": 171, "part_b": 172, "part_a_m2": 26.3, "part_b_m2": 127.6, "baseline_polygon_id": 69, "confidence": "high", "contrast": 0.2177, "edge_support": 1.0, "boundary_m": 6.3, "mid_x": 600786.51, "mid_y": 8171106.65, "ortho_row": 6258, "ortho_col": 2273, "lon": -68.0554538, "lat": -16.5398929, "windows": "", "panel": "outputs/rgb_guided_reviewed/cut_panels/C062.png", "status": "accepted", "reason": "follows pink roof lower edge vs grey roof", "reviewer": "project user", "review_date": "2026-10-04", "decision_source": "cut_review_proposals.csv reviewed by project user in Excel; decisions confirmed final 2026-10-04 (file unchanged from AI proposals)" }, "geometry": { "type": "GeometryCollection", "geometries": [ { "type": "LineString", "coordinates": [ [ 600784.40554000006523, 8171107.847730000503361 ], [ 600784.40554000006523, 8171107.547730000689626 ] ] }, { "type": "LineString", "coordinates": [ [ 600784.40554000006523, 8171107.547730000689626 ], [ 600784.705540000111796, 8171107.547730000689626 ] ] }, { "type": "LineString", "coordinates": [ [ 600784.705540000111796, 8171107.547730000689626 ], [ 600784.705540000111796, 8171107.24773000087589 ] ] }, { "type": "LineString", "coordinates": [ [ 600784.705540000111796, 8171107.24773000087589 ], [ 600785.005540000041947, 8171107.24773000087589 ] ] }, { "type": "LineString", "coordinates": [ [ 600785.005540000041947, 8171107.24773000087589 ], [ 600785.005540000041947, 8171106.947730001062155 ] ] }, { "type": "LineString", "coordinates": [ [ 600785.005540000041947, 8171106.947730001062155 ], [ 600785.305540000088513, 8171106.947730001062155 ] ] }, { "type": "LineString", "coordinates": [ [ 600785.305540000088513, 8171106.947730001062155 ], [ 600785.305540000088513, 8171106.647730000317097 ] ] }, { "type": "LineString", "coordinates": [ [ 600785.305540000088513, 8171106.647730000317097 ], [ 600786.505540000041947, 8171106.647730000317097 ] ] }, { "type": "LineString", "coordinates": [ [ 600786.505540000041947, 8171106.647730000317097 ], [ 600786.505540000041947, 8171106.347730000503361 ] ] }, { "type": "LineString", "coordinates": [ [ 600786.505540000041947, 8171106.347730000503361 ], [ 600787.705540000111796, 8171106.347730000503361 ] ] }, { "type": "LineString", "coordinates": [ [ 600787.705540000111796, 8171106.347730000503361 ], [ 600787.705540000111796, 8171106.047730000689626 ] ] }, { "type": "LineString", "coordinates": [ [ 600787.705540000111796, 8171106.047730000689626 ], [ 600788.90554000006523, 8171106.047730000689626 ] ] }, { "type": "Point", "coordinates": [ 600783.805540000088513, 8171109.647730000317097 ] } ] } }
]
}
