{
"type": "FeatureCollection",
"name": "buildings_wgs84",
"crs": { "type": "name", "properties": { "name": "urn:ogc:def:crs:OGC:1.3:CRS84" } },
"features": [
{ "type": "Feature", "properties": { "id": 1, "instance": 1, "mean_prob": 0.901, "area_m2": 11.1, "rgb_split": true, "needs_review": true, "split_confidence": "medium" }, "geometry": { "type": "Polygon", "coordinates": [ [ [ -68.054690044683127, -16.537392019236158 ], [ -68.054690031479822, -16.537394730851172 ], [ -68.054692842692063, -16.537394743586695 ], [ -68.054692789878956, -16.53740559004671 ], [ -68.054695601091353, -16.537405602782197 ], [ -68.054695587888119, -16.537408314397215 ], [ -68.054701210313013, -16.53740833986808 ], [ -68.054701223516176, -16.537405628253062 ], [ -68.054709657153438, -16.53740566645908 ], [ -68.054709643950375, -16.537408378074105 ], [ -68.054712455162843, -16.537408390809368 ], [ -68.054712428756815, -16.5374138140394 ], [ -68.054718051181908, -16.537413839509821 ], [ -68.054718037978958, -16.537416551124853 ], [ -68.054698359490942, -16.537416461977681 ], [ -68.054695521871849, -16.537421872472233 ], [ -68.05468146580867, -16.537421808794342 ], [ -68.054681399791377, -16.537435366869293 ], [ -68.05467012853282, -16.537440739156207 ], [ -68.054670141736452, -16.537438027541228 ], [ -68.054664519310748, -16.537438002069479 ], [ -68.054664585329249, -16.537424443994599 ], [ -68.054667396541902, -16.537424456730481 ], [ -68.054667422949208, -16.537419033500516 ], [ -68.054673058577933, -16.537416347357176 ], [ -68.05467309818863, -16.537408212512219 ], [ -68.054678720613481, -16.537408237983694 ], [ -68.054678733816971, -16.537405526368694 ], [ -68.054684369445155, -16.537402840225017 ], [ -68.054684422258717, -16.537391993765013 ], [ -68.054690044683127, -16.537392019236158 ] ] ] } },
{ "type": "Feature", "properties": { "id": 2, "instance": 2, "mean_prob": 0.874, "area_m2": 19.2, "rgb_split": true, "needs_review": true, "split_confidence": "medium" }, "geometry": { "type": "Polygon", "coordinates": [ [ [ -68.054757474169691, -16.537400459723276 ], [ -68.054757460967309, -16.537403171338337 ], [ -68.05476307018985, -16.537405908422592 ], [ -68.054763030582933, -16.53741404326777 ], [ -68.054765841795529, -16.537414056002316 ], [ -68.054765815390979, -16.537419479232433 ], [ -68.054768626603646, -16.537419491966954 ], [ -68.054768547390196, -16.537435761657306 ], [ -68.054771358603091, -16.537435774391795 ], [ -68.054771318996458, -16.53744390923697 ], [ -68.054774130209481, -16.53744392197143 ], [ -68.054774103805116, -16.537449345201548 ], [ -68.054776915018209, -16.537449357935973 ], [ -68.054776888613915, -16.53745478116609 ], [ -68.054774077400751, -16.537454768431662 ], [ -68.054773998187557, -16.537471038121982 ], [ -68.054779607412272, -16.537473775205882 ], [ -68.054779594210146, -16.537476486820946 ], [ -68.054771160569658, -16.537476448617593 ], [ -68.05476837576073, -16.537471012652976 ], [ -68.054762753333904, -16.537470987183827 ], [ -68.054762766536257, -16.537468275568784 ], [ -68.054759955322893, -16.537468262834153 ], [ -68.054759968525289, -16.537465551219103 ], [ -68.054754359301114, -16.537462814134699 ], [ -68.054754425313433, -16.537449256059499 ], [ -68.054748802887275, -16.537449230589999 ], [ -68.054748895304968, -16.537430249284718 ], [ -68.054746084092159, -16.53743023654993 ], [ -68.054746150104933, -16.537416678474724 ], [ -68.054743338892322, -16.537416665739904 ], [ -68.054743352094903, -16.537413954124862 ], [ -68.054737729669768, -16.537413928655116 ], [ -68.054737716467116, -16.537416640270155 ], [ -68.054732107244646, -16.537413903185222 ], [ -68.05473209404191, -16.537416614800261 ], [ -68.054729282829328, -16.53741660206525 ], [ -68.054729322437652, -16.53740846722016 ], [ -68.054732133650134, -16.537408479955161 ], [ -68.054732160055593, -16.537403056725086 ], [ -68.054734971268005, -16.537403069460044 ], [ -68.054734984470684, -16.537400357845002 ], [ -68.05474341810779, -16.537400396049641 ], [ -68.054743404905224, -16.537403107664687 ], [ -68.054751838542458, -16.537403145868986 ], [ -68.054751851744925, -16.537400434253943 ], [ -68.054757474169691, -16.537400459723276 ] ] ] } },
{ "type": "Feature", "properties": { "id": 3, "instance": 3, "mean_prob": 0.972, "area_m2": 105.4, "rgb_split": true, "needs_review": true, "split_confidence": "medium" }, "geometry": { "type": "Polygon", "coordinates": [ [ [ -68.054684422258717, -16.537391993765013 ], [ -68.054684369445155, -16.537402840225017 ], [ -68.054678733816971, -16.537405526368694 ], [ -68.054678720613481, -16.537408237983694 ], [ -68.05467309818863, -16.537408212512219 ], [ -68.054673058577933, -16.537416347357176 ], [ -68.054667422949208, -16.537419033500516 ], [ -68.054667396541902, -16.537424456730481 ], [ -68.054664585329249, -16.537424443994599 ], [ -68.054664519310748, -16.537438002069479 ], [ -68.054670141736452, -16.537438027541228 ], [ -68.05467012853282, -16.537440739156207 ], [ -68.054672939745728, -16.537440751892024 ], [ -68.054672952949318, -16.537438040277046 ], [ -68.054678575375036, -16.537438065748567 ], [ -68.05467858857854, -16.537435354133589 ], [ -68.054681399791377, -16.537435366869293 ], [ -68.05468146580867, -16.537421808794342 ], [ -68.054695521871849, -16.537421872472233 ], [ -68.054698359490942, -16.537416461977681 ], [ -68.054720849191554, -16.53741656386001 ], [ -68.054720862394447, -16.537413852244985 ], [ -68.054729296032093, -16.537413890450217 ], [ -68.054729282829328, -16.53741660206525 ], [ -68.05473209404191, -16.537416614800261 ], [ -68.054732107244646, -16.537413903185222 ], [ -68.054734918457214, -16.537413915920187 ], [ -68.05473490525452, -16.537416627535222 ], [ -68.054737716467116, -16.537416640270155 ], [ -68.054737676859105, -16.537424775115269 ], [ -68.05473204123092, -16.537427461260382 ], [ -68.05473202802817, -16.537430172875414 ], [ -68.054729216815375, -16.537430160140399 ], [ -68.054729190409788, -16.537435583370453 ], [ -68.054726379196907, -16.537435570635392 ], [ -68.054726365994071, -16.53743828225041 ], [ -68.054720730365361, -16.537440968395188 ], [ -68.054720703959504, -16.537446391625224 ], [ -68.054717892746481, -16.537446378890042 ], [ -68.054717879543503, -16.53744909050506 ], [ -68.054715068330466, -16.537449077769839 ], [ -68.054712230711303, -16.537454488264594 ], [ -68.054709419498181, -16.537454475529291 ], [ -68.054709393091983, -16.537459898759298 ], [ -68.05470658187879, -16.537459886023949 ], [ -68.054703744259228, -16.537465296518572 ], [ -68.054698121832672, -16.537465271047683 ], [ -68.054695284212812, -16.53747068154216 ], [ -68.054686850572764, -16.537470643335421 ], [ -68.054686824165927, -16.537476066565389 ], [ -68.054678390525666, -16.537476028358292 ], [ -68.054678377322134, -16.537478739973274 ], [ -68.054669943681787, -16.537478701765831 ], [ -68.054669930478127, -16.537481413380796 ], [ -68.054667119264636, -16.537481400644904 ], [ -68.054667079653498, -16.537489535489794 ], [ -68.054669890867117, -16.537489548225693 ], [ -68.054672675673444, -16.537494984191486 ], [ -68.054692354169291, -16.537495073341479 ], [ -68.054692327762552, -16.537500496571436 ], [ -68.054697936986813, -16.537503233657525 ], [ -68.05469785776701, -16.537519503347411 ], [ -68.054695046552965, -16.537519490611867 ], [ -68.054692208932124, -16.537524901106231 ], [ -68.054689397717993, -16.537524888370605 ], [ -68.054689371311127, -16.537530311600552 ], [ -68.054686560096926, -16.537530298864887 ], [ -68.05468653368996, -16.537535722094816 ], [ -68.054683722475673, -16.537535709359105 ], [ -68.054683709272169, -16.537538420974069 ], [ -68.05467807363992, -16.537541107117491 ], [ -68.054675209610991, -16.537551940841482 ], [ -68.054672398396477, -16.537551928105607 ], [ -68.054669560774499, -16.537557338599598 ], [ -68.054666749559914, -16.537557325863645 ], [ -68.054663911937709, -16.537562736357533 ], [ -68.054661100723052, -16.537562723621491 ], [ -68.054661087519193, -16.537565435236434 ], [ -68.054655451885864, -16.537568121379184 ], [ -68.054655465089809, -16.537565409764255 ], [ -68.054649842660453, -16.537565384291913 ], [ -68.054649921884504, -16.537549114602324 ], [ -68.054647110670047, -16.537549101866109 ], [ -68.054647203098284, -16.537530120561573 ], [ -68.054644391884111, -16.537530107825344 ], [ -68.054644457904402, -16.537516549750663 ], [ -68.054641646690442, -16.537516537014397 ], [ -68.054641686302688, -16.537508402169582 ], [ -68.054636077079152, -16.53750566508203 ], [ -68.054636103487468, -16.53750024185215 ], [ -68.054633292273735, -16.537500229115789 ], [ -68.054633411111382, -16.537475824581367 ], [ -68.05463622232476, -16.537475837317711 ], [ -68.054636275141263, -16.537464990857934 ], [ -68.054633463928056, -16.537464978121598 ], [ -68.054633516744673, -16.537454131661825 ], [ -68.054636327957738, -16.537454144398151 ], [ -68.054636446794646, -16.537429739863587 ], [ -68.054633635581936, -16.537429727127279 ], [ -68.054633741214886, -16.537408034207647 ], [ -68.054636552427283, -16.537408046943934 ], [ -68.054636578835414, -16.537402623714009 ], [ -68.054642214464039, -16.537399937571493 ], [ -68.054642227668026, -16.537397225956525 ], [ -68.054659094941513, -16.537397302372948 ], [ -68.054659108145273, -16.537394590757973 ], [ -68.054681597843086, -16.537394692644387 ], [ -68.054681611046519, -16.537391981029387 ], [ -68.054684422258717, -16.537391993765013 ] ] ] } },
{ "type": "Feature", "properties": { "id": 4, "instance": 5, "mean_prob": 0.935, "area_m2": 63.8, "rgb_split": true, "needs_review": true, "split_confidence": "medium" }, "geometry": { "type": "Polygon", "coordinates": [ [ [ -68.054770751298776, -16.53756050868374 ], [ -68.054770738096451, -16.537563220298761 ], [ -68.054773549311207, -16.537563233033318 ], [ -68.054773522906615, -16.537568656263371 ], [ -68.054776334121456, -16.537568668997899 ], [ -68.054776281312428, -16.537579515457999 ], [ -68.054779092527426, -16.537579528192495 ], [ -68.054779013314032, -16.537595797882648 ], [ -68.054781824529243, -16.53759581061712 ], [ -68.054781811327061, -16.537598522232152 ], [ -68.054779000111779, -16.537598509497677 ], [ -68.054778947302793, -16.537609355957755 ], [ -68.054773311669621, -16.537612042103699 ], [ -68.054773232455574, -16.537628311793778 ], [ -68.054776043671282, -16.537628324528345 ], [ -68.054776004064351, -16.53763645937337 ], [ -68.054767570416914, -16.537636421169523 ], [ -68.054767583619338, -16.53763370955452 ], [ -68.054756338756292, -16.537633658615537 ], [ -68.054756325553697, -16.537636370230523 ], [ -68.054747891906317, -16.537636332025883 ], [ -68.054747878703608, -16.537639043640873 ], [ -68.054736633840307, -16.537638992700803 ], [ -68.054736620637442, -16.537641704315785 ], [ -68.054722564558176, -16.537641640639841 ], [ -68.054722511745894, -16.537652487099702 ], [ -68.054719700529887, -16.537652474364393 ], [ -68.054719674123646, -16.537657897594308 ], [ -68.054716862907568, -16.537657884858955 ], [ -68.054716902517029, -16.537649750014076 ], [ -68.054714091301079, -16.537649737278691 ], [ -68.054714183723362, -16.537630755973968 ], [ -68.054708574495251, -16.53762801888816 ], [ -68.054708587698499, -16.537625307273199 ], [ -68.054702965267296, -16.537625281802203 ], [ -68.05470297847063, -16.537622570187242 ], [ -68.054700167255078, -16.537622557451691 ], [ -68.054700206865149, -16.537614422606829 ], [ -68.054703018080588, -16.53761443534237 ], [ -68.054703044487226, -16.537609012112448 ], [ -68.054705855702565, -16.537609024847953 ], [ -68.05470604054814, -16.53757106223842 ], [ -68.054703229333327, -16.537571049502951 ], [ -68.054703255739881, -16.537565626273004 ], [ -68.0547313678873, -16.53756575362598 ], [ -68.054731381090193, -16.537563042010984 ], [ -68.054748248378516, -16.537563118420941 ], [ -68.054748261581167, -16.537560406805937 ], [ -68.054770751298776, -16.53756050868374 ] ] ] } },
{ "type": "Feature", "properties": { "id": 5, "instance": 4, "mean_prob": 0.912, "area_m2": 28.9, "rgb_split": true, "needs_review": true, "split_confidence": "medium" }, "geometry": { "type": "Polygon", "coordinates": [ [ [ -68.054835158410341, -16.537612322255256 ], [ -68.054835092402968, -16.537625880330562 ], [ -68.054837903618676, -16.537625893064298 ], [ -68.054837877215775, -16.537631316294419 ], [ -68.054860380143325, -16.53762870654791 ], [ -68.054860393344455, -16.537625994932831 ], [ -68.054868826991665, -16.537626033132909 ], [ -68.054868813790648, -16.537628744747991 ], [ -68.054871625006427, -16.537628757481276 ], [ -68.054871479795565, -16.53765858524719 ], [ -68.054874291011785, -16.537658597980464 ], [ -68.054874211805981, -16.537674867670933 ], [ -68.054871400589533, -16.537674854937656 ], [ -68.054868536568833, -16.53768568866462 ], [ -68.05486291413564, -16.537685663197841 ], [ -68.054862900934495, -16.537688374812909 ], [ -68.054857278501217, -16.53768834934597 ], [ -68.054857265300001, -16.537691060961034 ], [ -68.054848831649991, -16.537691022760345 ], [ -68.054845994030543, -16.537696433256809 ], [ -68.054840371597066, -16.537696407789412 ], [ -68.054840398, -16.537690984559312 ], [ -68.05483758678335, -16.537690971825565 ], [ -68.054837652790823, -16.537677413750338 ], [ -68.054834841574376, -16.537677401016552 ], [ -68.054834933985006, -16.537658419711217 ], [ -68.054832122768829, -16.537658406977414 ], [ -68.054832228381159, -16.537636714056998 ], [ -68.05482941716528, -16.53763670132318 ], [ -68.054829535979323, -16.537612296787685 ], [ -68.054835158410341, -16.537612322255256 ] ] ] } },
{ "type": "Feature", "properties": { "id": 6, "instance": 6, "mean_prob": 0.95, "area_m2": 15.5, "rgb_split": true, "needs_review": true, "split_confidence": "medium" }, "geometry": { "type": "Polygon", "coordinates": [ [ [ -68.054736594231684, -16.537647127545736 ], [ -68.05473658102882, -16.537649839160707 ], [ -68.054742203460776, -16.537649864630836 ], [ -68.054742190257969, -16.537652576245826 ], [ -68.054745001473989, -16.537652588980833 ], [ -68.054744935460164, -16.537666147055731 ], [ -68.054742124243944, -16.537666134320709 ], [ -68.0547420978383, -16.537671557550659 ], [ -68.054739286622009, -16.537671544815598 ], [ -68.054739273419145, -16.537674256430567 ], [ -68.054733637783556, -16.537676942575292 ], [ -68.054733624580621, -16.537679654190264 ], [ -68.054730813364202, -16.537679641455078 ], [ -68.054730786958231, -16.537685064685 ], [ -68.054727975741756, -16.537685051949776 ], [ -68.054725138119139, -16.537690462444427 ], [ -68.054719515686031, -16.537690436973779 ], [ -68.054719476076571, -16.537698571818634 ], [ -68.054716664859896, -16.53769855908325 ], [ -68.054716651656705, -16.537701270698193 ], [ -68.054708218006596, -16.537701232491798 ], [ -68.054708231209901, -16.537698520876859 ], [ -68.054705419993255, -16.537698508141322 ], [ -68.054705565229995, -16.53766868037696 ], [ -68.054708376446229, -16.537668693112472 ], [ -68.054708402852796, -16.537663269882568 ], [ -68.054711214068945, -16.537663282618038 ], [ -68.054714051691491, -16.53765787212356 ], [ -68.054719674123646, -16.537657897594308 ], [ -68.054719700529887, -16.537652474364393 ], [ -68.054722511745894, -16.537652487099702 ], [ -68.054722524948957, -16.537649775484734 ], [ -68.054730958596878, -16.537649813690436 ], [ -68.054730971799827, -16.537647102075457 ], [ -68.054736594231684, -16.537647127545736 ] ] ] } },
{ "type": "Feature", "properties": { "id": 7, "instance": 7, "mean_prob": 0.982, "area_m2": 255.1, "rgb_split": true, "needs_review": true, "split_confidence": "medium" }, "geometry": { "type": "Polygon", "coordinates": [ [ [ -68.054743352094903, -16.537413954124862 ], [ -68.054743338892322, -16.537416665739904 ], [ -68.054746150104933, -16.537416678474724 ], [ -68.054746084092159, -16.53743023654993 ], [ -68.054748895304968, -16.537430249284718 ], [ -68.054748802887275, -16.537449230589999 ], [ -68.054754425313433, -16.537449256059499 ], [ -68.054754359301114, -16.537462814134699 ], [ -68.054759968525289, -16.537465551219103 ], [ -68.054759955322893, -16.537468262834153 ], [ -68.054762766536257, -16.537468275568784 ], [ -68.054762753333904, -16.537470987183827 ], [ -68.05476837576073, -16.537471012652976 ], [ -68.054771160569658, -16.537476448617593 ], [ -68.054779594210146, -16.537476486820946 ], [ -68.054779581008006, -16.537479198435999 ], [ -68.054782392221554, -16.537479211170375 ], [ -68.054782339413165, -16.537490057630592 ], [ -68.05478515062687, -16.537490070364935 ], [ -68.054785045010277, -16.537511763285355 ], [ -68.054787856224294, -16.537511776019684 ], [ -68.05478772420372, -16.537538892170165 ], [ -68.054790535418135, -16.537538904904476 ], [ -68.054790416599758, -16.537563309439868 ], [ -68.054787605385002, -16.537563296705535 ], [ -68.054787578980807, -16.537568719935614 ], [ -68.054784767765966, -16.537568707201242 ], [ -68.054784741361686, -16.537574130431313 ], [ -68.054787552576613, -16.537574143165685 ], [ -68.054787526172404, -16.537579566395756 ], [ -68.054790337387416, -16.537579579130099 ], [ -68.054790231770795, -16.537601272050367 ], [ -68.054801476632079, -16.537601322987431 ], [ -68.05480148983402, -16.537598611372395 ], [ -68.054807112264584, -16.537598636840698 ], [ -68.054807099062742, -16.537601348455738 ], [ -68.054815532708744, -16.537601386657908 ], [ -68.054815545910472, -16.537598675042869 ], [ -68.054826790771713, -16.537598725978558 ], [ -68.054826777570128, -16.537601437593619 ], [ -68.054832386799333, -16.5376041746763 ], [ -68.054832347194818, -16.537612309521485 ], [ -68.054829535979323, -16.537612296787685 ], [ -68.05482941716528, -16.53763670132318 ], [ -68.054832228381159, -16.537636714056998 ], [ -68.054832122768829, -16.537658406977414 ], [ -68.054834933985006, -16.537658419711217 ], [ -68.054834841574376, -16.537677401016552 ], [ -68.054837652790823, -16.537677413750338 ], [ -68.05483758678335, -16.537690971825565 ], [ -68.054840398, -16.537690984559312 ], [ -68.054840358395609, -16.537699119404454 ], [ -68.054834735962061, -16.537699093936897 ], [ -68.054834722760518, -16.537701805551936 ], [ -68.054820666676505, -16.537701741882369 ], [ -68.054820653474749, -16.537704453497401 ], [ -68.054798163740145, -16.537704351624118 ], [ -68.054798150538076, -16.537707063239132 ], [ -68.054747548635063, -16.537706834015335 ], [ -68.054747561837843, -16.537704122400363 ], [ -68.054741939404309, -16.537704096930295 ], [ -68.054741926201444, -16.537706808545273 ], [ -68.054736303767854, -16.537706783075052 ], [ -68.054733466145095, -16.537712193569799 ], [ -68.054725032494488, -16.537712155364058 ], [ -68.054725019291396, -16.537714866979009 ], [ -68.05472220807448, -16.537714854243685 ], [ -68.054722221277615, -16.537712142628738 ], [ -68.054710976410163, -16.537712091687069 ], [ -68.05471098961344, -16.53770938007213 ], [ -68.054708178396638, -16.537709367336618 ], [ -68.054708218006596, -16.537701232491798 ], [ -68.054716651656705, -16.537701270698193 ], [ -68.054716664859896, -16.53769855908325 ], [ -68.054719476076571, -16.537698571818634 ], [ -68.054719515686031, -16.537690436973779 ], [ -68.054725138119139, -16.537690462444427 ], [ -68.054727975741756, -16.537685051949776 ], [ -68.054730786958231, -16.537685064685 ], [ -68.054730813364202, -16.537679641455078 ], [ -68.054733624580621, -16.537679654190264 ], [ -68.054733637783556, -16.537676942575292 ], [ -68.054736448999918, -16.537676955310435 ], [ -68.054736462202811, -16.537674243695463 ], [ -68.0547420978383, -16.537671557550659 ], [ -68.054742124243944, -16.537666134320709 ], [ -68.054744935460164, -16.537666147055731 ], [ -68.054745001473989, -16.537652588980833 ], [ -68.054742190257969, -16.537652576245826 ], [ -68.054742203460776, -16.537649864630836 ], [ -68.05473658102882, -16.537649839160707 ], [ -68.054736594231684, -16.537647127545736 ], [ -68.054730971799827, -16.537647102075457 ], [ -68.054730958596878, -16.537649813690436 ], [ -68.054722524948957, -16.537649775484734 ], [ -68.054722564558176, -16.537641640639841 ], [ -68.054736620637442, -16.537641704315785 ], [ -68.054736633840307, -16.537638992700803 ], [ -68.054747878703608, -16.537639043640873 ], [ -68.054747891906317, -16.537636332025883 ], [ -68.054756325553697, -16.537636370230523 ], [ -68.054756338756292, -16.537633658615537 ], [ -68.054767583619338, -16.53763370955452 ], [ -68.054767570416914, -16.537636421169523 ], [ -68.054776004064351, -16.53763645937337 ], [ -68.054776043671282, -16.537628324528345 ], [ -68.054773232455574, -16.537628311793778 ], [ -68.054773311669621, -16.537612042103699 ], [ -68.054778947302793, -16.537609355957755 ], [ -68.054779000111779, -16.537598509497677 ], [ -68.054781811327061, -16.537598522232152 ], [ -68.054781824529243, -16.53759581061712 ], [ -68.054779013314032, -16.537595797882648 ], [ -68.054779092527426, -16.537579528192495 ], [ -68.054776281312428, -16.537579515457999 ], [ -68.054776334121456, -16.537568668997899 ], [ -68.054773522906615, -16.537568656263371 ], [ -68.054773549311207, -16.537563233033318 ], [ -68.054770738096451, -16.537563220298761 ], [ -68.054770751298776, -16.53756050868374 ], [ -68.054748261581167, -16.537560406805937 ], [ -68.054748248378516, -16.537563118420941 ], [ -68.054731381090193, -16.537563042010984 ], [ -68.0547313678873, -16.53756575362598 ], [ -68.054703255739881, -16.537565626273004 ], [ -68.054703229333327, -16.537571049502951 ], [ -68.054697606903716, -16.537571024031887 ], [ -68.054697593700354, -16.537573735646852 ], [ -68.054689160055844, -16.537573697439978 ], [ -68.054689146852368, -16.537576409054932 ], [ -68.054666657133438, -16.537576307168234 ], [ -68.05466664392965, -16.537579018783177 ], [ -68.054655399070086, -16.537578967838915 ], [ -68.05465541227403, -16.537576256223979 ], [ -68.054649803048378, -16.5375735191367 ], [ -68.054649842660453, -16.537565384291913 ], [ -68.054655465089809, -16.537565409764255 ], [ -68.054655451885864, -16.537568121379184 ], [ -68.054658263100592, -16.537568134115297 ], [ -68.054658276304508, -16.537565422500361 ], [ -68.054663911937709, -16.537562736357533 ], [ -68.054666749559914, -16.537557325863645 ], [ -68.054669560774499, -16.537557338599598 ], [ -68.054669573978231, -16.537554626984644 ], [ -68.054675209610991, -16.537551940841482 ], [ -68.054675236018284, -16.537546517611574 ], [ -68.054678047232713, -16.537546530347409 ], [ -68.05467807363992, -16.537541107117491 ], [ -68.054680884854278, -16.537541119853277 ], [ -68.054680898057839, -16.537538408238319 ], [ -68.05468653368996, -16.537535722094816 ], [ -68.054689397717993, -16.537524888370605 ], [ -68.054692208932124, -16.537524901106231 ], [ -68.054695046552965, -16.537519490611867 ], [ -68.05469785776701, -16.537519503347411 ], [ -68.054697936986813, -16.537503233657525 ], [ -68.054692327762552, -16.537500496571436 ], [ -68.054692354169291, -16.537495073341479 ], [ -68.054672675673444, -16.537494984191486 ], [ -68.054669890867117, -16.537489548225693 ], [ -68.054667079653498, -16.537489535489794 ], [ -68.054667119264636, -16.537481400644904 ], [ -68.054669930478127, -16.537481413380796 ], [ -68.054669943681787, -16.537478701765831 ], [ -68.054678377322134, -16.537478739973274 ], [ -68.054678390525666, -16.537476028358292 ], [ -68.054686824165927, -16.537476066565389 ], [ -68.054686850572764, -16.537470643335421 ], [ -68.054695284212812, -16.53747068154216 ], [ -68.054698121832672, -16.537465271047683 ], [ -68.054703744259228, -16.537465296518572 ], [ -68.05470658187879, -16.537459886023949 ], [ -68.054709393091983, -16.537459898759298 ], [ -68.054709419498181, -16.537454475529291 ], [ -68.054712230711303, -16.537454488264594 ], [ -68.054715068330466, -16.537449077769839 ], [ -68.054717879543503, -16.53744909050506 ], [ -68.054717892746481, -16.537446378890042 ], [ -68.054720703959504, -16.537446391625224 ], [ -68.054720730365361, -16.537440968395188 ], [ -68.054723541578284, -16.537440981130334 ], [ -68.054723554781162, -16.537438269515313 ], [ -68.054729190409788, -16.537435583370453 ], [ -68.054729216815375, -16.537430160140399 ], [ -68.05473202802817, -16.537430172875414 ], [ -68.05473204123092, -16.537427461260382 ], [ -68.054737676859105, -16.537424775115269 ], [ -68.054737729669768, -16.537413928655116 ], [ -68.054743352094903, -16.537413954124862 ] ] ] } },
{ "type": "Feature", "properties": { "id": 8, "instance": 9, "mean_prob": 0.842, "area_m2": 16.8, "rgb_split": false, "needs_review": false, "split_confidence": "unsplit" }, "geometry": { "type": "Polygon", "coordinates": [ [ [ -68.053996953834655, -16.537703432421871 ], [ -68.053996900981616, -16.537714278879378 ], [ -68.053991265335668, -16.537716965003458 ], [ -68.053991238908978, -16.537722388232197 ], [ -68.053985603262717, -16.537725074356093 ], [ -68.053982739192364, -16.537735908068257 ], [ -68.053977116759143, -16.537735882577532 ], [ -68.053974279115351, -16.537741293060822 ], [ -68.053971467898663, -16.537741280315366 ], [ -68.053971454685026, -16.537743991929727 ], [ -68.053965832251606, -16.53774396643869 ], [ -68.053962994607375, -16.537749376921802 ], [ -68.053951749740236, -16.53774932593911 ], [ -68.05395181580981, -16.537735767867439 ], [ -68.053949004593221, -16.53773575512168 ], [ -68.053949136732598, -16.537708638978291 ], [ -68.053980060110803, -16.53770877917929 ], [ -68.053980073324297, -16.537706067564926 ], [ -68.053985695756651, -16.537706093055515 ], [ -68.05398570897006, -16.537703381441148 ], [ -68.053996953834655, -16.537703432421871 ] ] ] } },
{ "type": "Feature", "properties": { "id": 9, "instance": 11, "mean_prob": 0.923, "area_m2": 18.6, "rgb_split": false, "needs_review": false, "split_confidence": "unsplit" }, "geometry": { "type": "Polygon", "coordinates": [ [ [ -68.053707041716393, -16.537775333057105 ], [ -68.053709826498704, -16.53778076903442 ], [ -68.053715448932778, -16.537780794532402 ], [ -68.053715435715517, -16.53778350614655 ], [ -68.053726667366774, -16.537786268756221 ], [ -68.053729452149781, -16.537791704733305 ], [ -68.053740683801735, -16.537794467342259 ], [ -68.053740657367911, -16.537799890570568 ], [ -68.053737846150582, -16.537799877821922 ], [ -68.053737819716673, -16.53780530105022 ], [ -68.053732184064813, -16.537807987166943 ], [ -68.053732144413672, -16.537816122009382 ], [ -68.053729333196102, -16.537816109260604 ], [ -68.053729306761937, -16.537821532488888 ], [ -68.053726495544296, -16.537821519740067 ], [ -68.053726482327164, -16.537824231354215 ], [ -68.053709615021134, -16.537824154860498 ], [ -68.053709628238508, -16.537821443246365 ], [ -68.053704005803255, -16.537821417748159 ], [ -68.053704019020699, -16.53781870613404 ], [ -68.053698396585546, -16.537818680635688 ], [ -68.053698409803047, -16.53781596902158 ], [ -68.053689976150466, -16.537815930773768 ], [ -68.05369002902097, -16.53780508431732 ], [ -68.053692840238341, -16.537805097066624 ], [ -68.053692879891102, -16.537796962224281 ], [ -68.053695691108359, -16.537796974973531 ], [ -68.05369858163057, -16.53778071803799 ], [ -68.053701392847586, -16.537780730787151 ], [ -68.053701419282476, -16.537775307558903 ], [ -68.053707041716393, -16.537775333057105 ] ] ] } },
{ "type": "Feature", "properties": { "id": 10, "instance": 12, "mean_prob": 0.972, "area_m2": 201.6, "rgb_split": false, "needs_review": false, "split_confidence": "unsplit" }, "geometry": { "type": "Polygon", "coordinates": [ [ [ -68.053971045060919, -16.537828051974241 ], [ -68.053971031847198, -16.537830763588566 ], [ -68.053973843065179, -16.537830776334093 ], [ -68.053973803424114, -16.537838911177086 ], [ -68.05397661464221, -16.537838923922585 ], [ -68.053976601428559, -16.537841635536907 ], [ -68.053973790210421, -16.537841622791408 ], [ -68.053973684500804, -16.537863315705994 ], [ -68.053976495719255, -16.537863328451515 ], [ -68.053976482505576, -16.537866040065843 ], [ -68.053984916161042, -16.53786607830218 ], [ -68.053984902947491, -16.537868789916509 ], [ -68.053987714166027, -16.537868802661883 ], [ -68.05398772737955, -16.537866091047551 ], [ -68.053993349816551, -16.537866116538179 ], [ -68.053993336603099, -16.537868828152511 ], [ -68.054043938537276, -16.537869057561366 ], [ -68.054043951750003, -16.537866345946998 ], [ -68.054066441498463, -16.537866447902537 ], [ -68.054066415073635, -16.537871871131319 ], [ -68.054069226292285, -16.537871883875592 ], [ -68.054069120593127, -16.537893576790719 ], [ -68.054071931812089, -16.537893589534981 ], [ -68.054071892174974, -16.537901724378138 ], [ -68.054074703394051, -16.537901737122368 ], [ -68.054074610907648, -16.537920718423088 ], [ -68.054077422127008, -16.53792073116729 ], [ -68.054077290003775, -16.537947847311131 ], [ -68.054074478784017, -16.537947834566911 ], [ -68.054074412722116, -16.537961392638795 ], [ -68.054071601502173, -16.537961379894519 ], [ -68.054071588289744, -16.53796409150889 ], [ -68.054040664870044, -16.537963951319359 ], [ -68.054040651657175, -16.537966662933702 ], [ -68.054012539457332, -16.537966535484674 ], [ -68.054012526244065, -16.537969247099003 ], [ -68.053981602824081, -16.537969106900679 ], [ -68.053981616037774, -16.537966395286375 ], [ -68.053973182377945, -16.537966357049683 ], [ -68.053973195591752, -16.53796364543539 ], [ -68.053967586365843, -16.537960908329786 ], [ -68.053967599579721, -16.537958196715483 ], [ -68.053961977140091, -16.53795817122403 ], [ -68.053959192348259, -16.537952735249675 ], [ -68.053956381128543, -16.53795272250386 ], [ -68.053956394342578, -16.537950010889578 ], [ -68.053950785117308, -16.537947273783548 ], [ -68.0539507983314, -16.537944562169262 ], [ -68.053945175892196, -16.537944536677376 ], [ -68.053945202320563, -16.537939113448818 ], [ -68.053942391101032, -16.537939100702822 ], [ -68.053942404315251, -16.537936389088546 ], [ -68.053936781876303, -16.537936363596444 ], [ -68.053933997085466, -16.537930927621783 ], [ -68.053928374646688, -16.53793090212946 ], [ -68.053928387861092, -16.537928190515192 ], [ -68.053925576641745, -16.537928177768976 ], [ -68.053925589856178, -16.537925466154718 ], [ -68.053919967417571, -16.537925440662178 ], [ -68.053919980632088, -16.537922729047914 ], [ -68.053908735755059, -16.537922678062387 ], [ -68.053905950965216, -16.537917242087399 ], [ -68.053903139746041, -16.537917229340888 ], [ -68.053903364396319, -16.537871131898509 ], [ -68.053906175614827, -16.537871144644981 ], [ -68.053906188829487, -16.537868433030717 ], [ -68.053911824481006, -16.537865746909279 ], [ -68.053911983055755, -16.537833207537957 ], [ -68.053937284017508, -16.537833322253547 ], [ -68.053937297231698, -16.537830610639244 ], [ -68.053962598193294, -16.537830725351746 ], [ -68.05396261140713, -16.537828013737428 ], [ -68.053971045060919, -16.537828051974241 ] ] ] } },
{ "type": "Feature", "properties": { "id": 11, "instance": 14, "mean_prob": 0.899, "area_m2": 16.7, "rgb_split": true, "needs_review": true, "split_confidence": "high" }, "geometry": { "type": "Polygon", "coordinates": [ [ [ -68.05536773249213, -16.537934711605278 ], [ -68.05536771929782, -16.537937423220676 ], [ -68.055384586621798, -16.53793749958087 ], [ -68.055384573427716, -16.537940211196286 ], [ -68.055387384648427, -16.537940223922856 ], [ -68.055387345066322, -16.537948358769079 ], [ -68.055390156287146, -16.537948371495624 ], [ -68.055390011152994, -16.537978199265105 ], [ -68.055381577489214, -16.537978161085306 ], [ -68.055381564295061, -16.537980872700707 ], [ -68.055361885746066, -16.537980783613165 ], [ -68.055361898940475, -16.537978071997777 ], [ -68.055356276498003, -16.537978046543852 ], [ -68.05535638205393, -16.537956353620821 ], [ -68.055353570833006, -16.537956340893814 ], [ -68.055353584027515, -16.537953629278441 ], [ -68.05535639524841, -16.537953642005441 ], [ -68.05535647441522, -16.53793737231312 ], [ -68.055359285635873, -16.537937385040063 ], [ -68.055359298830282, -16.537934673424669 ], [ -68.05536773249213, -16.537934711605278 ] ] ] } },
{ "type": "Feature", "properties": { "id": 12, "instance": 13, "mean_prob": 0.916, "area_m2": 49.6, "rgb_split": true, "needs_review": true, "split_confidence": "high" }, "geometry": { "type": "Polygon", "coordinates": [ [ [ -68.055353676389075, -16.537934647970744 ], [ -68.05535366319458, -16.537937359586135 ], [ -68.05535647441522, -16.53793737231312 ], [ -68.05535639524841, -16.537953642005441 ], [ -68.055353584027515, -16.537953629278441 ], [ -68.055353570833006, -16.537956340893814 ], [ -68.05535638205393, -16.537956353620821 ], [ -68.055356276498003, -16.537978046543852 ], [ -68.055353465276781, -16.537978033816842 ], [ -68.05535345208223, -16.537980745432215 ], [ -68.055333773533405, -16.537980656342022 ], [ -68.055333760338584, -16.537983367957377 ], [ -68.055330949117291, -16.537983355230054 ], [ -68.055330883142972, -16.537996913306827 ], [ -68.055333694364464, -16.537996926034157 ], [ -68.055333667974793, -16.538002349264868 ], [ -68.05533085675323, -16.538002336537531 ], [ -68.055330830363474, -16.538007759768234 ], [ -68.055328019141839, -16.538007747040847 ], [ -68.055328005946919, -16.538010458656196 ], [ -68.055311138616887, -16.538010382291091 ], [ -68.055311125421724, -16.538013093906425 ], [ -68.055291446869845, -16.538013004812072 ], [ -68.055291644801088, -16.537972330582232 ], [ -68.055288833579979, -16.537972317854347 ], [ -68.055289018315861, -16.537934355239717 ], [ -68.055300263198063, -16.537934406150903 ], [ -68.055300250002816, -16.537937117766241 ], [ -68.055339607091398, -16.537937295950648 ], [ -68.055339620286091, -16.537934584335272 ], [ -68.055353676389075, -16.537934647970744 ] ] ] } },
{ "type": "Feature", "properties": { "id": 13, "instance": 16, "mean_prob": 0.907, "area_m2": 14.4, "rgb_split": false, "needs_review": false, "split_confidence": "unsplit" }, "geometry": { "type": "Polygon", "coordinates": [ [ [ -68.055420697101894, -16.538027148332379 ], [ -68.055420683908252, -16.538029859947798 ], [ -68.055423495130285, -16.538029872673945 ], [ -68.05542344235586, -16.538040719135608 ], [ -68.055426253578048, -16.538040731861727 ], [ -68.055426161222968, -16.538059713169613 ], [ -68.055420538778037, -16.538059687717304 ], [ -68.055420525584353, -16.53806239933272 ], [ -68.055395224581886, -16.53806228479543 ], [ -68.055395237775912, -16.538059573180035 ], [ -68.05538962852512, -16.538056836111508 ], [ -68.055389654913327, -16.538051412880748 ], [ -68.055386843690997, -16.538051400154124 ], [ -68.055386949243996, -16.538029707231036 ], [ -68.055406627798106, -16.538029796316479 ], [ -68.055406640991947, -16.538027084701071 ], [ -68.055420697101894, -16.538027148332379 ] ] ] } },
{ "type": "Feature", "properties": { "id": 14, "instance": 15, "mean_prob": 0.966, "area_m2": 205.2, "rgb_split": false, "needs_review": false, "split_confidence": "unsplit" }, "geometry": { "type": "Polygon", "coordinates": [ [ [ -68.05404891355127, -16.538001952154204 ], [ -68.054048900338486, -16.538004663768554 ], [ -68.05405171155904, -16.538004676513165 ], [ -68.054051671920803, -16.538012811356193 ], [ -68.054054483141485, -16.538012824100768 ], [ -68.054054258525056, -16.538058921544554 ], [ -68.054057069746392, -16.538058934289136 ], [ -68.054056884768173, -16.538096896889765 ], [ -68.054059695990077, -16.538096909634337 ], [ -68.054059577075606, -16.538121314163252 ], [ -68.054014597519881, -16.538121110245228 ], [ -68.054014584306515, -16.538123821859521 ], [ -68.05398928330635, -16.53812370715135 ], [ -68.053989270092629, -16.538126418765614 ], [ -68.053952724203342, -16.53812625307059 ], [ -68.053952710989108, -16.538128964684823 ], [ -68.053924598766471, -16.538128837222736 ], [ -68.053921813973545, -16.538123401247901 ], [ -68.053919002751371, -16.53812338850145 ], [ -68.053919055610152, -16.538112542044598 ], [ -68.053916244388134, -16.538112529298118 ], [ -68.053916336891149, -16.538093547998624 ], [ -68.053913525669415, -16.53809353525212 ], [ -68.05391357852838, -16.538082688795267 ], [ -68.053910767306817, -16.538082676048734 ], [ -68.053910793736364, -16.538077252820301 ], [ -68.05389392640744, -16.538077176340344 ], [ -68.053893952837456, -16.538071753111939 ], [ -68.053891141616049, -16.538071740365154 ], [ -68.053891181261164, -16.538063605522542 ], [ -68.053893992482443, -16.538063618269319 ], [ -68.053896830133638, -16.53805820778765 ], [ -68.053899641354846, -16.538058220534349 ], [ -68.053899866007967, -16.538012123092631 ], [ -68.053897054787441, -16.538012110345971 ], [ -68.053897068002343, -16.538009398731749 ], [ -68.05389987922284, -16.538009411478409 ], [ -68.053902716872997, -16.53800400099658 ], [ -68.05391115053429, -16.538004039236203 ], [ -68.053911137319574, -16.538006750850442 ], [ -68.053916759760526, -16.538006776343344 ], [ -68.053919544551832, -16.538012212318211 ], [ -68.053922355772386, -16.53801222506457 ], [ -68.053922342557826, -16.53801493667882 ], [ -68.05393077621963, -16.538014974917676 ], [ -68.053930763005198, -16.538017686531919 ], [ -68.053939196667145, -16.538017724770448 ], [ -68.053939209881477, -16.538015013156198 ], [ -68.053967308873823, -16.538017852229736 ], [ -68.053967322087757, -16.538015140615464 ], [ -68.053989811852944, -16.538015242580151 ], [ -68.053989825066552, -16.538012530965847 ], [ -68.053995447507802, -16.538012556456636 ], [ -68.053998285155416, -16.538007145973378 ], [ -68.054003907596524, -16.538007171463928 ], [ -68.054003920809933, -16.538004459849617 ], [ -68.05400954325097, -16.538004485340018 ], [ -68.054009556464294, -16.538001773725703 ], [ -68.05404891355127, -16.538001952154204 ] ] ] } },
{ "type": "Feature", "properties": { "id": 15, "instance": 17, "mean_prob": 0.947, "area_m2": 83.5, "rgb_split": false, "needs_review": false, "split_confidence": "unsplit" }, "geometry": { "type": "Polygon", "coordinates": [ [ [ -68.055482478022512, -16.538040986376199 ], [ -68.055485262859264, -16.538046422332449 ], [ -68.05548807408158, -16.538046435057741 ], [ -68.055488060888862, -16.538049146673202 ], [ -68.05549087211125, -16.538049159398462 ], [ -68.055493630563035, -16.538060018585533 ], [ -68.055496441785564, -16.538060031310724 ], [ -68.055496415400341, -16.538065454541663 ], [ -68.055499226622942, -16.538065467266819 ], [ -68.05549920023779, -16.538070890497746 ], [ -68.05550201146049, -16.538070903222874 ], [ -68.055501985075409, -16.538076326453808 ], [ -68.05550479629818, -16.538076339178897 ], [ -68.055504756720651, -16.538084474025293 ], [ -68.05550756794355, -16.53808448675035 ], [ -68.055507528366107, -16.538092621596757 ], [ -68.055510339589119, -16.538092634321785 ], [ -68.055513098042496, -16.538103493508654 ], [ -68.055515909265679, -16.538103506233615 ], [ -68.055515882880911, -16.538108929464546 ], [ -68.05551869410418, -16.538108942189474 ], [ -68.055518667719497, -16.538114365420409 ], [ -68.055521478942836, -16.538114378145302 ], [ -68.055521439365904, -16.538122512991716 ], [ -68.055524250589372, -16.538122525716577 ], [ -68.055527009043857, -16.538133384903297 ], [ -68.05553261829894, -16.538136121968321 ], [ -68.055532591914599, -16.538141545199267 ], [ -68.055535403138336, -16.538141557923989 ], [ -68.055535389946201, -16.538144269539469 ], [ -68.05552975430642, -16.538146955705447 ], [ -68.055529741114199, -16.538149667320905 ], [ -68.055521307442632, -16.538149629146371 ], [ -68.055521294250298, -16.538152340761837 ], [ -68.055510036162246, -16.53815500147736 ], [ -68.055510022969742, -16.538157713092819 ], [ -68.055501589297876, -16.538157674917464 ], [ -68.055501576105257, -16.538160386532908 ], [ -68.055495953657271, -16.538160361082475 ], [ -68.055493116047799, -16.538165771588076 ], [ -68.055487493599685, -16.538165746137413 ], [ -68.055487480406853, -16.538168457752842 ], [ -68.055479046734575, -16.538168419576554 ], [ -68.055479033541616, -16.538171131191984 ], [ -68.055476222317495, -16.538171118466476 ], [ -68.055476235510483, -16.538168406851046 ], [ -68.05547342428639, -16.538168394125503 ], [ -68.055473490251472, -16.538154836048395 ], [ -68.055470679027593, -16.538154823322824 ], [ -68.055470784571924, -16.538133130399441 ], [ -68.055482055851982, -16.538127758070544 ], [ -68.055482108623423, -16.538116911608796 ], [ -68.055473674953404, -16.538116873432415 ], [ -68.055473661760416, -16.538119585047838 ], [ -68.055468039313681, -16.538119559596719 ], [ -68.055468026120607, -16.538122271212142 ], [ -68.055451158780173, -16.538122194857863 ], [ -68.055448373943449, -16.538116758901193 ], [ -68.055445562720124, -16.538116746175312 ], [ -68.055445589106867, -16.538111322944484 ], [ -68.055442777883641, -16.538111310218568 ], [ -68.055442804270427, -16.538105886987751 ], [ -68.055439993047287, -16.538105874261802 ], [ -68.055440019434144, -16.538100451030981 ], [ -68.055437208211075, -16.538100438305001 ], [ -68.055434476149031, -16.53808415588653 ], [ -68.055431664926189, -16.538084143160489 ], [ -68.055431691313274, -16.538078719929668 ], [ -68.055428880090517, -16.538078707203599 ], [ -68.055428919671201, -16.538070572357363 ], [ -68.055426108448572, -16.538070559631254 ], [ -68.055426121642185, -16.538067848015853 ], [ -68.055431757280886, -16.538065161852614 ], [ -68.055431770474399, -16.538062450237199 ], [ -68.055437392919444, -16.538062475689213 ], [ -68.055437406112873, -16.538059764073783 ], [ -68.055448664196106, -16.538057103361922 ], [ -68.055448677389393, -16.538054391746495 ], [ -68.05545711105664, -16.538054429923754 ], [ -68.055457124249799, -16.538051718308317 ], [ -68.055462746694559, -16.538051743759635 ], [ -68.055462759887646, -16.538049032144187 ], [ -68.055468382332336, -16.538049057595348 ], [ -68.055468395525324, -16.5380463459799 ], [ -68.055474017969956, -16.538046371430895 ], [ -68.055474031162859, -16.538043659815443 ], [ -68.055479653607435, -16.538043685266292 ], [ -68.055479666800267, -16.538040973650837 ], [ -68.055482478022512, -16.538040986376199 ] ] ] } },
{ "type": "Feature", "properties": { "id": 16, "instance": 19, "mean_prob": 0.835, "area_m2": 128.2, "rgb_split": false, "needs_review": false, "split_confidence": "unsplit" }, "geometry": { "type": "Polygon", "coordinates": [ [ [ -68.054298597022921, -16.5381088392427 ], [ -68.054298583813548, -16.53811155085722 ], [ -68.054304206258152, -16.538111576339837 ], [ -68.05430419304885, -16.538114287954347 ], [ -68.054309802284322, -16.538117025051339 ], [ -68.05430977586586, -16.538122448280376 ], [ -68.054312587088333, -16.538122461021555 ], [ -68.0543153718925, -16.538127896991757 ], [ -68.054320994337616, -16.538127922473947 ], [ -68.054320981128512, -16.538130634088468 ], [ -68.054323792351113, -16.538130646829504 ], [ -68.05432655073767, -16.538141506028619 ], [ -68.054334984405969, -16.538141544251427 ], [ -68.054334971197051, -16.538144255865955 ], [ -68.054343404865506, -16.538144294088429 ], [ -68.054343391656715, -16.538147005702974 ], [ -68.054349014102428, -16.538147031184433 ], [ -68.054349027311147, -16.538144319569891 ], [ -68.054354662965409, -16.538141633436652 ], [ -68.054354649756775, -16.538144345051197 ], [ -68.054357460979617, -16.538144357791793 ], [ -68.054360245785332, -16.538149793761452 ], [ -68.05436305700826, -16.538149806501981 ], [ -68.054365841814203, -16.538155242471579 ], [ -68.054377073497875, -16.53815800504773 ], [ -68.054377060289553, -16.538160716662286 ], [ -68.054371424634979, -16.538163402796112 ], [ -68.054368560578041, -16.538174236513903 ], [ -68.054362924922955, -16.538176922647466 ], [ -68.054362911714421, -16.538179634262022 ], [ -68.054360100491081, -16.538179621521476 ], [ -68.054360074073898, -16.538185044750552 ], [ -68.0543544384184, -16.538187730883866 ], [ -68.054354412001061, -16.538193154112943 ], [ -68.054351600777537, -16.538193141372268 ], [ -68.054351574360112, -16.538198564601327 ], [ -68.054348763136502, -16.53819855186061 ], [ -68.054348710301454, -16.53820939831872 ], [ -68.054343074645075, -16.538212084451676 ], [ -68.054343048227381, -16.538217507680713 ], [ -68.054340237003501, -16.538217494939868 ], [ -68.054340223794611, -16.538220206554385 ], [ -68.054323356451178, -16.538220130108503 ], [ -68.05432336966031, -16.538217418493996 ], [ -68.054320558436444, -16.538217405752889 ], [ -68.054317773630999, -16.538211969782743 ], [ -68.054289661393369, -16.538211842369215 ], [ -68.054289648183783, -16.538214553983693 ], [ -68.054275592064855, -16.538214490275497 ], [ -68.054275578855055, -16.53821720188996 ], [ -68.054261522736013, -16.538217138180812 ], [ -68.054261509526015, -16.538219849795269 ], [ -68.054255887078341, -16.538219824311341 ], [ -68.054255966338729, -16.538203554624619 ], [ -68.054258777562325, -16.538203567366587 ], [ -68.054261615205888, -16.538198156879609 ], [ -68.05426725086285, -16.538195470748892 ], [ -68.054267277282634, -16.538190047519951 ], [ -68.054270088506044, -16.538190060261762 ], [ -68.054270141345427, -16.538179213803883 ], [ -68.054267330122158, -16.538179201062082 ], [ -68.054267343332043, -16.538176489447604 ], [ -68.054247664769562, -16.538176400253963 ], [ -68.05424482712597, -16.53818181074077 ], [ -68.054239204679419, -16.538181785256452 ], [ -68.054239191469136, -16.538184496870898 ], [ -68.054230757799218, -16.538184458644121 ], [ -68.0542307710096, -16.538181747029682 ], [ -68.054225148563077, -16.538181721544984 ], [ -68.054225174984012, -16.538176298316102 ], [ -68.054222363760815, -16.538176285573702 ], [ -68.054222390181835, -16.538170862344835 ], [ -68.054219578958723, -16.538170849602402 ], [ -68.054219631800862, -16.53816000314465 ], [ -68.054216820577906, -16.538159990402185 ], [ -68.054216886630712, -16.538146432330002 ], [ -68.054219697853455, -16.538146445072453 ], [ -68.054219724274489, -16.538141021843575 ], [ -68.054225359930257, -16.538138335713914 ], [ -68.054225412771956, -16.538127489256119 ], [ -68.054231048427255, -16.53812480312628 ], [ -68.054231061637594, -16.53812209151182 ], [ -68.054236684082412, -16.538122116996266 ], [ -68.054236670872143, -16.538124828610734 ], [ -68.054247915761962, -16.538124879579197 ], [ -68.05424792897206, -16.538122167964719 ], [ -68.054253551416906, -16.538122193448721 ], [ -68.054253577836946, -16.538116770219769 ], [ -68.05425638905929, -16.538116782961708 ], [ -68.05425640226926, -16.538114071347231 ], [ -68.054264835936195, -16.538114109572817 ], [ -68.054267620738869, -16.538119545543569 ], [ -68.054273243183673, -16.538119571027035 ], [ -68.054276080825474, -16.538114160539727 ], [ -68.054281703270135, -16.538114186022952 ], [ -68.054281716479764, -16.538111474408456 ], [ -68.054284527702038, -16.538111487150012 ], [ -68.054284540911624, -16.538108775535502 ], [ -68.054298597022921, -16.5381088392427 ] ], [ [ -68.054270365912316, -16.538133116357745 ], [ -68.05426474346713, -16.538133090874183 ], [ -68.054264730257259, -16.538135802488668 ], [ -68.05426191903463, -16.538135789746828 ], [ -68.054261905824717, -16.53813850136131 ], [ -68.054264717047388, -16.538138514103153 ], [ -68.054267501850362, -16.538143950073906 ], [ -68.054270313073104, -16.538143962815678 ], [ -68.054270365912316, -16.538133116357745 ] ], [ [ -68.054256270169375, -16.538141187491981 ], [ -68.05425345894669, -16.538141174750024 ], [ -68.054253419316552, -16.538149309593418 ], [ -68.054259054972164, -16.538146623462843 ], [ -68.054256270169375, -16.538141187491981 ] ], [ [ -68.054323726305839, -16.538144204902128 ], [ -68.054312481414669, -16.538144153937697 ], [ -68.054312441787005, -16.538152288781241 ], [ -68.054323686678643, -16.538152339745704 ], [ -68.054323726305839, -16.538144204902128 ] ] ] } },
{ "type": "Feature", "properties": { "id": 17, "instance": 18, "mean_prob": 0.962, "area_m2": 131.5, "rgb_split": false, "needs_review": false, "split_confidence": "unsplit" }, "geometry": { "type": "Polygon", "coordinates": [ [ [ -68.053680247146261, -16.538081630704372 ], [ -68.053680233928262, -16.538084342318399 ], [ -68.053691465596074, -16.53808710493076 ], [ -68.053691452378217, -16.538089816544804 ], [ -68.05369707482123, -16.538089842043743 ], [ -68.053697061603458, -16.538092553657791 ], [ -68.05370549526809, -16.538092591905929 ], [ -68.053705482050432, -16.538095303519984 ], [ -68.053711104493615, -16.538095329018557 ], [ -68.053711091276043, -16.538098040632605 ], [ -68.053716713719311, -16.538098066131035 ], [ -68.053716700501809, -16.538100777745093 ], [ -68.053727932171185, -16.538103540355561 ], [ -68.053727918953825, -16.538106251969623 ], [ -68.053733541397364, -16.538106277467616 ], [ -68.053733528180089, -16.538108989081689 ], [ -68.053739150623713, -16.538109014579533 ], [ -68.053739137406524, -16.538111726193595 ], [ -68.053744759850218, -16.538111751691286 ], [ -68.053744746633114, -16.538114463305359 ], [ -68.053755978303741, -16.538117225914387 ], [ -68.053755965086779, -16.538119937528464 ], [ -68.053761587530758, -16.538119963025714 ], [ -68.053761574313853, -16.538122674639808 ], [ -68.053767196757931, -16.538122700136913 ], [ -68.053769981546395, -16.538128136113588 ], [ -68.053772792768513, -16.53812814886205 ], [ -68.053772700251272, -16.538147130160691 ], [ -68.053769889028871, -16.538147117412212 ], [ -68.05376987581208, -16.538149829026306 ], [ -68.053764240150343, -16.538152515143317 ], [ -68.053764226933453, -16.538155226757397 ], [ -68.053758591271489, -16.538157912874237 ], [ -68.053758578054527, -16.538160624488309 ], [ -68.053755766831955, -16.538160611739634 ], [ -68.053755727180913, -16.538168746581857 ], [ -68.053766945637989, -16.538174220804514 ], [ -68.053766905987388, -16.538182355646743 ], [ -68.053764094764489, -16.538182342898164 ], [ -68.053764068330665, -16.538187766126306 ], [ -68.053761257107695, -16.538187753377684 ], [ -68.053761230673786, -16.53819317660583 ], [ -68.053755595010657, -16.538195862722525 ], [ -68.053752730919228, -16.538206696430024 ], [ -68.053749919695989, -16.538206683681231 ], [ -68.053749893261738, -16.538212106909338 ], [ -68.053747082038427, -16.5382120941605 ], [ -68.053747055604077, -16.53821751738861 ], [ -68.053741433157299, -16.538217491890819 ], [ -68.053741446374559, -16.538214780276771 ], [ -68.053730214698589, -16.538212017666712 ], [ -68.053727429910197, -16.538206581689543 ], [ -68.053716198234937, -16.53820381907876 ], [ -68.053713413447042, -16.53819838310142 ], [ -68.053704979777791, -16.538198344853363 ], [ -68.053704992995534, -16.538195633239347 ], [ -68.053693761321298, -16.538192870627398 ], [ -68.053690976534185, -16.538187434649792 ], [ -68.053679744860659, -16.538184672037129 ], [ -68.053676960074057, -16.538179236059367 ], [ -68.053665728401242, -16.538176473445983 ], [ -68.053662943615137, -16.538171037468047 ], [ -68.053657321169837, -16.538171011968057 ], [ -68.05365733438822, -16.538168300354069 ], [ -68.053651711943033, -16.538168274853938 ], [ -68.053651725161487, -16.538165563239946 ], [ -68.053648913938929, -16.538165550489826 ], [ -68.053648953594433, -16.538157415647859 ], [ -68.053646142371989, -16.538157402897706 ], [ -68.053646287775734, -16.538127575143807 ], [ -68.053649098997738, -16.538127587893936 ], [ -68.053649244400745, -16.538097760139916 ], [ -68.053652055622322, -16.538097772889984 ], [ -68.053652095277528, -16.538089638047957 ], [ -68.053657730938767, -16.538086951933945 ], [ -68.053657717720441, -16.538089663547961 ], [ -68.053663326945156, -16.538092400661832 ], [ -68.053663340163382, -16.538089689047819 ], [ -68.053668962606338, -16.538089714547514 ], [ -68.053668975824493, -16.538087002933491 ], [ -68.053674611485462, -16.53808431681901 ], [ -68.053674624703518, -16.538081605204983 ], [ -68.053680247146261, -16.538081630704372 ] ] ] } },
{ "type": "Feature", "properties": { "id": 18, "instance": 21, "mean_prob": 0.899, "area_m2": 11.2, "rgb_split": true, "needs_review": true, "split_confidence": "high" }, "geometry": { "type": "Polygon", "coordinates": [ [ [ -68.053696453583441, -16.53821728790307 ], [ -68.053696440365556, -16.538219999517082 ], [ -68.053702049594534, -16.538222736630093 ], [ -68.05370203637672, -16.538225448244106 ], [ -68.05371326805296, -16.538228210855703 ], [ -68.053713215182299, -16.538239057311781 ], [ -68.053710403958632, -16.538239044562435 ], [ -68.053710377523203, -16.538244467790474 ], [ -68.053707566299465, -16.538244455041081 ], [ -68.053707526646193, -16.538252589883111 ], [ -68.053701904198476, -16.538252564384205 ], [ -68.053701917416305, -16.5382498527702 ], [ -68.053690685739028, -16.538247090157949 ], [ -68.053690698957013, -16.538244378543951 ], [ -68.053685076509552, -16.538244353044604 ], [ -68.053682291722026, -16.538238917066881 ], [ -68.053676669274736, -16.538238891567318 ], [ -68.053676682492906, -16.538236179953326 ], [ -68.05367107326397, -16.538233442839633 ], [ -68.053671086482211, -16.538230731225649 ], [ -68.053673897705735, -16.538230743975518 ], [ -68.053673950578556, -16.53821989751955 ], [ -68.053676761801924, -16.538219910269376 ], [ -68.05367677502008, -16.538217198655378 ], [ -68.053696453583441, -16.53821728790307 ] ] ] } },
{ "type": "Feature", "properties": { "id": 19, "instance": 23, "mean_prob": 0.899, "area_m2": 44.7, "rgb_split": false, "needs_review": false, "split_confidence": "unsplit" }, "geometry": { "type": "Polygon", "coordinates": [ [ [ -68.055841391340806, -16.538232428010353 ], [ -68.055841378152877, -16.538235139626043 ], [ -68.055861056730393, -16.538235228669702 ], [ -68.05586104354272, -16.538237940285406 ], [ -68.055872288444377, -16.538237991166671 ], [ -68.05587227525686, -16.538240702782392 ], [ -68.055877897707774, -16.538240728222803 ], [ -68.055877884520342, -16.538243439838521 ], [ -68.055889116235079, -16.538246202334616 ], [ -68.055891901086142, -16.53825163828607 ], [ -68.055894712311769, -16.538251651006039 ], [ -68.055894699124565, -16.538254362621771 ], [ -68.055897510350235, -16.538254375341701 ], [ -68.055897312542356, -16.538295049577577 ], [ -68.055894501316104, -16.538295036857608 ], [ -68.055894488128857, -16.538297748473322 ], [ -68.055891676902547, -16.538297735753321 ], [ -68.055891690089837, -16.538295024137607 ], [ -68.055880445184812, -16.538294973257216 ], [ -68.055880458372258, -16.538292261641502 ], [ -68.055874835919852, -16.538292236201087 ], [ -68.055874849107383, -16.538289524585384 ], [ -68.055869226655048, -16.53828949914482 ], [ -68.05586923984265, -16.53828678752912 ], [ -68.055863617390401, -16.538286762088408 ], [ -68.055863630578074, -16.538284050472715 ], [ -68.055858008125938, -16.538284025031864 ], [ -68.055858034501426, -16.538278601800471 ], [ -68.055855223275429, -16.538278589079987 ], [ -68.055855236463216, -16.538275877464301 ], [ -68.055843991559428, -16.538275826582002 ], [ -68.055844004747371, -16.538273114966319 ], [ -68.055827137391987, -16.538273038641751 ], [ -68.055827150580157, -16.538270327026083 ], [ -68.055815918865108, -16.538267564526627 ], [ -68.055815932053434, -16.538264852910956 ], [ -68.055807498376168, -16.538264814747727 ], [ -68.055807511564595, -16.53826210313207 ], [ -68.055804700338896, -16.538262090410921 ], [ -68.055804713527365, -16.538259378795264 ], [ -68.055807524753035, -16.538259391516412 ], [ -68.055807590695167, -16.538245833438111 ], [ -68.055810401920652, -16.538245846159214 ], [ -68.055810441485804, -16.53823771131222 ], [ -68.055813252711161, -16.538237724033273 ], [ -68.055816090313101, -16.538232313522951 ], [ -68.055841391340806, -16.538232428010353 ] ] ] } },
{ "type": "Feature", "properties": { "id": 20, "instance": 22, "mean_prob": 0.961, "area_m2": 98.5, "rgb_split": true, "needs_review": true, "split_confidence": "high" }, "geometry": { "type": "Polygon", "coordinates": [ [ [ -68.053671086482211, -16.538230731225649 ], [ -68.05367107326397, -16.538233442839633 ], [ -68.053676682492906, -16.538236179953326 ], [ -68.053676669274736, -16.538238891567318 ], [ -68.053682291722026, -16.538238917066881 ], [ -68.053682278503928, -16.538241628680876 ], [ -68.053685089727608, -16.538241641430606 ], [ -68.053685076509552, -16.538244353044604 ], [ -68.053690698957013, -16.538244378543951 ], [ -68.053690685739028, -16.538247090157949 ], [ -68.053696308186574, -16.538247115657146 ], [ -68.05369629496866, -16.538249827271144 ], [ -68.053701917416305, -16.5382498527702 ], [ -68.053701904198476, -16.538252564384205 ], [ -68.053707526646193, -16.538252589883111 ], [ -68.053707513428435, -16.538255301497124 ], [ -68.053713135876251, -16.538255326995881 ], [ -68.053715920664871, -16.538260762973238 ], [ -68.053721543112857, -16.538260788471781 ], [ -68.05372432790179, -16.538266224449032 ], [ -68.053729950349961, -16.538266249947352 ], [ -68.053729937132488, -16.538268961561375 ], [ -68.053732748356623, -16.538268974310483 ], [ -68.053735533145982, -16.53827441028761 ], [ -68.05374676482559, -16.538277172897555 ], [ -68.053749549615446, -16.538282608874518 ], [ -68.053752360839781, -16.53828262162337 ], [ -68.053752347622634, -16.538285333237411 ], [ -68.053760781295779, -16.538285371483749 ], [ -68.053760768078732, -16.538288083097786 ], [ -68.053763579303151, -16.53828809584649 ], [ -68.053760715210529, -16.53829892955396 ], [ -68.053757903985954, -16.538298916805207 ], [ -68.053757851117552, -16.538309763261349 ], [ -68.05375503989282, -16.538309750512546 ], [ -68.053754960589913, -16.538326020196742 ], [ -68.053752149364954, -16.538326007447889 ], [ -68.053752122930561, -16.538331430675939 ], [ -68.053749311705516, -16.538331417927047 ], [ -68.05374928527101, -16.53833684115509 ], [ -68.053746474045909, -16.538336828406159 ], [ -68.053746447611317, -16.538342251634205 ], [ -68.05374363638613, -16.538342238885225 ], [ -68.053743609951468, -16.538347662113249 ], [ -68.053740798726196, -16.538347649364233 ], [ -68.053740785508808, -16.538350360978242 ], [ -68.053729540607591, -16.538350309981777 ], [ -68.053729527390061, -16.538353021595793 ], [ -68.053726716164732, -16.538353008846578 ], [ -68.053726676511985, -16.538361143688569 ], [ -68.053723865286528, -16.538361130939311 ], [ -68.053723852068913, -16.538363842553309 ], [ -68.053712607166972, -16.538363791555895 ], [ -68.053712620384758, -16.538361079941907 ], [ -68.053706997933872, -16.538361054442976 ], [ -68.053704213144229, -16.538355618465495 ], [ -68.053698590693529, -16.538355592966344 ], [ -68.053698603911485, -16.538352881352367 ], [ -68.053692981460884, -16.538352855853073 ], [ -68.053692994678926, -16.538350144239089 ], [ -68.053687372228396, -16.53835011873965 ], [ -68.053684587439449, -16.538344682761945 ], [ -68.053678964989089, -16.538344657262275 ], [ -68.053678978207316, -16.53834194564832 ], [ -68.053676166982186, -16.538341932898433 ], [ -68.053676193418724, -16.538336509670497 ], [ -68.053673382193679, -16.538336496920579 ], [ -68.053673435066884, -16.538325650464731 ], [ -68.053670623841981, -16.538325637714781 ], [ -68.053670716370277, -16.538306656417017 ], [ -68.053667905145659, -16.538306643667052 ], [ -68.053667997674097, -16.538287662369282 ], [ -68.053665186449763, -16.538287649619281 ], [ -68.053665292196712, -16.538265956707512 ], [ -68.05366248097269, -16.538265943957498 ], [ -68.05366256028303, -16.538249674273654 ], [ -68.05365974905925, -16.538249661523615 ], [ -68.053659828369746, -16.538233391839764 ], [ -68.053662639593298, -16.538233404589793 ], [ -68.053662652811667, -16.538230692975809 ], [ -68.053671086482211, -16.538230731225649 ] ] ] } },
{ "type": "Feature", "properties": { "id": 21, "instance": 37, "mean_prob": 0.914, "area_m2": 35.4, "rgb_split": true, "needs_review": true, "split_confidence": "medium" }, "geometry": { "type": "Polygon", "coordinates": [ [ [ -68.055840626436222, -16.538389701719279 ], [ -68.055840613248151, -16.538392413334929 ], [ -68.055843424475782, -16.53839242605569 ], [ -68.055843398099682, -16.538397849286991 ], [ -68.055840586871966, -16.538397836566222 ], [ -68.055840560495795, -16.538403259797523 ], [ -68.055843371723583, -16.538403272518295 ], [ -68.055843239842915, -16.538430388674751 ], [ -68.055840428614729, -16.538430375953954 ], [ -68.055840415426601, -16.53843308756959 ], [ -68.055831981741974, -16.538433049406976 ], [ -68.055831968553733, -16.538435761022605 ], [ -68.055834779781975, -16.538435773743515 ], [ -68.055834753405577, -16.538441196974784 ], [ -68.055829144137206, -16.538438459917284 ], [ -68.055829157325491, -16.538435748301655 ], [ -68.055823534868992, -16.538435722859635 ], [ -68.055823574434072, -16.538427588012759 ], [ -68.055826385662186, -16.53842760073378 ], [ -68.055823600810768, -16.538422164781505 ], [ -68.055809544670566, -16.538422101175861 ], [ -68.055806707065372, -16.538427511685846 ], [ -68.055812329521586, -16.538427537128296 ], [ -68.055812289956052, -16.538435671975154 ], [ -68.055798233814926, -16.538435608368705 ], [ -68.055798220626215, -16.538438319984305 ], [ -68.055795409397959, -16.538438307262901 ], [ -68.055795383020438, -16.538443730494109 ], [ -68.055792571792111, -16.538443717772662 ], [ -68.055792558603315, -16.538446429388252 ], [ -68.055786936146575, -16.53844640394523 ], [ -68.055786962524337, -16.538440980714039 ], [ -68.055781340067753, -16.538440955270886 ], [ -68.055781366445657, -16.538435532039703 ], [ -68.055778555217458, -16.538435519318075 ], [ -68.055778581595433, -16.538430096086898 ], [ -68.055775770367305, -16.538430083365235 ], [ -68.055775968202354, -16.538389409131319 ], [ -68.055840626436222, -16.538389701719279 ] ] ] } },
{ "type": "Feature", "properties": { "id": 22, "instance": 39, "mean_prob": 0.848, "area_m2": 17.6, "rgb_split": false, "needs_review": false, "split_confidence": "unsplit" }, "geometry": { "type": "Polygon", "coordinates": [ [ [ -68.056107653515184, -16.538399044870129 ], [ -68.056110438374489, -16.538404480819025 ], [ -68.056113249602518, -16.538404493536163 ], [ -68.056113130943828, -16.538428898078866 ], [ -68.056110319715458, -16.538428885361707 ], [ -68.05611025379369, -16.538442443440964 ], [ -68.056104631336552, -16.538442418006515 ], [ -68.056104604967658, -16.538447841238199 ], [ -68.056101793739032, -16.538447828520912 ], [ -68.056101780554542, -16.538450540136754 ], [ -68.056096158097176, -16.538450514702063 ], [ -68.056096171281752, -16.538447803086221 ], [ -68.056087737595846, -16.538447764933913 ], [ -68.056087724411157, -16.538450476549748 ], [ -68.056082101953834, -16.538450451114674 ], [ -68.056082115138594, -16.538447739498849 ], [ -68.056079303909954, -16.538447726781257 ], [ -68.056079528051157, -16.538401629312169 ], [ -68.056087961735031, -16.538401667464711 ], [ -68.056087948550399, -16.538404379080561 ], [ -68.0560935710064, -16.538404404515404 ], [ -68.056093584190961, -16.538401692899551 ], [ -68.056102017874878, -16.538401731051525 ], [ -68.056102031059325, -16.538399019435673 ], [ -68.056107653515184, -16.538399044870129 ] ] ] } },
{ "type": "Feature", "properties": { "id": 23, "instance": 26, "mean_prob": 0.904, "area_m2": 12.7, "rgb_split": true, "needs_review": true, "split_confidence": "high" }, "geometry": { "type": "Polygon", "coordinates": [ [ [ -68.054077630480634, -16.538454931932407 ], [ -68.054080388856832, -16.538465791133969 ], [ -68.054083200084079, -16.538465803878502 ], [ -68.054083160445998, -16.538473938721239 ], [ -68.054080349218623, -16.5384739259767 ], [ -68.054080283154903, -16.538487484047927 ], [ -68.054074660699754, -16.538487458558716 ], [ -68.054074647486928, -16.538490170172956 ], [ -68.054063402576531, -16.538490119194069 ], [ -68.054063415789514, -16.538487407579829 ], [ -68.05405778012134, -16.538490093704393 ], [ -68.054057793334408, -16.538487382090164 ], [ -68.054046548424225, -16.538487331110375 ], [ -68.054046693769521, -16.538457503353957 ], [ -68.054071994813611, -16.538457618057411 ], [ -68.054072008026452, -16.538454906443167 ], [ -68.054077630480634, -16.538454931932407 ] ] ] } },
{ "type": "Feature", "properties": { "id": 24, "instance": 28, "mean_prob": 0.934, "area_m2": 48.8, "rgb_split": true, "needs_review": true, "split_confidence": "medium" }, "geometry": { "type": "Polygon", "coordinates": [ [ [ -68.054251926565456, -16.538455722023595 ], [ -68.054251913355117, -16.538458433637985 ], [ -68.054254724582421, -16.538458446380201 ], [ -68.054254671741234, -16.538469292837746 ], [ -68.05425748296868, -16.538469305579937 ], [ -68.054257456548157, -16.538474728808698 ], [ -68.054263065793052, -16.538477465907366 ], [ -68.054260201724531, -16.538488299622781 ], [ -68.05425457926907, -16.538488274138416 ], [ -68.054254566058759, -16.538490985752798 ], [ -68.054237698692219, -16.53849090929878 ], [ -68.054237711902786, -16.538488197684405 ], [ -68.054218033308871, -16.538488108486341 ], [ -68.054218020098048, -16.538490820100698 ], [ -68.054201152731679, -16.538490743643717 ], [ -68.054201165942757, -16.538488032029377 ], [ -68.054198354715069, -16.538488019286419 ], [ -68.054198341503977, -16.538490730900758 ], [ -68.054184285365423, -16.538490667185386 ], [ -68.054184298576729, -16.53848795557105 ], [ -68.05417867612141, -16.538487930084639 ], [ -68.054178662910033, -16.538490641698964 ], [ -68.054128060811891, -16.538490412314406 ], [ -68.054128074023964, -16.538487700700127 ], [ -68.054122451568745, -16.538487675212195 ], [ -68.05411966676553, -16.538482239239631 ], [ -68.054114044310495, -16.53848221375149 ], [ -68.054114070735039, -16.538476790522946 ], [ -68.054116881962472, -16.538476803267038 ], [ -68.05411693481139, -16.538465956809929 ], [ -68.054122570478114, -16.538463270683696 ], [ -68.054122583690244, -16.538460559069399 ], [ -68.054125394917463, -16.53846057181336 ], [ -68.054128232568786, -16.538455161328713 ], [ -68.054139477477378, -16.538455212304001 ], [ -68.054139464265489, -16.538457923918301 ], [ -68.054145086719885, -16.538457949405728 ], [ -68.054145073508039, -16.538460661020022 ], [ -68.054156318417014, -16.538460711994421 ], [ -68.054156305205339, -16.538463423608736 ], [ -68.054167550114499, -16.538463474582542 ], [ -68.054167563326018, -16.538460762968214 ], [ -68.054173185780527, -16.538460788454884 ], [ -68.054173198991961, -16.538458076840563 ], [ -68.054187255128099, -16.538458140556568 ], [ -68.054187228705629, -16.538463563785236 ], [ -68.054190039932934, -16.538463576528329 ], [ -68.054189987088137, -16.538474422985658 ], [ -68.054192798315597, -16.538474435728723 ], [ -68.054192785104433, -16.538477147343063 ], [ -68.054195596331951, -16.538477160086089 ], [ -68.054195622754207, -16.53847173685741 ], [ -68.054198433981654, -16.53847174960039 ], [ -68.054198473614903, -16.538463614757376 ], [ -68.054201284842222, -16.538463627500317 ], [ -68.054201298053258, -16.538460915885963 ], [ -68.054232221553534, -16.538461056055784 ], [ -68.054232234764157, -16.538458344441413 ], [ -68.054240668445985, -16.538458382668743 ], [ -68.054240681656466, -16.538455671054368 ], [ -68.054251926565456, -16.538455722023595 ] ] ] } },
{ "type": "Feature", "properties": { "id": 25, "instance": 38, "mean_prob": 0.943, "area_m2": 69.7, "rgb_split": true, "needs_review": true, "split_confidence": "medium" }, "geometry": { "type": "Polygon", "coordinates": [ [ [ -68.055823600810768, -16.538422164781505 ], [ -68.055823587622413, -16.538424876397137 ], [ -68.055826398850499, -16.538424889118151 ], [ -68.055826385662186, -16.53842760073378 ], [ -68.055823574434072, -16.538427588012759 ], [ -68.055823534868992, -16.538435722859635 ], [ -68.055829157325491, -16.538435748301655 ], [ -68.05583194217725, -16.538441184253863 ], [ -68.055834753405577, -16.538441196974784 ], [ -68.055834766593776, -16.538438485359155 ], [ -68.055860067648482, -16.53843859984568 ], [ -68.055860054460638, -16.538441311461327 ], [ -68.055865676917335, -16.538441336902366 ], [ -68.055862786562059, -16.538457593875787 ], [ -68.055865597790643, -16.5384576065963 ], [ -68.055865545039453, -16.538468453058893 ], [ -68.055868356268221, -16.538468465779381 ], [ -68.055868329892689, -16.538473889010692 ], [ -68.055871141121514, -16.538473901731141 ], [ -68.055871127933798, -16.538476613346788 ], [ -68.055865492288234, -16.538479299521487 ], [ -68.055865479100419, -16.53848201113713 ], [ -68.055840178040029, -16.538481896650968 ], [ -68.055839980217257, -16.538522570885281 ], [ -68.055797811774866, -16.538522380067697 ], [ -68.05579779858607, -16.538525091683287 ], [ -68.055786553668042, -16.53852504079715 ], [ -68.05578656685698, -16.538522329181571 ], [ -68.05578375562753, -16.538522316459943 ], [ -68.055783808383453, -16.538511469997658 ], [ -68.055786619612761, -16.538511482719276 ], [ -68.055786659179574, -16.538503347872542 ], [ -68.05578384795038, -16.538503335150931 ], [ -68.055783874328313, -16.538497911919777 ], [ -68.055781063099204, -16.538497899198134 ], [ -68.055781115855197, -16.538487052735825 ], [ -68.055786751502026, -16.538484366563477 ], [ -68.055786777879845, -16.538478943332304 ], [ -68.055789589108684, -16.538478956053854 ], [ -68.05578968143071, -16.538459974744733 ], [ -68.055786870202141, -16.53845996202319 ], [ -68.055786896579932, -16.538454538792006 ], [ -68.055784085351448, -16.538454526070435 ], [ -68.055784124918219, -16.538446391223669 ], [ -68.055792558603315, -16.538446429388252 ], [ -68.055798233814926, -16.538435608368705 ], [ -68.055812289956052, -16.538435671975154 ], [ -68.055812329521586, -16.538427537128296 ], [ -68.055806707065372, -16.538427511685846 ], [ -68.055809544670566, -16.538422101175861 ], [ -68.055823600810768, -16.538422164781505 ] ] ] } },
{ "type": "Feature", "properties": { "id": 26, "instance": 42, "mean_prob": 0.928, "area_m2": 33.5, "rgb_split": true, "needs_review": true, "split_confidence": "medium" }, "geometry": { "type": "Polygon", "coordinates": [ [ [ -68.055930374730792, -16.538433494616303 ], [ -68.055930361543929, -16.53843620623201 ], [ -68.055933172772257, -16.538436218951595 ], [ -68.055933106838097, -16.538449777030152 ], [ -68.055930295609556, -16.538449764310549 ], [ -68.055930269235787, -16.538455187541949 ], [ -68.055933080464413, -16.538455200261556 ], [ -68.055932988156414, -16.538474181571484 ], [ -68.055930176927546, -16.538474168851863 ], [ -68.055930097806083, -16.538490438546045 ], [ -68.055932909035192, -16.538490451265673 ], [ -68.055932698044842, -16.538533837116724 ], [ -68.055929886815093, -16.538533824397057 ], [ -68.055929873628131, -16.538536536012739 ], [ -68.055918628709009, -16.53853648513369 ], [ -68.055918641896113, -16.538533773518012 ], [ -68.055924264355596, -16.538533798957609 ], [ -68.05592427754263, -16.538531087341934 ], [ -68.055927088772336, -16.538531100061675 ], [ -68.055927273389997, -16.538493137442064 ], [ -68.055924462160846, -16.538493124722358 ], [ -68.055924488534842, -16.538487701490975 ], [ -68.055921677305761, -16.538487688771237 ], [ -68.055921690492809, -16.538484977155548 ], [ -68.055896389431595, -16.538484862676185 ], [ -68.055896376244206, -16.53848757429185 ], [ -68.055893565015154, -16.538487561571728 ], [ -68.055893551827737, -16.538490273187392 ], [ -68.055887916182058, -16.538492959362689 ], [ -68.055887942557078, -16.53848753613137 ], [ -68.05588513132804, -16.538487523411138 ], [ -68.055885302765873, -16.538452272407497 ], [ -68.055882491537346, -16.538452259687247 ], [ -68.05588257066259, -16.538435989993239 ], [ -68.055885381890889, -16.538436002713468 ], [ -68.055885395078377, -16.538433291097796 ], [ -68.055930374730792, -16.538433494616303 ] ] ] } },
{ "type": "Feature", "properties": { "id": 27, "instance": 43, "mean_prob": 0.972, "area_m2": 21.5, "rgb_split": true, "needs_review": true, "split_confidence": "medium" }, "geometry": { "type": "Polygon", "coordinates": [ [ [ -68.055921690492809, -16.538484977155548 ], [ -68.055921677305761, -16.538487688771237 ], [ -68.055924488534842, -16.538487701490975 ], [ -68.055924462160846, -16.538493124722358 ], [ -68.055927273389997, -16.538493137442064 ], [ -68.055927088772336, -16.538531100061675 ], [ -68.05592427754263, -16.538531087341934 ], [ -68.055924264355596, -16.538533798957609 ], [ -68.055918641896113, -16.538533773518012 ], [ -68.055918628709009, -16.53853648513369 ], [ -68.055893327641115, -16.538536370653606 ], [ -68.055893340828575, -16.538533659037945 ], [ -68.055890529598869, -16.538533646317752 ], [ -68.055890674661285, -16.538503818545536 ], [ -68.055887863432005, -16.538503805825329 ], [ -68.055887916182058, -16.538492959362689 ], [ -68.055893551827737, -16.538490273187392 ], [ -68.055893565015154, -16.538487561571728 ], [ -68.055896376244206, -16.53848757429185 ], [ -68.055896389431595, -16.538484862676185 ], [ -68.055921690492809, -16.538484977155548 ] ] ] } },
{ "type": "Feature", "properties": { "id": 28, "instance": 44, "mean_prob": 0.956, "area_m2": 98.8, "rgb_split": true, "needs_review": true, "split_confidence": "high" }, "geometry": { "type": "Polygon", "coordinates": [ [ [ -68.05615801831236, -16.53844808285945 ], [ -68.056158005128665, -16.538450794475331 ], [ -68.056160816357391, -16.538450807191865 ], [ -68.056160763622728, -16.5384616536554 ], [ -68.056163574851624, -16.538461666371898 ], [ -68.056163495749786, -16.538477936067199 ], [ -68.056169118208047, -16.538477961500121 ], [ -68.056169131391627, -16.538475249884232 ], [ -68.056191621224443, -16.53847535161437 ], [ -68.056191608041203, -16.538478063230276 ], [ -68.056202852957838, -16.538478114094442 ], [ -68.056202839774727, -16.538480825710348 ], [ -68.056208449050118, -16.53848356275812 ], [ -68.056208435867092, -16.538486274374044 ], [ -68.056211247096385, -16.538486287089924 ], [ -68.056211220730404, -16.53849171032175 ], [ -68.056214031959769, -16.538491723037595 ], [ -68.056214005593858, -16.538497146269425 ], [ -68.056216816823309, -16.538497158985237 ], [ -68.056216803640382, -16.538499870601154 ], [ -68.056219614869889, -16.538499883316931 ], [ -68.05621960168699, -16.538502594932854 ], [ -68.056225224146061, -16.538502620364294 ], [ -68.05622800901007, -16.538508056311805 ], [ -68.056233631469311, -16.538508081743025 ], [ -68.056233618286612, -16.538510793358959 ], [ -68.056236429516275, -16.538510806074516 ], [ -68.056236403150962, -16.538516229306374 ], [ -68.056239214380696, -16.538516242021899 ], [ -68.056239108919655, -16.538537934949307 ], [ -68.056236297689594, -16.538537922233772 ], [ -68.056236258141539, -16.538546057081533 ], [ -68.056219390760546, -16.53854598078745 ], [ -68.056219377577619, -16.53854869240336 ], [ -68.056194076505932, -16.538548577959656 ], [ -68.05619406332265, -16.538551289575537 ], [ -68.056163139790428, -16.53855114969571 ], [ -68.056163152974136, -16.53854843807985 ], [ -68.056157530513843, -16.538548412646669 ], [ -68.056157556881416, -16.538542989414957 ], [ -68.056151947605159, -16.538540252365777 ], [ -68.056151973972874, -16.538534829134054 ], [ -68.056154785202821, -16.538534841850733 ], [ -68.05615485112186, -16.538521283771431 ], [ -68.056152039892126, -16.538521271054766 ], [ -68.056152053075962, -16.538518559438909 ], [ -68.056146443800472, -16.538515822389613 ], [ -68.056146456984379, -16.538513110773753 ], [ -68.056138023295532, -16.538513072623328 ], [ -68.056138010111496, -16.538515784239177 ], [ -68.056132387652184, -16.538515758805367 ], [ -68.056132374468078, -16.538518470421213 ], [ -68.056123940779003, -16.538518432270205 ], [ -68.056121155917879, -16.538512996321455 ], [ -68.056118344688272, -16.538512983604338 ], [ -68.056118357872577, -16.5385102719885 ], [ -68.05611274859784, -16.538507534938329 ], [ -68.056110016474804, -16.538491252526118 ], [ -68.056107205245524, -16.53849123980887 ], [ -68.056107363458679, -16.538458700418825 ], [ -68.056104552229868, -16.538458687701571 ], [ -68.056104565414316, -16.538455976085718 ], [ -68.056107376643084, -16.538455988802976 ], [ -68.056107389827503, -16.538453277187134 ], [ -68.056129879657391, -16.538453378923794 ], [ -68.056129892841483, -16.538450667307938 ], [ -68.056152382671215, -16.538450769042154 ], [ -68.05615239585498, -16.538448057426272 ], [ -68.05615801831236, -16.53844808285945 ] ] ] } },
{ "type": "Feature", "properties": { "id": 29, "instance": 29, "mean_prob": 0.94, "area_m2": 18.3, "rgb_split": true, "needs_review": true, "split_confidence": "medium" }, "geometry": { "type": "Polygon", "coordinates": [ [ [ -68.053984727847066, -16.538481627482369 ], [ -68.053984714633003, -16.538484339096538 ], [ -68.053990337087882, -16.538484364588172 ], [ -68.053990310659884, -16.53848978781652 ], [ -68.053995919901013, -16.538492524922184 ], [ -68.05399585383131, -16.538506082993049 ], [ -68.053998665059098, -16.538506095738754 ], [ -68.053998651845177, -16.538508807352926 ], [ -68.053995840617375, -16.538508794607221 ], [ -68.053995827403426, -16.538511506221386 ], [ -68.053998638631271, -16.538511518967095 ], [ -68.053998572561682, -16.538525077037946 ], [ -68.053995761333638, -16.538525064292227 ], [ -68.053995708477771, -16.538535910748891 ], [ -68.053992897249557, -16.538535898003129 ], [ -68.053990059593261, -16.538541308485645 ], [ -68.053976003451893, -16.538541244756047 ], [ -68.053975990237646, -16.538543956370205 ], [ -68.053970367781034, -16.538543930878099 ], [ -68.053970447067002, -16.538527661193225 ], [ -68.053967635838944, -16.538527648447129 ], [ -68.053967820839702, -16.538489685849047 ], [ -68.05397063206722, -16.538489698595111 ], [ -68.053973469723218, -16.538484288112819 ], [ -68.053981903405543, -16.538484326350666 ], [ -68.053981916619676, -16.538481614736501 ], [ -68.053984727847066, -16.538481627482369 ] ] ] } },
{ "type": "Feature", "properties": { "id": 30, "instance": 27, "mean_prob": 0.879, "area_m2": 43.7, "rgb_split": true, "needs_review": true, "split_confidence": "medium" }, "geometry": { "type": "Polygon", "coordinates": [ [ [ -68.054007336590217, -16.538457324920259 ], [ -68.054007323376467, -16.538460036534449 ], [ -68.054010134603587, -16.538460049279958 ], [ -68.054010108176172, -16.538465472508356 ], [ -68.054012919403363, -16.538465485253838 ], [ -68.054012906189683, -16.538468196868031 ], [ -68.054018528644164, -16.538468222358876 ], [ -68.054018502216977, -16.538473645587271 ], [ -68.054012879762325, -16.538473620096408 ], [ -68.054012892976019, -16.538470908482221 ], [ -68.054010081748729, -16.538470895736737 ], [ -68.054012760839115, -16.538498024624126 ], [ -68.054009949611441, -16.538498011878623 ], [ -68.054009883542705, -16.538511569949538 ], [ -68.054007072314846, -16.538511557203986 ], [ -68.054007032673454, -16.538519692046524 ], [ -68.054009843901426, -16.538519704792087 ], [ -68.054009804260133, -16.538527839634611 ], [ -68.054012615488233, -16.538527852380145 ], [ -68.054012509778318, -16.538549545293559 ], [ -68.054009698549891, -16.538549532548007 ], [ -68.054009685336098, -16.53855224416218 ], [ -68.053995629193878, -16.538552180433864 ], [ -68.0539956159799, -16.538554892048019 ], [ -68.053987182294463, -16.538554853810574 ], [ -68.053987169080372, -16.538557565424732 ], [ -68.053984357851846, -16.538557552678835 ], [ -68.053984371065994, -16.538554841064677 ], [ -68.053973126152144, -16.538554790080731 ], [ -68.053970367781034, -16.538543930878099 ], [ -68.053975990237646, -16.538543956370205 ], [ -68.053976003451893, -16.538541244756047 ], [ -68.053990059593261, -16.538541308485645 ], [ -68.053992897249557, -16.538535898003129 ], [ -68.053995708477771, -16.538535910748891 ], [ -68.053995761333638, -16.538525064292227 ], [ -68.053998572561682, -16.538525077037946 ], [ -68.053998638631271, -16.538511518967095 ], [ -68.053995827403426, -16.538511506221386 ], [ -68.053995840617375, -16.538508794607221 ], [ -68.053998651845177, -16.538508807352926 ], [ -68.053998665059098, -16.538506095738754 ], [ -68.05399585383131, -16.538506082993049 ], [ -68.053995919901013, -16.538492524922184 ], [ -68.053990310659884, -16.53848978781652 ], [ -68.053990337087882, -16.538484364588172 ], [ -68.053984714633003, -16.538484339096538 ], [ -68.053984727847066, -16.538481627482369 ], [ -68.053981916619676, -16.538481614736501 ], [ -68.053981903405543, -16.538484326350666 ], [ -68.053973469723218, -16.538484288112819 ], [ -68.053973456508984, -16.538486999726977 ], [ -68.05397064528151, -16.538486986980949 ], [ -68.053967807625384, -16.538492397463198 ], [ -68.053953751487654, -16.538492333732293 ], [ -68.053953764702186, -16.538489622118142 ], [ -68.053939708564712, -16.538489558386299 ], [ -68.053939721779429, -16.538486846772159 ], [ -68.053931288097104, -16.5384868085326 ], [ -68.053931367386042, -16.538470538847836 ], [ -68.053934178613247, -16.538470551594383 ], [ -68.053934205042793, -16.53846512836612 ], [ -68.053937016269927, -16.538465141112617 ], [ -68.053937042699388, -16.538459717884344 ], [ -68.053939853926437, -16.538459730630798 ], [ -68.053939867141125, -16.538457019016665 ], [ -68.054007336590217, -16.538457324920259 ] ] ] } },
{ "type": "Feature", "properties": { "id": 31, "instance": 30, "mean_prob": 0.921, "area_m2": 48.1, "rgb_split": true, "needs_review": true, "split_confidence": "medium" }, "geometry": { "type": "Polygon", "coordinates": [ [ [ -68.053984371065994, -16.538554841064677 ], [ -68.053984344637698, -16.538560264292979 ], [ -68.05398995388073, -16.538563001398888 ], [ -68.053992738681245, -16.538568437373016 ], [ -68.053995549909914, -16.538568450118802 ], [ -68.053995536695908, -16.538571161732968 ], [ -68.054015215296971, -16.538571250952455 ], [ -68.054015202083235, -16.53857396256662 ], [ -68.054023635769553, -16.538574000802981 ], [ -68.054023622555945, -16.538576712417157 ], [ -68.054029245013581, -16.538576737907874 ], [ -68.054029231800044, -16.53857944952205 ], [ -68.054032043028897, -16.538579462267361 ], [ -68.054032003388386, -16.538587597109903 ], [ -68.054034814617367, -16.538587609855178 ], [ -68.054034788190421, -16.538593033083536 ], [ -68.054031976961369, -16.538593020338254 ], [ -68.054031884466696, -16.538612001637482 ], [ -68.054029073237373, -16.53861198889215 ], [ -68.054028993955896, -16.538628258577162 ], [ -68.054026182726318, -16.538628245831777 ], [ -68.054026156299074, -16.538633669060101 ], [ -68.05400928892125, -16.538633592586972 ], [ -68.054009302135114, -16.538630880972825 ], [ -68.054000868446352, -16.53863084273576 ], [ -68.054000881660329, -16.538628131121612 ], [ -68.053984027497336, -16.538625343032344 ], [ -68.053984040711555, -16.5386226314182 ], [ -68.053969984564318, -16.538622567687899 ], [ -68.053969997778722, -16.538619856073776 ], [ -68.053961564090557, -16.538619817835148 ], [ -68.053961577305074, -16.538617106221036 ], [ -68.053958766075723, -16.538617093474752 ], [ -68.053958845363013, -16.538600823790055 ], [ -68.053961656592136, -16.538600836536332 ], [ -68.053961722664624, -16.53858727846572 ], [ -68.053964533893534, -16.538587291211943 ], [ -68.053964560322427, -16.538581867983684 ], [ -68.053967371551281, -16.538581880729861 ], [ -68.053967411194492, -16.538573745887476 ], [ -68.053970222423231, -16.538573758633607 ], [ -68.053970275280648, -16.538562912177063 ], [ -68.053975910952076, -16.538560226055058 ], [ -68.053975937380599, -16.538554802826773 ], [ -68.053984371065994, -16.538554841064677 ] ] ] } },
{ "type": "Feature", "properties": { "id": 32, "instance": 51, "mean_prob": 0.81, "area_m2": 12.5, "rgb_split": false, "needs_review": false, "split_confidence": "unsplit" }, "geometry": { "type": "Polygon", "coordinates": [ [ [ -68.054855627576131, -16.5386048879299 ], [ -68.054855614374105, -16.538607599544719 ], [ -68.054858425604053, -16.538607612278913 ], [ -68.054858385998102, -16.53861574712338 ], [ -68.054852750335911, -16.538618433269757 ], [ -68.054852723931759, -16.538623856499385 ], [ -68.054847088269241, -16.538626542645588 ], [ -68.054847061864933, -16.538631965875208 ], [ -68.054844250634645, -16.53863195314084 ], [ -68.054844224230237, -16.538637376370446 ], [ -68.054841412999878, -16.538637363636042 ], [ -68.054841360190863, -16.538648210095243 ], [ -68.054821681577295, -16.538648120953269 ], [ -68.054821853210001, -16.538612869961014 ], [ -68.054830286899985, -16.538612908164861 ], [ -68.05483027369759, -16.538615619779669 ], [ -68.054833084927637, -16.538615632514208 ], [ -68.054833098129976, -16.538612920899403 ], [ -68.054838733792252, -16.538610234753563 ], [ -68.054838760196759, -16.53860481152395 ], [ -68.054855627576131, -16.5386048879299 ] ] ] } },
{ "type": "Feature", "properties": { "id": 33, "instance": 50, "mean_prob": 0.777, "area_m2": 13.5, "rgb_split": false, "needs_review": false, "split_confidence": "unsplit" }, "geometry": { "type": "Polygon", "coordinates": [ [ [ -68.053705847970903, -16.538596964856733 ], [ -68.053705834752833, -16.538599676470653 ], [ -68.053719890897312, -16.538599740218665 ], [ -68.053719877679441, -16.538602451832592 ], [ -68.053728311366271, -16.538602490080955 ], [ -68.053728298148499, -16.538605201694885 ], [ -68.053731109377495, -16.538605214444271 ], [ -68.053731082942036, -16.538610637672146 ], [ -68.05372827171297, -16.538610624922761 ], [ -68.053728258495198, -16.538613336536692 ], [ -68.05372263603698, -16.53861331103781 ], [ -68.053722556729824, -16.538629580721373 ], [ -68.053719745500487, -16.538629567971856 ], [ -68.0537197851542, -16.538621433130082 ], [ -68.053714175913754, -16.538618696017032 ], [ -68.053714189131711, -16.538615984403116 ], [ -68.053708566673464, -16.538615958903847 ], [ -68.053708553455408, -16.538618670517764 ], [ -68.053705742226228, -16.538618657768065 ], [ -68.053705715790045, -16.538624080995902 ], [ -68.05371132503052, -16.538626818109176 ], [ -68.053711258940382, -16.538640376178748 ], [ -68.053708447710903, -16.538640363429078 ], [ -68.053708421274749, -16.53864578665689 ], [ -68.05370278559748, -16.538648472771328 ], [ -68.05370277237931, -16.538651184385238 ], [ -68.053697149920055, -16.53865115888561 ], [ -68.053697163138281, -16.538648447271708 ], [ -68.053694351908703, -16.538648434521832 ], [ -68.053694378345256, -16.538643011294038 ], [ -68.053691567115735, -16.538642998544134 ], [ -68.053691646425563, -16.538626728860741 ], [ -68.053694457654842, -16.538626741610631 ], [ -68.053694589837278, -16.538599625471559 ], [ -68.053697401066174, -16.538599638221388 ], [ -68.053697414284358, -16.538596926607479 ], [ -68.053705847970903, -16.538596964856733 ] ] ] } },
{ "type": "Feature", "properties": { "id": 34, "instance": 45, "mean_prob": 0.935, "area_m2": 208.7, "rgb_split": true, "needs_review": true, "split_confidence": "high" }, "geometry": { "type": "Polygon", "coordinates": [ [ [ -68.056146456984379, -16.538513110773753 ], [ -68.056146443800472, -16.538515822389613 ], [ -68.056149255030135, -16.538515835106352 ], [ -68.056152039892126, -16.538521271054766 ], [ -68.05615485112186, -16.538521283771431 ], [ -68.056154785202821, -16.538534841850733 ], [ -68.056146351512993, -16.538534803700589 ], [ -68.056146364696914, -16.53853209208474 ], [ -68.056143553467024, -16.538532079367954 ], [ -68.056143513915103, -16.538540214215505 ], [ -68.056137878271031, -16.538542900397655 ], [ -68.056137785982543, -16.538561881708542 ], [ -68.056146219673522, -16.538561919859085 ], [ -68.056146206489572, -16.538564631474927 ], [ -68.056151828950306, -16.538564656908438 ], [ -68.056151815766427, -16.538567368524294 ], [ -68.056160249457676, -16.538567406674282 ], [ -68.056163034320647, -16.538572842622585 ], [ -68.056165845551135, -16.538572855339137 ], [ -68.056165858734843, -16.53857014372328 ], [ -68.056168669965317, -16.538570156439793 ], [ -68.056168696332605, -16.538564733208073 ], [ -68.056174318793381, -16.538564758640977 ], [ -68.056174331976962, -16.538562047025113 ], [ -68.056196821819867, -16.538562148755211 ], [ -68.056196808636628, -16.538564860371093 ], [ -68.056199619867044, -16.538564873087182 ], [ -68.056199553950933, -16.538578431166606 ], [ -68.056202365181548, -16.538578443882674 ], [ -68.056202351998365, -16.538581155498566 ], [ -68.05621640815167, -16.538581219078345 ], [ -68.056216394968658, -16.538583930694234 ], [ -68.056224828660802, -16.538583968841653 ], [ -68.056224815477918, -16.538586680457552 ], [ -68.056244494093235, -16.538586769466882 ], [ -68.056244507275849, -16.538584057850969 ], [ -68.056247318506578, -16.538584070566433 ], [ -68.056247305324007, -16.538586782182353 ], [ -68.056252927785565, -16.538586807613175 ], [ -68.056252875055591, -16.53859765407686 ], [ -68.056250063824663, -16.538597641361459 ], [ -68.056250011094491, -16.538608487825126 ], [ -68.056252822325575, -16.538608500540533 ], [ -68.056252743230473, -16.538624770236019 ], [ -68.056255554461799, -16.538624782951405 ], [ -68.056255541279313, -16.538627494567319 ], [ -68.056258352510682, -16.538627507282666 ], [ -68.056258339328238, -16.538630218898582 ], [ -68.056263948608688, -16.538632955945094 ], [ -68.056263922243943, -16.538638379176938 ], [ -68.056266733475468, -16.538638391892178 ], [ -68.056266720293124, -16.538641103508095 ], [ -68.056272329574014, -16.538643840554393 ], [ -68.056272316391755, -16.538646552170317 ], [ -68.056283561318409, -16.538646603030635 ], [ -68.056283482225695, -16.538662872726217 ], [ -68.056272237298103, -16.538662821865842 ], [ -68.056272250480376, -16.538660110249918 ], [ -68.056258194321131, -16.538660046673616 ], [ -68.056258181138659, -16.538662758289522 ], [ -68.056238502515541, -16.538662669281081 ], [ -68.056235717649272, -16.538657233333652 ], [ -68.05622728395393, -16.538657195186513 ], [ -68.056227270771018, -16.538659906802401 ], [ -68.056224459539209, -16.538659894086603 ], [ -68.056224393624419, -16.538673452166002 ], [ -68.056221582392425, -16.538673439450161 ], [ -68.056221569209413, -16.538676151066046 ], [ -68.056201890585157, -16.53867606205408 ], [ -68.056201877401875, -16.53867877366994 ], [ -68.056176576313376, -16.538678659223237 ], [ -68.056176563129739, -16.538681370839072 ], [ -68.056154073273134, -16.538681269106082 ], [ -68.056154086457099, -16.538678557490265 ], [ -68.056137219064979, -16.538678481188946 ], [ -68.056137232249156, -16.538675769573143 ], [ -68.056134421017191, -16.538675756856122 ], [ -68.056134460569837, -16.538667622008692 ], [ -68.056131649337985, -16.538667609291647 ], [ -68.056131754811915, -16.538645916365173 ], [ -68.05612894358039, -16.538645903648099 ], [ -68.056129062238725, -16.53862149910579 ], [ -68.056123452960691, -16.538618762055759 ], [ -68.056120615360825, -16.53862417257022 ], [ -68.056114992898401, -16.538624147135781 ], [ -68.056114979713968, -16.538626858751581 ], [ -68.056106546020231, -16.538626820599628 ], [ -68.056106559204807, -16.538624108983832 ], [ -68.056100949927043, -16.538621371933218 ], [ -68.056100963111689, -16.538618660317418 ], [ -68.056095353834181, -16.538615923266665 ], [ -68.056092568972616, -16.538610487317548 ], [ -68.056089757741631, -16.538610474599981 ], [ -68.056089823665531, -16.538596916521033 ], [ -68.056087012434745, -16.538596903803434 ], [ -68.056087038804378, -16.538591480571846 ], [ -68.056084227573663, -16.538591467854214 ], [ -68.056084267128199, -16.538583333006855 ], [ -68.056081455897612, -16.538583320289192 ], [ -68.056081561376587, -16.538561627362853 ], [ -68.056084372606861, -16.538561640080498 ], [ -68.056084451715748, -16.538545370385705 ], [ -68.05608726294578, -16.538545383103298 ], [ -68.056087289315315, -16.538539959871692 ], [ -68.056090100545291, -16.538539972589245 ], [ -68.056090113730008, -16.538537260973431 ], [ -68.056095736189874, -16.538537286408413 ], [ -68.056095749374506, -16.5385345747926 ], [ -68.056101371834302, -16.538534600227429 ], [ -68.056101358649727, -16.538537311843246 ], [ -68.056109792339569, -16.538537349995213 ], [ -68.056109805524002, -16.538534638379382 ], [ -68.056115427983826, -16.538534663813831 ], [ -68.05611545435255, -16.538529240582179 ], [ -68.056118265582384, -16.538529253299345 ], [ -68.056118278766704, -16.538526541683513 ], [ -68.056126712456106, -16.53852657983477 ], [ -68.056126752008694, -16.538518444987247 ], [ -68.056132374468078, -16.538518470421213 ], [ -68.056132387652184, -16.538515758805367 ], [ -68.056138010111496, -16.538515784239177 ], [ -68.056138023295532, -16.538513072623328 ], [ -68.056146456984379, -16.538513110773753 ] ], [ [ -68.056168656781651, -16.538572868055656 ], [ -68.056165845551135, -16.538572855339137 ], [ -68.056165832367455, -16.538575566954997 ], [ -68.056168643597999, -16.538575579671516 ], [ -68.056168656781651, -16.538572868055656 ] ] ] } },
{ "type": "Feature", "properties": { "id": 35, "instance": 48, "mean_prob": 0.973, "area_m2": 248.3, "rgb_split": false, "needs_review": false, "split_confidence": "unsplit" }, "geometry": { "type": "Polygon", "coordinates": [ [ [ -68.055238311175302, -16.538533405823902 ], [ -68.055238192405653, -16.538557810360139 ], [ -68.055241003635189, -16.538557823089143 ], [ -68.055240924455561, -16.538574092779943 ], [ -68.055243735685323, -16.538574105508918 ], [ -68.055246388556512, -16.538606657619447 ], [ -68.055249199786758, -16.538606670348379 ], [ -68.055249120607556, -16.538622940039144 ], [ -68.055251931838029, -16.538622952768051 ], [ -68.05525186585551, -16.538636510843688 ], [ -68.055254677086197, -16.53863652357256 ], [ -68.055254373566626, -16.538698890720287 ], [ -68.055251562335044, -16.538698877991358 ], [ -68.055251549138475, -16.538701589606458 ], [ -68.055234681748786, -16.538701513232084 ], [ -68.055234694945568, -16.538698801616992 ], [ -68.055223450019312, -16.538698750699989 ], [ -68.055223436822345, -16.538701462315071 ], [ -68.055198135738038, -16.538701347749591 ], [ -68.05519812254073, -16.538704059364651 ], [ -68.055150331603585, -16.538703842954771 ], [ -68.055150318405595, -16.538706554569803 ], [ -68.055130639784352, -16.538706465456656 ], [ -68.055130652982612, -16.538703753841638 ], [ -68.055125030519505, -16.538703728380401 ], [ -68.055125083312845, -16.538692881920372 ], [ -68.055127894544242, -16.538692894651 ], [ -68.055127920940819, -16.538687471420975 ], [ -68.055125109709508, -16.538687458690351 ], [ -68.055125294485848, -16.538649496080122 ], [ -68.055122483255076, -16.538649483349488 ], [ -68.055122681229761, -16.538608809124117 ], [ -68.055119869999587, -16.538608796393483 ], [ -68.055120107569181, -16.538559987322866 ], [ -68.055117296339716, -16.538559974592221 ], [ -68.055120160362321, -16.538549140862699 ], [ -68.055122971591629, -16.538549153593284 ], [ -68.055122984789875, -16.53854644197823 ], [ -68.05512860724842, -16.538546467439282 ], [ -68.055131444873936, -16.538541056939657 ], [ -68.055137067332339, -16.538541082400471 ], [ -68.055137080530386, -16.538538370785414 ], [ -68.055145514217898, -16.538538408976351 ], [ -68.055145527415817, -16.53853569736129 ], [ -68.055193318311495, -16.538535913770136 ], [ -68.055193331508747, -16.538533202155023 ], [ -68.055238311175302, -16.538533405823902 ] ] ] } },
{ "type": "Feature", "properties": { "id": 36, "instance": 56, "mean_prob": 0.914, "area_m2": 33.6, "rgb_split": false, "needs_review": false, "split_confidence": "unsplit" }, "geometry": { "type": "Polygon", "coordinates": [ [ [ -68.055774781183743, -16.538633454532391 ], [ -68.055777566036468, -16.538638890485302 ], [ -68.05578037726761, -16.538638903207094 ], [ -68.055780139862819, -16.53868771228667 ], [ -68.05578295109467, -16.538687725008472 ], [ -68.055782819203159, -16.538714841163713 ], [ -68.05578000797091, -16.538714828441893 ], [ -68.055779994781716, -16.538717540057412 ], [ -68.0557490712267, -16.538717400114852 ], [ -68.055749084416348, -16.538714688499365 ], [ -68.055743461951906, -16.538714663054776 ], [ -68.055743488331331, -16.538709239823788 ], [ -68.055740677099195, -16.538709227101446 ], [ -68.055740756237626, -16.538692957408497 ], [ -68.055752027544386, -16.538687585066601 ], [ -68.05575206711309, -16.53867945022008 ], [ -68.055749255881381, -16.538679437497873 ], [ -68.055749321829367, -16.53866587942035 ], [ -68.055746510597857, -16.538665866698114 ], [ -68.05574665568362, -16.538636038927518 ], [ -68.055749466914705, -16.538636051649728 ], [ -68.055749480104254, -16.538633340034217 ], [ -68.05575229133531, -16.538633352756388 ], [ -68.055752278145775, -16.5386360643719 ], [ -68.055771956763422, -16.538636153426054 ], [ -68.055771969952673, -16.538633441810525 ], [ -68.055774781183743, -16.538633454532391 ] ] ] } },
{ "type": "Feature", "properties": { "id": 37, "instance": 52, "mean_prob": 0.946, "area_m2": 31.1, "rgb_split": true, "needs_review": true, "split_confidence": "medium" }, "geometry": { "type": "Polygon", "coordinates": [ [ [ -68.055951822811991, -16.53864781401213 ], [ -68.055951809625242, -16.538650525627798 ], [ -68.055968677014022, -16.538650601943985 ], [ -68.055968479216048, -16.538691276179144 ], [ -68.055965667983983, -16.53869126345985 ], [ -68.055965641610811, -16.538696686691182 ], [ -68.055968452842933, -16.53869669941049 ], [ -68.055968307790693, -16.538726527182824 ], [ -68.055957062860429, -16.538726476305275 ], [ -68.055954278001423, -16.538721040354488 ], [ -68.055943033071529, -16.538720989476197 ], [ -68.055943046258449, -16.538718277860557 ], [ -68.055937423793594, -16.538718252421187 ], [ -68.055937436980614, -16.538715540805544 ], [ -68.055934625748222, -16.538715528085806 ], [ -68.055934612561174, -16.538718239701449 ], [ -68.055923367631507, -16.538718188822106 ], [ -68.055923380818712, -16.538715477206477 ], [ -68.055917758353971, -16.538715451766585 ], [ -68.055917771541246, -16.538712740150952 ], [ -68.055912149076605, -16.538712714710915 ], [ -68.055912188638644, -16.538704579864046 ], [ -68.055917811103058, -16.538704605304073 ], [ -68.055917824290347, -16.538701893688447 ], [ -68.055926257986869, -16.538701931848198 ], [ -68.055926244799707, -16.538704643463831 ], [ -68.055929056031928, -16.538704656183668 ], [ -68.055929016470586, -16.53871279103058 ], [ -68.05593463893527, -16.538712816470163 ], [ -68.055934652122303, -16.538710104854523 ], [ -68.055940287773865, -16.538707418678307 ], [ -68.055940327334739, -16.538699283831363 ], [ -68.055937516102588, -16.538699271111678 ], [ -68.055937542476556, -16.538693847880388 ], [ -68.055934731244491, -16.538693835160668 ], [ -68.055934823553599, -16.538674853851138 ], [ -68.055932012321804, -16.538674841131396 ], [ -68.05593205188292, -16.538666706284442 ], [ -68.055934863114601, -16.53866671900418 ], [ -68.055934955423538, -16.538647737694596 ], [ -68.055951822811991, -16.53864781401213 ] ] ] } },
{ "type": "Feature", "properties": { "id": 38, "instance": 53, "mean_prob": 0.946, "area_m2": 72.3, "rgb_split": true, "needs_review": true, "split_confidence": "medium" }, "geometry": { "type": "Polygon", "coordinates": [ [ [ -68.055932302436204, -16.538615185586963 ], [ -68.055932276062222, -16.538620608818292 ], [ -68.055935087293236, -16.538620621537987 ], [ -68.055934863114601, -16.53866671900418 ], [ -68.05593205188292, -16.538666706284442 ], [ -68.055932012321804, -16.538674841131396 ], [ -68.055934823553599, -16.538674853851138 ], [ -68.055934731244491, -16.538693835160668 ], [ -68.055937542476556, -16.538693847880388 ], [ -68.055937516102588, -16.538699271111678 ], [ -68.055940327334739, -16.538699283831363 ], [ -68.055940287773865, -16.538707418678307 ], [ -68.055934652122303, -16.538710104854523 ], [ -68.05593463893527, -16.538712816470163 ], [ -68.055929016470586, -16.53871279103058 ], [ -68.055929056031928, -16.538704656183668 ], [ -68.055926244799707, -16.538704643463831 ], [ -68.055926257986869, -16.538701931848198 ], [ -68.055917824290347, -16.538701893688447 ], [ -68.055917811103058, -16.538704605304073 ], [ -68.055912188638644, -16.538704579864046 ], [ -68.055912149076605, -16.538712714710915 ], [ -68.055917771541246, -16.538712740150952 ], [ -68.055917758353971, -16.538715451766585 ], [ -68.055923380818712, -16.538715477206477 ], [ -68.055923367631507, -16.538718188822106 ], [ -68.055934612561174, -16.538718239701449 ], [ -68.055934625748222, -16.538715528085806 ], [ -68.055937436980614, -16.538715540805544 ], [ -68.055937423793594, -16.538718252421187 ], [ -68.055943046258449, -16.538718277860557 ], [ -68.055943033071529, -16.538720989476197 ], [ -68.055954278001423, -16.538721040354488 ], [ -68.055954264814645, -16.538723751970139 ], [ -68.055957076047164, -16.538723764689621 ], [ -68.05595704967368, -16.538729187920936 ], [ -68.055951427208484, -16.538729162481928 ], [ -68.055951414021663, -16.538731874097575 ], [ -68.055942980323778, -16.538731835938776 ], [ -68.055942993510712, -16.538729124323137 ], [ -68.055937371045545, -16.538729098883749 ], [ -68.055937357858539, -16.538731810499385 ], [ -68.055934546625906, -16.538731797779629 ], [ -68.055934493877658, -16.53874264424217 ], [ -68.055931682644882, -16.538742631522371 ], [ -68.055931669457777, -16.538745343137997 ], [ -68.055895123431426, -16.538745177777148 ], [ -68.05589511024381, -16.538747889392752 ], [ -68.055886676545356, -16.538747851231637 ], [ -68.0558866897331, -16.538745139616047 ], [ -68.055881080455379, -16.538742402559528 ], [ -68.055881185957816, -16.538720709634777 ], [ -68.055892457262757, -16.538715337285193 ], [ -68.055892483638019, -16.538709914053975 ], [ -68.055889672405755, -16.53870990133364 ], [ -68.055889711968732, -16.53870176648682 ], [ -68.055886900736596, -16.53870175376645 ], [ -68.05588713811477, -16.538652944685428 ], [ -68.055889949346209, -16.538652957405755 ], [ -68.055890002096646, -16.538642110943268 ], [ -68.055892813327944, -16.53864212366355 ], [ -68.055892892453286, -16.538625853969783 ], [ -68.05589008122223, -16.538625841249512 ], [ -68.055890107597406, -16.538620418018258 ], [ -68.055892918828377, -16.538620430738526 ], [ -68.055892932015922, -16.538617719122893 ], [ -68.055912610632518, -16.538617808163686 ], [ -68.055912623819779, -16.538615096548039 ], [ -68.055932302436204, -16.538615185586963 ] ] ] } },
{ "type": "Feature", "properties": { "id": 39, "instance": 58, "mean_prob": 0.928, "area_m2": 40.9, "rgb_split": true, "needs_review": true, "split_confidence": "high" }, "geometry": { "type": "Polygon", "coordinates": [ [ [ -68.053966856187515, -16.538687633680379 ], [ -68.053966842972997, -16.53869034529448 ], [ -68.053978087894691, -16.538690396279168 ], [ -68.053978048251636, -16.538698531121497 ], [ -68.053980859482166, -16.538698543867579 ], [ -68.053980714124521, -16.538728371622753 ], [ -68.053975091662579, -16.53872834613049 ], [ -68.053975078448147, -16.538731057744581 ], [ -68.05397788967916, -16.538731070490734 ], [ -68.053977863250395, -16.53873649371894 ], [ -68.05398067448148, -16.538736506465057 ], [ -68.053980621624063, -16.538747352921447 ], [ -68.053977810392809, -16.538747340175327 ], [ -68.053977783964001, -16.538752763403508 ], [ -68.053980595195327, -16.538752776149639 ], [ -68.053980555552215, -16.538760910991922 ], [ -68.053944009543585, -16.53876074528921 ], [ -68.053943996328698, -16.538763456903276 ], [ -68.053938373865776, -16.538763431409976 ], [ -68.053935589064338, -16.538757995435144 ], [ -68.053932777832969, -16.538757982688402 ], [ -68.053932936413261, -16.538725443319677 ], [ -68.053930125182362, -16.538725430572924 ], [ -68.053933068563239, -16.538698327178988 ], [ -68.053930257332738, -16.538698314432263 ], [ -68.053930296977796, -16.538690179590041 ], [ -68.053933108208184, -16.538690192336762 ], [ -68.053933121423171, -16.538687480722697 ], [ -68.053966856187515, -16.538687633680379 ] ] ] } },
{ "type": "Feature", "properties": { "id": 40, "instance": 59, "mean_prob": 0.972, "area_m2": 101.2, "rgb_split": true, "needs_review": true, "split_confidence": "high" }, "geometry": { "type": "Polygon", "coordinates": [ [ [ -68.054020269565129, -16.538687875852226 ], [ -68.05402025635135, -16.538690587466366 ], [ -68.054048368656112, -16.538690714919767 ], [ -68.05404835544276, -16.538693426533936 ], [ -68.054104580053789, -16.538693681429429 ], [ -68.054104566841204, -16.538696393043629 ], [ -68.054107378071819, -16.538696405788009 ], [ -68.054107351646721, -16.538701829016428 ], [ -68.054110162877421, -16.538701841760773 ], [ -68.054110149664908, -16.538704553374977 ], [ -68.054107338434164, -16.538704540630633 ], [ -68.054107219521057, -16.538728945158471 ], [ -68.054101597058889, -16.53872891966963 ], [ -68.054098759402407, -16.538734330153538 ], [ -68.054093123727313, -16.538737016278638 ], [ -68.054093110514529, -16.538739727892828 ], [ -68.054081865589609, -16.538739676914187 ], [ -68.054081852376669, -16.538742388528359 ], [ -68.054076229914145, -16.538742363038811 ], [ -68.05407620348808, -16.538747786267159 ], [ -68.054073392256754, -16.538747773522324 ], [ -68.054073299765221, -16.538766754821491 ], [ -68.053994585281131, -16.538766397950244 ], [ -68.053994598495308, -16.538763686336143 ], [ -68.053980542337825, -16.53876362260602 ], [ -68.053980595195327, -16.538752776149639 ], [ -68.053977783964001, -16.538752763403508 ], [ -68.053977810392809, -16.538747340175327 ], [ -68.053980621624063, -16.538747352921447 ], [ -68.053980859482166, -16.538698543867579 ], [ -68.053978048251636, -16.538698531121497 ], [ -68.053978087894691, -16.538690396279168 ], [ -68.053980899125122, -16.538690409025243 ], [ -68.053980912339426, -16.538687697411138 ], [ -68.054020269565129, -16.538687875852226 ] ] ] } },
{ "type": "Feature", "properties": { "id": 41, "instance": 60, "mean_prob": 0.938, "area_m2": 19.5, "rgb_split": true, "needs_review": true, "split_confidence": "high" }, "geometry": { "type": "Polygon", "coordinates": [ [ [ -68.054107219521057, -16.538728945158471 ], [ -68.054107153458133, -16.538742503229471 ], [ -68.054121209614593, -16.538742566950987 ], [ -68.054121222826993, -16.538739855336779 ], [ -68.054124034058248, -16.538739868080967 ], [ -68.05412402084589, -16.538742579695175 ], [ -68.054129643308499, -16.53874260518344 ], [ -68.054129524397908, -16.538767009711353 ], [ -68.054126713166255, -16.538766996967219 ], [ -68.054126699953912, -16.53876970858142 ], [ -68.05408453147875, -16.538769517414845 ], [ -68.05408454469169, -16.538766805800673 ], [ -68.054073299765221, -16.538766754821491 ], [ -68.054073392256754, -16.538747773522324 ], [ -68.05407620348808, -16.538747786267159 ], [ -68.054076229914145, -16.538742363038811 ], [ -68.054081852376669, -16.538742388528359 ], [ -68.054081865589609, -16.538739676914187 ], [ -68.054093110514529, -16.538739727892828 ], [ -68.054093123727313, -16.538737016278638 ], [ -68.054098759402407, -16.538734330153538 ], [ -68.054098772615106, -16.538731618539337 ], [ -68.054101583846233, -16.53873163128382 ], [ -68.054101597058889, -16.53872891966963 ], [ -68.054107219521057, -16.538728945158471 ] ] ] } },
{ "type": "Feature", "properties": { "id": 42, "instance": 63, "mean_prob": 0.944, "area_m2": 88.1, "rgb_split": true, "needs_review": true, "split_confidence": "medium" }, "geometry": { "type": "Polygon", "coordinates": [ [ [ -68.053699458856258, -16.538754212963177 ], [ -68.05369944563796, -16.538756924577047 ], [ -68.053710690562625, -16.538756975576344 ], [ -68.053710677344498, -16.538759687190236 ], [ -68.053721922269361, -16.538759738188947 ], [ -68.053724707064674, -16.538765174166304 ], [ -68.053730329527298, -16.53876519966536 ], [ -68.053730316309412, -16.538767911279258 ], [ -68.053735938772121, -16.538767936778164 ], [ -68.053735925554321, -16.538770648392063 ], [ -68.053747170479895, -16.538770699389442 ], [ -68.053747157262251, -16.538773411003351 ], [ -68.053755590956584, -16.538773449250996 ], [ -68.053755577739054, -16.538776160864906 ], [ -68.053761200202047, -16.538776186363148 ], [ -68.053761186984588, -16.538778897977068 ], [ -68.053766809447652, -16.53877892347516 ], [ -68.053766796230278, -16.53878163508908 ], [ -68.053775229925009, -16.53878167333594 ], [ -68.053775216707749, -16.538784384949874 ], [ -68.053783650402622, -16.538784423196404 ], [ -68.053783637185475, -16.538787134810338 ], [ -68.053794882112172, -16.538787185805194 ], [ -68.053794868895181, -16.538789897419136 ], [ -68.053800491358615, -16.53878992291634 ], [ -68.05380047814171, -16.538792634530278 ], [ -68.053803289373477, -16.538792647278825 ], [ -68.053803223289052, -16.538806205348553 ], [ -68.0538004120571, -16.538806192599992 ], [ -68.053800359189353, -16.538817039055747 ], [ -68.053797547957231, -16.538817026307139 ], [ -68.053797521523279, -16.538822449535008 ], [ -68.053791885841832, -16.538825135651599 ], [ -68.053789048175403, -16.538830546130736 ], [ -68.053783425710805, -16.538830520633159 ], [ -68.053783412493615, -16.538833232247072 ], [ -68.053763733867328, -16.538833143004364 ], [ -68.053763747084787, -16.538830431390462 ], [ -68.053758124620245, -16.538830405892206 ], [ -68.053752449285199, -16.538841226849378 ], [ -68.053749638052778, -16.53884121410011 ], [ -68.053749624835106, -16.538843925713998 ], [ -68.053741191137718, -16.538843887465958 ], [ -68.053741177919932, -16.538846599079836 ], [ -68.05372712175749, -16.53884653533234 ], [ -68.05372714819346, -16.538841112104599 ], [ -68.053724336961068, -16.538841099354986 ], [ -68.053724350179081, -16.538838387741109 ], [ -68.053718727714354, -16.53883836224178 ], [ -68.053715942918274, -16.53883292626433 ], [ -68.053710320453732, -16.538832900764781 ], [ -68.05371033367193, -16.538830189150925 ], [ -68.053701899975238, -16.538830150901322 ], [ -68.05370186032026, -16.538838285742884 ], [ -68.053699049087911, -16.53883827299294 ], [ -68.053699062306293, -16.538835561379084 ], [ -68.053696251073987, -16.538835548629098 ], [ -68.053696317166001, -16.538821990559839 ], [ -68.0536906947018, -16.538821965059782 ], [ -68.053690707920282, -16.538819253445929 ], [ -68.053685085456166, -16.538819227945723 ], [ -68.053685072237613, -16.538821939559572 ], [ -68.05368226100552, -16.538821926809408 ], [ -68.053682538595424, -16.538764982918543 ], [ -68.053685349826679, -16.538764995668654 ], [ -68.053685402700665, -16.538754149213212 ], [ -68.053699458856258, -16.538754212963177 ] ] ] } },
{ "type": "Feature", "properties": { "id": 43, "instance": 61, "mean_prob": 0.925, "area_m2": 304.8, "rgb_split": false, "needs_review": false, "split_confidence": "unsplit" }, "geometry": { "type": "Polygon", "coordinates": [ [ [ -68.056229884259508, -16.538700593756353 ], [ -68.05622987107661, -16.538703305372238 ], [ -68.056238304773942, -16.538703343519376 ], [ -68.056238291591157, -16.53870605513525 ], [ -68.056241102823648, -16.538706067850892 ], [ -68.056241076458136, -16.538711491082655 ], [ -68.056243887690712, -16.538711503798265 ], [ -68.056241050092609, -16.538716914314417 ], [ -68.056243861325257, -16.538716927030034 ], [ -68.056246646192534, -16.538722362977367 ], [ -68.056255079890761, -16.53872240112387 ], [ -68.056252295023228, -16.53871696517664 ], [ -68.056257917488566, -16.538716990607519 ], [ -68.05625783839335, -16.538733260302855 ], [ -68.056255027160447, -16.53873324758742 ], [ -68.056254987612689, -16.538741382435074 ], [ -68.056257798845692, -16.538741395150517 ], [ -68.056257746115463, -16.538752241614056 ], [ -68.056266179815026, -16.538752279760185 ], [ -68.056266192997455, -16.538749568144297 ], [ -68.0562690042306, -16.538749580859591 ], [ -68.056269043777803, -16.538741446011908 ], [ -68.056280288709942, -16.538741496872689 ], [ -68.056280249163223, -16.5387496317204 ], [ -68.056283060396368, -16.538749644435505 ], [ -68.056282968120868, -16.538768625746812 ], [ -68.056280156887439, -16.538768613031682 ], [ -68.056280077793829, -16.538784882727061 ], [ -68.056277266560159, -16.538784870011888 ], [ -68.056277253377829, -16.53878758162778 ], [ -68.056260385975648, -16.538787505335929 ], [ -68.056260399158205, -16.538784793720051 ], [ -68.056254776690906, -16.538784768289133 ], [ -68.056254763508278, -16.538787479905 ], [ -68.056251952274593, -16.538787467189486 ], [ -68.056251925909251, -16.53879289042122 ], [ -68.056268793311858, -16.538792966713782 ], [ -68.056268674669781, -16.538817371256684 ], [ -68.05627148590392, -16.538817383972003 ], [ -68.056271380444443, -16.538839076898999 ], [ -68.05626856920999, -16.538839064183669 ], [ -68.056268556027518, -16.538841775799536 ], [ -68.05624044368281, -16.538841648644119 ], [ -68.05624045686568, -16.53883893702827 ], [ -68.056234834396847, -16.538838911596741 ], [ -68.056234847579802, -16.538836199980892 ], [ -68.056217980173614, -16.538836123685389 ], [ -68.056217966990417, -16.538838835301227 ], [ -68.056203910818468, -16.538838771720592 ], [ -68.056203924001849, -16.538836060104767 ], [ -68.056201112767496, -16.538836047388532 ], [ -68.056201152317769, -16.538827912541077 ], [ -68.05619834108353, -16.538827899824813 ], [ -68.056198407000778, -16.538814341745717 ], [ -68.056195595766752, -16.538814329029421 ], [ -68.056195635317181, -16.538806194181955 ], [ -68.056192824083283, -16.538806181465635 ], [ -68.056192876817306, -16.538795335002344 ], [ -68.056195688051062, -16.538795347718668 ], [ -68.056195701234515, -16.538792636102844 ], [ -68.056246303441725, -16.538792864990061 ], [ -68.056246316624495, -16.538790153374212 ], [ -68.056187280716983, -16.538789886337966 ], [ -68.056187293900564, -16.538787174722149 ], [ -68.056181684616959, -16.538784437673446 ], [ -68.056181697800611, -16.538781726057625 ], [ -68.056178886567068, -16.538781713341127 ], [ -68.056178912934442, -16.538776290109503 ], [ -68.056176101700984, -16.538776277392969 ], [ -68.056176312640218, -16.538732891539873 ], [ -68.056173501407386, -16.538732878823339 ], [ -68.056173554142248, -16.538722032360042 ], [ -68.056170742909586, -16.53872201964348 ], [ -68.05617071654207, -16.538727442875125 ], [ -68.056167905309337, -16.538727430158517 ], [ -68.056165067708918, -16.538732840673507 ], [ -68.0561622564761, -16.538732827956828 ], [ -68.056162269659978, -16.538730116341014 ], [ -68.056151024728877, -16.53873006547391 ], [ -68.056151037912912, -16.538727353858096 ], [ -68.056148226680179, -16.538727341141229 ], [ -68.056148160759804, -16.53874089922024 ], [ -68.056150971992722, -16.538740911937115 ], [ -68.056150958808672, -16.538743623552925 ], [ -68.056156581274621, -16.538743648986571 ], [ -68.056156568090643, -16.538746360602385 ], [ -68.056162190556662, -16.538746386035889 ], [ -68.056162151004983, -16.538754520883309 ], [ -68.056159339771853, -16.538754508166569 ], [ -68.056159194748389, -16.538784335940388 ], [ -68.056156383514832, -16.538784323223588 ], [ -68.056156330778791, -16.538795169686765 ], [ -68.0561703869474, -16.538795233270438 ], [ -68.056170373763578, -16.538797944886245 ], [ -68.056173184997348, -16.538797957602874 ], [ -68.056173013607989, -16.538833208608274 ], [ -68.056175824842271, -16.538833221324889 ], [ -68.056175811658505, -16.538835932940682 ], [ -68.056184245361479, -16.5388359710903 ], [ -68.056184232177827, -16.538838682706118 ], [ -68.05618704341218, -16.53883869542258 ], [ -68.056186924759487, -16.538863099964793 ], [ -68.056184113524765, -16.538863087248309 ], [ -68.056184100341085, -16.538865798864109 ], [ -68.056172855402053, -16.538865747997779 ], [ -68.056172842218217, -16.538868459613557 ], [ -68.056139107400895, -16.538868307010894 ], [ -68.056139094216576, -16.538871018626647 ], [ -68.05611941557305, -16.538870929605888 ], [ -68.056119402388447, -16.538873641221628 ], [ -68.056110968683981, -16.538873603069305 ], [ -68.056110981868713, -16.538870891453573 ], [ -68.05609410127515, -16.538873526763627 ], [ -68.056094114460095, -16.538870815147906 ], [ -68.056080058286327, -16.538870751558804 ], [ -68.05608007147147, -16.538868039943097 ], [ -68.056074449002054, -16.538868014507202 ], [ -68.056077286607106, -16.538862603993735 ], [ -68.05607166413786, -16.538862578557772 ], [ -68.056071677323104, -16.538859866942062 ], [ -68.056060432384797, -16.538859816069692 ], [ -68.056060445570196, -16.538857104453985 ], [ -68.056057634335659, -16.5388570917358 ], [ -68.056057713448283, -16.538840822041593 ], [ -68.056054902213987, -16.538840809323382 ], [ -68.056055020883122, -16.538816404782043 ], [ -68.056052209649181, -16.538816392063811 ], [ -68.056052236020136, -16.538810968832401 ], [ -68.056049424786281, -16.538810956114137 ], [ -68.056049477528347, -16.538800109651312 ], [ -68.056052288762046, -16.538800122369565 ], [ -68.056052301947517, -16.538797410753858 ], [ -68.056060735648515, -16.538797448908387 ], [ -68.056060748833872, -16.538794737292665 ], [ -68.056088861170309, -16.538794864471939 ], [ -68.056088874355282, -16.5387921528562 ], [ -68.056091685588896, -16.53879216557392 ], [ -68.056091711958715, -16.538786742342438 ], [ -68.056088900725172, -16.538786729624725 ], [ -68.056088993019742, -16.538767748314505 ], [ -68.056091804253029, -16.538767761032201 ], [ -68.056091830622805, -16.538762337800705 ], [ -68.056089019389617, -16.538762325083017 ], [ -68.05608926990277, -16.538710804383665 ], [ -68.056092081135205, -16.538710817101315 ], [ -68.05609209432005, -16.538708105485547 ], [ -68.056097716784862, -16.538708130920735 ], [ -68.056097703600102, -16.538710842536503 ], [ -68.056100514832551, -16.538710855254045 ], [ -68.056100528017268, -16.538708143638267 ], [ -68.056123017876629, -16.53870824537719 ], [ -68.056125855477802, -16.538702834862807 ], [ -68.056137087223036, -16.53870559734699 ], [ -68.05613706085461, -16.538711020578589 ], [ -68.056139872087087, -16.538711033295598 ], [ -68.056139858902924, -16.538713744911394 ], [ -68.056134223253622, -16.538716431093135 ], [ -68.056134144148047, -16.538732700787897 ], [ -68.056131332915243, -16.538732688070798 ], [ -68.056131293362299, -16.538740822918157 ], [ -68.056134104595202, -16.538740835635263 ], [ -68.056134091410925, -16.538743547251055 ], [ -68.056142525109792, -16.538743585402155 ], [ -68.056142538293955, -16.538740873786363 ], [ -68.056145349526886, -16.538740886503316 ], [ -68.056145362710993, -16.538738174887524 ], [ -68.056142551478104, -16.538738162170574 ], [ -68.056142591030579, -16.538730027323179 ], [ -68.05614540226334, -16.538730040040125 ], [ -68.056145428631567, -16.538724616808516 ], [ -68.056148239864257, -16.538724629525422 ], [ -68.05614825304832, -16.538721917909619 ], [ -68.056142643767174, -16.538719180859982 ], [ -68.056142670135443, -16.538713757628365 ], [ -68.056148292600497, -16.538713783062196 ], [ -68.056148305784561, -16.538711071446389 ], [ -68.056165173179551, -16.538711147746959 ], [ -68.056165159995729, -16.53871385936278 ], [ -68.056170782460825, -16.538713884796 ], [ -68.056170769277088, -16.538716596411835 ], [ -68.056173580509679, -16.538716609128389 ], [ -68.056173593693373, -16.538713897512558 ], [ -68.056176404925935, -16.538713910229074 ], [ -68.056176470844235, -16.538700352149917 ], [ -68.056182093308962, -16.538700377582817 ], [ -68.056182080125382, -16.538703089198666 ], [ -68.056187689406698, -16.538705826247252 ], [ -68.056187676223189, -16.538708537863094 ], [ -68.056198921153154, -16.538708588728163 ], [ -68.056201758752266, -16.538703178212639 ], [ -68.056218626146844, -16.538703254508849 ], [ -68.056218639329899, -16.538700542892979 ], [ -68.056229884259508, -16.538700593756353 ] ], [ [ -68.056139502929284, -16.538786958537763 ], [ -68.05612825799497, -16.538786907669259 ], [ -68.056128218441756, -16.538795042516568 ], [ -68.056139463376539, -16.538795093385097 ], [ -68.056139502929284, -16.538786958537763 ] ] ] } },
{ "type": "Feature", "properties": { "id": 44, "instance": 74, "mean_prob": 0.947, "area_m2": 62.7, "rgb_split": false, "needs_review": false, "split_confidence": "unsplit" }, "geometry": { "type": "Polygon", "coordinates": [ [ [ -68.054306394220063, -16.53881662157357 ], [ -68.054306381010193, -16.538819333187909 ], [ -68.054359794429288, -16.538819575274715 ], [ -68.054359781220171, -16.53882228688909 ], [ -68.054365403685466, -16.538822312371121 ], [ -68.05436523196758, -16.538857563358 ], [ -68.054337119636102, -16.538857435946042 ], [ -68.054337106426615, -16.538860147560392 ], [ -68.054334295193442, -16.538860134818986 ], [ -68.054334308402957, -16.538857423204639 ], [ -68.054317441004187, -16.538857346755417 ], [ -68.054317427794444, -16.538860058369753 ], [ -68.054311805328126, -16.538860032886369 ], [ -68.054311792118284, -16.538862744500697 ], [ -68.054308980885097, -16.538862731758947 ], [ -68.054308954465341, -16.5388681549876 ], [ -68.054306143232083, -16.538868142245803 ], [ -68.054303305578898, -16.538873552732614 ], [ -68.054261137079024, -16.538873361600562 ], [ -68.054261150289577, -16.538870649986279 ], [ -68.054258339056304, -16.538870637243836 ], [ -68.054258365477466, -16.538865214015267 ], [ -68.054255554244293, -16.538865201272799 ], [ -68.054252848696322, -16.538843495616028 ], [ -68.054250037463447, -16.538843482873503 ], [ -68.054250156359487, -16.538819078344911 ], [ -68.054252967591992, -16.538819091087422 ], [ -68.054252980802602, -16.538816379473133 ], [ -68.054306394220063, -16.53881662157357 ] ] ] } },
{ "type": "Feature", "properties": { "id": 45, "instance": 64, "mean_prob": 0.833, "area_m2": 17.8, "rgb_split": true, "needs_review": true, "split_confidence": "medium" }, "geometry": { "type": "Polygon", "coordinates": [ [ [ -68.053690707920282, -16.538819253445929 ], [ -68.0536906947018, -16.538821965059782 ], [ -68.053696317166001, -16.538821990559839 ], [ -68.053696251073987, -16.538835548629098 ], [ -68.053699062306293, -16.538835561379084 ], [ -68.053699049087911, -16.53883827299294 ], [ -68.053704684770892, -16.538835586878935 ], [ -68.053707469566689, -16.538841022856538 ], [ -68.053718701278157, -16.538843785469517 ], [ -68.053718688060059, -16.53884649708338 ], [ -68.053721499292536, -16.538846509833071 ], [ -68.053724284088958, -16.538851945810457 ], [ -68.053721472856395, -16.538851933060801 ], [ -68.053721446420255, -16.538857356288535 ], [ -68.053718635187622, -16.53885734353884 ], [ -68.053715797518677, -16.538862754016819 ], [ -68.053710175053268, -16.538862728517223 ], [ -68.053707337384012, -16.538868138995074 ], [ -68.053704526151222, -16.53886812624518 ], [ -68.053704499714584, -16.538873549472875 ], [ -68.053687632317491, -16.538873472972675 ], [ -68.053687619098923, -16.538876184586499 ], [ -68.053679185400298, -16.538876146335888 ], [ -68.053679344024303, -16.538843606969913 ], [ -68.053682155256695, -16.538843619720133 ], [ -68.05368226100552, -16.538821926809408 ], [ -68.053685072237613, -16.538821939559572 ], [ -68.053685085456166, -16.538819227945723 ], [ -68.053690707920282, -16.538819253445929 ] ] ] } },
{ "type": "Feature", "properties": { "id": 46, "instance": 73, "mean_prob": 0.894, "area_m2": 53.4, "rgb_split": false, "needs_review": false, "split_confidence": "unsplit" }, "geometry": { "type": "Polygon", "coordinates": [ [ [ -68.055804821072115, -16.538815272711343 ], [ -68.055804807883177, -16.538817984326844 ], [ -68.055810430350704, -16.53881800976994 ], [ -68.055810417161837, -16.538820721385452 ], [ -68.055824473330887, -16.538820784992524 ], [ -68.055824486519569, -16.538818073377001 ], [ -68.055832920220908, -16.538818111540781 ], [ -68.055832907032354, -16.538820823156314 ], [ -68.055835718266181, -16.538820835877502 ], [ -68.055835691889143, -16.538826259108571 ], [ -68.055838503123056, -16.538826271829727 ], [ -68.055841287980073, -16.53883170778192 ], [ -68.055852546104347, -16.538829047050474 ], [ -68.055852559292632, -16.538826335434933 ], [ -68.055860992994397, -16.538826373597598 ], [ -68.055860979806241, -16.538829085213141 ], [ -68.055863791040196, -16.538829097933963 ], [ -68.055863698723243, -16.538848079242825 ], [ -68.055866509957482, -16.538848091963615 ], [ -68.055866391264431, -16.538872496503554 ], [ -68.055869202499025, -16.53887250922433 ], [ -68.05586917612284, -16.538877932455424 ], [ -68.055866364888161, -16.538877919734649 ], [ -68.055866325323748, -16.538886054581269 ], [ -68.055869136558542, -16.538886067302055 ], [ -68.055869123370456, -16.538888778917599 ], [ -68.055866312135606, -16.538888766196806 ], [ -68.055866285759322, -16.538894189427896 ], [ -68.055846607114987, -16.538894100381292 ], [ -68.055846620303399, -16.538891388765769 ], [ -68.055810074250459, -16.538891223388603 ], [ -68.055810087439383, -16.538888511773095 ], [ -68.055807276204604, -16.538888499051517 ], [ -68.055807302582537, -16.538883075820529 ], [ -68.055810113817245, -16.538883088542114 ], [ -68.055810232517459, -16.538858684002594 ], [ -68.055807421283106, -16.538858671281037 ], [ -68.055807447660982, -16.538853248050028 ], [ -68.0558046364267, -16.538853235328435 ], [ -68.055804662804661, -16.538847812097426 ], [ -68.055799040336268, -16.538847786654138 ], [ -68.055799027147231, -16.538850498269646 ], [ -68.055790593444556, -16.53885046010442 ], [ -68.055787861345536, -16.538834177689644 ], [ -68.055785050111567, -16.538834164967806 ], [ -68.055785089679247, -16.538826030121331 ], [ -68.055787900913117, -16.538826042843169 ], [ -68.055787914102297, -16.538823331227672 ], [ -68.055793536569951, -16.538823356671227 ], [ -68.055793549759045, -16.538820645055718 ], [ -68.055796360992844, -16.538820657777432 ], [ -68.055796387370975, -16.538815234546426 ], [ -68.055804821072115, -16.538815272711343 ] ] ] } },
{ "type": "Feature", "properties": { "id": 47, "instance": 65, "mean_prob": 0.949, "area_m2": 84.7, "rgb_split": true, "needs_review": true, "split_confidence": "medium" }, "geometry": { "type": "Polygon", "coordinates": [ [ [ -68.054747982219098, -16.538772524114908 ], [ -68.054747969015423, -16.538775235729595 ], [ -68.054750780247716, -16.538775248465367 ], [ -68.054750727433174, -16.538786094924141 ], [ -68.054753538665622, -16.538786107659881 ], [ -68.054753525462033, -16.538788819274576 ], [ -68.054767581624475, -16.538788882952719 ], [ -68.054767594827865, -16.538786171338018 ], [ -68.054781650990179, -16.538786235015209 ], [ -68.054781664193385, -16.538783523400497 ], [ -68.054795720355571, -16.538783587076725 ], [ -68.054795733558578, -16.538780875461999 ], [ -68.05480135602339, -16.538780900932224 ], [ -68.054801290008726, -16.538794459005874 ], [ -68.054806899271057, -16.538797196090698 ], [ -68.054806820053841, -16.538813465779086 ], [ -68.054809631286716, -16.538813478514093 ], [ -68.054809538866792, -16.538832459817201 ], [ -68.054812350099951, -16.538832472552187 ], [ -68.054812257680169, -16.538851453855262 ], [ -68.05480944644674, -16.538851441120269 ], [ -68.054809420040982, -16.538856864349704 ], [ -68.054812231274497, -16.538856877084701 ], [ -68.054812178463123, -16.538867723543586 ], [ -68.054814989696794, -16.538867736278554 ], [ -68.054812152057423, -16.538873146773028 ], [ -68.054809340823667, -16.538873134038017 ], [ -68.05480935402656, -16.53887042242329 ], [ -68.054806542792846, -16.538870409688244 ], [ -68.054806529589911, -16.538873121302956 ], [ -68.054800907122427, -16.538873095832734 ], [ -68.054800893919406, -16.538875807447447 ], [ -68.054803705153191, -16.538875820182579 ], [ -68.054803652341278, -16.538886666641417 ], [ -68.054806463575218, -16.538886679376521 ], [ -68.054806437169333, -16.538892102605928 ], [ -68.054789569765234, -16.538892026194716 ], [ -68.054789582968425, -16.538889314580022 ], [ -68.054783960500501, -16.538889289109321 ], [ -68.054784039720019, -16.53887301942116 ], [ -68.054781228486291, -16.538873006685765 ], [ -68.054781241689582, -16.538870295071071 ], [ -68.054778430455897, -16.538870282335633 ], [ -68.054775645628922, -16.538864846370789 ], [ -68.054764400694552, -16.538864795428559 ], [ -68.054764413898056, -16.538862083813878 ], [ -68.054758791430956, -16.538862058342538 ], [ -68.054758804634545, -16.538859346727858 ], [ -68.054755993401045, -16.538859333992132 ], [ -68.054756006604663, -16.538856622377448 ], [ -68.054750397341436, -16.538853885291221 ], [ -68.054747612515484, -16.538848449326043 ], [ -68.054741990048811, -16.538848423854269 ], [ -68.054739205223186, -16.538842987888987 ], [ -68.054733595960599, -16.538840250802334 ], [ -68.054733648776278, -16.538829404343669 ], [ -68.054728026310173, -16.538829378871551 ], [ -68.05472803951416, -16.538826667256892 ], [ -68.054725228281157, -16.538826654520776 ], [ -68.054722469864402, -16.538815795325977 ], [ -68.054719658631555, -16.538815782589797 ], [ -68.054719698243829, -16.538807647745816 ], [ -68.054716887011111, -16.538807635009611 ], [ -68.054716992644074, -16.5387859420923 ], [ -68.05471980387648, -16.538785954828491 ], [ -68.054719830284611, -16.538780531599162 ], [ -68.054722641516946, -16.53878054433531 ], [ -68.054722667924992, -16.538775121105964 ], [ -68.054725479157256, -16.538775133842076 ], [ -68.054725492361243, -16.538772422227396 ], [ -68.054747982219098, -16.538772524114908 ] ] ] } },
{ "type": "Feature", "properties": { "id": 48, "instance": 25, "mean_prob": 0.935, "area_m2": 1667.2, "rgb_split": true, "needs_review": true, "split_confidence": "medium" }, "geometry": { "type": "Polygon", "coordinates": [ [ [ -68.054390588077666, -16.538269244945756 ], [ -68.054390561661194, -16.538274668174839 ], [ -68.054387750436462, -16.538274655434591 ], [ -68.054387657978452, -16.538293636736352 ], [ -68.054384846753436, -16.538293623996054 ], [ -68.054384820336765, -16.538299047225109 ], [ -68.054382009111677, -16.538299034484762 ], [ -68.054382022320056, -16.538296322870242 ], [ -68.054376399869966, -16.53829629738944 ], [ -68.054376373453053, -16.538301720618492 ], [ -68.054379184678169, -16.538301733358917 ], [ -68.054379118636035, -16.538315291431534 ], [ -68.054376307410735, -16.538315278691105 ], [ -68.054376280993779, -16.538320701920139 ], [ -68.054379092219179, -16.538320714660578 ], [ -68.054379065802294, -16.538326137889609 ], [ -68.054395919947012, -16.538328925946011 ], [ -68.054395906738804, -16.538331637560539 ], [ -68.054401515981809, -16.538334374655392 ], [ -68.054401463149262, -16.538345221113538 ], [ -68.054398651923492, -16.538345208373382 ], [ -68.054398625507105, -16.53835063160243 ], [ -68.054392989847145, -16.538353317736522 ], [ -68.054392976638866, -16.53835602935105 ], [ -68.054395787864792, -16.538356042091291 ], [ -68.054395748240083, -16.538364176934863 ], [ -68.054398559466136, -16.538364189675068 ], [ -68.054398546257929, -16.538366901289596 ], [ -68.05440418191823, -16.538364215155369 ], [ -68.054404195126352, -16.538361503540841 ], [ -68.054407006352363, -16.538361516280929 ], [ -68.054406966728109, -16.53836965112453 ], [ -68.054401344275846, -16.538369625644293 ], [ -68.054401317859515, -16.538375048873341 ], [ -68.054398506633305, -16.538375036133164 ], [ -68.054398493425097, -16.538377747747681 ], [ -68.054392857764327, -16.538380433881727 ], [ -68.054392818139434, -16.538388568725274 ], [ -68.054395629365828, -16.53838858146554 ], [ -68.054395602949299, -16.538394004694567 ], [ -68.054401225402245, -16.538394030174992 ], [ -68.054401212194051, -16.538396741789516 ], [ -68.054406821438988, -16.538399478884315 ], [ -68.054406728982116, -16.538418460185952 ], [ -68.054401093320237, -16.538421146320143 ], [ -68.054401080112015, -16.538423857934671 ], [ -68.054395457658202, -16.538423832454193 ], [ -68.054395444449895, -16.538426544068695 ], [ -68.05439263322296, -16.538426531328398 ], [ -68.054392620014625, -16.5384292429429 ], [ -68.054389808787647, -16.538429230202567 ], [ -68.054389795579254, -16.538431941817066 ], [ -68.054384159916765, -16.538434627950771 ], [ -68.054381322272704, -16.538440038439308 ], [ -68.054372888591331, -16.538440000217701 ], [ -68.054372875382711, -16.53844271183219 ], [ -68.05433914065695, -16.538442558942336 ], [ -68.054339127447847, -16.538445270556796 ], [ -68.054333504993508, -16.538445245074616 ], [ -68.054333518202682, -16.538442533460163 ], [ -68.054316650839965, -16.538442457012746 ], [ -68.054316664049381, -16.5384397453983 ], [ -68.054311041595241, -16.538439719915527 ], [ -68.054311054804728, -16.538437008301095 ], [ -68.054294187442608, -16.53843693185188 ], [ -68.054294174232879, -16.538439643466301 ], [ -68.054282929324685, -16.53843959249939 ], [ -68.05428294253457, -16.53843688088498 ], [ -68.054280131307564, -16.538436868143162 ], [ -68.054280118097651, -16.538439579757569 ], [ -68.054260439508425, -16.538439490563761 ], [ -68.054260452718623, -16.538436778949364 ], [ -68.054252019037676, -16.538436740722883 ], [ -68.054252005827365, -16.538439452337268 ], [ -68.054246370162957, -16.538442138467143 ], [ -68.054246356952561, -16.538444850081525 ], [ -68.054232300817134, -16.538444786369553 ], [ -68.054229516011318, -16.538439350398303 ], [ -68.05422390676803, -16.538436613298817 ], [ -68.054223919978739, -16.538433901684442 ], [ -68.054218297524912, -16.538433876199182 ], [ -68.054218310735692, -16.538431164584818 ], [ -68.054215499508828, -16.538431151842126 ], [ -68.054215486298006, -16.53843386345649 ], [ -68.054209863844207, -16.538433837970999 ], [ -68.054209850633313, -16.538436549585366 ], [ -68.054207039406364, -16.538436536842561 ], [ -68.054207012984492, -16.538441960071271 ], [ -68.054204201757486, -16.538441947328423 ], [ -68.054204188546493, -16.538444658942772 ], [ -68.054195754865361, -16.538444620713999 ], [ -68.054195741654254, -16.538447332328339 ], [ -68.054181685518856, -16.538447268612948 ], [ -68.05418167230755, -16.538449980227295 ], [ -68.054176036641948, -16.538452666355191 ], [ -68.054178821446413, -16.538458102327084 ], [ -68.054167563326018, -16.538460762968214 ], [ -68.054167550114499, -16.538463474582542 ], [ -68.054145073508039, -16.538460661020022 ], [ -68.054145086719885, -16.538457949405728 ], [ -68.054139464265489, -16.538457923918301 ], [ -68.054139477477378, -16.538455212304001 ], [ -68.054128232568786, -16.538455161328713 ], [ -68.054125394917463, -16.53846057181336 ], [ -68.054122583690244, -16.538460559069399 ], [ -68.054122570478114, -16.538463270683696 ], [ -68.05411693481139, -16.538465956809929 ], [ -68.054116881962472, -16.538476803267038 ], [ -68.054114070735039, -16.538476790522946 ], [ -68.054114044310495, -16.53848221375149 ], [ -68.05411966676553, -16.538482239239631 ], [ -68.054122451568745, -16.538487675212195 ], [ -68.054128074023964, -16.538487700700127 ], [ -68.054128060811891, -16.538490412314406 ], [ -68.054178662910033, -16.538490641698964 ], [ -68.05417867612141, -16.538487930084639 ], [ -68.054184298576729, -16.53848795557105 ], [ -68.054184285365423, -16.538490667185386 ], [ -68.054198341503977, -16.538490730900758 ], [ -68.054198354715069, -16.538488019286419 ], [ -68.054201165942757, -16.538488032029377 ], [ -68.054201152731679, -16.538490743643717 ], [ -68.054218020098048, -16.538490820100698 ], [ -68.054218033308871, -16.538488108486341 ], [ -68.054237711902786, -16.538488197684405 ], [ -68.054237698692219, -16.53849090929878 ], [ -68.054254566058759, -16.538490985752798 ], [ -68.05425457926907, -16.538488274138416 ], [ -68.054260201724531, -16.538488299622781 ], [ -68.054263065793052, -16.538477465907366 ], [ -68.054274297493336, -16.538480228489856 ], [ -68.054274337123417, -16.538472093646657 ], [ -68.05427714835092, -16.538472106388582 ], [ -68.054277161560918, -16.538469394774186 ], [ -68.054282784015868, -16.538469420257915 ], [ -68.054282770805955, -16.538472131872314 ], [ -68.054285582033472, -16.538472144614126 ], [ -68.054285555613717, -16.538477567842943 ], [ -68.054291164859109, -16.538480304940869 ], [ -68.05429112522971, -16.538488439784089 ], [ -68.054302370140761, -16.538488490750705 ], [ -68.054302383350404, -16.538485779136288 ], [ -68.054299572122687, -16.538485766394693 ], [ -68.054299611751716, -16.538477631551448 ], [ -68.054296800524114, -16.538477618809825 ], [ -68.054296892992099, -16.538458637508896 ], [ -68.054299704219417, -16.538458650250501 ], [ -68.054299717429089, -16.538455938636083 ], [ -68.054310962338278, -16.538455989602138 ], [ -68.054310949128777, -16.538458701216566 ], [ -68.054313760356109, -16.538458713957986 ], [ -68.054313707518233, -16.53846956041572 ], [ -68.054319316763838, -16.538472297512897 ], [ -68.054319290345035, -16.538477720741771 ], [ -68.054322101572666, -16.538477733483091 ], [ -68.054324886381636, -16.538483169453244 ], [ -68.054330508837054, -16.538483194935711 ], [ -68.054330495627809, -16.538485906550154 ], [ -68.054333306855554, -16.538485919291325 ], [ -68.054333254018673, -16.538496765749095 ], [ -68.054336065246588, -16.538496778490241 ], [ -68.054335959573024, -16.538518471405755 ], [ -68.054341568820348, -16.538521208502413 ], [ -68.054344353630441, -16.538526644472341 ], [ -68.054349976087153, -16.538526669954347 ], [ -68.054349962878135, -16.538529381568793 ], [ -68.054352774106533, -16.538529394309741 ], [ -68.054352760897558, -16.538532105924194 ], [ -68.054355572125999, -16.538532118665103 ], [ -68.054358356936632, -16.538537554634875 ], [ -68.054363979393671, -16.538537580116518 ], [ -68.054363913349491, -16.538551138188769 ], [ -68.054366724578216, -16.538551150929546 ], [ -68.054366169806272, -16.538665038735875 ], [ -68.054363358575898, -16.538665025995009 ], [ -68.054363239695277, -16.538689430524752 ], [ -68.054366050926006, -16.538689443265643 ], [ -68.054365601820962, -16.538781638155342 ], [ -68.054334678268418, -16.53878149800266 ], [ -68.054334691477862, -16.538778786388292 ], [ -68.054230675895667, -16.538778314932081 ], [ -68.054230689106575, -16.538775603317802 ], [ -68.054202576788029, -16.538775475888325 ], [ -68.054202206871054, -16.538851401087442 ], [ -68.054221885501704, -16.538851490288906 ], [ -68.054221872290626, -16.53885420190316 ], [ -68.054224683523614, -16.538854214646076 ], [ -68.054224630679428, -16.538865061103113 ], [ -68.054221819446269, -16.53886504836019 ], [ -68.054221713757457, -16.538886741274219 ], [ -68.054218902523985, -16.538886728531239 ], [ -68.054218889312821, -16.538889440145489 ], [ -68.05420764437882, -16.538889389173178 ], [ -68.054207631167515, -16.538892100787411 ], [ -68.054204819933986, -16.538892088044236 ], [ -68.054204833145334, -16.538889376430003 ], [ -68.054199210678362, -16.538889350943546 ], [ -68.054199197466929, -16.538892062557778 ], [ -68.054193574999886, -16.538892037071157 ], [ -68.054193561788367, -16.538894748685387 ], [ -68.05419075055481, -16.538894735942019 ], [ -68.054190763766357, -16.538892024327801 ], [ -68.054187952532843, -16.538892011584391 ], [ -68.054185167722565, -16.538886575612516 ], [ -68.054179558467396, -16.538883838511321 ], [ -68.054179571679114, -16.538881126897088 ], [ -68.054173949212398, -16.538881101409967 ], [ -68.054173988847722, -16.538872966567322 ], [ -68.054168379593108, -16.538870229465847 ], [ -68.054165594783683, -16.538864793493733 ], [ -68.054159972317478, -16.538864768006253 ], [ -68.054157187508366, -16.53885933203405 ], [ -68.054148753809329, -16.538859293802446 ], [ -68.054149018051007, -16.5388050615183 ], [ -68.054146206818771, -16.538805048774403 ], [ -68.054146365363778, -16.538772509403795 ], [ -68.054168855217867, -16.538772611353714 ], [ -68.054168842006106, -16.538775322967961 ], [ -68.054185709397032, -16.538775399428825 ], [ -68.054185722608551, -16.538772687814568 ], [ -68.054188533840346, -16.53877270055791 ], [ -68.054188573474775, -16.538764565715152 ], [ -68.054185762243094, -16.538764552971823 ], [ -68.054186277490174, -16.538658800015369 ], [ -68.054183466260014, -16.538658787272084 ], [ -68.05418347947149, -16.538656075657801 ], [ -68.054163800860863, -16.538655986453744 ], [ -68.054163814072595, -16.538653274839483 ], [ -68.054158191612515, -16.538653249352272 ], [ -68.054158204824319, -16.538650537738 ], [ -68.054152595576198, -16.538647800636387 ], [ -68.054152635211821, -16.538639665793617 ], [ -68.054149823981987, -16.538639653049888 ], [ -68.05414983719389, -16.538636941435627 ], [ -68.054144214734308, -16.538636915948057 ], [ -68.054144241158284, -16.538631492719556 ], [ -68.054149876829598, -16.53862880659285 ], [ -68.054149903253389, -16.538623383364321 ], [ -68.054147092023811, -16.538623370620574 ], [ -68.054147118447659, -16.538617947392051 ], [ -68.054144307218152, -16.538617934648268 ], [ -68.054144320430112, -16.538615223034011 ], [ -68.05414713165959, -16.538615235777794 ], [ -68.054147144871507, -16.538612524163533 ], [ -68.054152767330393, -16.538612549650978 ], [ -68.054152780542239, -16.538609838036702 ], [ -68.0541584162128, -16.538607151909726 ], [ -68.054158455848068, -16.538599017066907 ], [ -68.054152846601397, -16.538596279965354 ], [ -68.05415283338958, -16.538598991579633 ], [ -68.054150022160343, -16.538598978835939 ], [ -68.054150008948469, -16.538601690450204 ], [ -68.054144386489895, -16.538601664962698 ], [ -68.05414437327795, -16.538604376576966 ], [ -68.054133128360704, -16.538604325601487 ], [ -68.054133154784921, -16.538598902372986 ], [ -68.054138790455411, -16.538596216246521 ], [ -68.054138843303491, -16.538585369789477 ], [ -68.054136032074453, -16.538585357045605 ], [ -68.054136045286498, -16.53858264543134 ], [ -68.054130422828521, -16.53858261994348 ], [ -68.054130436040651, -16.538579908329226 ], [ -68.05412481358276, -16.53857988284123 ], [ -68.054124840007162, -16.538574459612722 ], [ -68.054122028778295, -16.538574446868669 ], [ -68.054122081627256, -16.538563600411642 ], [ -68.054119270398544, -16.538563587667568 ], [ -68.054119323247605, -16.538552741210545 ], [ -68.054122134476145, -16.538552753954619 ], [ -68.05412216090059, -16.538547330726104 ], [ -68.054119349672121, -16.538547317982033 ], [ -68.054119428945597, -16.538531048296477 ], [ -68.054116617717369, -16.538531035552385 ], [ -68.054116630929656, -16.53852832393812 ], [ -68.05411381970147, -16.538528311193989 ], [ -68.054113806489156, -16.53853102280825 ], [ -68.054105372804472, -16.53853098457563 ], [ -68.0541053860169, -16.538528272961372 ], [ -68.054102574788729, -16.538528260217095 ], [ -68.054102561576244, -16.538530971831353 ], [ -68.054085694206975, -16.538530895364865 ], [ -68.054085707419688, -16.538528183750621 ], [ -68.054082896191517, -16.538528171006075 ], [ -68.054083107595176, -16.53848478517823 ], [ -68.054080296367658, -16.538484772433687 ], [ -68.054080349218623, -16.5384739259767 ], [ -68.054083160445998, -16.538473938721239 ], [ -68.054083200084079, -16.538465803878502 ], [ -68.054080388856832, -16.538465791133969 ], [ -68.054080415282286, -16.538460367905465 ], [ -68.054077604055109, -16.5384603551609 ], [ -68.054077617267879, -16.53845764354665 ], [ -68.054083239722146, -16.538457669035736 ], [ -68.054083252934831, -16.538454957421486 ], [ -68.054116987660251, -16.538455110352814 ], [ -68.054116974448036, -16.5384578219671 ], [ -68.054119785675198, -16.538457834711128 ], [ -68.054119798887385, -16.538455123096846 ], [ -68.054122610114518, -16.538455135840838 ], [ -68.054122636538779, -16.538449712612273 ], [ -68.054119825311716, -16.538449699868284 ], [ -68.054119838523889, -16.538446988253991 ], [ -68.054111404842843, -16.538446950021804 ], [ -68.054111391630556, -16.53844966163609 ], [ -68.054108580403508, -16.538449648891952 ], [ -68.054108593615837, -16.538446937277666 ], [ -68.054102971161825, -16.538446911789276 ], [ -68.054102984374225, -16.538444200175011 ], [ -68.05409455069335, -16.538444161942145 ], [ -68.054094563905849, -16.538441450327884 ], [ -68.054080507771303, -16.538441386605701 ], [ -68.054080494558605, -16.538444098219951 ], [ -68.054046759835458, -16.538443945282825 ], [ -68.054046746622276, -16.538446656897047 ], [ -68.054021445579792, -16.538446542190602 ], [ -68.054021432366255, -16.538449253804821 ], [ -68.054010187458402, -16.538449202823184 ], [ -68.054010174244695, -16.538451914437381 ], [ -68.05398768442879, -16.538451812472275 ], [ -68.05398765800075, -16.538457235700633 ], [ -68.053939867141125, -16.538457019016665 ], [ -68.053939893570501, -16.538451595788377 ], [ -68.053934271116631, -16.53845157029544 ], [ -68.053931486319286, -16.538446134320637 ], [ -68.053917430185066, -16.538446070587447 ], [ -68.053917443400053, -16.538443358973325 ], [ -68.05391463217326, -16.538443346226579 ], [ -68.053914658603304, -16.538437922998323 ], [ -68.053911847376583, -16.538437910251545 ], [ -68.053911939881957, -16.538418928952662 ], [ -68.053928807240638, -16.538419005432694 ], [ -68.053928820455454, -16.538416293818553 ], [ -68.053931631681877, -16.538416306565093 ], [ -68.053931697755672, -16.538402748494359 ], [ -68.053928886529448, -16.538402735747834 ], [ -68.053929269757433, -16.538324098937295 ], [ -68.053926458532345, -16.538324086190794 ], [ -68.053926511391367, -16.538313239734141 ], [ -68.05392370016645, -16.538313226987615 ], [ -68.053923753025586, -16.538302380530951 ], [ -68.053929375475121, -16.538302406023952 ], [ -68.053929388689824, -16.53829969440978 ], [ -68.053940633588766, -16.538299745395324 ], [ -68.053940620374206, -16.538302457009504 ], [ -68.053951865273348, -16.538302507994441 ], [ -68.053951852058958, -16.538305219608635 ], [ -68.053957474508621, -16.538305245100887 ], [ -68.05395748772294, -16.538302533486686 ], [ -68.053963110172518, -16.538302558978785 ], [ -68.053963123386751, -16.538299847364591 ], [ -68.053991248848305, -16.538297263208534 ], [ -68.05399123563447, -16.538299974822763 ], [ -68.053996858084034, -16.538300000313942 ], [ -68.053996831656519, -16.53830542354239 ], [ -68.053999642881379, -16.538305436287924 ], [ -68.054002427678881, -16.538310872261878 ], [ -68.054005238903841, -16.538310885007348 ], [ -68.05400802370157, -16.538316320981238 ], [ -68.054010834926601, -16.538316333726637 ], [ -68.05401084814018, -16.538313622112405 ], [ -68.054027715490207, -16.53831369858397 ], [ -68.054027702276869, -16.538316410198206 ], [ -68.054038947177091, -16.538316461178503 ], [ -68.054038960390272, -16.538313749564256 ], [ -68.054058638965486, -16.538313838778297 ], [ -68.054058665391295, -16.538308415549746 ], [ -68.054061476616255, -16.538308428294453 ], [ -68.05406148982911, -16.538305716680181 ], [ -68.054058678604193, -16.538305703935478 ], [ -68.054058705029988, -16.538300280706935 ], [ -68.054064327479679, -16.538300306196298 ], [ -68.054064340692491, -16.538297594582009 ], [ -68.054067151917309, -16.538297607326633 ], [ -68.054067138704525, -16.538300318940923 ], [ -68.054072761154231, -16.538300344430056 ], [ -68.054072747941532, -16.538303056044338 ], [ -68.054075559166435, -16.538303068788853 ], [ -68.054078343966083, -16.538308504761901 ], [ -68.054083953203488, -16.538311241865038 ], [ -68.054083926778389, -16.538316665093621 ], [ -68.054086738003477, -16.538316677837997 ], [ -68.054086619090739, -16.5383410823666 ], [ -68.054095052767124, -16.538341120599551 ], [ -68.054095065979539, -16.538338408985254 ], [ -68.054100688430395, -16.53833843447369 ], [ -68.054100701642739, -16.538335722859397 ], [ -68.054103512868124, -16.53833573560356 ], [ -68.054103539292726, -16.538330312374956 ], [ -68.05410635051804, -16.538330325119077 ], [ -68.054106403367015, -16.538319478661858 ], [ -68.054109214592188, -16.538319491405932 ], [ -68.054112052241678, -16.538314080921342 ], [ -68.054117674691852, -16.538314106409285 ], [ -68.054117701116013, -16.538308683180645 ], [ -68.054128959228009, -16.538306022541743 ], [ -68.054128985651843, -16.538300599313089 ], [ -68.054131796876746, -16.53830061205684 ], [ -68.05413183651234, -16.538292477213844 ], [ -68.054137472173721, -16.538289791086882 ], [ -68.05413748538551, -16.538287079472546 ], [ -68.054143107834932, -16.53828710495976 ], [ -68.05414312104665, -16.538284393345418 ], [ -68.054157177170083, -16.538284457062794 ], [ -68.054157190381588, -16.538281745448437 ], [ -68.054235904672893, -16.5382821022482 ], [ -68.05423591788329, -16.538279390633786 ], [ -68.054252785231455, -16.538279467086994 ], [ -68.054252798441624, -16.53827675547257 ], [ -68.054278099463659, -16.538276870149819 ], [ -68.054278112673472, -16.538274158535366 ], [ -68.054317469818727, -16.538274336916079 ], [ -68.054317483027972, -16.538271625301583 ], [ -68.054345595274498, -16.538271752711811 ], [ -68.054345582065622, -16.538274464326321 ], [ -68.054362449413887, -16.538274540770651 ], [ -68.054362436205267, -16.538277252385175 ], [ -68.054368058654788, -16.538277277866314 ], [ -68.054368045446225, -16.538279989480834 ], [ -68.054376479120634, -16.538280027702275 ], [ -68.054382154403683, -16.538269206724909 ], [ -68.054390588077666, -16.538269244945756 ] ], [ [ -68.054376347036126, -16.538307143847536 ], [ -68.054370724585723, -16.538307118366571 ], [ -68.05437069816864, -16.538312541595602 ], [ -68.054376320619184, -16.538312567076574 ], [ -68.054376347036126, -16.538307143847536 ] ], [ [ -68.054297579893188, -16.538317633558059 ], [ -68.054291957442615, -16.538317608074955 ], [ -68.054291931023315, -16.538323031303857 ], [ -68.054297553474044, -16.538323056786968 ], [ -68.054297579893188, -16.538317633558059 ] ], [ [ -68.054353791190678, -16.538320599995281 ], [ -68.054348168739935, -16.53832057451368 ], [ -68.054348115904432, -16.538331420971666 ], [ -68.05435092712996, -16.538331433712489 ], [ -68.054350887503446, -16.538339568555966 ], [ -68.054353698729088, -16.538339581296764 ], [ -68.054353685520283, -16.53834229291126 ], [ -68.054356496745982, -16.538342305652023 ], [ -68.054359281554198, -16.538347741621738 ], [ -68.054362092779968, -16.538347754362427 ], [ -68.054362053153881, -16.538355889205931 ], [ -68.054364864379778, -16.538355901946581 ], [ -68.054364851171101, -16.53835861356108 ], [ -68.054376096074876, -16.538358664523333 ], [ -68.054376109283382, -16.538355952908827 ], [ -68.054381731735205, -16.538355978389724 ], [ -68.05438174494364, -16.538353266775196 ], [ -68.054378933717771, -16.538353254034771 ], [ -68.054378946926221, -16.538350542420265 ], [ -68.054373337683103, -16.538347805324793 ], [ -68.054370552874474, -16.538342369355242 ], [ -68.054367741648775, -16.538342356614677 ], [ -68.054367754857381, -16.538339645000161 ], [ -68.054364943631711, -16.538339632259561 ], [ -68.054364983257656, -16.538331497416046 ], [ -68.054362172032114, -16.538331484675407 ], [ -68.054362198449482, -16.538326061446394 ], [ -68.054359387224011, -16.538326048705724 ], [ -68.05435940043273, -16.538323337091221 ], [ -68.054353777981888, -16.538323311609773 ], [ -68.054353791190678, -16.538320599995281 ] ], [ [ -68.054007666933046, -16.538389534565198 ], [ -68.054002044480853, -16.538389509074179 ], [ -68.05400199162581, -16.538400355531 ], [ -68.054007614078301, -16.538400381022043 ], [ -68.054007627291995, -16.538397669407836 ], [ -68.054010438518205, -16.538397682153299 ], [ -68.054010464945506, -16.538392258924869 ], [ -68.054007653719367, -16.538392246179413 ], [ -68.054007666933046, -16.538389534565198 ] ], [ [ -68.054255015208184, -16.538398790863507 ], [ -68.054246581528915, -16.538398752636891 ], [ -68.054246555108193, -16.538404175865679 ], [ -68.054252164350928, -16.538406912964536 ], [ -68.05425217756121, -16.538404201350136 ], [ -68.054254988787719, -16.53840421409231 ], [ -68.054255015208184, -16.538398790863507 ] ], [ [ -68.054277095510955, -16.538482952846184 ], [ -68.054274284283295, -16.538482940104249 ], [ -68.054274257863213, -16.538488363333034 ], [ -68.054279880318703, -16.538488388816873 ], [ -68.054277095510955, -16.538482952846184 ] ], [ [ -68.05416134634757, -16.538582760124797 ], [ -68.054152912660513, -16.538582721893988 ], [ -68.054152899448695, -16.538585433508267 ], [ -68.054150088219657, -16.538585420764583 ], [ -68.054150035372203, -16.538596267221664 ], [ -68.054152846601397, -16.538596279965354 ], [ -68.054152859813243, -16.538593568351082 ], [ -68.054158482271575, -16.538593593838346 ], [ -68.05416134634757, -16.538582760124797 ] ], [ [ -68.054206088212467, -16.538631773074318 ], [ -68.054203276982705, -16.53863176033132 ], [ -68.054203263771555, -16.538634471945617 ], [ -68.054206075001346, -16.538634484688618 ], [ -68.054206088212467, -16.538631773074318 ] ] ] } },
{ "type": "Feature", "properties": { "id": 49, "instance": 31, "mean_prob": 0.938, "area_m2": 106.7, "rgb_split": true, "needs_review": true, "split_confidence": "medium" }, "geometry": { "type": "Polygon", "coordinates": [ [ [ -68.05405627381559, -16.538799217721348 ], [ -68.054056260602252, -16.538801929335495 ], [ -68.054070316762804, -16.538801993060659 ], [ -68.054070303549651, -16.538804704674813 ], [ -68.054095604639159, -16.538804819377745 ], [ -68.054095591426346, -16.538807530991914 ], [ -68.054104025123024, -16.538807569225551 ], [ -68.054104011910326, -16.538810280839719 ], [ -68.05410962116224, -16.538813017942807 ], [ -68.054109607949627, -16.538815729556994 ], [ -68.054120852879038, -16.538815780534371 ], [ -68.054120839666567, -16.538818492148557 ], [ -68.054123650898973, -16.538818504892806 ], [ -68.054123611261687, -16.538826639735372 ], [ -68.054126422494207, -16.538826652479596 ], [ -68.054126409281807, -16.53882936409379 ], [ -68.054132018534631, -16.538832101196316 ], [ -68.054131978897644, -16.53884023603889 ], [ -68.054134790130377, -16.538840248783007 ], [ -68.054134710856601, -16.538856518468162 ], [ -68.054137522089562, -16.538856531212257 ], [ -68.054137403179098, -16.538880935739947 ], [ -68.054140214412413, -16.538880948484021 ], [ -68.054140174775668, -16.538889083326591 ], [ -68.054145784030368, -16.538891820428827 ], [ -68.054145757606008, -16.538897243657207 ], [ -68.054123267737623, -16.538897141704048 ], [ -68.054123254525123, -16.53889985331822 ], [ -68.054117632057981, -16.538899827829546 ], [ -68.054117658483122, -16.538894404601205 ], [ -68.054112049228792, -16.53889166749823 ], [ -68.054112062441448, -16.538888955884072 ], [ -68.054098006274415, -16.538888892161395 ], [ -68.054098019487256, -16.538886180547248 ], [ -68.05405866222047, -16.53888600211874 ], [ -68.054058675433851, -16.538883290504621 ], [ -68.054038996800926, -16.5388832012876 ], [ -68.054036211995054, -16.538877765313945 ], [ -68.054030589528679, -16.538877739822961 ], [ -68.054030602742458, -16.538875028208864 ], [ -68.054024993490032, -16.538872291103626 ], [ -68.054025059559237, -16.538858733033123 ], [ -68.054022248326334, -16.538858720287511 ], [ -68.054022301181817, -16.538847873831102 ], [ -68.05401948994907, -16.538847861085465 ], [ -68.054019529590775, -16.538839726243157 ], [ -68.054022340823394, -16.538839738988788 ], [ -68.054022367251108, -16.538834315760578 ], [ -68.054025178483656, -16.538834328506162 ], [ -68.054028016143747, -16.538828918023491 ], [ -68.05402240689267, -16.538826180918246 ], [ -68.054022433320355, -16.538820757690026 ], [ -68.054019622087992, -16.53882074494441 ], [ -68.054019701371232, -16.538804475259752 ], [ -68.054022512603353, -16.538804488005358 ], [ -68.05402252581716, -16.538801776391239 ], [ -68.054042204441743, -16.538801865609386 ], [ -68.054042217655294, -16.538799153995246 ], [ -68.05405627381559, -16.538799217721348 ] ] ] } },
{ "type": "Feature", "properties": { "id": 50, "instance": 79, "mean_prob": 0.881, "area_m2": 42.6, "rgb_split": false, "needs_review": false, "split_confidence": "unsplit" }, "geometry": { "type": "Polygon", "coordinates": [ [ [ -68.053786025468426, -16.53887391920464 ], [ -68.053786012251237, -16.538876630818546 ], [ -68.053802879649083, -16.538876707310809 ], [ -68.053802866432122, -16.538879418924729 ], [ -68.05380848889817, -16.538879444421852 ], [ -68.053808475681294, -16.53888215603579 ], [ -68.05380566444822, -16.538882143287243 ], [ -68.053805638014381, -16.538887566515086 ], [ -68.053802826781251, -16.5388875537665 ], [ -68.053802787130351, -16.53889568860826 ], [ -68.053799975897093, -16.538895675859628 ], [ -68.05379994946307, -16.538901099087461 ], [ -68.05379713822974, -16.53890108633879 ], [ -68.053797111795618, -16.538906509566605 ], [ -68.053794300562203, -16.538906496817887 ], [ -68.053794260910905, -16.538914631659623 ], [ -68.053791449677391, -16.538914618910862 ], [ -68.053791423243084, -16.538920042138667 ], [ -68.053788612009484, -16.53892002938986 ], [ -68.053788585575091, -16.538925452617665 ], [ -68.053782949890476, -16.538928138733834 ], [ -68.053782936673201, -16.538930850347722 ], [ -68.053780125439445, -16.538930837598798 ], [ -68.053780099004811, -16.538936260826581 ], [ -68.053768854069531, -16.538936209830492 ], [ -68.053768880504492, -16.53893078660272 ], [ -68.05376606927075, -16.538930773853604 ], [ -68.053766082488266, -16.53892806223973 ], [ -68.053760460020882, -16.538928036741392 ], [ -68.053760473238469, -16.538925325127515 ], [ -68.053749228303886, -16.538925274130396 ], [ -68.053749241521629, -16.538922562516522 ], [ -68.053737996587245, -16.538922511518802 ], [ -68.053738009805144, -16.538919799904939 ], [ -68.053732387338044, -16.538919774405851 ], [ -68.053732400556015, -16.538917062791999 ], [ -68.053729589322515, -16.538917050042404 ], [ -68.053729602540514, -16.538914338428548 ], [ -68.053732413773986, -16.538914351178143 ], [ -68.053732493081768, -16.538898081494978 ], [ -68.053726883833335, -16.538895344381924 ], [ -68.05372691026939, -16.538889921154198 ], [ -68.053724099036287, -16.538889908404546 ], [ -68.053724112254343, -16.538887196790689 ], [ -68.053726923487417, -16.538887209540338 ], [ -68.053726949923458, -16.538881786312615 ], [ -68.053729761156461, -16.538881799062224 ], [ -68.053729774374432, -16.53887908744835 ], [ -68.053726963141472, -16.538879074698748 ], [ -68.053726989577513, -16.538873651471025 ], [ -68.053786025468426, -16.53887391920464 ] ] ] } },
{ "type": "Feature", "properties": { "id": 51, "instance": 70, "mean_prob": 0.967, "area_m2": 178.4, "rgb_split": true, "needs_review": true, "split_confidence": "high" }, "geometry": { "type": "Polygon", "coordinates": [ [ [ -68.056420520857372, -16.538809922981471 ], [ -68.056420507677032, -16.538812634597473 ], [ -68.056434563847986, -16.538812698163419 ], [ -68.056434550667845, -16.538815409779421 ], [ -68.056445795604802, -16.538815460631504 ], [ -68.056445782424817, -16.53881817224752 ], [ -68.056479504056881, -16.538821036416195 ], [ -68.056479490877351, -16.538823748032236 ], [ -68.056487924580551, -16.538823786169555 ], [ -68.056487911401149, -16.53882649778561 ], [ -68.056510401276739, -16.538826599483489 ], [ -68.056510388097635, -16.538829311099548 ], [ -68.05651319933213, -16.538829323811612 ], [ -68.056513120257748, -16.538845593507983 ], [ -68.056515931492484, -16.538845606220022 ], [ -68.056515905134404, -16.538851029452147 ], [ -68.056518716369226, -16.538851042164154 ], [ -68.056518676832212, -16.538859177012334 ], [ -68.056521488067162, -16.538859189724313 ], [ -68.056521092697011, -16.538940538205868 ], [ -68.056518281460896, -16.538940525493821 ], [ -68.056518255102731, -16.538945948725893 ], [ -68.05651544386653, -16.538945936013807 ], [ -68.056515404329147, -16.538954070861905 ], [ -68.056512593092847, -16.538954058149784 ], [ -68.056512566734497, -16.538959481381845 ], [ -68.056509755498112, -16.53895946866967 ], [ -68.056509715960445, -16.538967603517747 ], [ -68.056506904723946, -16.538967590805534 ], [ -68.056504067128841, -16.538973001325314 ], [ -68.056492822182577, -16.538972950475905 ], [ -68.056492835362022, -16.538970238859889 ], [ -68.056459087343981, -16.538972797924028 ], [ -68.056456302467396, -16.538967361979161 ], [ -68.056450679994484, -16.538967336553252 ], [ -68.056447895118211, -16.538961900608289 ], [ -68.056439461409113, -16.538961862469041 ], [ -68.056439474589311, -16.53895915085306 ], [ -68.056422607171427, -16.538959074573555 ], [ -68.056422620351867, -16.538956362957599 ], [ -68.056411375406825, -16.538956312103846 ], [ -68.056411401767988, -16.538950888871945 ], [ -68.056417037420843, -16.538948202682935 ], [ -68.056417090142844, -16.538937356219101 ], [ -68.056422712614818, -16.538937381645866 ], [ -68.05642272579523, -16.538934670029896 ], [ -68.056425537031188, -16.538934682743228 ], [ -68.056425589752649, -16.538923836279356 ], [ -68.056436834695859, -16.538923887132242 ], [ -68.056436821515661, -16.538926598748215 ], [ -68.056456500166647, -16.538926687739337 ], [ -68.056459364122077, -16.538915853988208 ], [ -68.05646217535778, -16.538915866701025 ], [ -68.056462241256966, -16.538902308621008 ], [ -68.056459430021462, -16.538902295908198 ], [ -68.056456645145758, -16.538896859963359 ], [ -68.05643415526238, -16.538896758259266 ], [ -68.056434168442593, -16.538894046643286 ], [ -68.056425734736479, -16.538894008503636 ], [ -68.056425747916805, -16.538891296887645 ], [ -68.056400446798975, -16.538891182466667 ], [ -68.056400433618279, -16.538893894082637 ], [ -68.056394797966846, -16.538896580271278 ], [ -68.056394837509117, -16.53888844542341 ], [ -68.05639764874438, -16.53888845813708 ], [ -68.056397754190087, -16.538866765209402 ], [ -68.056394942955137, -16.53886675249575 ], [ -68.056395022039553, -16.538850482799969 ], [ -68.056397833274261, -16.5388504955136 ], [ -68.056397859635624, -16.538845072281667 ], [ -68.056400670870275, -16.538845084995259 ], [ -68.056400749954093, -16.538828815299421 ], [ -68.056403561188489, -16.538828828012967 ], [ -68.056403574369071, -16.53882611639699 ], [ -68.056400763134718, -16.538826103683448 ], [ -68.056400789495953, -16.538820680451483 ], [ -68.056397978261671, -16.538820667737916 ], [ -68.056397991442338, -16.538817956121939 ], [ -68.056389557739607, -16.538817917981 ], [ -68.05638954455884, -16.538820629596966 ], [ -68.056378312802707, -16.538817867125879 ], [ -68.056378352345476, -16.538809732277986 ], [ -68.056389597281935, -16.538809783133082 ], [ -68.056389584101154, -16.538812494749056 ], [ -68.056395206569476, -16.538812520176382 ], [ -68.056395193388795, -16.538815231792359 ], [ -68.05640643832561, -16.53881528264656 ], [ -68.056409275920814, -16.538809872128038 ], [ -68.056420520857372, -16.538809922981471 ] ], [ [ -68.05651862411618, -16.538870023476569 ], [ -68.056510190410904, -16.538869985340387 ], [ -68.056510164052625, -16.538875408572483 ], [ -68.056518597758128, -16.53887544670868 ], [ -68.05651862411618, -16.538870023476569 ] ] ] } },
{ "type": "Feature", "properties": { "id": 52, "instance": 80, "mean_prob": 0.96, "area_m2": 71.3, "rgb_split": false, "needs_review": false, "split_confidence": "unsplit" }, "geometry": { "type": "Polygon", "coordinates": [ [ [ -68.054019199242589, -16.538907516595522 ], [ -68.054019080316863, -16.53893192112227 ], [ -68.054021891550818, -16.538931933867975 ], [ -68.054021719769352, -16.538967184850978 ], [ -68.054024531003833, -16.538967197596676 ], [ -68.054024451720181, -16.53898346728111 ], [ -68.054018829250765, -16.53898344178965 ], [ -68.054018816036745, -16.538986153403716 ], [ -68.054013206781377, -16.538983416298038 ], [ -68.054013193567272, -16.5389861279121 ], [ -68.053976647515881, -16.538985962212909 ], [ -68.053976634301264, -16.538988673826939 ], [ -68.053948521953956, -16.538988546361647 ], [ -68.053948535168971, -16.538985834747638 ], [ -68.053945723934291, -16.538985822000903 ], [ -68.053945776794464, -16.538974975544861 ], [ -68.053942965559941, -16.538974962798097 ], [ -68.053943110925687, -16.538945135043964 ], [ -68.05394592215977, -16.538945147790702 ], [ -68.053945988234815, -16.538931589720601 ], [ -68.053943177000917, -16.538931576973873 ], [ -68.053943269506149, -16.538912595675725 ], [ -68.053946080739763, -16.538912608422436 ], [ -68.05394609395475, -16.538909896808406 ], [ -68.053985451225088, -16.538910075258393 ], [ -68.053985464439521, -16.538907363644327 ], [ -68.054019199242589, -16.538907516595522 ] ] ] } },
{ "type": "Feature", "properties": { "id": 53, "instance": 81, "mean_prob": 0.831, "area_m2": 40.4, "rgb_split": true, "needs_review": true, "split_confidence": "high" }, "geometry": { "type": "Polygon", "coordinates": [ [ [ -68.053678947463638, -16.538924955384655 ], [ -68.053678934244914, -16.538927666998461 ], [ -68.053684556712156, -16.538927692499001 ], [ -68.053684517056183, -16.538935827340456 ], [ -68.053678881369976, -16.538938513453715 ], [ -68.0536788549325, -16.538943936681324 ], [ -68.053684464181543, -16.538946673795703 ], [ -68.053684450962876, -16.538949385409524 ], [ -68.053690073430758, -16.53894941090994 ], [ -68.053690060212162, -16.538952122523757 ], [ -68.053698493914126, -16.538952160774105 ], [ -68.053704169255667, -16.538941339818834 ], [ -68.05370979172335, -16.538941365318706 ], [ -68.053709804941661, -16.538938653704871 ], [ -68.053721049876884, -16.538938704704162 ], [ -68.05372106309504, -16.538935993090316 ], [ -68.05372387432881, -16.538936005840046 ], [ -68.053723861110697, -16.538938717453888 ], [ -68.053726672344524, -16.538938730203579 ], [ -68.05372668556258, -16.538936018589727 ], [ -68.053740741731502, -16.538936082337599 ], [ -68.053740728513631, -16.538938793951452 ], [ -68.053749162215141, -16.538938832199729 ], [ -68.053749148997383, -16.538941543813589 ], [ -68.053751960231253, -16.538941556562939 ], [ -68.053751933795809, -16.538946979790673 ], [ -68.053754745029764, -16.538946992539991 ], [ -68.053754731812077, -16.538949704153861 ], [ -68.05375192057808, -16.538949691404543 ], [ -68.053751907360365, -16.538952403018406 ], [ -68.05374627167447, -16.538955089133509 ], [ -68.053743434004716, -16.538960499611782 ], [ -68.053740622770547, -16.538960486862305 ], [ -68.053740609552662, -16.538963198476161 ], [ -68.05373779831848, -16.53896318572664 ], [ -68.053737771882609, -16.538968608954335 ], [ -68.053732136196075, -16.538971295069018 ], [ -68.053732096541992, -16.538979429910544 ], [ -68.053729285307583, -16.538979417160899 ], [ -68.053729272089512, -16.538982128774737 ], [ -68.05372646085506, -16.538982116025053 ], [ -68.053726447636961, -16.538984827638885 ], [ -68.053720811949802, -16.538987513753224 ], [ -68.053720785513406, -16.538992936980886 ], [ -68.053717974278811, -16.538992924231074 ], [ -68.053715136607664, -16.538998334708879 ], [ -68.053709514138319, -16.53899830920906 ], [ -68.053706729340448, -16.538992873231464 ], [ -68.053703918105867, -16.538992860481464 ], [ -68.053703944542718, -16.53898743725383 ], [ -68.053706755777227, -16.538987450003827 ], [ -68.053706768995625, -16.538984738390003 ], [ -68.053703957761158, -16.538984725640017 ], [ -68.053703984198009, -16.538979302412379 ], [ -68.053695550494851, -16.538979264162187 ], [ -68.053695576931929, -16.538973840934553 ], [ -68.053692765697633, -16.538973828184425 ], [ -68.053692752479051, -16.538976539798242 ], [ -68.053675898291885, -16.538973751682821 ], [ -68.053675871854267, -16.538979174910427 ], [ -68.0536730606199, -16.538979162160018 ], [ -68.053673087057604, -16.53897373893242 ], [ -68.053670275823322, -16.538973726181986 ], [ -68.053670289042216, -16.538971014568194 ], [ -68.053675911510695, -16.538971040069026 ], [ -68.053675951167108, -16.538962905227628 ], [ -68.053673139932982, -16.538962892477237 ], [ -68.053670355136617, -16.538957456499201 ], [ -68.053659110200456, -16.538957405497129 ], [ -68.053659123419493, -16.538954693883344 ], [ -68.053656312185495, -16.538954681132736 ], [ -68.053656391499857, -16.538938411449994 ], [ -68.053659202733613, -16.538938424200591 ], [ -68.053662066843245, -16.538927590495955 ], [ -68.053667689310458, -16.538927615996943 ], [ -68.053667702529339, -16.538924904383141 ], [ -68.05367051376291, -16.538924917133578 ], [ -68.053670500544072, -16.538927628747377 ], [ -68.053673311777686, -16.538927641497779 ], [ -68.053673324996495, -16.538924929883976 ], [ -68.053678947463638, -16.538924955384655 ] ] ] } },
{ "type": "Feature", "properties": { "id": 54, "instance": 71, "mean_prob": 0.906, "area_m2": 79.6, "rgb_split": true, "needs_review": true, "split_confidence": "high" }, "geometry": { "type": "Polygon", "coordinates": [ [ [ -68.056425747916805, -16.538891296887645 ], [ -68.056425734736479, -16.538894008503636 ], [ -68.056434168442593, -16.538894046643286 ], [ -68.05643415526238, -16.538896758259266 ], [ -68.056456645145758, -16.538896859963359 ], [ -68.056459430021462, -16.538902295908198 ], [ -68.056462241256966, -16.538902308621008 ], [ -68.05646217535778, -16.538915866701025 ], [ -68.056459364122077, -16.538915853988208 ], [ -68.056456500166647, -16.538926687739337 ], [ -68.056436821515661, -16.538926598748215 ], [ -68.056436834695859, -16.538923887132242 ], [ -68.056425589752649, -16.538923836279356 ], [ -68.056425537031188, -16.538934682743228 ], [ -68.05642272579523, -16.538934670029896 ], [ -68.056422712614818, -16.538937381645866 ], [ -68.056417090142844, -16.538937356219101 ], [ -68.056417037420843, -16.538948202682935 ], [ -68.056411401767988, -16.538950888871945 ], [ -68.056411375406825, -16.538956312103846 ], [ -68.056408564170567, -16.538956299390307 ], [ -68.056411349045632, -16.538961735335747 ], [ -68.056414160281975, -16.538961748049246 ], [ -68.056414094379178, -16.538975306129 ], [ -68.056411283142637, -16.53897529341549 ], [ -68.05641123042021, -16.53898613987926 ], [ -68.056408419183512, -16.5389861271657 ], [ -68.056408340099551, -16.539002396861338 ], [ -68.056405528862626, -16.539002384147732 ], [ -68.056405515681917, -16.539005095763663 ], [ -68.05639989320801, -16.539005070336326 ], [ -68.056399880027215, -16.539007781952257 ], [ -68.056394257553237, -16.539007756524768 ], [ -68.056391419954423, -16.539013167042803 ], [ -68.056368930057999, -16.539013065330991 ], [ -68.056368916876764, -16.539015776946901 ], [ -68.056357671928453, -16.539015726090078 ], [ -68.05635768510983, -16.539013014474175 ], [ -68.056349251398743, -16.539012976331161 ], [ -68.056349264580248, -16.53901026471528 ], [ -68.056343642106285, -16.539010239286419 ], [ -68.056343655287861, -16.539007527670538 ], [ -68.056340844050922, -16.539007514956054 ], [ -68.056340883595752, -16.5389993801084 ], [ -68.056343694832577, -16.53899939282288 ], [ -68.056346532432457, -16.538993982305541 ], [ -68.056349343669211, -16.538993995019936 ], [ -68.05634937003218, -16.538988571788153 ], [ -68.056352181268849, -16.538988584502512 ], [ -68.056352194450284, -16.538985872886606 ], [ -68.056349383213657, -16.538985860172257 ], [ -68.056349541391214, -16.53895332078147 ], [ -68.056383276225347, -16.53895347335088 ], [ -68.056383342130204, -16.538939915271229 ], [ -68.056386153366205, -16.538939927985084 ], [ -68.056386219270806, -16.538926369905397 ], [ -68.056389030506608, -16.538926382619213 ], [ -68.056389083230087, -16.538915536155439 ], [ -68.056394718882174, -16.538912849966987 ], [ -68.056394797966846, -16.538896580271278 ], [ -68.056400433618279, -16.538893894082637 ], [ -68.056400446798975, -16.538891182466667 ], [ -68.056425747916805, -16.538891296887645 ] ] ] } },
{ "type": "Feature", "properties": { "id": 55, "instance": 32, "mean_prob": 0.942, "area_m2": 79.0, "rgb_split": true, "needs_review": true, "split_confidence": "medium" }, "geometry": { "type": "Polygon", "coordinates": [ [ [ -68.054157187508366, -16.53885933203405 ], [ -68.054159972317478, -16.538864768006253 ], [ -68.054165594783683, -16.538864793493733 ], [ -68.054168379593108, -16.538870229465847 ], [ -68.054173988847722, -16.538872966567322 ], [ -68.054173949212398, -16.538881101409967 ], [ -68.054179571679114, -16.538881126897088 ], [ -68.054179558467396, -16.538883838511321 ], [ -68.054185167722565, -16.538886575612516 ], [ -68.054185154510947, -16.538889287226738 ], [ -68.054190763766357, -16.538892024327801 ], [ -68.05419075055481, -16.538894735942019 ], [ -68.054193561788367, -16.538894748685387 ], [ -68.054193495730772, -16.538908306756507 ], [ -68.054190684497016, -16.53890829401313 ], [ -68.054190618439151, -16.538921852084226 ], [ -68.054187807205224, -16.538921839340798 ], [ -68.054187793993606, -16.53892455095502 ], [ -68.054156870419874, -16.538924410774808 ], [ -68.054156857207829, -16.538927122388998 ], [ -68.054154045973831, -16.538927109645115 ], [ -68.054154006337541, -16.538935244487664 ], [ -68.054156817571652, -16.538935257231557 ], [ -68.054156751511329, -16.538948815302483 ], [ -68.054153940277018, -16.538948802558579 ], [ -68.054153900640671, -16.538956937401124 ], [ -68.054156711875109, -16.538956950145028 ], [ -68.054156698663022, -16.538959661759208 ], [ -68.05416513236645, -16.538959699990716 ], [ -68.054165119154476, -16.538962411604906 ], [ -68.054173552858032, -16.538962449836077 ], [ -68.054173539646186, -16.538965161450275 ], [ -68.054181973349884, -16.538965199681108 ], [ -68.054184731737664, -16.538976058881438 ], [ -68.054173486798774, -16.538976007907028 ], [ -68.0541734735869, -16.538978719521225 ], [ -68.054167837905439, -16.538981405647974 ], [ -68.054167798269603, -16.538989540490512 ], [ -68.054164987034682, -16.538989527746732 ], [ -68.054164973822694, -16.538992239360915 ], [ -68.054162162587758, -16.53899222661709 ], [ -68.054162149375713, -16.538994938231262 ], [ -68.054159338140721, -16.538994925487401 ], [ -68.054156500481511, -16.539000335971838 ], [ -68.054150864799198, -16.539003022098072 ], [ -68.054150851586996, -16.539005733712241 ], [ -68.05412836170602, -16.53900563175899 ], [ -68.054128388131048, -16.539000208530688 ], [ -68.054122765660978, -16.539000183042006 ], [ -68.054122778873563, -16.538997471427859 ], [ -68.054117169616262, -16.538994734324891 ], [ -68.054117592420226, -16.538907962672038 ], [ -68.054114781186541, -16.538907949927633 ], [ -68.05411482082441, -16.538899815085149 ], [ -68.054123254525123, -16.53889985331822 ], [ -68.054123267737623, -16.538897141704048 ], [ -68.054145757606008, -16.538897243657207 ], [ -68.054145784030368, -16.538891820428827 ], [ -68.05414859526384, -16.538891833172791 ], [ -68.054148753809329, -16.538859293802446 ], [ -68.054157187508366, -16.53885933203405 ] ] ] } },
{ "type": "Feature", "properties": { "id": 56, "instance": 78, "mean_prob": 0.823, "area_m2": 21.1, "rgb_split": true, "needs_review": true, "split_confidence": "medium" }, "geometry": { "type": "Polygon", "coordinates": [ [ [ -68.05610505614834, -16.53893323318017 ], [ -68.056107841014395, -16.538938669129212 ], [ -68.056113450301169, -16.538941406180037 ], [ -68.056113371192708, -16.538957675874347 ], [ -68.056116182428738, -16.538957688591864 ], [ -68.056116156059318, -16.538963111823303 ], [ -68.056130212239921, -16.538963175410313 ], [ -68.056132997107085, -16.538968611359049 ], [ -68.0561386195795, -16.538968636793527 ], [ -68.05613859321069, -16.538974060024994 ], [ -68.05613578197439, -16.538974047307779 ], [ -68.056135768789943, -16.538976758923507 ], [ -68.056130159501819, -16.538974021873223 ], [ -68.056130146317287, -16.538976733488948 ], [ -68.056124510660027, -16.538979419669953 ], [ -68.056124484290805, -16.538984842901389 ], [ -68.056130093579142, -16.538987579951844 ], [ -68.056130067210049, -16.538993003183279 ], [ -68.056116011027271, -16.538992939596152 ], [ -68.056115958288288, -16.539003786058981 ], [ -68.056118769525, -16.539003798776495 ], [ -68.056118743155551, -16.539009222007909 ], [ -68.056121554392348, -16.539009234725388 ], [ -68.056121541207659, -16.539011946341098 ], [ -68.056118729970848, -16.53901193362362 ], [ -68.056118716786116, -16.539014645239334 ], [ -68.056115905549262, -16.539014632521813 ], [ -68.056113067942789, -16.539020043035652 ], [ -68.056110256705836, -16.539020030318053 ], [ -68.056107498208434, -16.539009171137629 ], [ -68.056104686971665, -16.539009158419958 ], [ -68.056104752896218, -16.538995600341465 ], [ -68.056096319186494, -16.538995562188273 ], [ -68.056093481579794, -16.539000972701853 ], [ -68.056090670343153, -16.539000959984005 ], [ -68.056087885476799, -16.538995524034739 ], [ -68.056085074240229, -16.538995511316816 ], [ -68.05608511379576, -16.538987376469766 ], [ -68.056087925032202, -16.538987389187678 ], [ -68.056087951402461, -16.5389819659563 ], [ -68.056090762638817, -16.538981978674169 ], [ -68.056090802194078, -16.538973843827094 ], [ -68.05609361343032, -16.538973856544917 ], [ -68.056093626615365, -16.538971144929214 ], [ -68.056096437851579, -16.538971157647001 ], [ -68.056096424666578, -16.538973869262705 ], [ -68.056104858375349, -16.538973907415844 ], [ -68.056104871560237, -16.538971195800134 ], [ -68.056110494032694, -16.538971221235368 ], [ -68.056110533587102, -16.538963086388236 ], [ -68.056107722350987, -16.538963073670644 ], [ -68.056104937484619, -16.538957637721587 ], [ -68.056102126248589, -16.538957625003931 ], [ -68.05610216580331, -16.53894949015681 ], [ -68.056099354567394, -16.538949477439115 ], [ -68.056099380937269, -16.53894405420769 ], [ -68.056093758465622, -16.538944028772196 ], [ -68.056093784835639, -16.538938605540793 ], [ -68.056096596071384, -16.538938618258552 ], [ -68.056099433677005, -16.538933207744858 ], [ -68.05610505614834, -16.53893323318017 ] ] ] } },
{ "type": "Feature", "properties": { "id": 57, "instance": 82, "mean_prob": 0.878, "area_m2": 35.6, "rgb_split": true, "needs_review": true, "split_confidence": "high" }, "geometry": { "type": "Polygon", "coordinates": [ [ [ -68.053754731812077, -16.538949704153861 ], [ -68.053754718594391, -16.538952415767731 ], [ -68.053760341062471, -16.538952441266261 ], [ -68.053763125861366, -16.538957877243206 ], [ -68.053768748329631, -16.538957902741515 ], [ -68.053771533128824, -16.538963338718379 ], [ -68.053777142379857, -16.538966075830345 ], [ -68.053779927179406, -16.538971511807102 ], [ -68.053782738413759, -16.538971524556064 ], [ -68.05378271197911, -16.53897694778383 ], [ -68.053785523213534, -16.538976960532754 ], [ -68.053785391040591, -16.539004076671567 ], [ -68.053782579805784, -16.539004063922615 ], [ -68.053779715701424, -16.539014897629105 ], [ -68.053768470761582, -16.53901484663275 ], [ -68.05376851041423, -16.539006711791171 ], [ -68.053762901162187, -16.539003974678923 ], [ -68.05376011636271, -16.538998538701957 ], [ -68.053748871423878, -16.538998487704593 ], [ -68.053748858206063, -16.539001199318438 ], [ -68.053746046971327, -16.539001186569006 ], [ -68.053745980882042, -16.539014744638234 ], [ -68.053748792116963, -16.539014757387676 ], [ -68.053748752463477, -16.539022892229216 ], [ -68.053740318758329, -16.539022853980736 ], [ -68.053740331976286, -16.539020142366901 ], [ -68.053734709506273, -16.539020116867725 ], [ -68.0537347227243, -16.539017405253897 ], [ -68.053729100254387, -16.539017379754586 ], [ -68.053729113472471, -16.539014668140748 ], [ -68.053723491002657, -16.539014642641284 ], [ -68.053723504220812, -16.539011931027463 ], [ -68.053720692985948, -16.539011918277673 ], [ -68.053717934624075, -16.539001059072554 ], [ -68.053715123389381, -16.539001046322699 ], [ -68.053715149825933, -16.538995623095058 ], [ -68.053720785513406, -16.538992936980886 ], [ -68.053720811949802, -16.538987513753224 ], [ -68.053723623184311, -16.538987526502993 ], [ -68.053723636402466, -16.538984814889158 ], [ -68.053726447636961, -16.538984827638885 ], [ -68.05372646085506, -16.538982116025053 ], [ -68.053732096541992, -16.538979429910544 ], [ -68.053732136196075, -16.538971295069018 ], [ -68.053737771882609, -16.538968608954335 ], [ -68.05373779831848, -16.53896318572664 ], [ -68.053740609552662, -16.538963198476161 ], [ -68.053740622770547, -16.538960486862305 ], [ -68.053743434004716, -16.538960499611782 ], [ -68.05374627167447, -16.538955089133509 ], [ -68.053749082908539, -16.538955101882902 ], [ -68.05375192057808, -16.538949691404543 ], [ -68.053754731812077, -16.538949704153861 ] ] ] } },
{ "type": "Feature", "properties": { "id": 58, "instance": 85, "mean_prob": 0.867, "area_m2": 61.8, "rgb_split": false, "needs_review": false, "split_confidence": "unsplit" }, "geometry": { "type": "Polygon", "coordinates": [ [ [ -68.055730963974284, -16.538972215632619 ], [ -68.055730950784181, -16.538974927248027 ], [ -68.055739384492114, -16.538974965415939 ], [ -68.055742169348193, -16.538980401369344 ], [ -68.055750603056396, -16.538980439536818 ], [ -68.055750589866548, -16.538983151152241 ], [ -68.055761834810994, -16.538983202041681 ], [ -68.055761821621317, -16.538985913657118 ], [ -68.055767444093632, -16.538985939101622 ], [ -68.055767430904027, -16.538988650717059 ], [ -68.055770242140227, -16.538988663439255 ], [ -68.055770123434002, -16.539013067978189 ], [ -68.055764487771228, -16.53901575414914 ], [ -68.055764474581551, -16.53901846576457 ], [ -68.055758852108298, -16.539018440319946 ], [ -68.055758838918536, -16.539021151935366 ], [ -68.055756027681866, -16.539021139212995 ], [ -68.055756001302271, -16.539026562443837 ], [ -68.055753190065531, -16.539026549721417 ], [ -68.05575316368585, -16.539031972952255 ], [ -68.055750352449039, -16.539031960229796 ], [ -68.055750339259149, -16.539034671845201 ], [ -68.055710981943434, -16.539034493726799 ], [ -68.055710995133865, -16.539031782111419 ], [ -68.055702561423544, -16.539031743942225 ], [ -68.055699723805574, -16.539037154449826 ], [ -68.055694101331881, -16.539037129003425 ], [ -68.055694114522566, -16.539034417388059 ], [ -68.055685680812161, -16.539034379218187 ], [ -68.055685694002946, -16.539031667602828 ], [ -68.055680071529437, -16.539031642156058 ], [ -68.055680084720308, -16.539028930540699 ], [ -68.055677273483596, -16.539028917817259 ], [ -68.055677326247178, -16.53901807135583 ], [ -68.055674515010622, -16.539018058632362 ], [ -68.055674567774318, -16.539007212170926 ], [ -68.055671756537933, -16.539007199447425 ], [ -68.05567191482929, -16.538974660063086 ], [ -68.055714083368386, -16.538974850911178 ], [ -68.055714096558731, -16.53897213929578 ], [ -68.055730963974284, -16.538972215632619 ] ] ] } },
{ "type": "Feature", "properties": { "id": 59, "instance": 77, "mean_prob": 0.939, "area_m2": 390.0, "rgb_split": true, "needs_review": true, "split_confidence": "medium" }, "geometry": { "type": "Polygon", "coordinates": [ [ [ -68.0561165515997, -16.538881763351451 ], [ -68.056116419753153, -16.538908879508806 ], [ -68.056113608517833, -16.538908866791331 ], [ -68.056113542594261, -16.538922424869977 ], [ -68.056110731358743, -16.538922412152459 ], [ -68.056110704989223, -16.538927835383898 ], [ -68.056113516224812, -16.538927848101423 ], [ -68.056113503040095, -16.538930559717148 ], [ -68.056121936747033, -16.538930597869498 ], [ -68.056121949931651, -16.53892788625377 ], [ -68.056127572402872, -16.538927911688479 ], [ -68.056130410007441, -16.538922501174302 ], [ -68.056136032478534, -16.538922526608776 ], [ -68.056136045662939, -16.538919814993029 ], [ -68.056138856898457, -16.53891982771021 ], [ -68.056138883267167, -16.53891440447871 ], [ -68.056130449560882, -16.538914366327077 ], [ -68.056130462745372, -16.538911654711338 ], [ -68.056127651509982, -16.538911641994058 ], [ -68.056124893012793, -16.538900782813769 ], [ -68.056133326718466, -16.538900820965598 ], [ -68.056133313534048, -16.53890353258134 ], [ -68.05613612476931, -16.538903545298545 ], [ -68.056136111584919, -16.538906256914299 ], [ -68.056141720871224, -16.538908993964345 ], [ -68.056141681318266, -16.53891712881159 ], [ -68.056147303789231, -16.538917154245752 ], [ -68.056147290604969, -16.538919865861512 ], [ -68.056161346782588, -16.538919929446266 ], [ -68.056161373150672, -16.538914506214727 ], [ -68.05616418438612, -16.538914518931559 ], [ -68.056164210754119, -16.538909095700021 ], [ -68.056161399518757, -16.538909082983199 ], [ -68.056161504990996, -16.538887390057038 ], [ -68.056164316226045, -16.538887402773845 ], [ -68.056164329410024, -16.538884691158071 ], [ -68.05618963052531, -16.538884805607637 ], [ -68.056189538239877, -16.538903786918187 ], [ -68.05625981912354, -16.538904104817938 ], [ -68.056259740027528, -16.538920374513008 ], [ -68.056256928791925, -16.538920361797459 ], [ -68.056256823330116, -16.538942054724146 ], [ -68.0562540120942, -16.538942042008536 ], [ -68.056253972545875, -16.538950176856034 ], [ -68.056214615241558, -16.538949998833502 ], [ -68.056214602058219, -16.538952710449294 ], [ -68.056189300933923, -16.538952596002304 ], [ -68.056189287750229, -16.538955307618078 ], [ -68.056161175389732, -16.538955180451133 ], [ -68.056161162205655, -16.538957892066886 ], [ -68.05615553973351, -16.538957866633041 ], [ -68.056155526549347, -16.538960578248794 ], [ -68.056149904077131, -16.538960552814792 ], [ -68.056147066472448, -16.538965963329211 ], [ -68.056144255236262, -16.538965950612109 ], [ -68.056144228867609, -16.538971373843587 ], [ -68.056132997107085, -16.538968611359049 ], [ -68.056130212239921, -16.538963175410313 ], [ -68.056116156059318, -16.538963111823303 ], [ -68.056116182428738, -16.538957688591864 ], [ -68.056113371192708, -16.538957675874347 ], [ -68.056113450301169, -16.538941406180037 ], [ -68.056107841014395, -16.538938669129212 ], [ -68.05610505614834, -16.53893323318017 ], [ -68.056099433677005, -16.538933207744858 ], [ -68.056096596071384, -16.538938618258552 ], [ -68.056093784835639, -16.538938605540793 ], [ -68.05609361343032, -16.538973856544917 ], [ -68.056090802194078, -16.538973843827094 ], [ -68.056090762638817, -16.538981978674169 ], [ -68.056087951402461, -16.5389819659563 ], [ -68.056087925032202, -16.538987389187678 ], [ -68.05608511379576, -16.538987376469766 ], [ -68.056085074240229, -16.538995511316816 ], [ -68.056090683528268, -16.538998248368312 ], [ -68.056090670343153, -16.539000959984005 ], [ -68.056093481579794, -16.539000972701853 ], [ -68.056096319186494, -16.538995562188273 ], [ -68.056104752896218, -16.538995600341465 ], [ -68.056104686971665, -16.539009158419958 ], [ -68.056107498208434, -16.539009171137629 ], [ -68.056110256705836, -16.539020030318053 ], [ -68.056113067942789, -16.539020043035652 ], [ -68.056113081127592, -16.539017331419956 ], [ -68.056118716786116, -16.539014645239334 ], [ -68.056118729970848, -16.53901193362362 ], [ -68.056121541207659, -16.539011946341098 ], [ -68.056121554392348, -16.539009234725388 ], [ -68.056118743155551, -16.539009222007909 ], [ -68.056118769525, -16.539003798776495 ], [ -68.056115958288288, -16.539003786058981 ], [ -68.056116011027271, -16.538992939596152 ], [ -68.056130067210049, -16.538993003183279 ], [ -68.056130054025502, -16.538995714799 ], [ -68.056172222574759, -16.538995905554742 ], [ -68.056172235758723, -16.538993193938989 ], [ -68.056180669468517, -16.538993232089108 ], [ -68.056180682652368, -16.538990520473352 ], [ -68.056189116362063, -16.538990558623123 ], [ -68.056189129545785, -16.538987847007355 ], [ -68.056239731803785, -16.538988075898796 ], [ -68.056239718620759, -16.538990787514599 ], [ -68.056245341094012, -16.538990812946231 ], [ -68.05624531472813, -16.538996236177848 ], [ -68.056248125964828, -16.538996248893611 ], [ -68.056248099599017, -16.539001672125242 ], [ -68.056245288362248, -16.539001659409475 ], [ -68.056245261996352, -16.539007082641085 ], [ -68.056242450759484, -16.53900706992528 ], [ -68.056242371661511, -16.539023339620101 ], [ -68.056239560424416, -16.539023326904235 ], [ -68.056239507692212, -16.539034173367426 ], [ -68.056208584082682, -16.53903403349037 ], [ -68.056208570899187, -16.539036745106142 ], [ -68.056177647289516, -16.539036605224481 ], [ -68.056177660473438, -16.539033893608735 ], [ -68.056160793050338, -16.539033817307732 ], [ -68.05616077986619, -16.539036528923464 ], [ -68.056152346154548, -16.539036490772443 ], [ -68.056152332970271, -16.539039202388164 ], [ -68.056124220597937, -16.539039075215616 ], [ -68.056124207413262, -16.539041786831326 ], [ -68.056093283803534, -16.539041646937122 ], [ -68.056093270618433, -16.539044358552797 ], [ -68.056065158245829, -16.539044231372252 ], [ -68.05606514506033, -16.539046942987909 ], [ -68.056048277636648, -16.539046866677747 ], [ -68.056048264450908, -16.53904957829339 ], [ -68.05604264197629, -16.539049552856362 ], [ -68.056042655162102, -16.539046841240726 ], [ -68.05603984392485, -16.53904682852216 ], [ -68.056039830738996, -16.539049540137793 ], [ -68.056034208264379, -16.539049514700537 ], [ -68.056034221450318, -16.539046803084908 ], [ -68.0560285989758, -16.53904677764751 ], [ -68.056028691277803, -16.5390277963381 ], [ -68.056025880040821, -16.53902778361936 ], [ -68.056025919598909, -16.539019648772463 ], [ -68.056023108362041, -16.539019636053691 ], [ -68.056020428986102, -16.538992507178563 ], [ -68.056014819699342, -16.538989770125244 ], [ -68.056014846071648, -16.538984346893979 ], [ -68.056006412362635, -16.538984308737177 ], [ -68.056006425548901, -16.538981597121548 ], [ -68.056000803076316, -16.538981571683504 ], [ -68.056000816262653, -16.538978860067875 ], [ -68.05599800502641, -16.538978847348794 ], [ -68.055998070958282, -16.538965289270681 ], [ -68.055995259722238, -16.538965276551568 ], [ -68.055992474859067, -16.538959840601194 ], [ -68.055981229915233, -16.538959789724249 ], [ -68.055981243101826, -16.538957078108623 ], [ -68.055969998158162, -16.538957027231088 ], [ -68.055970011344925, -16.538954315615481 ], [ -68.055922220335489, -16.538954099379211 ], [ -68.055922207148072, -16.538956810994776 ], [ -68.055910962204635, -16.538956760114058 ], [ -68.055908177344008, -16.538951324162667 ], [ -68.055902554872461, -16.538951298722012 ], [ -68.055902620810883, -16.538937740644247 ], [ -68.055905432046458, -16.538937753364578 ], [ -68.055905616673144, -16.538899790746676 ], [ -68.055908427908179, -16.538899803466947 ], [ -68.055908441095738, -16.538897091851375 ], [ -68.055936553445775, -16.53889721905194 ], [ -68.0559365402586, -16.538899930667526 ], [ -68.055942175915803, -16.538897244491601 ], [ -68.055942162728712, -16.538899956107191 ], [ -68.055956218904043, -16.538900019705682 ], [ -68.055956205717152, -16.53890273132129 ], [ -68.056009619184692, -16.538902972986975 ], [ -68.056009605998554, -16.538905684602636 ], [ -68.056015228468951, -16.538905710040336 ], [ -68.056015215282869, -16.538908421655982 ], [ -68.056018026518117, -16.538908434374779 ], [ -68.056018000146025, -16.538913857606087 ], [ -68.056023622616678, -16.538913883043577 ], [ -68.056023635802646, -16.538911171427916 ], [ -68.056026447037922, -16.53891118414661 ], [ -68.056026460223848, -16.538908472530942 ], [ -68.056023648988599, -16.538908459812259 ], [ -68.056023741290275, -16.538889478502622 ], [ -68.056054664875148, -16.538889618405886 ], [ -68.056054678060661, -16.538886906790193 ], [ -68.056063111765553, -16.538886944944831 ], [ -68.056063124950953, -16.538884233329139 ], [ -68.056091237300379, -16.538884360508767 ], [ -68.056091250485366, -16.538881648893046 ], [ -68.056096872955194, -16.538881674328511 ], [ -68.056096859770292, -16.53888438594424 ], [ -68.05610529347517, -16.538884424097159 ], [ -68.056105306659987, -16.538881712481423 ], [ -68.0561165515997, -16.538881763351451 ] ] ] } },
{ "type": "Feature", "properties": { "id": 60, "instance": 72, "mean_prob": 0.894, "area_m2": 44.2, "rgb_split": true, "needs_review": true, "split_confidence": "high" }, "geometry": { "type": "Polygon", "coordinates": [ [ [ -68.056419545505719, -16.539010582563218 ], [ -68.056419321436522, -16.539056680034157 ], [ -68.056394020297176, -16.53905656561129 ], [ -68.056394007116253, -16.539059277227199 ], [ -68.056371517214473, -16.539059175515387 ], [ -68.056371530395708, -16.539056463899495 ], [ -68.056354662969696, -16.53905638761406 ], [ -68.056354676151159, -16.539053675998176 ], [ -68.056334997487866, -16.539053586996786 ], [ -68.056334984306147, -16.539056298612664 ], [ -68.056329361830862, -16.539056273183352 ], [ -68.056329375012666, -16.539053561567485 ], [ -68.056326563775073, -16.53905354885277 ], [ -68.056326629684307, -16.539039990773464 ], [ -68.056329440921715, -16.539040003488164 ], [ -68.056329546376062, -16.539018310561232 ], [ -68.056363281221294, -16.539018463134457 ], [ -68.056363294402601, -16.539015751518566 ], [ -68.056371728113859, -16.539015789661008 ], [ -68.056371741295038, -16.539013078045098 ], [ -68.05639423119149, -16.539013179756605 ], [ -68.056394218010624, -16.539015891372539 ], [ -68.056402651721939, -16.539015929513738 ], [ -68.056402664902706, -16.5390132178978 ], [ -68.056419545505719, -16.539010582563218 ] ] ] } },
{ "type": "Feature", "properties": { "id": 61, "instance": 83, "mean_prob": 0.806, "area_m2": 25.6, "rgb_split": true, "needs_review": true, "split_confidence": "high" }, "geometry": { "type": "Polygon", "coordinates": [ [ [ -68.05365632540456, -16.538951969518948 ], [ -68.053656312185495, -16.538954681132736 ], [ -68.053659123419493, -16.538954693883344 ], [ -68.053661908215503, -16.538960129861501 ], [ -68.053664719449586, -16.538960142612041 ], [ -68.053664693011669, -16.538965565839629 ], [ -68.053670302261096, -16.538968302954398 ], [ -68.053670275823322, -16.538973726181986 ], [ -68.053673087057604, -16.53897373893242 ], [ -68.053673047401048, -16.538981873773814 ], [ -68.053670236166653, -16.538981861023363 ], [ -68.053670249385547, -16.538979149409577 ], [ -68.053664626916841, -16.538979123908586 ], [ -68.053664640135821, -16.538976412294794 ], [ -68.053659017667187, -16.538976386793653 ], [ -68.053658911914738, -16.538998079703902 ], [ -68.053661723149347, -16.538998092454513 ], [ -68.053661709930324, -16.539000804068287 ], [ -68.053670143634321, -16.53900084231989 ], [ -68.053670130415412, -16.539003553933689 ], [ -68.053675739666005, -16.539006291048359 ], [ -68.053675713228316, -16.53901171427594 ], [ -68.053678524463137, -16.539011727026327 ], [ -68.053681309260455, -16.539017163004274 ], [ -68.053684120495362, -16.539017175754594 ], [ -68.053684080839162, -16.539025310595967 ], [ -68.053672835899036, -16.539025259594428 ], [ -68.053669998226127, -16.539030670071519 ], [ -68.053664375755929, -16.539030644570438 ], [ -68.053661590958939, -16.539025208592285 ], [ -68.053658779723932, -16.539025195841656 ], [ -68.053658766504839, -16.539027907455427 ], [ -68.053647521564642, -16.539027856452513 ], [ -68.053647455468351, -16.539041414521321 ], [ -68.053650266703599, -16.539041427272117 ], [ -68.053650253484363, -16.539044138885881 ], [ -68.05364463101381, -16.539044113384247 ], [ -68.053644617794504, -16.53904682499801 ], [ -68.053636184088575, -16.539046786745264 ], [ -68.053636197307995, -16.539044075131514 ], [ -68.05363057483747, -16.539044049629506 ], [ -68.053630654154432, -16.539027779947013 ], [ -68.053633465389453, -16.539027792698025 ], [ -68.05363635594091, -16.539011535766473 ], [ -68.053639167175689, -16.53901154851739 ], [ -68.053639220053086, -16.539000702062342 ], [ -68.053642031287737, -16.53900071481322 ], [ -68.053642070945642, -16.538992579971925 ], [ -68.053644882180166, -16.538992592722753 ], [ -68.053644935057193, -16.53898174626767 ], [ -68.053647746291574, -16.538981759018451 ], [ -68.053647785949181, -16.538973624177121 ], [ -68.053650597183449, -16.538973636927864 ], [ -68.053650663279228, -16.538960078858963 ], [ -68.053653474513297, -16.538960091609653 ], [ -68.05365351417062, -16.538951956768305 ], [ -68.05365632540456, -16.538951969518948 ] ] ] } },
{ "type": "Feature", "properties": { "id": 62, "instance": 66, "mean_prob": 0.89, "area_m2": 19.0, "rgb_split": true, "needs_review": true, "split_confidence": "high" }, "geometry": { "type": "Polygon", "coordinates": [ [ [ -68.055221694801446, -16.53905939550009 ], [ -68.05522165520955, -16.539067530345061 ], [ -68.055216032735757, -16.53906750488574 ], [ -68.055216019538392, -16.539070216500718 ], [ -68.055210397064528, -16.53907019104124 ], [ -68.055210383867063, -16.539072902656216 ], [ -68.05520195015616, -16.5390728644667 ], [ -68.055201936958596, -16.539075576081672 ], [ -68.055131656034348, -16.539075257822411 ], [ -68.055131642835789, -16.539077969437333 ], [ -68.055103530466127, -16.539077842126979 ], [ -68.05510351726717, -16.539080553741876 ], [ -68.055097894793207, -16.539080528279342 ], [ -68.055095109954365, -16.539075092318246 ], [ -68.055089500679713, -16.539072355240613 ], [ -68.055092338314779, -16.539066944742235 ], [ -68.055103583261953, -16.539066995667401 ], [ -68.055103596460896, -16.5390642840525 ], [ -68.055145765012526, -16.539064475016445 ], [ -68.055145751814166, -16.539067186631375 ], [ -68.055148563051006, -16.539067199362009 ], [ -68.055148576249309, -16.539064487747073 ], [ -68.055154198722917, -16.539064513208213 ], [ -68.055154211921149, -16.53906180159327 ], [ -68.055207625420081, -16.539062043466501 ], [ -68.05520763861756, -16.539059331851522 ], [ -68.055221694801446, -16.53905939550009 ] ] ] } },
{ "type": "Feature", "properties": { "id": 63, "instance": 33, "mean_prob": 0.897, "area_m2": 59.4, "rgb_split": true, "needs_review": true, "split_confidence": "high" }, "geometry": { "type": "Polygon", "coordinates": [ [ [ -68.054091828862781, -16.539002754465649 ], [ -68.054091815649741, -16.539005466079779 ], [ -68.054153662822131, -16.53900574645623 ], [ -68.054153649609958, -16.539008458070388 ], [ -68.054162083315504, -16.539008496302131 ], [ -68.054162070103459, -16.539011207916303 ], [ -68.054164881338679, -16.539011220660143 ], [ -68.054164841702629, -16.53901935550266 ], [ -68.054162030467282, -16.539019342758813 ], [ -68.054161937982826, -16.539038324057977 ], [ -68.054159126747209, -16.539038311314076 ], [ -68.054159073898717, -16.53904915777073 ], [ -68.054161885134491, -16.539049170514637 ], [ -68.054161819074039, -16.539062728585435 ], [ -68.054164630309998, -16.539062741329314 ], [ -68.054164524613469, -16.539084434242564 ], [ -68.054161713377169, -16.539084421498664 ], [ -68.054158875716581, -16.539089831983027 ], [ -68.054153253243868, -16.539089806495031 ], [ -68.054153266456112, -16.539087094880891 ], [ -68.054122342856814, -16.539086954694227 ], [ -68.054122356069485, -16.539084243080097 ], [ -68.054113922360756, -16.539084204846588 ], [ -68.054113948786309, -16.539078781618358 ], [ -68.054111137550166, -16.539078768873782 ], [ -68.054111203614227, -16.539065210803201 ], [ -68.054114014850185, -16.53906522354777 ], [ -68.054116852511612, -16.539059813064053 ], [ -68.054125286219275, -16.539059851297395 ], [ -68.054125325857086, -16.539051716455003 ], [ -68.054122514621312, -16.539051703710594 ], [ -68.054122541046581, -16.539046280482339 ], [ -68.05411691857519, -16.539046254993433 ], [ -68.054116931787902, -16.539043543379297 ], [ -68.054100064374026, -16.539043466911671 ], [ -68.054100077586966, -16.539040755297556 ], [ -68.054086021409006, -16.539040691573508 ], [ -68.054086034622145, -16.539037979959403 ], [ -68.054080412151052, -16.539037954469517 ], [ -68.054080491430298, -16.539021684784906 ], [ -68.054083302665589, -16.539021697529854 ], [ -68.054083315878756, -16.539018985915749 ], [ -68.054080504643494, -16.539018973170801 ], [ -68.054080583922612, -16.539002703486151 ], [ -68.054091828862781, -16.539002754465649 ] ] ] } },
{ "type": "Feature", "properties": { "id": 64, "instance": 84, "mean_prob": 0.735, "area_m2": 14.5, "rgb_split": true, "needs_review": true, "split_confidence": "high" }, "geometry": { "type": "Polygon", "coordinates": [ [ [ -68.053661590958939, -16.539025208592285 ], [ -68.053664375755929, -16.539030644570438 ], [ -68.053669998226127, -16.539030670071519 ], [ -68.05366994535035, -16.539041516526623 ], [ -68.053667134115102, -16.539041503776094 ], [ -68.053667120896108, -16.539044215389868 ], [ -68.053661485206447, -16.539046901502463 ], [ -68.053661471987368, -16.539049613116227 ], [ -68.05365584951663, -16.53904958761489 ], [ -68.05365583629748, -16.539052299228651 ], [ -68.053653025062076, -16.539052286477922 ], [ -68.053652998623676, -16.53905770970545 ], [ -68.0536501873882, -16.539057696954679 ], [ -68.053650160949715, -16.539063120182185 ], [ -68.053647349714154, -16.539063107431371 ], [ -68.05364733649489, -16.539065819045124 ], [ -68.053641714023698, -16.539065793543379 ], [ -68.053641727243061, -16.539063081929633 ], [ -68.053633293536421, -16.539063043676741 ], [ -68.053633280316944, -16.53906575529048 ], [ -68.053630469081369, -16.539065742539435 ], [ -68.053630442642316, -16.539071165766916 ], [ -68.053633253877976, -16.539071178517961 ], [ -68.053633214219502, -16.539079313359178 ], [ -68.053630402983728, -16.539079300608122 ], [ -68.053630416203262, -16.539076588994394 ], [ -68.053624793731785, -16.539076563492173 ], [ -68.053624740853323, -16.539087409947097 ], [ -68.053627552089225, -16.539087422698234 ], [ -68.053627538869648, -16.539090134311962 ], [ -68.053633161341509, -16.539090159814126 ], [ -68.053633148122003, -16.539092871427854 ], [ -68.053638757374515, -16.539095608543612 ], [ -68.053635919699545, -16.539101019020098 ], [ -68.053630297227372, -16.539100993517987 ], [ -68.053627512430467, -16.539095557539422 ], [ -68.053616280706208, -16.539092794920901 ], [ -68.053619144820956, -16.539081961217263 ], [ -68.053621956056759, -16.539081973968464 ], [ -68.053622035374644, -16.539065704286081 ], [ -68.053624846610219, -16.539065717037236 ], [ -68.053627763602194, -16.53904403687844 ], [ -68.053636197307995, -16.539044075131514 ], [ -68.053636184088575, -16.539046786745264 ], [ -68.053644617794504, -16.53904682499801 ], [ -68.05364463101381, -16.539044113384247 ], [ -68.053650253484363, -16.539044138885881 ], [ -68.053650266703599, -16.539041427272117 ], [ -68.053647455468351, -16.539041414521321 ], [ -68.053647521564642, -16.539027856452513 ], [ -68.053658766504839, -16.539027907455427 ], [ -68.053658779723932, -16.539025195841656 ], [ -68.053661590958939, -16.539025208592285 ] ] ] } },
{ "type": "Feature", "properties": { "id": 65, "instance": 92, "mean_prob": 0.682, "area_m2": 12.2, "rgb_split": true, "needs_review": true, "split_confidence": "medium" }, "geometry": { "type": "Polygon", "coordinates": [ [ [ -68.05564336715517, -16.539064016132262 ], [ -68.055643314389528, -16.539074862593534 ], [ -68.055646125626879, -16.539074875317468 ], [ -68.055646112435497, -16.539077586932788 ], [ -68.055643301198103, -16.539077574208854 ], [ -68.055643288006678, -16.53908028582417 ], [ -68.055637665531833, -16.539080260376188 ], [ -68.055637652340337, -16.539082971991501 ], [ -68.05563201667384, -16.539085658158665 ], [ -68.055631937524296, -16.539101927850485 ], [ -68.05562350381112, -16.539101889677944 ], [ -68.055623477427687, -16.539107312908541 ], [ -68.055617854952075, -16.539107287459981 ], [ -68.055617775801238, -16.539123557151701 ], [ -68.055609342087166, -16.539123518978538 ], [ -68.055609394854869, -16.539112672517422 ], [ -68.055612206092732, -16.539112685241836 ], [ -68.055612245668371, -16.539104550395976 ], [ -68.055609434430608, -16.53910453767157 ], [ -68.055609474006346, -16.53909640282572 ], [ -68.05560666276871, -16.539096390101282 ], [ -68.055606702344534, -16.539088255255422 ], [ -68.055609513582041, -16.539088267979857 ], [ -68.055609566349617, -16.539077421518702 ], [ -68.055612377586982, -16.53907743424309 ], [ -68.055615215207965, -16.53907202373685 ], [ -68.05562083768254, -16.539072049185421 ], [ -68.055620850874263, -16.53906933757013 ], [ -68.055632095823285, -16.539069388466817 ], [ -68.055632069440136, -16.539074811697436 ], [ -68.055637691914825, -16.539074837145563 ], [ -68.055640555917975, -16.539064003408303 ], [ -68.05564336715517, -16.539064016132262 ] ] ] } },
{ "type": "Feature", "properties": { "id": 66, "instance": 91, "mean_prob": 0.815, "area_m2": 49.8, "rgb_split": false, "needs_review": false, "split_confidence": "unsplit" }, "geometry": { "type": "Polygon", "coordinates": [ [ [ -68.053737362125247, -16.539052668983306 ], [ -68.053737348907234, -16.539055380597127 ], [ -68.053742971378256, -16.539055406096281 ], [ -68.053742958160313, -16.539058117710116 ], [ -68.053748580631435, -16.539058143209122 ], [ -68.053748567413564, -16.539060854822957 ], [ -68.053754189884771, -16.539060880321813 ], [ -68.053754176666985, -16.539063591935641 ], [ -68.053765408391968, -16.539066354546758 ], [ -68.053765395174338, -16.539069066160604 ], [ -68.053815997417985, -16.539069295640896 ], [ -68.053815984201037, -16.539072007254784 ], [ -68.053821606672685, -16.539072032751839 ], [ -68.053821593455822, -16.539074744365731 ], [ -68.053827202710778, -16.539077481476532 ], [ -68.053827136626836, -16.53909103954598 ], [ -68.053824325390721, -16.539091026797529 ], [ -68.053824298957053, -16.539096450025294 ], [ -68.053821487720867, -16.5390964372768 ], [ -68.053821395202661, -16.539115418573953 ], [ -68.053818583966205, -16.53911540582541 ], [ -68.053818557532324, -16.539120829053161 ], [ -68.053804501349703, -16.539120765309839 ], [ -68.05380166367884, -16.539126175788788 ], [ -68.053796027988398, -16.539128861904963 ], [ -68.053796014771137, -16.539131573518809 ], [ -68.053793203534454, -16.539131560769913 ], [ -68.053793177099848, -16.539136983997611 ], [ -68.053781945370375, -16.539134221387783 ], [ -68.05378195858782, -16.539131509773938 ], [ -68.053779147351179, -16.539131497024847 ], [ -68.053779187003656, -16.539123362183329 ], [ -68.053781998240197, -16.539123374932405 ], [ -68.053782051109991, -16.539112528477038 ], [ -68.05377923987362, -16.539112515727961 ], [ -68.053776481507313, -16.539101656523478 ], [ -68.053770872252471, -16.53909891941132 ], [ -68.053768087451559, -16.539093483434421 ], [ -68.053762464979386, -16.539093457935891 ], [ -68.053762478197072, -16.539090746322056 ], [ -68.053745610780837, -16.539090669825566 ], [ -68.053745623998765, -16.539087958211745 ], [ -68.053737190290803, -16.539087919962991 ], [ -68.053737203508845, -16.539085208349181 ], [ -68.053731581036956, -16.539085182849824 ], [ -68.053731594255083, -16.539082471236007 ], [ -68.05372597178328, -16.539082445736508 ], [ -68.053725985001492, -16.539079734122694 ], [ -68.053720375748057, -16.539076997009246 ], [ -68.053720402184595, -16.539071573781634 ], [ -68.053717590948864, -16.539071561031761 ], [ -68.053717630603771, -16.539063426190335 ], [ -68.053720441839388, -16.5390634389402 ], [ -68.053720468275927, -16.539058015712584 ], [ -68.053726090747006, -16.539058041212193 ], [ -68.05372892841882, -16.5390526307343 ], [ -68.053737362125247, -16.539052668983306 ] ] ] } },
{ "type": "Feature", "properties": { "id": 67, "instance": 67, "mean_prob": 0.936, "area_m2": 41.4, "rgb_split": true, "needs_review": true, "split_confidence": "medium" }, "geometry": { "type": "Polygon", "coordinates": [ [ [ -68.055294826547424, -16.539051591612239 ], [ -68.055294813351153, -16.539054303227289 ], [ -68.055300435824691, -16.539054328684475 ], [ -68.055300356647521, -16.539070598374781 ], [ -68.055303167884546, -16.539070611103327 ], [ -68.055302930353207, -16.539119420174156 ], [ -68.055305741590928, -16.539119432902705 ], [ -68.055305728394757, -16.539122144517741 ], [ -68.055302917157007, -16.539122131789192 ], [ -68.055302811587239, -16.539143824709473 ], [ -68.055305622825315, -16.53914383743804 ], [ -68.05530549086329, -16.539170953588354 ], [ -68.055297057147897, -16.539170915402465 ], [ -68.055297043951569, -16.53917362701749 ], [ -68.055263309089781, -16.539173474270491 ], [ -68.055263295892971, -16.539176185885491 ], [ -68.055260484654468, -16.539176173156321 ], [ -68.055260524244986, -16.539168038311342 ], [ -68.055254901768222, -16.539168012852915 ], [ -68.055254954555892, -16.539157166392954 ], [ -68.055260577032342, -16.539157191851363 ], [ -68.05526341466414, -16.539151781350519 ], [ -68.055269037140448, -16.539151806808693 ], [ -68.055269050337159, -16.539149095193689 ], [ -68.055285917765914, -16.539149171567296 ], [ -68.05528875539693, -16.539143761066054 ], [ -68.055294377873039, -16.539143786523539 ], [ -68.055294430658407, -16.539132940063435 ], [ -68.055291619420501, -16.539132927334716 ], [ -68.055291645813256, -16.539127504104659 ], [ -68.05529445705109, -16.539127516833368 ], [ -68.055294470247404, -16.539124805218336 ], [ -68.055291659009626, -16.539124792489631 ], [ -68.055291672205996, -16.539122080874602 ], [ -68.055294483443731, -16.539122093603304 ], [ -68.055294549425341, -16.53910853552814 ], [ -68.05528892695024, -16.539108510070715 ], [ -68.055288913753856, -16.539111221685744 ], [ -68.055272046328369, -16.539111145312546 ], [ -68.055272099114873, -16.539100298852475 ], [ -68.055274910352296, -16.539100311581421 ], [ -68.055274923548879, -16.539097599966407 ], [ -68.055283357261018, -16.539097638153027 ], [ -68.055283383653943, -16.539092214922974 ], [ -68.055289019324931, -16.539089528765476 ], [ -68.055289045717686, -16.539084105535405 ], [ -68.055291856954881, -16.539084118264118 ], [ -68.055291870151208, -16.539081406649082 ], [ -68.055289058914056, -16.53908139392037 ], [ -68.055286300462512, -16.539070534731465 ], [ -68.055260999329647, -16.539070420171129 ], [ -68.055260986132907, -16.539073131786143 ], [ -68.05523287376289, -16.53907300449325 ], [ -68.055232886960042, -16.539070292878257 ], [ -68.055227264486149, -16.53907026741923 ], [ -68.055227317275012, -16.539059420959255 ], [ -68.055230128511809, -16.539059433688774 ], [ -68.055230141708975, -16.539056722073781 ], [ -68.055263876550157, -16.539056874825093 ], [ -68.055263889746854, -16.539054163210071 ], [ -68.055292002114385, -16.53905429049864 ], [ -68.055292015310698, -16.539051578883591 ], [ -68.055294826547424, -16.539051591612239 ] ] ] } },
{ "type": "Feature", "properties": { "id": 68, "instance": 96, "mean_prob": 0.944, "area_m2": 41.5, "rgb_split": true, "needs_review": true, "split_confidence": "high" }, "geometry": { "type": "Polygon", "coordinates": [ [ [ -68.056314936545348, -16.539132134852917 ], [ -68.056317721419987, -16.539137570799511 ], [ -68.056331777614048, -16.539137634373592 ], [ -68.056331790795895, -16.539134922757739 ], [ -68.056362714422605, -16.539135062617365 ], [ -68.056362688059764, -16.539140485849106 ], [ -68.05636549929865, -16.539140498563391 ], [ -68.05636547293588, -16.539145921795122 ], [ -68.056368284174837, -16.539145934509378 ], [ -68.056368270993488, -16.539148646125238 ], [ -68.056365459754488, -16.539148633410985 ], [ -68.056365407028906, -16.539159479874442 ], [ -68.056368218268062, -16.539159492588706 ], [ -68.056368165542594, -16.539170339052156 ], [ -68.056365354303281, -16.539170326337885 ], [ -68.056365341121875, -16.539173037953741 ], [ -68.05636815236123, -16.539173050668019 ], [ -68.056368112817097, -16.539181185515602 ], [ -68.056365301577614, -16.539181172801314 ], [ -68.056365209307614, -16.53920015411229 ], [ -68.056359586828123, -16.539200128683579 ], [ -68.056359573646603, -16.539202840299417 ], [ -68.05635395116704, -16.539202814870556 ], [ -68.056353964348631, -16.539200103254718 ], [ -68.056328663191067, -16.539199988822961 ], [ -68.056328650009121, -16.539202700438778 ], [ -68.056325838769368, -16.539202687723947 ], [ -68.056325851951357, -16.539199976108129 ], [ -68.056320229471922, -16.539199950678359 ], [ -68.056320242653982, -16.539197239062542 ], [ -68.056314633356791, -16.539194502016809 ], [ -68.056314672903213, -16.539186367169368 ], [ -68.056311861663701, -16.539186354454355 ], [ -68.05631188802802, -16.539180931222734 ], [ -68.056309076788608, -16.539180918507693 ], [ -68.056309103153012, -16.539175495276062 ], [ -68.056311914392353, -16.5391755079911 ], [ -68.056312019849571, -16.539153815064552 ], [ -68.056309208610529, -16.539153802349531 ], [ -68.05630928770357, -16.539137532654607 ], [ -68.056312098942371, -16.539137545369613 ], [ -68.056312125306633, -16.539132122137953 ], [ -68.056314936545348, -16.539132134852917 ] ] ] } },
{ "type": "Feature", "properties": { "id": 69, "instance": 95, "mean_prob": 0.938, "area_m2": 90.9, "rgb_split": true, "needs_review": true, "split_confidence": "high" }, "geometry": { "type": "Polygon", "coordinates": [ [ [ -68.056407891955388, -16.539094591802765 ], [ -68.056407878774635, -16.539097303418682 ], [ -68.056410690012925, -16.539097316132334 ], [ -68.056410571386394, -16.539121720675521 ], [ -68.056407760147735, -16.539121707961851 ], [ -68.056407707424597, -16.539132554425468 ], [ -68.056413329902227, -16.539132579852776 ], [ -68.056413316721518, -16.539135291468682 ], [ -68.056418939199204, -16.539135316895855 ], [ -68.05641892601858, -16.539138028511772 ], [ -68.056421737257466, -16.5391380412253 ], [ -68.056421684535067, -16.539148887688931 ], [ -68.056424495774124, -16.539148900402434 ], [ -68.056424403510107, -16.539167881713794 ], [ -68.056418781031454, -16.539167856286731 ], [ -68.056418754670119, -16.539173279518529 ], [ -68.056413119010557, -16.539175965707191 ], [ -68.056413092649066, -16.539181388938989 ], [ -68.056410281409541, -16.539181376225308 ], [ -68.056410255047965, -16.539186799457084 ], [ -68.056407443808354, -16.539186786743365 ], [ -68.056407417446692, -16.539192209975145 ], [ -68.056401781786434, -16.539194896163465 ], [ -68.056398944184807, -16.53920030668138 ], [ -68.056393321705244, -16.539200281253574 ], [ -68.056393308524207, -16.539202992869445 ], [ -68.056387686044573, -16.539202967441483 ], [ -68.056387672863451, -16.539205679057364 ], [ -68.056382050383746, -16.539205653629246 ], [ -68.056379212781408, -16.539211064146855 ], [ -68.056367967821743, -16.539211013289997 ], [ -68.056367954640351, -16.539213724905842 ], [ -68.056351087200696, -16.539213648619416 ], [ -68.056351100382344, -16.539210937003585 ], [ -68.056345477902553, -16.539210911574479 ], [ -68.056345464720835, -16.539213623190307 ], [ -68.056328597281293, -16.539213546902062 ], [ -68.056328663191067, -16.539199988822961 ], [ -68.056353964348631, -16.539200103254718 ], [ -68.05635395116704, -16.539202814870556 ], [ -68.056365209307614, -16.53920015411229 ], [ -68.056365301577614, -16.539181172801314 ], [ -68.056368112817097, -16.539181185515602 ], [ -68.05636815236123, -16.539173050668019 ], [ -68.056365341121875, -16.539173037953741 ], [ -68.056365354303281, -16.539170326337885 ], [ -68.056368165542594, -16.539170339052156 ], [ -68.056365459754488, -16.539148633410985 ], [ -68.056368270993488, -16.539148646125238 ], [ -68.056368284174837, -16.539145934509378 ], [ -68.05636547293588, -16.539145921795122 ], [ -68.05636549929865, -16.539140498563391 ], [ -68.056362688059764, -16.539140485849106 ], [ -68.056362714422605, -16.539135062617365 ], [ -68.056331790795895, -16.539134922757739 ], [ -68.056331777614048, -16.539137634373592 ], [ -68.056317721419987, -16.539137570799511 ], [ -68.056317734602032, -16.539134859183672 ], [ -68.056312125306633, -16.539132122137953 ], [ -68.056312191217202, -16.539118564058803 ], [ -68.056315002455733, -16.539118576773756 ], [ -68.056315068366047, -16.539105018694581 ], [ -68.056317879604393, -16.539105031409488 ], [ -68.056317905968413, -16.539099608177811 ], [ -68.056320717206674, -16.539099620892674 ], [ -68.056320730388649, -16.539096909276832 ], [ -68.056329164103317, -16.539096947421186 ], [ -68.056329150921457, -16.539099659037031 ], [ -68.056346018351093, -16.539099735324719 ], [ -68.056346031532726, -16.539097023708859 ], [ -68.056365710200481, -16.539097112709428 ], [ -68.056365723381816, -16.539094401093543 ], [ -68.056407891955388, -16.539094591802765 ] ] ] } },
{ "type": "Feature", "properties": { "id": 70, "instance": 89, "mean_prob": 0.896, "area_m2": 78.7, "rgb_split": true, "needs_review": true, "split_confidence": "high" }, "geometry": { "type": "Polygon", "coordinates": [ [ [ -68.054018525327479, -16.539045808912981 ], [ -68.054018512113387, -16.539048520527032 ], [ -68.054021323349033, -16.539048533272833 ], [ -68.054021204422511, -16.539072937799261 ], [ -68.05401839318651, -16.539072925053439 ], [ -68.054018366758271, -16.539078348281521 ], [ -68.054015555522199, -16.539078335535656 ], [ -68.054015502665564, -16.539089181991809 ], [ -68.054018313901807, -16.539089194737677 ], [ -68.054018287473539, -16.539094617965748 ], [ -68.054023909946181, -16.539094643457389 ], [ -68.05402392316023, -16.539091931843348 ], [ -68.054029558846764, -16.539089245720795 ], [ -68.054029572060713, -16.539086534106747 ], [ -68.054038005769343, -16.539086572343678 ], [ -68.054038018983192, -16.539083860729612 ], [ -68.05405207516408, -16.53908392445706 ], [ -68.054052061950429, -16.539086636071133 ], [ -68.054054873186658, -16.539086648816511 ], [ -68.054054793904953, -16.539102918500902 ], [ -68.054051982668483, -16.539102905755506 ], [ -68.054051929813809, -16.539113752211751 ], [ -68.054054741050422, -16.53911376495715 ], [ -68.054054635341245, -16.539135457869605 ], [ -68.054057446578184, -16.539135470614983 ], [ -68.054057274800954, -16.539170721597664 ], [ -68.05406008603839, -16.539170734343038 ], [ -68.0540600067567, -16.539187004027319 ], [ -68.054062817994378, -16.539187016772665 ], [ -68.054062791567205, -16.539192440000754 ], [ -68.054059980329441, -16.539192427255404 ], [ -68.054057142664348, -16.539197837738108 ], [ -68.054043086475176, -16.539197774010582 ], [ -68.054043073261298, -16.539200485624601 ], [ -68.054026205834163, -16.5392004091503 ], [ -68.054023368168004, -16.539205819632471 ], [ -68.054017745692164, -16.539205794140653 ], [ -68.054017772120616, -16.539200370912635 ], [ -68.054020583358451, -16.539200383658564 ], [ -68.054020715500201, -16.539173267518422 ], [ -68.05401790426275, -16.539173254772518 ], [ -68.054015410166357, -16.539108163290035 ], [ -68.054012598929859, -16.539108150544109 ], [ -68.054012612144078, -16.539105438930086 ], [ -68.054015423380548, -16.539105451676004 ], [ -68.054015463023063, -16.53909731683391 ], [ -68.054012651786707, -16.539097304087985 ], [ -68.054012665000926, -16.539094592473955 ], [ -68.054007042528312, -16.539094566982012 ], [ -68.054007055742602, -16.539091855367989 ], [ -68.054001433270074, -16.539091829875897 ], [ -68.054001459698796, -16.539086406647854 ], [ -68.053998648462624, -16.539086393901755 ], [ -68.053998688105807, -16.539078259059679 ], [ -68.053995876869735, -16.539078246313551 ], [ -68.053995890084167, -16.539075534699531 ], [ -68.053993078848151, -16.539075521953368 ], [ -68.053993065633691, -16.539078233567384 ], [ -68.053981820689486, -16.539078182582337 ], [ -68.053981807474869, -16.539080894196342 ], [ -68.053976171787994, -16.539083580317602 ], [ -68.053976105714426, -16.539097138387621 ], [ -68.053973294478112, -16.539097125641174 ], [ -68.053973373766624, -16.539080855957156 ], [ -68.053970562530552, -16.539080843210684 ], [ -68.053970588960112, -16.539075419982684 ], [ -68.053964979702982, -16.539072682875634 ], [ -68.053964992917841, -16.539069971261632 ], [ -68.053962181681925, -16.539069958515057 ], [ -68.053959423305713, -16.53905909931245 ], [ -68.053956612069967, -16.539059086565807 ], [ -68.053956651714856, -16.539050951723812 ], [ -68.053959462950473, -16.539050964470452 ], [ -68.053959476165389, -16.53904825285645 ], [ -68.053970721107774, -16.539048303842609 ], [ -68.053970734322533, -16.539045592228597 ], [ -68.054018525327479, -16.539045808912981 ] ] ] } },
{ "type": "Feature", "properties": { "id": 71, "instance": 90, "mean_prob": 0.97, "area_m2": 50.1, "rgb_split": true, "needs_review": true, "split_confidence": "high" }, "geometry": { "type": "Polygon", "coordinates": [ [ [ -68.053995890084167, -16.539075534699531 ], [ -68.053995876869735, -16.539078246313551 ], [ -68.053998688105807, -16.539078259059679 ], [ -68.053998648462624, -16.539086393901755 ], [ -68.054001459698796, -16.539086406647854 ], [ -68.054001433270074, -16.539091829875897 ], [ -68.054007055742602, -16.539091855367989 ], [ -68.054007042528312, -16.539094566982012 ], [ -68.054012665000926, -16.539094592473955 ], [ -68.054012651786707, -16.539097304087985 ], [ -68.054015463023063, -16.53909731683391 ], [ -68.054015423380548, -16.539105451676004 ], [ -68.054012612144078, -16.539105438930086 ], [ -68.054012598929859, -16.539108150544109 ], [ -68.054015410166357, -16.539108163290035 ], [ -68.054015251596013, -16.539140702658358 ], [ -68.054018062832995, -16.539140715404276 ], [ -68.05401790426275, -16.539173254772518 ], [ -68.054020715500201, -16.539173267518422 ], [ -68.054020583358451, -16.539200383658564 ], [ -68.054017772120616, -16.539200370912635 ], [ -68.054017732477917, -16.539208505754662 ], [ -68.054006487526095, -16.539208454770559 ], [ -68.054006474311706, -16.539211166384554 ], [ -68.054003663073729, -16.539211153638433 ], [ -68.054003676288147, -16.539208442024439 ], [ -68.053995242574317, -16.539208403785846 ], [ -68.053995229359771, -16.539211115399834 ], [ -68.05399241812178, -16.53921110265356 ], [ -68.053992431336383, -16.539208391039573 ], [ -68.0539868088605, -16.539208365546912 ], [ -68.053986848504493, -16.539200230704964 ], [ -68.053984037266673, -16.539200217958584 ], [ -68.053984169413525, -16.539173101818722 ], [ -68.053986980650933, -16.539173114565077 ], [ -68.053987073153309, -16.539154133267122 ], [ -68.05398426191617, -16.539154120520781 ], [ -68.053984433706475, -16.53911886953879 ], [ -68.053981622469834, -16.539118856792442 ], [ -68.053981662113813, -16.539110721950429 ], [ -68.0539788508773, -16.539110709204049 ], [ -68.053978877306676, -16.539105285976042 ], [ -68.053976066070248, -16.53910527322963 ], [ -68.053976171787994, -16.539083580317602 ], [ -68.053978983024109, -16.539083593063999 ], [ -68.053981820689486, -16.539078182582337 ], [ -68.053993065633691, -16.539078233567384 ], [ -68.053993078848151, -16.539075521953368 ], [ -68.053995890084167, -16.539075534699531 ] ] ] } },
{ "type": "Feature", "properties": { "id": 72, "instance": 100, "mean_prob": 0.807, "area_m2": 13.4, "rgb_split": true, "needs_review": true, "split_confidence": "medium" }, "geometry": { "type": "Polygon", "coordinates": [ [ [ -68.055966171531921, -16.539165808910873 ], [ -68.055966158344944, -16.539168520526424 ], [ -68.055968969583915, -16.539168533246077 ], [ -68.055971754449075, -16.539173969196785 ], [ -68.055977376927174, -16.539173994635906 ], [ -68.05597736374034, -16.539176706251467 ], [ -68.055980174979439, -16.539176718970978 ], [ -68.05598014860584, -16.539182142202083 ], [ -68.055982959845025, -16.539182154921559 ], [ -68.055982893911178, -16.539195712999327 ], [ -68.055977271432425, -16.539195687560323 ], [ -68.055977205498138, -16.539209245638059 ], [ -68.055982814790482, -16.539211982692631 ], [ -68.055982775230106, -16.539220117539276 ], [ -68.055963096552063, -16.539220028501951 ], [ -68.055963109739139, -16.539217316886422 ], [ -68.055960298499471, -16.539217304166659 ], [ -68.055960324873681, -16.539211880935589 ], [ -68.055957513634098, -16.539211868215787 ], [ -68.055957540008379, -16.539206444984739 ], [ -68.055954728768867, -16.539206432264905 ], [ -68.055954781517542, -16.53919558580278 ], [ -68.055957592756911, -16.53919559852261 ], [ -68.055957724628044, -16.539168482367241 ], [ -68.055960535867015, -16.539168495087008 ], [ -68.055960549054078, -16.539165783471464 ], [ -68.055966171531921, -16.539165808910873 ] ] ] } },
{ "type": "Feature", "properties": { "id": 73, "instance": 108, "mean_prob": 0.916, "area_m2": 26.9, "rgb_split": false, "needs_review": false, "split_confidence": "unsplit" }, "geometry": { "type": "Polygon", "coordinates": [ [ [ -68.054116337213514, -16.539165566014304 ], [ -68.054116324000688, -16.539168277628409 ], [ -68.054119135238139, -16.539168290372981 ], [ -68.054119108812586, -16.539173713601173 ], [ -68.054121920050122, -16.539173726345712 ], [ -68.054121893624611, -16.539179149573901 ], [ -68.054144383525667, -16.539179251528893 ], [ -68.054144370313224, -16.539181963143008 ], [ -68.054149979576223, -16.539184700245503 ], [ -68.054149913514365, -16.53919825831608 ], [ -68.054152724752285, -16.539198271060222 ], [ -68.054152671902898, -16.539209117516677 ], [ -68.054149860664822, -16.539209104772524 ], [ -68.054149847452436, -16.539211816386633 ], [ -68.054104867642891, -16.539211612475015 ], [ -68.054104854429866, -16.539214324089087 ], [ -68.054093622690601, -16.539211561495595 ], [ -68.054093688756453, -16.539198003425263 ], [ -68.054090877518576, -16.539197990680325 ], [ -68.054091022863659, -16.539168162925542 ], [ -68.054096645338547, -16.539168188415331 ], [ -68.054096658551643, -16.539165476801244 ], [ -68.054116337213514, -16.539165566014304 ] ] ] } },
{ "type": "Feature", "properties": { "id": 74, "instance": 99, "mean_prob": 0.658, "area_m2": 18.6, "rgb_split": true, "needs_review": true, "split_confidence": "medium" }, "geometry": { "type": "Polygon", "coordinates": [ [ [ -68.054240071295638, -16.539157991897039 ], [ -68.054240058084545, -16.539160703511239 ], [ -68.054254114271828, -16.539160767225361 ], [ -68.054256899087576, -16.53916620319648 ], [ -68.054259710325127, -16.539166215939161 ], [ -68.054259657481836, -16.539177062395986 ], [ -68.054254035006437, -16.539177036910576 ], [ -68.054251250190617, -16.539171600939419 ], [ -68.054242816477782, -16.539171562710916 ], [ -68.054242803266732, -16.539174274325109 ], [ -68.054245614504367, -16.539174287067983 ], [ -68.054245574871302, -16.539182421910564 ], [ -68.054251197346829, -16.539182447396211 ], [ -68.054251184135893, -16.539185159010405 ], [ -68.054253995373699, -16.539185171753171 ], [ -68.054253968951869, -16.539190594981569 ], [ -68.054259578216829, -16.539193332081204 ], [ -68.054259512162588, -16.539206890152197 ], [ -68.054256700924441, -16.53920687740948 ], [ -68.054256687713547, -16.539209589023688 ], [ -68.054245442760873, -16.539209538052457 ], [ -68.054245455971937, -16.53920682643826 ], [ -68.054242644733804, -16.539206813695362 ], [ -68.054242631522726, -16.539209525309548 ], [ -68.054231386570109, -16.539209474337564 ], [ -68.05423137335886, -16.539212185951733 ], [ -68.05422856212067, -16.539212173208643 ], [ -68.054225724459812, -16.539217583693841 ], [ -68.054222913221551, -16.539217570950669 ], [ -68.054223151025909, -16.539168761895578 ], [ -68.054228773501023, -16.539168787381808 ], [ -68.054231637583413, -16.53915795366812 ], [ -68.054240071295638, -16.539157991897039 ] ] ] } },
{ "type": "Feature", "properties": { "id": 75, "instance": 105, "mean_prob": 0.838, "area_m2": 53.0, "rgb_split": true, "needs_review": true, "split_confidence": "medium" }, "geometry": { "type": "Polygon", "coordinates": [ [ [ -68.055862182070129, -16.539159915026293 ], [ -68.055862168881688, -16.539162626641765 ], [ -68.055876225075707, -16.539162690246627 ], [ -68.05587621188748, -16.539165401862103 ], [ -68.055884645604038, -16.539165440024572 ], [ -68.055884632415925, -16.539168151640055 ], [ -68.055890254893711, -16.539168177081521 ], [ -68.055890241705669, -16.539170888697004 ], [ -68.055893052944612, -16.53917090141768 ], [ -68.055893026568583, -16.539176324648658 ], [ -68.055895837807611, -16.539176337369302 ], [ -68.055895745491725, -16.539195318677709 ], [ -68.055898556731037, -16.539195331398325 ], [ -68.055898477603279, -16.539211601091232 ], [ -68.055895666363739, -16.539211588370595 ], [ -68.05589562679971, -16.539219723217045 ], [ -68.055892815560071, -16.539219710496365 ], [ -68.055892802372014, -16.539222422111838 ], [ -68.055870312454587, -16.539222320345036 ], [ -68.055870272889464, -16.539230455191404 ], [ -68.055867461649669, -16.539230442470377 ], [ -68.05586743527283, -16.539235865701283 ], [ -68.055864624032978, -16.539235852980212 ], [ -68.055864610844523, -16.53923856459566 ], [ -68.055859001553259, -16.539235827537958 ], [ -68.055859027930339, -16.539230404307066 ], [ -68.055853405450776, -16.539230378864673 ], [ -68.055853418639401, -16.539227667249225 ], [ -68.055850607399663, -16.539227654527973 ], [ -68.055850620588302, -16.539224942912533 ], [ -68.055844998108924, -16.53922491746992 ], [ -68.055845011297663, -16.539222205854486 ], [ -68.055842200058009, -16.539222193133124 ], [ -68.055842186869256, -16.539224904748554 ], [ -68.055828130670861, -16.539224841141163 ], [ -68.055828117481894, -16.539227552756586 ], [ -68.055825306242198, -16.539227540034997 ], [ -68.055825345809183, -16.539219405188735 ], [ -68.055814127229155, -16.539213931071178 ], [ -68.055814179985717, -16.539203084609507 ], [ -68.055811368746362, -16.539203071887744 ], [ -68.055811421503051, -16.539192225426071 ], [ -68.055822679648827, -16.539189564697441 ], [ -68.055822692837836, -16.539186853082004 ], [ -68.055828328504987, -16.539184166909727 ], [ -68.055825570021739, -16.539173307726429 ], [ -68.055836828166235, -16.539170646996958 ], [ -68.055839692160134, -16.539159813256564 ], [ -68.055862182070129, -16.539159915026293 ] ], [ [ -68.05584226600179, -16.539208635055935 ], [ -68.055833832283454, -16.539208596891655 ], [ -68.055830968288376, -16.539219430631874 ], [ -68.055850646965609, -16.539219519681652 ], [ -68.055850673342874, -16.539214096450756 ], [ -68.055847862103349, -16.539214083729476 ], [ -68.055847875292017, -16.539211372114043 ], [ -68.055842252813036, -16.539211346671369 ], [ -68.05584226600179, -16.539208635055935 ] ] ] } },
{ "type": "Feature", "properties": { "id": 76, "instance": 68, "mean_prob": 0.963, "area_m2": 1527.2, "rgb_split": true, "needs_review": true, "split_confidence": "medium" }, "geometry": { "type": "Polygon", "coordinates": [ [ [ -68.05494476848213, -16.538773415527189 ], [ -68.054944755281213, -16.538776127142036 ], [ -68.054950377746124, -16.538776152608239 ], [ -68.054953162576993, -16.538781588570995 ], [ -68.054958785042061, -16.538781614036981 ], [ -68.054961569873228, -16.538787049999627 ], [ -68.054967179137876, -16.538789787080251 ], [ -68.054967165937242, -16.538792498695116 ], [ -68.054972775202131, -16.538795235775606 ], [ -68.054975560033867, -16.53880067173808 ], [ -68.054978371266714, -16.538800684470804 ], [ -68.054978292063836, -16.538816954159994 ], [ -68.054975480830763, -16.538816941427257 ], [ -68.054975164017435, -16.538882020183706 ], [ -68.054977975251447, -16.538882032916501 ], [ -68.054977962050899, -16.538884744531341 ], [ -68.054983584519022, -16.538884769996805 ], [ -68.054983571318544, -16.538887481611663 ], [ -68.054997627489072, -16.538887545274683 ], [ -68.054997640689351, -16.538884833659814 ], [ -68.055008885625654, -16.538884884589542 ], [ -68.055008898825761, -16.538882172974674 ], [ -68.055014521293856, -16.53888219843931 ], [ -68.055014560893952, -16.538874063594687 ], [ -68.055011749660025, -16.53887405086239 ], [ -68.055011776060155, -16.538868627632638 ], [ -68.055008964826314, -16.538868614900313 ], [ -68.055008978026407, -16.538865903285444 ], [ -68.055011789260206, -16.538865916017766 ], [ -68.055011815660336, -16.538860492788011 ], [ -68.055009004426608, -16.538860480055693 ], [ -68.055009057226954, -16.538849633596186 ], [ -68.055025924628424, -16.538849709989464 ], [ -68.055025911428572, -16.538852421604357 ], [ -68.055037156363099, -16.538852472532461 ], [ -68.055037143163418, -16.538855184147362 ], [ -68.055056821799198, -16.538855273270102 ], [ -68.055056834998609, -16.538852561655187 ], [ -68.05506807993325, -16.538852612581625 ], [ -68.055068093132505, -16.538849900966703 ], [ -68.055084960534302, -16.538849977355206 ], [ -68.05508494733526, -16.538852688970145 ], [ -68.055180529281728, -16.538853121812689 ], [ -68.05518051608405, -16.538855833427704 ], [ -68.05518894978546, -16.538855871617599 ], [ -68.055188936587882, -16.53885858323261 ], [ -68.055194559055579, -16.538858608692355 ], [ -68.055194545858072, -16.538861320307387 ], [ -68.055211413261475, -16.538861396685721 ], [ -68.055211400064195, -16.538864108300753 ], [ -68.055217022532105, -16.538864133759898 ], [ -68.05521700933491, -16.538866845374937 ], [ -68.055222631802891, -16.538866870833939 ], [ -68.055222618605782, -16.538869582448978 ], [ -68.055253542180296, -16.538869722470796 ], [ -68.055253528983613, -16.53887243408586 ], [ -68.055261962685933, -16.538872472272846 ], [ -68.055261949489349, -16.538875183887921 ], [ -68.055264760723503, -16.538875196616839 ], [ -68.055264734330422, -16.538880619846982 ], [ -68.055261923096211, -16.53888060711806 ], [ -68.055261738343873, -16.538918569728953 ], [ -68.055264549578638, -16.538918582457907 ], [ -68.055264496792333, -16.538929428918141 ], [ -68.055267308027254, -16.538929441647067 ], [ -68.055267268437603, -16.538937576492248 ], [ -68.055270079672667, -16.538937589221138 ], [ -68.055270040083116, -16.53894572406632 ], [ -68.055267228847953, -16.538945711337419 ], [ -68.055266964916271, -16.538999943638398 ], [ -68.055269776152215, -16.538999956367345 ], [ -68.055269657383008, -16.539024360902715 ], [ -68.055266846146694, -16.539024348173751 ], [ -68.055266806556787, -16.53903248301885 ], [ -68.055227449247027, -16.539032304809265 ], [ -68.055227436049833, -16.539035016424265 ], [ -68.055199323685613, -16.539034889127137 ], [ -68.055199310488021, -16.539037600742123 ], [ -68.055165575650818, -16.539037447980551 ], [ -68.055165562452771, -16.539040159595498 ], [ -68.055145883797636, -16.539040070482045 ], [ -68.05514587059929, -16.539042782096981 ], [ -68.055134625653395, -16.539042731174163 ], [ -68.055134638851882, -16.539040019559241 ], [ -68.055126205142599, -16.539039981366738 ], [ -68.055126191943998, -16.53904269298166 ], [ -68.055086834633755, -16.539042514745447 ], [ -68.0550868214346, -16.539045226360336 ], [ -68.055081198961659, -16.539045200897409 ], [ -68.055081106566917, -16.539064182201578 ], [ -68.055083917803657, -16.539064194933083 ], [ -68.05508390460443, -16.539066906547959 ], [ -68.055092338314779, -16.539066944742235 ], [ -68.055089500679713, -16.539072355240613 ], [ -68.055095109954365, -16.539075092318246 ], [ -68.055097894793207, -16.539080528279342 ], [ -68.05510351726717, -16.539080553741876 ], [ -68.055103530466127, -16.539077842126979 ], [ -68.055131642835789, -16.539077969437333 ], [ -68.055131656034348, -16.539075257822411 ], [ -68.055201936958596, -16.539075576081672 ], [ -68.05520195015616, -16.5390728644667 ], [ -68.055210383867063, -16.539072902656216 ], [ -68.055210397064528, -16.53907019104124 ], [ -68.055216019538392, -16.539070216500718 ], [ -68.055216032735757, -16.53906750488574 ], [ -68.05522165520955, -16.539067530345061 ], [ -68.055221628814962, -16.53907295357504 ], [ -68.055227251288912, -16.539072979034223 ], [ -68.055227264486149, -16.53907026741923 ], [ -68.055232886960042, -16.539070292878257 ], [ -68.05523287376289, -16.53907300449325 ], [ -68.055260986132907, -16.539073131786143 ], [ -68.055260999329647, -16.539070420171129 ], [ -68.055286300462512, -16.539070534731465 ], [ -68.055286274069715, -16.539075957961543 ], [ -68.055289085306796, -16.539075970690288 ], [ -68.055289058914056, -16.53908139392037 ], [ -68.055291870151208, -16.539081406649082 ], [ -68.055291856954881, -16.539084118264118 ], [ -68.055289045717686, -16.539084105535405 ], [ -68.055289019324931, -16.539089528765476 ], [ -68.055286208087665, -16.539089516036725 ], [ -68.055286194891252, -16.539092227651764 ], [ -68.055283383653943, -16.539092214922974 ], [ -68.055283357261018, -16.539097638153027 ], [ -68.055274923548879, -16.539097599966407 ], [ -68.055274910352296, -16.539100311581421 ], [ -68.055272099114873, -16.539100298852475 ], [ -68.055272046328369, -16.539111145312546 ], [ -68.055288913753856, -16.539111221685744 ], [ -68.05528892695024, -16.539108510070715 ], [ -68.055294549425341, -16.53910853552814 ], [ -68.055294483443731, -16.539122093603304 ], [ -68.055291672205996, -16.539122080874602 ], [ -68.055291659009626, -16.539124792489631 ], [ -68.055294470247404, -16.539124805218336 ], [ -68.05529445705109, -16.539127516833368 ], [ -68.055291645813256, -16.539127504104659 ], [ -68.055291619420501, -16.539132927334716 ], [ -68.055294430658407, -16.539132940063435 ], [ -68.055294377873039, -16.539143786523539 ], [ -68.05528875539693, -16.539143761066054 ], [ -68.055285917765914, -16.539149171567296 ], [ -68.055269050337159, -16.539149095193689 ], [ -68.055269037140448, -16.539151806808693 ], [ -68.05526341466414, -16.539151781350519 ], [ -68.055260577032342, -16.539157191851363 ], [ -68.055254954555892, -16.539157166392954 ], [ -68.055254901768222, -16.539168012852915 ], [ -68.055260524244986, -16.539168038311342 ], [ -68.055260484654468, -16.539176173156321 ], [ -68.055173336262001, -16.539175778533444 ], [ -68.05517332306394, -16.539178490148362 ], [ -68.055145210679385, -16.539178362842875 ], [ -68.055145197480925, -16.539181074457773 ], [ -68.055128330050081, -16.539180998072645 ], [ -68.055128343248782, -16.539178286457762 ], [ -68.055108664579834, -16.539178197340082 ], [ -68.055108651380863, -16.539180908954947 ], [ -68.05510021766554, -16.539180870761083 ], [ -68.055097432825349, -16.539175434799994 ], [ -68.055091823547841, -16.539172697722304 ], [ -68.055091889543803, -16.539159139647996 ], [ -68.055089078305684, -16.539159126916534 ], [ -68.055089210297837, -16.539132010767894 ], [ -68.055086399060116, -16.539131998036414 ], [ -68.055086425458583, -16.539126574806673 ], [ -68.055077991745662, -16.539126536612031 ], [ -68.055078018144371, -16.539121113382304 ], [ -68.055080829381936, -16.539121126113887 ], [ -68.055080882179155, -16.539110279654423 ], [ -68.055083693416563, -16.53911029238596 ], [ -68.055083759412838, -16.539096734311606 ], [ -68.055078136938434, -16.539096708848518 ], [ -68.055078150137746, -16.53909399723365 ], [ -68.055066905189108, -16.539093946307037 ], [ -68.055064120350991, -16.539088510345564 ], [ -68.055058497876843, -16.539088484881962 ], [ -68.055055713039039, -16.539083048920396 ], [ -68.055050103764771, -16.539080311841733 ], [ -68.055050156563581, -16.539069465382315 ], [ -68.055038911616435, -16.539069414454261 ], [ -68.055036073979878, -16.53907482495184 ], [ -68.055033262743024, -16.539074812219688 ], [ -68.055033183543358, -16.539091081908719 ], [ -68.055035994780454, -16.539091094640881 ], [ -68.055038779617789, -16.539096530602677 ], [ -68.05504159085497, -16.539096543334768 ], [ -68.055044349292913, -16.539107402526188 ], [ -68.05504716053025, -16.539107415258215 ], [ -68.055047015332633, -16.539137243021422 ], [ -68.055049826570411, -16.539137255753435 ], [ -68.055049800170892, -16.539142678983101 ], [ -68.055046988933043, -16.539142666251085 ], [ -68.055046949333629, -16.539150801095577 ], [ -68.055055383047531, -16.539150839291537 ], [ -68.055055303849329, -16.539167108980546 ], [ -68.055052492611139, -16.53916709624858 ], [ -68.055052479411387, -16.539169807863409 ], [ -68.055049668173154, -16.539169795131411 ], [ -68.055049681372935, -16.539167083516581 ], [ -68.055035625181958, -16.539167019856027 ], [ -68.055035638381923, -16.539164308241212 ], [ -68.055030029105694, -16.539161571161912 ], [ -68.055030042305745, -16.539158859547108 ], [ -68.05501598611545, -16.539158795885257 ], [ -68.055015999315685, -16.539156084270441 ], [ -68.055010376839661, -16.539156058805442 ], [ -68.05501036363934, -16.539158770420247 ], [ -68.054996307449116, -16.539158706757078 ], [ -68.054996294248596, -16.539161418371858 ], [ -68.054987860534382, -16.539161380173489 ], [ -68.05498787373503, -16.53915866855872 ], [ -68.054982251258963, -16.539158643092954 ], [ -68.054982264459696, -16.53915593147817 ], [ -68.054979453221705, -16.53915591874523 ], [ -68.054979440020944, -16.539158630360017 ], [ -68.054959761354851, -16.539158541228392 ], [ -68.054959774555883, -16.539155829613623 ], [ -68.054954152079958, -16.539155804147107 ], [ -68.054954165281075, -16.539153092532352 ], [ -68.054951354043155, -16.539153079799039 ], [ -68.05495134084201, -16.539155791413794 ], [ -68.054945718366085, -16.539155765947054 ], [ -68.054945705164869, -16.539158477561809 ], [ -68.054942893926864, -16.539158464828379 ], [ -68.054942907128137, -16.539155753213624 ], [ -68.054934473414306, -16.539155715013113 ], [ -68.054931635773499, -16.539161125509015 ], [ -68.054928824535494, -16.539161112775393 ], [ -68.054928837736952, -16.539158401160662 ], [ -68.054920404023022, -16.539158362959579 ], [ -68.054920390821451, -16.539161074574302 ], [ -68.054917579583446, -16.539161061840531 ], [ -68.054917592785074, -16.539158350225801 ], [ -68.054909159071187, -16.539158312024266 ], [ -68.054909145869431, -16.539161023638986 ], [ -68.054895089679462, -16.539160959968982 ], [ -68.054895076477521, -16.539163671583687 ], [ -68.054875397811401, -16.539163582444075 ], [ -68.054875331800289, -16.539177140517534 ], [ -68.054878143038508, -16.539177153251885 ], [ -68.054878077027524, -16.539190711325329 ], [ -68.054880888265927, -16.539190724059658 ], [ -68.054880875063773, -16.539193435674342 ], [ -68.054878063825313, -16.539193422940016 ], [ -68.054878011016484, -16.539204269398756 ], [ -68.054875199777882, -16.539204256664387 ], [ -68.054875094159783, -16.539225949581812 ], [ -68.054869458479615, -16.539228635727579 ], [ -68.054866620835867, -16.539234046222397 ], [ -68.054855375879796, -16.539233995283965 ], [ -68.054855362677259, -16.539236706898624 ], [ -68.054832872764919, -16.539236605019919 ], [ -68.054832885967784, -16.539233893405278 ], [ -68.054824452250827, -16.539233855200141 ], [ -68.054824439047835, -16.539236566814779 ], [ -68.054821627808806, -16.539236554079661 ], [ -68.054818869382032, -16.539225694885978 ], [ -68.054813260107451, -16.539222957800934 ], [ -68.054813431747988, -16.539187706810711 ], [ -68.054807822474558, -16.539184969725579 ], [ -68.054807901693579, -16.539168700037756 ], [ -68.054813524169631, -16.53916872550823 ], [ -68.054813563778879, -16.539160590664306 ], [ -68.054807954506202, -16.539157853579209 ], [ -68.054808007318812, -16.53914700712064 ], [ -68.054805196081091, -16.539146994385362 ], [ -68.054805314909629, -16.539122589853559 ], [ -68.054808126146995, -16.539122602588815 ], [ -68.054808165756342, -16.539114467744863 ], [ -68.054805354519104, -16.539114455009614 ], [ -68.054805499753627, -16.539084627248418 ], [ -68.054808310990452, -16.539084639983646 ], [ -68.05480832419353, -16.53908192836899 ], [ -68.054813946667082, -16.539081953839322 ], [ -68.054813959870089, -16.539079242224659 ], [ -68.054833638527313, -16.539079331369617 ], [ -68.054833625324576, -16.539082042984301 ], [ -68.054836436561374, -16.539082055719145 ], [ -68.054836396953291, -16.53909019056319 ], [ -68.054839208190202, -16.539090203298006 ], [ -68.054838825312046, -16.539168840123494 ], [ -68.054836014073985, -16.539168827388615 ], [ -68.054833176430307, -16.539174237883017 ], [ -68.054827553954055, -16.539174212413066 ], [ -68.054827567156948, -16.539171500798414 ], [ -68.054819133442706, -16.53917146259321 ], [ -68.054819146645713, -16.539168750978558 ], [ -68.054816335407679, -16.539168738243411 ], [ -68.054816282595482, -16.539179584701987 ], [ -68.054819093833672, -16.539179597437137 ], [ -68.054819080630651, -16.539182309051778 ], [ -68.05482470310713, -16.539182334521971 ], [ -68.054824716310065, -16.539179622907323 ], [ -68.054833150024663, -16.539179661112325 ], [ -68.054833163227499, -16.539176949497673 ], [ -68.054844408180188, -16.539177000437135 ], [ -68.054844421382839, -16.539174288822473 ], [ -68.054847232620986, -16.539174301557242 ], [ -68.054847549483114, -16.53910922280502 ], [ -68.054850360720309, -16.539109235539701 ], [ -68.054850387125342, -16.53910381231033 ], [ -68.05485319836248, -16.539103825044965 ], [ -68.054853211564946, -16.539101113430267 ], [ -68.054856022802042, -16.539101126164866 ], [ -68.054856049206904, -16.53909570293548 ], [ -68.0548588604439, -16.539095715670033 ], [ -68.054858873646296, -16.539093004055335 ], [ -68.054856062409314, -16.539092991320786 ], [ -68.054858926455822, -16.539082157596543 ], [ -68.054875793876775, -16.539082234002997 ], [ -68.054875807078915, -16.539079522388285 ], [ -68.054881429552495, -16.539079547856797 ], [ -68.054881442754564, -16.539076836242078 ], [ -68.054903932648713, -16.539076938114597 ], [ -68.054903945850441, -16.539074226499856 ], [ -68.054915190797416, -16.539074277435198 ], [ -68.054918028437243, -16.539068866939438 ], [ -68.054960196987608, -16.539069057940935 ], [ -68.054960210188554, -16.539066346326152 ], [ -68.054977077608626, -16.539066422724353 ], [ -68.054977143612163, -16.539052864650362 ], [ -68.054974332375679, -16.539052851917432 ], [ -68.054974358777159, -16.539047428687823 ], [ -68.054971547540745, -16.539047415954862 ], [ -68.05497153433997, -16.53905012756967 ], [ -68.054965911867086, -16.539050102103626 ], [ -68.054965898666225, -16.539052813718421 ], [ -68.0549574649568, -16.539052775519071 ], [ -68.054957478157789, -16.539050063904284 ], [ -68.054937799502824, -16.539049974771157 ], [ -68.054937812704068, -16.539047263156373 ], [ -68.054932190231312, -16.539047237689438 ], [ -68.054932203432642, -16.539044526074669 ], [ -68.054929392196314, -16.539044513341143 ], [ -68.054929550612471, -16.539011973963905 ], [ -68.05493236184833, -16.539011986697407 ], [ -68.054932388250904, -16.539006563467851 ], [ -68.05492957701513, -16.539006550734353 ], [ -68.054929643021737, -16.538992992660475 ], [ -68.054926831786162, -16.538992979926952 ], [ -68.0549269373969, -16.538971287008714 ], [ -68.054924126161637, -16.538971274275177 ], [ -68.054924271376592, -16.538941446512545 ], [ -68.054921460141756, -16.538941433778994 ], [ -68.054921565752764, -16.538919740860681 ], [ -68.054918754518255, -16.538919728127105 ], [ -68.054918807323844, -16.538908881667936 ], [ -68.054915996089491, -16.538908868934332 ], [ -68.05491600929092, -16.538906157319548 ], [ -68.05491319805661, -16.538906144585905 ], [ -68.054913184855138, -16.538908856200688 ], [ -68.054907562386447, -16.538908830733284 ], [ -68.054904724748909, -16.538914241229097 ], [ -68.05489908907839, -16.538916927376231 ], [ -68.054899062675048, -16.538922350605777 ], [ -68.054904685144109, -16.53892237607343 ], [ -68.054904671942509, -16.538925087688206 ], [ -68.054907483177089, -16.53892510042197 ], [ -68.054907417169233, -16.538938658495855 ], [ -68.054901794699674, -16.538938633028259 ], [ -68.054901781498017, -16.538941344643035 ], [ -68.054898970263196, -16.538941331909175 ], [ -68.054898957061511, -16.538944043523944 ], [ -68.054893321390026, -16.538946729670865 ], [ -68.054893308188241, -16.538949441285627 ], [ -68.054879252013663, -16.538949377615349 ], [ -68.054879238811679, -16.538952089230097 ], [ -68.054853937697231, -16.538951974621192 ], [ -68.054853924494893, -16.538954686235932 ], [ -68.054848302024965, -16.538954660766866 ], [ -68.054848315227389, -16.538951949152132 ], [ -68.054842705960041, -16.538949212068196 ], [ -68.054842877592222, -16.538913961076755 ], [ -68.054840066357855, -16.538913948342124 ], [ -68.05484018518024, -16.538889543809532 ], [ -68.054809261606252, -16.538889403726291 ], [ -68.054809248403359, -16.538892115341 ], [ -68.054806437169333, -16.538892102605928 ], [ -68.054806463575218, -16.538886679376521 ], [ -68.054803652341278, -16.538886666641417 ], [ -68.054803705153191, -16.538875820182579 ], [ -68.054800893919406, -16.538875807447447 ], [ -68.054800907122427, -16.538873095832734 ], [ -68.054806529589911, -16.538873121302956 ], [ -68.054806542792846, -16.538870409688244 ], [ -68.05480935402656, -16.53887042242329 ], [ -68.054809340823667, -16.538873134038017 ], [ -68.054814976493986, -16.538870447893281 ], [ -68.054814989696794, -16.538867736278554 ], [ -68.054812178463123, -16.538867723543586 ], [ -68.054812231274497, -16.538856877084701 ], [ -68.054809420040982, -16.538856864349704 ], [ -68.05480944644674, -16.538851441120269 ], [ -68.054812257680169, -16.538851453855262 ], [ -68.054812350099951, -16.538832472552187 ], [ -68.054809538866792, -16.538832459817201 ], [ -68.054809631286716, -16.538813478514093 ], [ -68.054806820053841, -16.538813465779086 ], [ -68.054806899271057, -16.538797196090698 ], [ -68.054801290008726, -16.538794459005874 ], [ -68.05480135602339, -16.538780900932224 ], [ -68.054812600953028, -16.538780951872212 ], [ -68.054812614155807, -16.538778240257475 ], [ -68.054840726479696, -16.538778367604777 ], [ -68.054843564116766, -16.53877295710976 ], [ -68.054846375349101, -16.538772969844239 ], [ -68.054846362146804, -16.538775681459011 ], [ -68.054849173379182, -16.538775694193451 ], [ -68.054849186581436, -16.538772982578678 ], [ -68.05485199781377, -16.538772995313085 ], [ -68.054851984611545, -16.538775706927858 ], [ -68.054877285703, -16.538775821535818 ], [ -68.054877272501145, -16.538778533150619 ], [ -68.054885706198462, -16.538778571352591 ], [ -68.05488569299672, -16.538781282967395 ], [ -68.054913805321647, -16.538781410304882 ], [ -68.054913818523005, -16.538778698690056 ], [ -68.054919440987945, -16.538778724157094 ], [ -68.054919454189232, -16.538776012542264 ], [ -68.054927887886521, -16.538776050742531 ], [ -68.05492790108768, -16.538773339127697 ], [ -68.05494476848213, -16.538773415527189 ] ], [ [ -68.054963919081416, -16.538881969252177 ], [ -68.054958283412574, -16.538884655401009 ], [ -68.054958270211756, -16.538887367015842 ], [ -68.054966703913991, -16.538887405214798 ], [ -68.054963919081416, -16.538881969252177 ] ], [ [ -68.055143547701022, -16.538942439613308 ], [ -68.055129491525932, -16.538942375959913 ], [ -68.055129478327444, -16.538945087574863 ], [ -68.055118233387262, -16.538945036651455 ], [ -68.055118220188618, -16.538947748266388 ], [ -68.055112597718448, -16.538947722804455 ], [ -68.055112584519733, -16.538950434419387 ], [ -68.055106962049507, -16.538950408957298 ], [ -68.055106948850707, -16.538953120572227 ], [ -68.055104137615558, -16.538953107841124 ], [ -68.055104111217858, -16.538958531070978 ], [ -68.055143468511261, -16.538958709303056 ], [ -68.055143481709564, -16.538955997688102 ], [ -68.055154726650471, -16.538956048610178 ], [ -68.055154713452339, -16.538958760225139 ], [ -68.055174392099275, -16.538958849337337 ], [ -68.055174405297151, -16.538956137722359 ], [ -68.055180027767648, -16.53895616318264 ], [ -68.055177242928053, -16.538950727222549 ], [ -68.055168809222536, -16.538950689031964 ], [ -68.05516882242047, -16.538947977416985 ], [ -68.055166011185349, -16.538947964686724 ], [ -68.055165997987373, -16.538950676301699 ], [ -68.055151941811587, -16.538950612649781 ], [ -68.05514915697286, -16.538945176689367 ], [ -68.055143534502733, -16.538945151228265 ], [ -68.055143547701022, -16.538942439613308 ] ], [ [ -68.055225020729182, -16.538953655244416 ], [ -68.055222209493934, -16.538953642514905 ], [ -68.055222196296725, -16.538956354129922 ], [ -68.055225007532016, -16.538956366859441 ], [ -68.055225020729182, -16.538953655244416 ] ], [ [ -68.055061520306495, -16.539045111775977 ], [ -68.0550474641243, -16.539045048116666 ], [ -68.055047437724866, -16.539050471346386 ], [ -68.055050248961393, -16.539050484078327 ], [ -68.055050209362335, -16.539058618922894 ], [ -68.055053020598976, -16.539058631654807 ], [ -68.05505299419967, -16.539064054884527 ], [ -68.055058616673094, -16.53906408034824 ], [ -68.055058682670946, -16.539050522273925 ], [ -68.055061493907459, -16.539050535005714 ], [ -68.055061520306495, -16.539045111775977 ] ] ] } },
{ "type": "Feature", "properties": { "id": 77, "instance": 98, "mean_prob": 0.96, "area_m2": 90.9, "rgb_split": true, "needs_review": true, "split_confidence": "medium" }, "geometry": { "type": "Polygon", "coordinates": [ [ [ -68.054215100444225, -16.539090086854664 ], [ -68.054215087232848, -16.539092798468857 ], [ -68.054220709705746, -16.539092823955187 ], [ -68.054220551169962, -16.539125363325489 ], [ -68.054223362406887, -16.539125376068622 ], [ -68.054222913221551, -16.539217570950669 ], [ -68.054225724459812, -16.539217583693841 ], [ -68.054225618769053, -16.539239276607162 ], [ -68.054222807530479, -16.539239263863973 ], [ -68.054222794319074, -16.539241975478131 ], [ -68.05418624821732, -16.539241809813163 ], [ -68.054186261429237, -16.539239098199033 ], [ -68.054180638952161, -16.539239072711549 ], [ -68.054177854137663, -16.539233636739496 ], [ -68.054175042899203, -16.539233623995671 ], [ -68.054175135383545, -16.539214642696788 ], [ -68.05417232414537, -16.539214629952934 ], [ -68.054172680870607, -16.539141416371258 ], [ -68.054169869633498, -16.539141403627429 ], [ -68.054169922481677, -16.539130557170843 ], [ -68.054167111244723, -16.539130544426985 ], [ -68.05416713766887, -16.53912512119869 ], [ -68.054169948905752, -16.539125133942544 ], [ -68.054170028177936, -16.539108864257642 ], [ -68.054167216941295, -16.539108851513799 ], [ -68.054167283001576, -16.539095293443047 ], [ -68.054170094238017, -16.539095306186873 ], [ -68.054170120662036, -16.539089882958567 ], [ -68.054215100444225, -16.539090086854664 ] ] ] } },
{ "type": "Feature", "properties": { "id": 78, "instance": 93, "mean_prob": 0.871, "area_m2": 160.6, "rgb_split": true, "needs_review": true, "split_confidence": "medium" }, "geometry": { "type": "Polygon", "coordinates": [ [ [ -68.055665857052787, -16.539064117922578 ], [ -68.055665843861689, -16.539066829537923 ], [ -68.055671466336193, -16.539066854985123 ], [ -68.05567145314518, -16.539069566600464 ], [ -68.055677075619769, -16.539069592047525 ], [ -68.055677062428828, -16.539072303662874 ], [ -68.055685496140853, -16.53907234183318 ], [ -68.055685509331681, -16.539069630217831 ], [ -68.055696754280945, -16.539069681111041 ], [ -68.055699539136995, -16.539075117064968 ], [ -68.055705148421254, -16.539077854126642 ], [ -68.055705122040138, -16.539083277357374 ], [ -68.05570793327766, -16.53908329008048 ], [ -68.055707906896615, -16.539088713311205 ], [ -68.055710718134222, -16.539088726034279 ], [ -68.055710691753234, -16.539094149265022 ], [ -68.055716314228604, -16.539094174711057 ], [ -68.055716301038203, -16.539096886326426 ], [ -68.055727532798869, -16.539099648833432 ], [ -68.05572751960861, -16.539102360448801 ], [ -68.055750009511215, -16.539102462230282 ], [ -68.055752794369226, -16.539107898183591 ], [ -68.055755605607132, -16.539107910906075 ], [ -68.055755566037519, -16.539116045752255 ], [ -68.055758377275552, -16.539116058474708 ], [ -68.055758258566854, -16.539140463013254 ], [ -68.055755447328465, -16.539140450290784 ], [ -68.055755420948657, -16.539145873521559 ], [ -68.055752609710183, -16.539145860799053 ], [ -68.055749772091744, -16.539151271307265 ], [ -68.055744149614654, -16.539151245862044 ], [ -68.055744136424593, -16.539153957477424 ], [ -68.05573008023174, -16.539153893863691 ], [ -68.055730040660919, -16.539162028709793 ], [ -68.055727229422246, -16.539162015986925 ], [ -68.055727203041599, -16.539167439217639 ], [ -68.055724391802841, -16.539167426494732 ], [ -68.055724378612481, -16.539170138110094 ], [ -68.055707511179747, -16.539170061771834 ], [ -68.055707524370348, -16.539167350156493 ], [ -68.05568503446051, -16.539167248370042 ], [ -68.055685047651423, -16.539164536754718 ], [ -68.055679425174063, -16.539164511307732 ], [ -68.055679411983064, -16.539167222923059 ], [ -68.055676600744363, -16.539167210199505 ], [ -68.055676574362295, -16.539172633430137 ], [ -68.055670951884721, -16.539172607982913 ], [ -68.055670938693595, -16.539175319598233 ], [ -68.055665316215965, -16.539175294150848 ], [ -68.055665329407148, -16.539172582535532 ], [ -68.055656895690817, -16.539172544364181 ], [ -68.055656882499505, -16.539175255979497 ], [ -68.055651260021875, -16.539175230531729 ], [ -68.055651233639097, -16.53918065376233 ], [ -68.055648422400211, -16.539180641038385 ], [ -68.055645584778389, -16.539186051544988 ], [ -68.055642773539418, -16.539186038820965 ], [ -68.055642760347908, -16.53918875043626 ], [ -68.055639949108894, -16.539188737712198 ], [ -68.055639935917341, -16.539191449327479 ], [ -68.055637124678313, -16.539191436603375 ], [ -68.055637111486718, -16.539194148218662 ], [ -68.055631475816895, -16.53919683438561 ], [ -68.055631409858449, -16.539210392461985 ], [ -68.055628598619137, -16.539210379737757 ], [ -68.055628413934599, -16.539248342351481 ], [ -68.055625602694761, -16.539248329627185 ], [ -68.055625563119321, -16.539256464472967 ], [ -68.055622751879355, -16.539256451748621 ], [ -68.055622738687489, -16.539259163363869 ], [ -68.055619927447495, -16.539259150639488 ], [ -68.055617089823627, -16.539264561145565 ], [ -68.055614278583548, -16.539264548421098 ], [ -68.055614291775527, -16.539261836805849 ], [ -68.055611480535489, -16.539261824081347 ], [ -68.055611506919533, -16.539256400850867 ], [ -68.055608695679567, -16.539256388126333 ], [ -68.055608722063667, -16.539250964895839 ], [ -68.055611533303548, -16.539250977620366 ], [ -68.055611546495555, -16.539248266005121 ], [ -68.055614357735394, -16.539248278729609 ], [ -68.055614384119323, -16.539242855499111 ], [ -68.055617195359076, -16.53924286822356 ], [ -68.055617208550998, -16.539240156608294 ], [ -68.055614397311274, -16.539240143883852 ], [ -68.055614489654928, -16.539221162577075 ], [ -68.055620125325689, -16.539218476410635 ], [ -68.055620217668633, -16.539199495103773 ], [ -68.055623028907775, -16.539199507828105 ], [ -68.055623055291392, -16.539194084597575 ], [ -68.055614621574207, -16.539194046424466 ], [ -68.05561463476613, -16.539191334809203 ], [ -68.055603389810102, -16.539191283911201 ], [ -68.055603403002181, -16.539188572295949 ], [ -68.055597780524252, -16.539188546846731 ], [ -68.055597793716402, -16.539185835231471 ], [ -68.055592171238558, -16.539185809782101 ], [ -68.055592158046352, -16.539188521397357 ], [ -68.055586522376132, -16.539191207563071 ], [ -68.055586509183826, -16.539193919178313 ], [ -68.055580886705783, -16.53919389372863 ], [ -68.055580939475306, -16.53918304726767 ], [ -68.055583750714177, -16.539183059992524 ], [ -68.055586588337633, -16.539177649486849 ], [ -68.055589399576419, -16.539177662211621 ], [ -68.05558938638417, -16.53918037382687 ], [ -68.055603442578359, -16.539180437450174 ], [ -68.055603455770424, -16.539177725834918 ], [ -68.055606267009239, -16.539177738559459 ], [ -68.055606332969305, -16.539164180483141 ], [ -68.055603521730688, -16.53916416775861 ], [ -68.055603627266976, -16.539142474836474 ], [ -68.055606438505279, -16.539142487560991 ], [ -68.055606530849118, -16.539123506254075 ], [ -68.055617775801238, -16.539123557151701 ], [ -68.055617854952075, -16.539107287459981 ], [ -68.055623477427687, -16.539107312908541 ], [ -68.05562350381112, -16.539101889677944 ], [ -68.055631937524296, -16.539101927850485 ], [ -68.05563201667384, -16.539085658158665 ], [ -68.055637652340337, -16.539082971991501 ], [ -68.055637665531833, -16.539080260376188 ], [ -68.055643288006678, -16.53908028582417 ], [ -68.055643301198103, -16.539077574208854 ], [ -68.055646112435497, -16.539077586932788 ], [ -68.055646125626879, -16.539074875317468 ], [ -68.055643314389528, -16.539074862593534 ], [ -68.05564336715517, -16.539064016132262 ], [ -68.055665857052787, -16.539064117922578 ] ], [ [ -68.055674119281562, -16.539099407092749 ], [ -68.055662874330665, -16.539099356198232 ], [ -68.055660036710535, -16.539104766705155 ], [ -68.055657225472743, -16.539104753981384 ], [ -68.055657212281503, -16.539107465596711 ], [ -68.055660023519323, -16.539107478320481 ], [ -68.055659983945688, -16.539115613166437 ], [ -68.055665606421599, -16.539115638613875 ], [ -68.055668391277351, -16.5391210745682 ], [ -68.055674013753446, -16.539121100015414 ], [ -68.055674000562405, -16.539123811630741 ], [ -68.055676811800495, -16.539123824354292 ], [ -68.055679702184221, -16.539107567385798 ], [ -68.055676890946387, -16.539107554662294 ], [ -68.055676917328327, -16.539102131431616 ], [ -68.055674106090549, -16.539102118708083 ], [ -68.055674119281562, -16.539099407092749 ] ] ] } },
{ "type": "Feature", "properties": { "id": 79, "instance": 106, "mean_prob": 0.923, "area_m2": 25.0, "rgb_split": true, "needs_review": true, "split_confidence": "medium" }, "geometry": { "type": "Polygon", "coordinates": [ [ [ -68.055845011297663, -16.539222205854486 ], [ -68.055844998108924, -16.53922491746992 ], [ -68.055850620588302, -16.539224942912533 ], [ -68.055850607399663, -16.539227654527973 ], [ -68.055853418639401, -16.539227667249225 ], [ -68.055853405450776, -16.539230378864673 ], [ -68.055859027930339, -16.539230404307066 ], [ -68.055859001553259, -16.539235827537958 ], [ -68.055861812793111, -16.539235840259106 ], [ -68.055861799604614, -16.539238551874547 ], [ -68.055867422084404, -16.539238577316731 ], [ -68.055867395707565, -16.539244000547637 ], [ -68.055870206947546, -16.539244013268675 ], [ -68.055870167382366, -16.539252148115022 ], [ -68.055872978622475, -16.539252160836028 ], [ -68.055872925869025, -16.539263007297833 ], [ -68.055867290200069, -16.539265693471208 ], [ -68.055867277011615, -16.539268405086652 ], [ -68.055861654530958, -16.539268379644419 ], [ -68.055861628153892, -16.539273802875304 ], [ -68.055858816913485, -16.539273790154127 ], [ -68.055858803724902, -16.539276501769557 ], [ -68.055841936282278, -16.539276425441688 ], [ -68.055839098664151, -16.539281835951076 ], [ -68.055830664942647, -16.539281797786504 ], [ -68.055830678131613, -16.539279086171096 ], [ -68.055827866891164, -16.539279073449499 ], [ -68.055827893269182, -16.539273650218682 ], [ -68.055825082028804, -16.539273637497054 ], [ -68.055825306242198, -16.539227540034997 ], [ -68.055828117481894, -16.539227552756586 ], [ -68.055828130670861, -16.539224841141163 ], [ -68.055842186869256, -16.539224904748554 ], [ -68.055842200058009, -16.539222193133124 ], [ -68.055845011297663, -16.539222205854486 ] ] ] } },
{ "type": "Feature", "properties": { "id": 80, "instance": 97, "mean_prob": 0.906, "area_m2": 53.9, "rgb_split": true, "needs_review": true, "split_confidence": "high" }, "geometry": { "type": "Polygon", "coordinates": [ [ [ -68.056379212781408, -16.539211064146855 ], [ -68.056379173237644, -16.539219198994431 ], [ -68.056381984477682, -16.539219211708556 ], [ -68.056379120512588, -16.539230045457852 ], [ -68.056373484850852, -16.539232731645324 ], [ -68.056373458488153, -16.539238154877015 ], [ -68.056367822826118, -16.539240841064309 ], [ -68.056367796463235, -16.539246264296008 ], [ -68.056364985222814, -16.53924625158167 ], [ -68.056362147619353, -16.539251662098962 ], [ -68.056359336378861, -16.539251649384546 ], [ -68.056356498775173, -16.539257059901754 ], [ -68.056353687534596, -16.539257047187252 ], [ -68.0563536611713, -16.539262470418912 ], [ -68.056350849930652, -16.539262457704375 ], [ -68.056348012326552, -16.539267868221437 ], [ -68.056345201085847, -16.539267855506818 ], [ -68.056345174722281, -16.539273278738456 ], [ -68.056342363481491, -16.539273266023795 ], [ -68.05634233711784, -16.539278689255418 ], [ -68.056339525876979, -16.539278676540714 ], [ -68.056339499513257, -16.539284099772328 ], [ -68.056333877031363, -16.539284074342802 ], [ -68.056333863849417, -16.539286785958616 ], [ -68.056325430126492, -16.539286747814028 ], [ -68.056325416944418, -16.539289459429824 ], [ -68.056314171980404, -16.539289408569839 ], [ -68.056314185162634, -16.539286696954051 ], [ -68.05630294019879, -16.539286646093466 ], [ -68.056302953381177, -16.539283934477684 ], [ -68.056297344081813, -16.539281197431393 ], [ -68.056297370446714, -16.539275774199847 ], [ -68.056294559205924, -16.539275761484539 ], [ -68.056294585570896, -16.539270338252969 ], [ -68.056297396811601, -16.539270350968277 ], [ -68.056297409994045, -16.539267639352502 ], [ -68.056294598753382, -16.539267626637201 ], [ -68.05629465148327, -16.539256780174078 ], [ -68.056297462723791, -16.539256792889365 ], [ -68.0562976077304, -16.539226965115709 ], [ -68.05630041897048, -16.539226977830932 ], [ -68.056303256575205, -16.539221567314542 ], [ -68.056308879055237, -16.539221592744799 ], [ -68.056308892237482, -16.539218881128999 ], [ -68.056317325957423, -16.539218919274102 ], [ -68.05631733913954, -16.539216207658285 ], [ -68.056325772859381, -16.53921624580304 ], [ -68.056325786041384, -16.539213534187223 ], [ -68.056345464720835, -16.539213623190307 ], [ -68.056345477902553, -16.539210911574479 ], [ -68.056351100382344, -16.539210937003585 ], [ -68.056351087200696, -16.539213648619416 ], [ -68.056367954640351, -16.539213724905842 ], [ -68.056367967821743, -16.539211013289997 ], [ -68.056379212781408, -16.539211064146855 ] ] ] } },
{ "type": "Feature", "properties": { "id": 81, "instance": 114, "mean_prob": 0.804, "area_m2": 15.0, "rgb_split": false, "needs_review": false, "split_confidence": "unsplit" }, "geometry": { "type": "Polygon", "coordinates": [ [ [ -68.055417597342299, -16.539241964693769 ], [ -68.055417584147591, -16.539244676308861 ], [ -68.055423193432205, -16.539247413378121 ], [ -68.055423114264343, -16.539263683068711 ], [ -68.055425925504252, -16.53926369579575 ], [ -68.055425885920414, -16.539271830641045 ], [ -68.055428697160437, -16.539271843368056 ], [ -68.055428670771278, -16.539277266598248 ], [ -68.055434280056986, -16.539280003667251 ], [ -68.055434227278923, -16.539290850127653 ], [ -68.05543141603863, -16.539290837400703 ], [ -68.055431389649499, -16.539296260630898 ], [ -68.055425753974106, -16.539298946791966 ], [ -68.055425740779455, -16.539301658407059 ], [ -68.055420118298557, -16.539301632952878 ], [ -68.055420131493278, -16.539298921337799 ], [ -68.055417320252857, -16.539298908610654 ], [ -68.055417346642386, -16.539293485380483 ], [ -68.05541173735655, -16.539290748311014 ], [ -68.055411750551386, -16.539288036695933 ], [ -68.055408939311135, -16.53928802396868 ], [ -68.055408965700877, -16.539282600738535 ], [ -68.055403356415482, -16.539279863668845 ], [ -68.055403409195222, -16.539269017208539 ], [ -68.05540059795527, -16.539269004481199 ], [ -68.055400716709883, -16.539244599945473 ], [ -68.055403527949494, -16.5392446126728 ], [ -68.0554035411444, -16.539241901057718 ], [ -68.055417597342299, -16.539241964693769 ] ] ] } },
{ "type": "Feature", "properties": { "id": 82, "instance": 115, "mean_prob": 0.941, "area_m2": 54.3, "rgb_split": false, "needs_review": false, "split_confidence": "unsplit" }, "geometry": { "type": "Polygon", "coordinates": [ [ [ -68.054062553722176, -16.539241249053479 ], [ -68.054062540508539, -16.539243960667509 ], [ -68.054065351747056, -16.539243973412862 ], [ -68.054065298892638, -16.539254819869001 ], [ -68.054068110131311, -16.539254832614322 ], [ -68.054068017636268, -16.539273813912541 ], [ -68.054070828875211, -16.539273826657844 ], [ -68.054070736380325, -16.539292807956052 ], [ -68.054067925141098, -16.539292795210734 ], [ -68.054067872286666, -16.539303641666823 ], [ -68.054065061047297, -16.539303628921463 ], [ -68.054065047833646, -16.539306340535479 ], [ -68.054045369157777, -16.539306251316845 ], [ -68.054045355943856, -16.53930896293085 ], [ -68.054034110986123, -16.539308911947931 ], [ -68.0540341242002, -16.539306200333936 ], [ -68.054003200567081, -16.539306060127817 ], [ -68.054003226996102, -16.539300636899874 ], [ -68.054000415756832, -16.539300624153633 ], [ -68.054000442185938, -16.539295200925704 ], [ -68.053997630946725, -16.539295188179434 ], [ -68.053997683805051, -16.539284341723551 ], [ -68.053994872566008, -16.53928432897726 ], [ -68.053994991497476, -16.539259924451503 ], [ -68.053992180258774, -16.539259911705191 ], [ -68.05399224633193, -16.539246353635313 ], [ -68.054003491285883, -16.539246404620297 ], [ -68.054003504500358, -16.539243693006316 ], [ -68.054031616885069, -16.539243820466105 ], [ -68.054031630099132, -16.539241108852107 ], [ -68.054062553722176, -16.539241249053479 ] ] ] } },
{ "type": "Feature", "properties": { "id": 83, "instance": 113, "mean_prob": 0.816, "area_m2": 58.3, "rgb_split": false, "needs_review": false, "split_confidence": "unsplit" }, "geometry": { "type": "Polygon", "coordinates": [ [ [ -68.055513192682994, -16.539239685778647 ], [ -68.055513179489623, -16.539242397393824 ], [ -68.055518788775672, -16.539245134460572 ], [ -68.05551876238907, -16.53925055769092 ], [ -68.055513126716107, -16.5392532438545 ], [ -68.055513073942549, -16.539264090315175 ], [ -68.055510262702569, -16.539264077589308 ], [ -68.055510249509126, -16.539266789204472 ], [ -68.055504627029109, -16.539266763752622 ], [ -68.055504613835595, -16.539269475367789 ], [ -68.055501802595529, -16.539269462641805 ], [ -68.05549896496828, -16.539274873146088 ], [ -68.055493342488035, -16.539274847693918 ], [ -68.055490504860472, -16.539280258198069 ], [ -68.055487693620265, -16.539280245471886 ], [ -68.055487667232754, -16.539285668702178 ], [ -68.055484855992475, -16.539285655975956 ], [ -68.055484842798663, -16.539288367591087 ], [ -68.055487654038984, -16.539288380317313 ], [ -68.055487627651431, -16.539293803547586 ], [ -68.055490438891823, -16.539293816273783 ], [ -68.055493223744833, -16.539299252230229 ], [ -68.055498846225788, -16.539299277682435 ], [ -68.055498833032161, -16.539301989297581 ], [ -68.055504455513201, -16.539302014749637 ], [ -68.055507240366722, -16.539307450705909 ], [ -68.055510051607328, -16.539307463431847 ], [ -68.055510025220372, -16.539312886662149 ], [ -68.055512836461048, -16.539312899388058 ], [ -68.055512770493834, -16.539326457463819 ], [ -68.055509959252944, -16.539326444737899 ], [ -68.055507121625013, -16.539331855242228 ], [ -68.055501499143091, -16.539331829790203 ], [ -68.055498661514832, -16.539337240294408 ], [ -68.055495850273786, -16.539337227568296 ], [ -68.055495837080102, -16.539339939183428 ], [ -68.055490214597967, -16.539339913731084 ], [ -68.055490201404197, -16.539342625346215 ], [ -68.055473333957622, -16.539342548988252 ], [ -68.055473320763596, -16.539345260603362 ], [ -68.055467698281362, -16.539345235150407 ], [ -68.055467671893155, -16.539350658380627 ], [ -68.055462036216582, -16.539353344542608 ], [ -68.055459251363786, -16.539347908585778 ], [ -68.05544801959357, -16.539345146063852 ], [ -68.055448151537149, -16.539318029912867 ], [ -68.055450962777869, -16.539318042639611 ], [ -68.055450989166474, -16.539312619409404 ], [ -68.055453800407122, -16.539312632136106 ], [ -68.055453826795642, -16.539307208905889 ], [ -68.055456638036205, -16.539307221632537 ], [ -68.055456730395662, -16.539288240326744 ], [ -68.055459541635955, -16.539288253053353 ], [ -68.055462405652719, -16.539277419319433 ], [ -68.055465216892841, -16.539277432045953 ], [ -68.055465256475074, -16.53926929720058 ], [ -68.055462445235051, -16.539269284474067 ], [ -68.055462498011451, -16.539258438013555 ], [ -68.055459686771584, -16.539258425287013 ], [ -68.055459726353988, -16.539250290441629 ], [ -68.055462537593726, -16.539250303168163 ], [ -68.055462550787809, -16.539247591553039 ], [ -68.055468186461226, -16.539244905390856 ], [ -68.055468199655238, -16.539242193775721 ], [ -68.055476633374141, -16.539242231954855 ], [ -68.055476646568025, -16.539239520339706 ], [ -68.055513192682994, -16.539239685778647 ] ] ] } },
{ "type": "Feature", "properties": { "id": 84, "instance": 116, "mean_prob": 0.88, "area_m2": 109.6, "rgb_split": false, "needs_review": false, "split_confidence": "unsplit" }, "geometry": { "type": "Polygon", "coordinates": [ [ [ -68.054337989055313, -16.539256055989277 ], [ -68.054337936216101, -16.539266902446261 ], [ -68.054340747455157, -16.53926691518792 ], [ -68.054340734245386, -16.539269626802163 ], [ -68.054337923006273, -16.539269614060498 ], [ -68.054337883376832, -16.539277748903224 ], [ -68.054340694616059, -16.539277761644897 ], [ -68.054340654986703, -16.539285896487616 ], [ -68.054337843747362, -16.539285883745944 ], [ -68.05433783053752, -16.539288595360173 ], [ -68.054346264255685, -16.539288633585102 ], [ -68.05434912833374, -16.53927779986968 ], [ -68.054354750812209, -16.539277825352681 ], [ -68.054354764021795, -16.539275113738416 ], [ -68.054357575261008, -16.539275126479858 ], [ -68.054357562051464, -16.539277838094119 ], [ -68.054360373290706, -16.539277850835528 ], [ -68.054360333662174, -16.539285985678298 ], [ -68.054363144901529, -16.539285998419668 ], [ -68.054363118482584, -16.539291421648183 ], [ -68.054365929722024, -16.539291434389526 ], [ -68.054365903303136, -16.539296857618037 ], [ -68.054368714542662, -16.539296870359347 ], [ -68.054368661705027, -16.539307716816378 ], [ -68.054371472944709, -16.53930772955766 ], [ -68.054371288013186, -16.539345692157216 ], [ -68.054368476772964, -16.539345679415899 ], [ -68.054368437144603, -16.539353814258636 ], [ -68.054365625904254, -16.539353801517283 ], [ -68.054365599485251, -16.53935922474577 ], [ -68.054345920802334, -16.539359135555209 ], [ -68.054345947221876, -16.539353712326744 ], [ -68.054343135981554, -16.539353699585092 ], [ -68.054343175610967, -16.539345564742419 ], [ -68.054340364370759, -16.539345552000732 ], [ -68.054340390790443, -16.539340128772277 ], [ -68.054337579550307, -16.539340116030555 ], [ -68.054334741890344, -16.539345526517248 ], [ -68.054331930650136, -16.539345513775444 ], [ -68.054331891020254, -16.539353648618086 ], [ -68.054329079779933, -16.539353635876239 ], [ -68.05432906656992, -16.53935634749045 ], [ -68.054323444089221, -16.539356322006647 ], [ -68.054323457299304, -16.539353610392435 ], [ -68.054320646058997, -16.539353597650479 ], [ -68.054317861238999, -16.539348161680074 ], [ -68.054312251968796, -16.539345424581779 ], [ -68.054312265179036, -16.539342712967564 ], [ -68.054306655909059, -16.53933997586913 ], [ -68.05430666911937, -16.539337264254925 ], [ -68.054301046639253, -16.539337238770546 ], [ -68.054301020218475, -16.539342661998926 ], [ -68.054298208978338, -16.539342649256675 ], [ -68.054298103294826, -16.539364342170195 ], [ -68.054295292054391, -16.539364329427887 ], [ -68.054295265633399, -16.539369752656253 ], [ -68.054269964468801, -16.539369637973728 ], [ -68.054269977679652, -16.539366926359563 ], [ -68.054258732717827, -16.539366875388581 ], [ -68.054258745928834, -16.539364163774426 ], [ -68.054255934688413, -16.539364151031588 ], [ -68.054256304596507, -16.539288225835005 ], [ -68.054253493357194, -16.539288213092192 ], [ -68.05425354620121, -16.53927736663551 ], [ -68.054256357440352, -16.539277379378316 ], [ -68.054256370651302, -16.539274667764133 ], [ -68.05427886056431, -16.539274769705198 ], [ -68.054278873774948, -16.539272058091008 ], [ -68.054281685014033, -16.539272070833469 ], [ -68.054284522674251, -16.539266660347494 ], [ -68.054298578869393, -16.539266724059022 ], [ -68.054298552448657, -16.539272147287441 ], [ -68.054306986166011, -16.539272185513916 ], [ -68.054306999376251, -16.539269473899694 ], [ -68.054323866810776, -16.539269550351609 ], [ -68.054326704469801, -16.539264139864997 ], [ -68.054332326947844, -16.539264165348584 ], [ -68.054332366577498, -16.539256030505861 ], [ -68.054337989055313, -16.539256055989277 ] ], [ [ -68.054340628567118, -16.539291319716096 ], [ -68.054337817327692, -16.539291306974416 ], [ -68.054337764488338, -16.539302153431354 ], [ -68.05433495324877, -16.539302140689625 ], [ -68.054334887199332, -16.53931569876077 ], [ -68.05433207595955, -16.539315686018988 ], [ -68.054332049539696, -16.539321109247446 ], [ -68.054334860779534, -16.539321121989232 ], [ -68.054334847569635, -16.539323833603458 ], [ -68.054332036329754, -16.539323820861672 ], [ -68.054332009909871, -16.539329244090116 ], [ -68.05432919866989, -16.539329231348287 ], [ -68.054331983489959, -16.539334667318563 ], [ -68.054340417210099, -16.539334705543826 ], [ -68.054340628567118, -16.539291319716096 ] ] ] } },
{ "type": "Feature", "properties": { "id": 85, "instance": 102, "mean_prob": 0.96, "area_m2": 675.1, "rgb_split": false, "needs_review": false, "split_confidence": "unsplit" }, "geometry": { "type": "Polygon", "coordinates": [ [ [ -68.054785715468753, -16.539106231017897 ], [ -68.054785702265335, -16.539108942632527 ], [ -68.054788513502473, -16.539108955368043 ], [ -68.054788368265108, -16.539138783129015 ], [ -68.054785557027529, -16.539138770393482 ], [ -68.054782666568983, -16.53915502734565 ], [ -68.054785477806789, -16.539155040081233 ], [ -68.054785464603327, -16.539157751695868 ], [ -68.054788275841176, -16.539157764431415 ], [ -68.054788249434324, -16.539163187660655 ], [ -68.054791060672258, -16.539163200396175 ], [ -68.054791021062059, -16.539171335240052 ], [ -68.054793832300106, -16.539171347975532 ], [ -68.054793766283268, -16.539184906048657 ], [ -68.054796577521515, -16.539184918784116 ], [ -68.054796524708166, -16.539195765242603 ], [ -68.054793713469749, -16.539195752507137 ], [ -68.054793647452811, -16.539209310580226 ], [ -68.054790836214195, -16.539209297844707 ], [ -68.05479075699354, -16.539225567532384 ], [ -68.054793568232384, -16.539225580267914 ], [ -68.054793541825561, -16.539231003497132 ], [ -68.054796353064461, -16.53923101623263 ], [ -68.054796207827167, -16.539260843993329 ], [ -68.054793396587826, -16.53926083125781 ], [ -68.054793092907971, -16.539323198393472 ], [ -68.054790281667707, -16.53932318565786 ], [ -68.054790255260627, -16.539328608887022 ], [ -68.054787444020306, -16.539328596151375 ], [ -68.054787378002359, -16.539342154224268 ], [ -68.05479018924288, -16.53934216695993 ], [ -68.054790176039319, -16.539344878574504 ], [ -68.054787364798756, -16.539344865838839 ], [ -68.054787298780738, -16.539358423911715 ], [ -68.054784487539976, -16.539358411175993 ], [ -68.05478446113267, -16.53936383440514 ], [ -68.054781649891837, -16.539363821669387 ], [ -68.054781636688148, -16.53936653328395 ], [ -68.054773202965535, -16.53936649507645 ], [ -68.054773216169352, -16.539363783461891 ], [ -68.054739481279626, -16.5393636306285 ], [ -68.054739494483911, -16.539360919013973 ], [ -68.054725438280158, -16.539360855331793 ], [ -68.054725425075688, -16.539363566946317 ], [ -68.054716991353345, -16.539363528736548 ], [ -68.054716978148747, -16.539366240351065 ], [ -68.05470571998076, -16.539368901018669 ], [ -68.054705706775991, -16.539371612633172 ], [ -68.054702895535115, -16.539371599896356 ], [ -68.054702908739912, -16.539368888281853 ], [ -68.054671985090792, -16.539368748174326 ], [ -68.05467199829603, -16.539366036559848 ], [ -68.054663564573715, -16.539365998347918 ], [ -68.054663551368378, -16.539368709962385 ], [ -68.054638250201208, -16.539368595324525 ], [ -68.0546382634069, -16.539365883710076 ], [ -68.054635452166167, -16.53936587097235 ], [ -68.054635584223433, -16.539338754827806 ], [ -68.054632772983084, -16.539338742090063 ], [ -68.054632905040478, -16.539311625945459 ], [ -68.054630093800526, -16.539311613207708 ], [ -68.054630305092488, -16.53926822737624 ], [ -68.054627493853161, -16.539268214638479 ], [ -68.054627652322196, -16.539235675264781 ], [ -68.054622043050301, -16.539232938174717 ], [ -68.054619258223198, -16.539227502207936 ], [ -68.054610824507037, -16.539227463994177 ], [ -68.054610837712985, -16.539224752379717 ], [ -68.054608026474313, -16.539224739641721 ], [ -68.054608039680318, -16.539222028027254 ], [ -68.054602430409133, -16.5392192909367 ], [ -68.054602443615195, -16.539216579322236 ], [ -68.054596834344238, -16.539213842231543 ], [ -68.054596847550386, -16.539211130617083 ], [ -68.054585602596532, -16.539211079664177 ], [ -68.054585615802836, -16.539208368049721 ], [ -68.054571559610764, -16.539208304357746 ], [ -68.054571572817252, -16.539205592743308 ], [ -68.054565950340518, -16.539205567266254 ], [ -68.054565937133944, -16.539208278880693 ], [ -68.054554705387076, -16.539205516311707 ], [ -68.054554665766872, -16.539213651154988 ], [ -68.054571493578237, -16.539221862429947 ], [ -68.054571440752184, -16.539232708887695 ], [ -68.054554560112891, -16.539235344070384 ], [ -68.054554546906132, -16.539238055684812 ], [ -68.054529245756797, -16.539237941034614 ], [ -68.054529232549683, -16.53924065264901 ], [ -68.054515176355494, -16.539240588953117 ], [ -68.054515163148182, -16.539243300567509 ], [ -68.054503918192722, -16.539243249610106 ], [ -68.054503931400191, -16.539240537995724 ], [ -68.054501120161376, -16.539240525256282 ], [ -68.054501212613872, -16.539221543955616 ], [ -68.054498401375326, -16.539221531216153 ], [ -68.054498665525443, -16.539167298928387 ], [ -68.054495854287694, -16.539167286188928 ], [ -68.054496105230129, -16.539115765515337 ], [ -68.054504538941174, -16.539115803733477 ], [ -68.054504552148529, -16.539113092119059 ], [ -68.054543909466432, -16.539113270465833 ], [ -68.054543922673233, -16.539110558851391 ], [ -68.05457203504308, -16.539110686237382 ], [ -68.054572048249469, -16.539107974622912 ], [ -68.054698553915046, -16.539108547812912 ], [ -68.054698567119672, -16.539105836198349 ], [ -68.054785715468753, -16.539106231017897 ] ] ] } },
{ "type": "Feature", "properties": { "id": 86, "instance": 120, "mean_prob": 0.762, "area_m2": 14.0, "rgb_split": false, "needs_review": false, "split_confidence": "unsplit" }, "geometry": { "type": "Polygon", "coordinates": [ [ [ -68.05587815269979, -16.539344381203033 ], [ -68.055878139511421, -16.539347092818463 ], [ -68.055880950752908, -16.539347105539431 ], [ -68.05588080568117, -16.53937693330916 ], [ -68.055877994439257, -16.539376920588165 ], [ -68.055877981250859, -16.539379632203598 ], [ -68.055861113799182, -16.539379555876817 ], [ -68.05585832893459, -16.539374119924734 ], [ -68.055847083967166, -16.539374069039322 ], [ -68.055847097156004, -16.539371357423928 ], [ -68.055841474672391, -16.539371331980998 ], [ -68.055841501050182, -16.539365908750206 ], [ -68.055838689808454, -16.539365896028688 ], [ -68.055838729375239, -16.539357761182497 ], [ -68.055841540616839, -16.539357773904001 ], [ -68.055844378236131, -16.539352363394681 ], [ -68.055850000719204, -16.539352388837493 ], [ -68.055850013907957, -16.539349677222081 ], [ -68.055855649579641, -16.539346991049332 ], [ -68.055855662768323, -16.539344279433926 ], [ -68.05587815269979, -16.539344381203033 ] ] ] } },
{ "type": "Feature", "properties": { "id": 87, "instance": 101, "mean_prob": 0.963, "area_m2": 433.6, "rgb_split": true, "needs_review": true, "split_confidence": "medium" }, "geometry": { "type": "Polygon", "coordinates": [ [ [ -68.056219459897406, -16.539110009596865 ], [ -68.05621944671401, -16.539112721212621 ], [ -68.056222257952371, -16.539112733928814 ], [ -68.056222231585636, -16.539118157160335 ], [ -68.05621942034719, -16.539118144444135 ], [ -68.056219341246731, -16.539134414138669 ], [ -68.056216530008044, -16.53913440142242 ], [ -68.05621646409071, -16.539147959501168 ], [ -68.056213652851838, -16.539147946784869 ], [ -68.056213639668343, -16.539150658400619 ], [ -68.056199583473813, -16.539150594818533 ], [ -68.056199570290104, -16.539153306434262 ], [ -68.056196759051161, -16.539153293717728 ], [ -68.056196640397303, -16.539177698259284 ], [ -68.056199451636587, -16.539177710975839 ], [ -68.056199385717889, -16.539191269054466 ], [ -68.056196574478406, -16.539191256337901 ], [ -68.056196561294627, -16.539193967953619 ], [ -68.056160015181021, -16.539193802634809 ], [ -68.056157230310191, -16.539188366686329 ], [ -68.056154419070793, -16.539188353969202 ], [ -68.056154458623894, -16.539180219122134 ], [ -68.056148849329759, -16.539177482072084 ], [ -68.056148862514206, -16.539174770456391 ], [ -68.056140428796581, -16.539174732304581 ], [ -68.05614033650464, -16.539193713614342 ], [ -68.056134700841042, -16.539196399795252 ], [ -68.056134674471735, -16.539201823026588 ], [ -68.056131863232139, -16.539201810309144 ], [ -68.056131797308623, -16.539215368387474 ], [ -68.056128986068842, -16.539215355669985 ], [ -68.056128893775536, -16.539234336979607 ], [ -68.056126082535471, -16.539234324262065 ], [ -68.056125977056951, -16.539256017187274 ], [ -68.056123165816587, -16.539256004469674 ], [ -68.056123007598018, -16.539288543857388 ], [ -68.056120196357185, -16.539288531139722 ], [ -68.056120117247531, -16.539304800833531 ], [ -68.05611730600647, -16.539304788115814 ], [ -68.056117200526472, -16.539326481040828 ], [ -68.056114389285099, -16.539326468323058 ], [ -68.056114336544894, -16.539337314785534 ], [ -68.056111525303351, -16.539337302067718 ], [ -68.056111512118264, -16.539340013683336 ], [ -68.056100267152004, -16.539339962811674 ], [ -68.056100280337262, -16.539337251196063 ], [ -68.056091846612702, -16.539337213041918 ], [ -68.056091859798073, -16.539334501426325 ], [ -68.056086237315142, -16.539334475990042 ], [ -68.056086250500584, -16.539331764374449 ], [ -68.056069383052062, -16.539331688064724 ], [ -68.056066545439194, -16.539337098577462 ], [ -68.05606092295622, -16.539337073140494 ], [ -68.056060909770409, -16.539339784756081 ], [ -68.056058098528894, -16.539339772037536 ], [ -68.056058019413783, -16.539356041730969 ], [ -68.056055208172012, -16.539356029012382 ], [ -68.056055089498827, -16.539380433552463 ], [ -68.056052278256715, -16.539380420833819 ], [ -68.056052238698825, -16.539388555680482 ], [ -68.0560494274566, -16.539388542961788 ], [ -68.056049414270589, -16.539391254577342 ], [ -68.056043804972163, -16.539388517524287 ], [ -68.056043831344326, -16.539383094293186 ], [ -68.056032586375792, -16.53938304341775 ], [ -68.05603259956203, -16.539380331802214 ], [ -68.056024165835765, -16.539380293645237 ], [ -68.056024179022131, -16.53937758202969 ], [ -68.05602136778009, -16.539377569310631 ], [ -68.056018582910895, -16.539372133360462 ], [ -68.056015771668953, -16.539372120641325 ], [ -68.056015798041869, -16.539366697410259 ], [ -68.056012986799985, -16.539366684691093 ], [ -68.056012999986493, -16.539363973075556 ], [ -68.056001755019153, -16.539363922198504 ], [ -68.056001768205817, -16.539361210582982 ], [ -68.055973655788051, -16.53936108338775 ], [ -68.055973668975113, -16.539358371772249 ], [ -68.055965235249943, -16.539358333612945 ], [ -68.055965248437104, -16.539355621997451 ], [ -68.055962437195419, -16.539355609277607 ], [ -68.055962476756989, -16.539347474431114 ], [ -68.055965287998561, -16.539347487150948 ], [ -68.055965367121402, -16.539331217457942 ], [ -68.055968178362718, -16.539331230177723 ], [ -68.055968257485247, -16.539314960484678 ], [ -68.055971068726336, -16.539314973204409 ], [ -68.055971161035558, -16.539295991895802 ], [ -68.055973972276377, -16.539296004615483 ], [ -68.0559740645852, -16.53927702330683 ], [ -68.055976875825735, -16.539277036026455 ], [ -68.055976968134175, -16.539258054717756 ], [ -68.055979779374454, -16.539258067437327 ], [ -68.055979963990382, -16.539220104819776 ], [ -68.055982775230106, -16.539220117539276 ], [ -68.055982814790482, -16.539211982692631 ], [ -68.055977205498138, -16.539209245638059 ], [ -68.055977271432425, -16.539195687560323 ], [ -68.055985705150562, -16.539195725718773 ], [ -68.055985718337283, -16.539193014103216 ], [ -68.055988529576638, -16.539193026822623 ], [ -68.055988595510073, -16.53917946874483 ], [ -68.055991406749214, -16.539179481464185 ], [ -68.055991538615501, -16.539152365308514 ], [ -68.056081498256901, -16.539152772307258 ], [ -68.056084283125102, -16.539158208256627 ], [ -68.056087094364017, -16.539158220974674 ], [ -68.056087054808145, -16.53916635582161 ], [ -68.056095488525258, -16.53916639397556 ], [ -68.056095475340072, -16.539169105591206 ], [ -68.056101097818242, -16.539169131026991 ], [ -68.056103882687211, -16.539174566976129 ], [ -68.056109505165551, -16.53917459241169 ], [ -68.056109491980564, -16.539177304027351 ], [ -68.05612073693743, -16.539177354898037 ], [ -68.056120776491909, -16.539169220051033 ], [ -68.05611796525281, -16.539169207333423 ], [ -68.056117978437683, -16.539166495717755 ], [ -68.056112355959556, -16.539166470282439 ], [ -68.0561123691445, -16.539163758666774 ], [ -68.056098312949445, -16.539163695077814 ], [ -68.056098365689948, -16.539152848615203 ], [ -68.056101176928806, -16.539152861333061 ], [ -68.056104014537752, -16.539147450819559 ], [ -68.056106825776524, -16.53914746353734 ], [ -68.056106904886491, -16.539131193843353 ], [ -68.056109716125036, -16.539131206561084 ], [ -68.056109782049745, -16.539117648482719 ], [ -68.056106970811399, -16.53911763576501 ], [ -68.056106983996386, -16.539114924149342 ], [ -68.05610979523469, -16.539114936867055 ], [ -68.056112632842769, -16.539109526353386 ], [ -68.056118255319248, -16.539109551788609 ], [ -68.056118242134445, -16.539112263404292 ], [ -68.056157599470552, -16.539112441446694 ], [ -68.056157612654815, -16.539109729830987 ], [ -68.056219459897406, -16.539110009596865 ] ] ] } },
{ "type": "Feature", "properties": { "id": 88, "instance": 69, "mean_prob": 0.987, "area_m2": 1170.7, "rgb_split": true, "needs_review": true, "split_confidence": "medium" }, "geometry": { "type": "Polygon", "coordinates": [ [ [ -68.055050156563581, -16.539069465382315 ], [ -68.055050103764771, -16.539080311841733 ], [ -68.055055713039039, -16.539083048920396 ], [ -68.055058497876843, -16.539088484881962 ], [ -68.055064120350991, -16.539088510345564 ], [ -68.055066905189108, -16.539093946307037 ], [ -68.055078150137746, -16.53909399723365 ], [ -68.055078136938434, -16.539096708848518 ], [ -68.055083759412838, -16.539096734311606 ], [ -68.055083693416563, -16.53911029238596 ], [ -68.055080882179155, -16.539110279654423 ], [ -68.055080829381936, -16.539121126113887 ], [ -68.055078018144371, -16.539121113382304 ], [ -68.055077991745662, -16.539126536612031 ], [ -68.055086425458583, -16.539126574806673 ], [ -68.055086399060116, -16.539131998036414 ], [ -68.055089210297837, -16.539132010767894 ], [ -68.055089078305684, -16.539159126916534 ], [ -68.055091889543803, -16.539159139647996 ], [ -68.055091823547841, -16.539172697722304 ], [ -68.055097432825349, -16.539175434799994 ], [ -68.05510021766554, -16.539180870761083 ], [ -68.055108651380863, -16.539180908954947 ], [ -68.055108664579834, -16.539178197340082 ], [ -68.055128343248782, -16.539178286457762 ], [ -68.055128330050081, -16.539180998072645 ], [ -68.055145197480925, -16.539181074457773 ], [ -68.055145210679385, -16.539178362842875 ], [ -68.05517332306394, -16.539178490148362 ], [ -68.055173336262001, -16.539175778533444 ], [ -68.055263295892971, -16.539176185885491 ], [ -68.055263309089781, -16.539173474270491 ], [ -68.055297043951569, -16.53917362701749 ], [ -68.055297057147897, -16.539170915402465 ], [ -68.055302679624816, -16.539170940859762 ], [ -68.055302666428574, -16.539173652474794 ], [ -68.055305477667076, -16.539173665203382 ], [ -68.055305121368306, -16.539246878808854 ], [ -68.05530793260786, -16.539246891537474 ], [ -68.055307747860198, -16.539284854147539 ], [ -68.05531055910032, -16.539284866876145 ], [ -68.055310295175005, -16.53933909917605 ], [ -68.055313106415923, -16.53933911190467 ], [ -68.055312948060731, -16.539371651284494 ], [ -68.055310136819372, -16.539371638555853 ], [ -68.055310123623045, -16.539374350170831 ], [ -68.055298878657396, -16.539374299255876 ], [ -68.05529889185388, -16.539371587640904 ], [ -68.055284835647086, -16.539371523996369 ], [ -68.055284822450403, -16.539374235611326 ], [ -68.05528201120903, -16.539374222882309 ], [ -68.055282024405727, -16.539371511267351 ], [ -68.055279213164383, -16.539371498538291 ], [ -68.055279199967629, -16.539374210153245 ], [ -68.055259521277975, -16.539374121048763 ], [ -68.055259508080951, -16.539376832663713 ], [ -68.055189227046483, -16.539376514418215 ], [ -68.055189213848465, -16.539379226033095 ], [ -68.055180780124317, -16.539379187842037 ], [ -68.055180766926185, -16.539381899456913 ], [ -68.055166710719121, -16.539381835804384 ], [ -68.055166723917452, -16.539379124189519 ], [ -68.055104876607956, -16.539378844107194 ], [ -68.055104889807168, -16.539376132492382 ], [ -68.055102078565881, -16.539376119760934 ], [ -68.055102236956458, -16.539343580383097 ], [ -68.055099425715653, -16.539343567651638 ], [ -68.055099438914894, -16.539340856036823 ], [ -68.055057270303806, -16.539340665060418 ], [ -68.055057257103968, -16.539343376675202 ], [ -68.055054445863206, -16.539343363943136 ], [ -68.055054327064312, -16.539367768476186 ], [ -68.055057138305429, -16.53936778120827 ], [ -68.055057085506007, -16.539378627667393 ], [ -68.055054274264734, -16.539378614935295 ], [ -68.055054261064839, -16.539381326550071 ], [ -68.055012092445494, -16.539381135564085 ], [ -68.055012079245003, -16.539383847178829 ], [ -68.05498396683204, -16.539383719850083 ], [ -68.054983980032915, -16.53938100823536 ], [ -68.05498116879167, -16.539380995502281 ], [ -68.054981221595341, -16.539370149043396 ], [ -68.05498403283643, -16.539370161776468 ], [ -68.054984112041623, -16.539353892088116 ], [ -68.054981300800776, -16.539353879355058 ], [ -68.054981353604347, -16.539343032896149 ], [ -68.054978542363642, -16.539343020163059 ], [ -68.054978555564574, -16.539340308548336 ], [ -68.054936386955063, -16.539340117547511 ], [ -68.054936373753549, -16.539342829162202 ], [ -68.0549335625129, -16.539342816428508 ], [ -68.054933536109786, -16.539348239657894 ], [ -68.054930724869052, -16.539348226924158 ], [ -68.054930645659411, -16.539364496612269 ], [ -68.054933456900386, -16.539364509346019 ], [ -68.054933351287701, -16.539386202263476 ], [ -68.054930540046428, -16.539386189529704 ], [ -68.054930526844799, -16.539388901144392 ], [ -68.054902414431751, -16.539388773804617 ], [ -68.054902401229725, -16.539391485419273 ], [ -68.054891156264418, -16.539391434482297 ], [ -68.0548911694666, -16.539388722867649 ], [ -68.054857434571403, -16.539388570053109 ], [ -68.054857447774054, -16.539385858438486 ], [ -68.054854636532838, -16.539385845703698 ], [ -68.054854623330144, -16.539388557318318 ], [ -68.054846189606408, -16.539388519113718 ], [ -68.054846202809216, -16.539385807499105 ], [ -68.054840593529704, -16.539383070414576 ], [ -68.054837808694387, -16.539377634450357 ], [ -68.054823752489042, -16.539377570774743 ], [ -68.054820967654294, -16.539372134810307 ], [ -68.054815345172315, -16.539372109339727 ], [ -68.054815371578783, -16.539366686110547 ], [ -68.054812560337865, -16.539366673375206 ], [ -68.054812599947653, -16.539358538531431 ], [ -68.054815411188443, -16.539358551266762 ], [ -68.054815424391663, -16.539355839652167 ], [ -68.054821046873158, -16.539355865122719 ], [ -68.054821126091923, -16.539339595435113 ], [ -68.054823937332444, -16.539339608170323 ], [ -68.054823950535521, -16.539336896555721 ], [ -68.054821139295058, -16.539336883820511 ], [ -68.054821350544671, -16.539293497986755 ], [ -68.054818539304804, -16.539293485251545 ], [ -68.054818724148248, -16.539255522646883 ], [ -68.054824359829851, -16.539252836502573 ], [ -68.05482441264185, -16.539241990044047 ], [ -68.05482160140275, -16.539241977308922 ], [ -68.054821627808806, -16.539236554079661 ], [ -68.054824439047835, -16.539236566814779 ], [ -68.054824452250827, -16.539233855200141 ], [ -68.054832885967784, -16.539233893405278 ], [ -68.054832872764919, -16.539236605019919 ], [ -68.054855362677259, -16.539236706898624 ], [ -68.054855375879796, -16.539233995283965 ], [ -68.054866620835867, -16.539234046222397 ], [ -68.054869458479615, -16.539228635727579 ], [ -68.054875094159783, -16.539225949581812 ], [ -68.054875199777882, -16.539204256664387 ], [ -68.054878011016484, -16.539204269398756 ], [ -68.054878063825313, -16.539193422940016 ], [ -68.054880875063773, -16.539193435674342 ], [ -68.054880888265927, -16.539190724059658 ], [ -68.054878077027524, -16.539190711325329 ], [ -68.054878143038508, -16.539177153251885 ], [ -68.054875331800289, -16.539177140517534 ], [ -68.054875397811401, -16.539163582444075 ], [ -68.054895076477521, -16.539163671583687 ], [ -68.054895089679462, -16.539160959968982 ], [ -68.054909145869431, -16.539161023638986 ], [ -68.054909159071187, -16.539158312024266 ], [ -68.054917592785074, -16.539158350225801 ], [ -68.054917579583446, -16.539161061840531 ], [ -68.054920390821451, -16.539161074574302 ], [ -68.054920404023022, -16.539158362959579 ], [ -68.054928837736952, -16.539158401160662 ], [ -68.054928824535494, -16.539161112775393 ], [ -68.054931635773499, -16.539161125509015 ], [ -68.054934473414306, -16.539155715013113 ], [ -68.054942907128137, -16.539155753213624 ], [ -68.054942893926864, -16.539158464828379 ], [ -68.054945705164869, -16.539158477561809 ], [ -68.054945718366085, -16.539155765947054 ], [ -68.05495134084201, -16.539155791413794 ], [ -68.054951354043155, -16.539153079799039 ], [ -68.054954165281075, -16.539153092532352 ], [ -68.054954152079958, -16.539155804147107 ], [ -68.054959774555883, -16.539155829613623 ], [ -68.054959761354851, -16.539158541228392 ], [ -68.054979440020944, -16.539158630360017 ], [ -68.054979453221705, -16.53915591874523 ], [ -68.054982264459696, -16.53915593147817 ], [ -68.054982251258963, -16.539158643092954 ], [ -68.05498787373503, -16.53915866855872 ], [ -68.054987860534382, -16.539161380173489 ], [ -68.054996294248596, -16.539161418371858 ], [ -68.054996307449116, -16.539158706757078 ], [ -68.05501036363934, -16.539158770420247 ], [ -68.055010376839661, -16.539156058805442 ], [ -68.055015999315685, -16.539156084270441 ], [ -68.05501598611545, -16.539158795885257 ], [ -68.055030042305745, -16.539158859547108 ], [ -68.055030029105694, -16.539161571161912 ], [ -68.055035638381923, -16.539164308241212 ], [ -68.055035625181958, -16.539167019856027 ], [ -68.055049681372935, -16.539167083516581 ], [ -68.055049668173154, -16.539169795131411 ], [ -68.055052479411387, -16.539169807863409 ], [ -68.055052492611139, -16.53916709624858 ], [ -68.055055303849329, -16.539167108980546 ], [ -68.055055383047531, -16.539150839291537 ], [ -68.055046949333629, -16.539150801095577 ], [ -68.055046988933043, -16.539142666251085 ], [ -68.055049800170892, -16.539142678983101 ], [ -68.055049826570411, -16.539137255753435 ], [ -68.055047015332633, -16.539137243021422 ], [ -68.05504716053025, -16.539107415258215 ], [ -68.055044349292913, -16.539107402526188 ], [ -68.05504159085497, -16.539096543334768 ], [ -68.055038779617789, -16.539096530602677 ], [ -68.055035994780454, -16.539091094640881 ], [ -68.055033183543358, -16.539091081908719 ], [ -68.055033262743024, -16.539074812219688 ], [ -68.055036073979878, -16.53907482495184 ], [ -68.055038911616435, -16.539069414454261 ], [ -68.055050156563581, -16.539069465382315 ] ] ] } },
{ "type": "Feature", "properties": { "id": 89, "instance": 118, "mean_prob": 0.915, "area_m2": 151.9, "rgb_split": false, "needs_review": false, "split_confidence": "unsplit" }, "geometry": { "type": "Polygon", "coordinates": [ [ [ -68.054202983531994, -16.539269002416109 ], [ -68.054202772144535, -16.539312388242205 ], [ -68.054205583384146, -16.539312400985718 ], [ -68.054205213455646, -16.539388326181012 ], [ -68.054202402214941, -16.539388313437431 ], [ -68.05419956455053, -16.539393723922014 ], [ -68.05417708783645, -16.539390910357604 ], [ -68.054177074624278, -16.53939362197168 ], [ -68.054165829661216, -16.539393570995614 ], [ -68.054165816448887, -16.539396282609683 ], [ -68.054163005208096, -16.53939626986557 ], [ -68.054163018420454, -16.539393558251497 ], [ -68.054146150975939, -16.539393481786028 ], [ -68.05414613776334, -16.539396193400091 ], [ -68.054118025355635, -16.539396065954584 ], [ -68.054118038568632, -16.539393354340543 ], [ -68.054109604846488, -16.53939331610616 ], [ -68.054106820032047, -16.539387880133241 ], [ -68.054098386310173, -16.539387841898421 ], [ -68.054098399523426, -16.539385130284394 ], [ -68.054092777042271, -16.539385104794324 ], [ -68.054092816682257, -16.539376969952261 ], [ -68.054090005441793, -16.539376957207175 ], [ -68.054090031868526, -16.539371533979139 ], [ -68.054087220628148, -16.539371521234024 ], [ -68.054087247054952, -16.539366098005974 ], [ -68.054090058295245, -16.539366110751089 ], [ -68.054090084721949, -16.539360687523043 ], [ -68.054101329682865, -16.539360738503103 ], [ -68.054101316469669, -16.539363450117133 ], [ -68.054104127709948, -16.539363462862056 ], [ -68.054106965376448, -16.539358052378866 ], [ -68.054104154136255, -16.539358039633989 ], [ -68.054104180562561, -16.539352616405907 ], [ -68.054087313121883, -16.539352539935862 ], [ -68.054087299908502, -16.539355251549889 ], [ -68.054084488668366, -16.539355238804742 ], [ -68.054084462241505, -16.539360662032788 ], [ -68.054078852974584, -16.539357924928371 ], [ -68.054078866188092, -16.539355213314348 ], [ -68.054073243707819, -16.539355187823798 ], [ -68.054073336202833, -16.539336206525704 ], [ -68.054070524962981, -16.539336193780382 ], [ -68.054070657098904, -16.539309077640198 ], [ -68.054076279577814, -16.539309103130748 ], [ -68.054076266364319, -16.539311814744771 ], [ -68.054095945040913, -16.53931190396052 ], [ -68.054095958254138, -16.539309192346476 ], [ -68.054104391972601, -16.539309230581221 ], [ -68.054107176785948, -16.539314666554162 ], [ -68.054118421744249, -16.539314717533159 ], [ -68.054118448170072, -16.539309294305042 ], [ -68.054124083861922, -16.539306608180247 ], [ -68.054124136713227, -16.539295761723981 ], [ -68.054135408095817, -16.539290389473852 ], [ -68.054135434521129, -16.539284966245692 ], [ -68.054138245760299, -16.539284978990093 ], [ -68.054138258972898, -16.539282267376009 ], [ -68.054149503929438, -16.539282318353237 ], [ -68.054149517141894, -16.539279606739147 ], [ -68.054152328380979, -16.539279619483359 ], [ -68.054152368018208, -16.53927148464107 ], [ -68.054155179257208, -16.539271497385236 ], [ -68.054155192469565, -16.539268785771139 ], [ -68.054202983531994, -16.539269002416109 ] ], [ [ -68.054107031441987, -16.539344494308668 ], [ -68.054101395748816, -16.53934718043293 ], [ -68.054104180562561, -16.539352616405907 ], [ -68.054106991802684, -16.53935262915078 ], [ -68.054107031441987, -16.539344494308668 ] ] ] } },
{ "type": "Feature", "properties": { "id": 90, "instance": 121, "mean_prob": 0.856, "area_m2": 16.8, "rgb_split": false, "needs_review": false, "split_confidence": "unsplit" }, "geometry": { "type": "Polygon", "coordinates": [ [ [ -68.054340205852455, -16.539378091371368 ], [ -68.054340100173405, -16.539399784285084 ], [ -68.054337288932416, -16.539399771543316 ], [ -68.054337275722474, -16.53940248315752 ], [ -68.054328841999407, -16.539402444931973 ], [ -68.054328855209462, -16.539399733317779 ], [ -68.054326043968473, -16.539399720575858 ], [ -68.054323206307231, -16.539405131062285 ], [ -68.054314772584078, -16.539405092836166 ], [ -68.054314759373824, -16.539407804450359 ], [ -68.054286646963064, -16.539407677027484 ], [ -68.054286660173688, -16.539404965413322 ], [ -68.054281037691652, -16.539404939928289 ], [ -68.054281077323807, -16.539396805085801 ], [ -68.054278266082903, -16.539396792343236 ], [ -68.054281130166643, -16.539385958629143 ], [ -68.05430080885192, -16.539386047825957 ], [ -68.054300822062345, -16.539383336211767 ], [ -68.054306444543798, -16.539383361696231 ], [ -68.054306457754151, -16.539380650082038 ], [ -68.054312080235533, -16.539380675566342 ], [ -68.054312093445802, -16.539377963952148 ], [ -68.054340205852455, -16.539378091371368 ] ] ] } },
{ "type": "Feature", "properties": { "id": 91, "instance": 131, "mean_prob": 0.889, "area_m2": 14.8, "rgb_split": true, "needs_review": true, "split_confidence": "medium" }, "geometry": { "type": "Polygon", "coordinates": [ [ [ -68.054561646739103, -16.539511966954379 ], [ -68.054561633532202, -16.539514678568736 ], [ -68.054592557203563, -16.53951481869381 ], [ -68.054592530790643, -16.539520241922567 ], [ -68.054595342033579, -16.539520254660985 ], [ -68.05459524958853, -16.539539235961627 ], [ -68.054592438345296, -16.539539223223194 ], [ -68.054592425138807, -16.539541934837562 ], [ -68.054550256490231, -16.539541743756441 ], [ -68.054550296111458, -16.539533608913423 ], [ -68.054547484868351, -16.539533596174383 ], [ -68.054547564110962, -16.53951732648834 ], [ -68.054550375353827, -16.53951733922737 ], [ -68.054550388560884, -16.539514627613027 ], [ -68.054556011046543, -16.539514653090954 ], [ -68.054556024253515, -16.539511941476611 ], [ -68.054561646739103, -16.539511966954379 ] ] ] } },
{ "type": "Feature", "properties": { "id": 92, "instance": 144, "mean_prob": 0.865, "area_m2": 28.4, "rgb_split": false, "needs_review": false, "split_confidence": "unsplit" }, "geometry": { "type": "Polygon", "coordinates": [ [ [ -68.055933586270058, -16.539507332542488 ], [ -68.055933573082328, -16.539510044157922 ], [ -68.055936384326216, -16.539510056878264 ], [ -68.055936265636916, -16.539534461417155 ], [ -68.055933454392672, -16.539534448696788 ], [ -68.05593342801717, -16.539539871927637 ], [ -68.055936239261484, -16.539539884648008 ], [ -68.055936160135161, -16.539556154340563 ], [ -68.055933348890591, -16.539556141620174 ], [ -68.055933335702818, -16.539558853235594 ], [ -68.05592490196905, -16.539558815074209 ], [ -68.055924928344822, -16.539553391843381 ], [ -68.055919305855809, -16.539553366402277 ], [ -68.05591927947988, -16.539558789633102 ], [ -68.05591646823531, -16.539558776912486 ], [ -68.055916455047296, -16.539561488527895 ], [ -68.055908021313456, -16.539561450365824 ], [ -68.055908034501584, -16.539558738750426 ], [ -68.055902412012443, -16.539558713308857 ], [ -68.055902425200642, -16.539556001693462 ], [ -68.055893991467073, -16.539555963530841 ], [ -68.055894004655386, -16.539553251915446 ], [ -68.055888395354827, -16.539550514858121 ], [ -68.055888448108391, -16.539539668396571 ], [ -68.055885636864105, -16.539539655675554 ], [ -68.055885663240943, -16.53953423244478 ], [ -68.055882851996756, -16.539534219723734 ], [ -68.055882957504323, -16.539512526800614 ], [ -68.055897013723765, -16.539512590405387 ], [ -68.055897026912007, -16.539509878789985 ], [ -68.05591389437518, -16.539509955114443 ], [ -68.05591390756318, -16.539507243499024 ], [ -68.055933586270058, -16.539507332542488 ] ] ] } },
{ "type": "Feature", "properties": { "id": 93, "instance": 138, "mean_prob": 0.965, "area_m2": 78.7, "rgb_split": true, "needs_review": true, "split_confidence": "high" }, "geometry": { "type": "Polygon", "coordinates": [ [ [ -68.055222354853314, -16.53950140146409 ], [ -68.055222341655664, -16.539504113078966 ], [ -68.055230775385354, -16.53950415126862 ], [ -68.055233560233575, -16.539509587228196 ], [ -68.05523637147688, -16.539509599957974 ], [ -68.055236133922094, -16.539558409025801 ], [ -68.055233322678063, -16.539558396295984 ], [ -68.055233309480528, -16.539561107910853 ], [ -68.055208008284112, -16.539560993340785 ], [ -68.055207995086207, -16.539563704955633 ], [ -68.055160203937305, -16.539563488537098 ], [ -68.055160190738732, -16.539566200151917 ], [ -68.0551545682506, -16.53956617469019 ], [ -68.055154581449244, -16.539563463075378 ], [ -68.055123657765094, -16.539563323033189 ], [ -68.05512385575112, -16.539522648811364 ], [ -68.0551210445077, -16.539522636080061 ], [ -68.055121123702193, -16.539506366391297 ], [ -68.055126746188535, -16.539506391853841 ], [ -68.05512675938752, -16.53950368023904 ], [ -68.055129570630669, -16.539503692970253 ], [ -68.055129557431712, -16.539506404585051 ], [ -68.055146424890836, -16.539506480971536 ], [ -68.055146438089565, -16.53950376935672 ], [ -68.055202662953164, -16.539504023968444 ], [ -68.055202676151112, -16.539501312353579 ], [ -68.055222354853314, -16.53950140146409 ] ] ] } },
{ "type": "Feature", "properties": { "id": 94, "instance": 130, "mean_prob": 0.759, "area_m2": 10.2, "rgb_split": true, "needs_review": true, "split_confidence": "medium" }, "geometry": { "type": "Polygon", "coordinates": [ [ [ -68.055463963444694, -16.539535035479652 ], [ -68.05546674830002, -16.539540471436464 ], [ -68.055472357593715, -16.539543208504806 ], [ -68.055472331205323, -16.539548631734924 ], [ -68.05546951996125, -16.539548619008293 ], [ -68.055469506767011, -16.539551330623354 ], [ -68.055480725355281, -16.539556804759776 ], [ -68.055480672578895, -16.539567651220032 ], [ -68.055475036896013, -16.539570337381996 ], [ -68.055475010507635, -16.539575760612106 ], [ -68.055472199263178, -16.53957574788549 ], [ -68.05547218606894, -16.539578459500547 ], [ -68.055463752335442, -16.539578421320478 ], [ -68.055460914702181, -16.539583831823805 ], [ -68.055449669723899, -16.539583780916352 ], [ -68.055449682918464, -16.539581069301324 ], [ -68.055446871673936, -16.53958105657437 ], [ -68.055446898063096, -16.539575633344295 ], [ -68.05545253374649, -16.539572947183121 ], [ -68.055452546940998, -16.539570235568085 ], [ -68.055458169429727, -16.53957026102179 ], [ -68.055455463740955, -16.539548555374601 ], [ -68.055458274985, -16.539548568101409 ], [ -68.05545832776258, -16.539537721641207 ], [ -68.055463963444694, -16.539535035479652 ] ] ] } },
{ "type": "Feature", "properties": { "id": 95, "instance": 129, "mean_prob": 0.897, "area_m2": 41.1, "rgb_split": true, "needs_review": true, "split_confidence": "medium" }, "geometry": { "type": "Polygon", "coordinates": [ [ [ -68.05547821757547, -16.539494424886616 ], [ -68.055478204381387, -16.539497136501694 ], [ -68.055492260598072, -16.539497200133667 ], [ -68.055492247404175, -16.539499911748763 ], [ -68.055495058647566, -16.539499924475056 ], [ -68.055495019066029, -16.539508059320315 ], [ -68.055497830309534, -16.539508072046566 ], [ -68.055497698371283, -16.539535188197441 ], [ -68.055494887127381, -16.539535175471173 ], [ -68.055494873933498, -16.539537887086251 ], [ -68.055483628957788, -16.539537836180759 ], [ -68.055483642151813, -16.539535124565692 ], [ -68.055475208420177, -16.539535086386184 ], [ -68.05547522161433, -16.53953237477112 ], [ -68.055466787882835, -16.539532336591279 ], [ -68.055466774688568, -16.539535048206339 ], [ -68.055461152200834, -16.539535022752919 ], [ -68.055461139006482, -16.539537734367979 ], [ -68.05545832776258, -16.539537721641207 ], [ -68.055458274985, -16.539548568101409 ], [ -68.055455463740955, -16.539548555374601 ], [ -68.055458169429727, -16.53957026102179 ], [ -68.055452546940998, -16.539570235568085 ], [ -68.05545253374649, -16.539572947183121 ], [ -68.055446898063096, -16.539575633344295 ], [ -68.055446871673936, -16.53958105657437 ], [ -68.055435626695882, -16.539581005666165 ], [ -68.055435613501132, -16.539583717281186 ], [ -68.055421557278422, -16.539583653645067 ], [ -68.055421807981872, -16.539532132959714 ], [ -68.055424619225661, -16.539532145686966 ], [ -68.055424632420511, -16.539529434071948 ], [ -68.055435877395539, -16.539529484980591 ], [ -68.055435864200845, -16.539532196595619 ], [ -68.055444297932269, -16.539532234776711 ], [ -68.055444311126848, -16.539529523161669 ], [ -68.055449933614398, -16.539529548615537 ], [ -68.05545005236479, -16.539505144080071 ], [ -68.055452863608224, -16.539505156806928 ], [ -68.055452876802647, -16.539502445191872 ], [ -68.055458512483796, -16.539499759030406 ], [ -68.055458525678148, -16.539497047415335 ], [ -68.055469770651413, -16.539497098322048 ], [ -68.055469783845609, -16.539494386706984 ], [ -68.05547821757547, -16.539494424886616 ] ] ] } },
{ "type": "Feature", "properties": { "id": 96, "instance": 124, "mean_prob": 0.934, "area_m2": 62.7, "rgb_split": false, "needs_review": false, "split_confidence": "unsplit" }, "geometry": { "type": "Polygon", "coordinates": [ [ [ -68.055787520301109, -16.539482266494559 ], [ -68.055787507111361, -16.539484978109883 ], [ -68.05582686451929, -16.539485156218561 ], [ -68.055826627113319, -16.539533965294844 ], [ -68.055829438357478, -16.539533978016646 ], [ -68.055829332843771, -16.539555670939389 ], [ -68.055832144088228, -16.539555683661174 ], [ -68.05583210452069, -16.53956381850719 ], [ -68.055829293276091, -16.539563805785399 ], [ -68.055829214140672, -16.539580075477403 ], [ -68.05582640289586, -16.539580062755565 ], [ -68.055826389706567, -16.539582774370903 ], [ -68.055815144727177, -16.539582723483143 ], [ -68.055815131537742, -16.539585435098459 ], [ -68.055806697803092, -16.539585396932242 ], [ -68.055806684613543, -16.539588108547559 ], [ -68.055792628389, -16.539588044936423 ], [ -68.055792615199223, -16.539590756551718 ], [ -68.055781370219492, -16.539590705662125 ], [ -68.055781383409411, -16.539587994046833 ], [ -68.055778572164513, -16.539587981324345 ], [ -68.055778783203536, -16.539544595479597 ], [ -68.055775971959278, -16.539544582757106 ], [ -68.055776103858747, -16.539517466604071 ], [ -68.055773292614873, -16.539517453881558 ], [ -68.055773450894364, -16.539484914497841 ], [ -68.055776262137769, -16.539484927220329 ], [ -68.055776275327673, -16.539482215605009 ], [ -68.055787520301109, -16.539482266494559 ] ] ] } },
{ "type": "Feature", "properties": { "id": 97, "instance": 146, "mean_prob": 0.909, "area_m2": 59.7, "rgb_split": true, "needs_review": true, "split_confidence": "medium" }, "geometry": { "type": "Polygon", "coordinates": [ [ [ -68.054825837557033, -16.539526722311756 ], [ -68.054825824353813, -16.539529433926312 ], [ -68.054834258083631, -16.539529472132049 ], [ -68.054834231677432, -16.539534895361179 ], [ -68.05483142043407, -16.539534882625965 ], [ -68.054831380824623, -16.539543017469651 ], [ -68.054834192068114, -16.539543030204864 ], [ -68.054834178864994, -16.53954574181942 ], [ -68.054831367621489, -16.539545729084203 ], [ -68.054828450752353, -16.53956740926537 ], [ -68.054825639508536, -16.539567396530053 ], [ -68.054825467866053, -16.539602647519118 ], [ -68.054822656621738, -16.53960263478373 ], [ -68.054822643418404, -16.539605346398279 ], [ -68.05481702092969, -16.539605320927397 ], [ -68.054817007726271, -16.539608032541921 ], [ -68.054805762748714, -16.539607981599701 ], [ -68.054805749545153, -16.539610693214218 ], [ -68.054797315811868, -16.539610655007149 ], [ -68.054797329015557, -16.539607943392632 ], [ -68.054786084038057, -16.539607892449343 ], [ -68.054783299201432, -16.539602456484413 ], [ -68.054780487957146, -16.539602443748464 ], [ -68.054780501161062, -16.539599732133961 ], [ -68.054777689916818, -16.539599719397977 ], [ -68.054777703120763, -16.539597007783478 ], [ -68.054772093836377, -16.539594270696895 ], [ -68.054772146652439, -16.539583424238902 ], [ -68.054774957896456, -16.539583436974944 ], [ -68.054775063528169, -16.539561744058879 ], [ -68.054763818553411, -16.539561693114532 ], [ -68.054763831757512, -16.539558981500036 ], [ -68.054749775539335, -16.539558917818759 ], [ -68.054749815152221, -16.539550782975287 ], [ -68.054747003908716, -16.539550770238925 ], [ -68.054747109543328, -16.539529077322971 ], [ -68.05474992078652, -16.539529090059315 ], [ -68.054749933990806, -16.539526378444819 ], [ -68.05476117896346, -16.539526429389809 ], [ -68.054761165759345, -16.539529141004316 ], [ -68.054792089434798, -16.539529281099938 ], [ -68.054792102638487, -16.53952656948541 ], [ -68.054794913881693, -16.53952658222115 ], [ -68.054794900678033, -16.539529293835681 ], [ -68.054811768137526, -16.539529370249319 ], [ -68.054811781340931, -16.53952665863477 ], [ -68.054825837557033, -16.539526722311756 ] ] ] } },
{ "type": "Feature", "properties": { "id": 98, "instance": 132, "mean_prob": 0.936, "area_m2": 58.9, "rgb_split": true, "needs_review": true, "split_confidence": "medium" }, "geometry": { "type": "Polygon", "coordinates": [ [ [ -68.054578368922563, -16.539541871144802 ], [ -68.054578342509188, -16.539547294373524 ], [ -68.054583964995828, -16.539547319850751 ], [ -68.054583978202444, -16.539544608236387 ], [ -68.054589600689027, -16.539544633713454 ], [ -68.054589587482496, -16.539547345327826 ], [ -68.054592398725831, -16.539547358066308 ], [ -68.054592359106351, -16.539555492909415 ], [ -68.054595170349799, -16.539555505647865 ], [ -68.054595117523931, -16.539566352105343 ], [ -68.054597928767549, -16.539566364843761 ], [ -68.054597902354686, -16.539571788072493 ], [ -68.054600713598376, -16.539571800810879 ], [ -68.054600541915008, -16.539607051797638 ], [ -68.054594906220089, -16.53960973793513 ], [ -68.054594893013572, -16.539612449549477 ], [ -68.054575214303682, -16.539612360379216 ], [ -68.054575201096881, -16.539615071993548 ], [ -68.054563956119694, -16.539615021038273 ], [ -68.054563969326637, -16.539612309423944 ], [ -68.054513366930479, -16.539612080117731 ], [ -68.054513353722825, -16.539614791732017 ], [ -68.054510542478567, -16.539614778992423 ], [ -68.054510555686278, -16.539612067378133 ], [ -68.054507744442063, -16.539612054638503 ], [ -68.054507770857512, -16.539606631409928 ], [ -68.054504959613396, -16.539606618670266 ], [ -68.054505078483174, -16.539582214141664 ], [ -68.054510687763056, -16.539584951235209 ], [ -68.054510714178377, -16.53957952800662 ], [ -68.054516349873424, -16.539576841871416 ], [ -68.054519187532222, -16.539571431382285 ], [ -68.054527621263105, -16.539571469600517 ], [ -68.054527647677929, -16.539566046371888 ], [ -68.054530458921491, -16.539566059111223 ], [ -68.05453047212886, -16.539563347496905 ], [ -68.054547339590002, -16.539563423932066 ], [ -68.054547352797144, -16.539560712317734 ], [ -68.054552975284125, -16.539560737795817 ], [ -68.054555812941658, -16.539555327306125 ], [ -68.054561435428511, -16.539555352783971 ], [ -68.05456144863544, -16.539552641169628 ], [ -68.054564259878816, -16.53955265390849 ], [ -68.054564286292603, -16.539547230679794 ], [ -68.054567097535923, -16.539547243418617 ], [ -68.054567123949596, -16.539541820189914 ], [ -68.054578368922563, -16.539541871144802 ] ] ] } },
{ "type": "Feature", "properties": { "id": 99, "instance": 122, "mean_prob": 0.919, "area_m2": 65.6, "rgb_split": false, "needs_review": false, "split_confidence": "unsplit" }, "geometry": { "type": "Polygon", "coordinates": [ [ [ -68.055641375224781, -16.539473470037539 ], [ -68.055641362032986, -16.539476181652745 ], [ -68.055649795762477, -16.539476219825403 ], [ -68.055649782570825, -16.539478931440623 ], [ -68.05566383878687, -16.539478995060975 ], [ -68.055663851978338, -16.539476283445744 ], [ -68.0556722857079, -16.539476321617499 ], [ -68.055675070568455, -16.539481757571806 ], [ -68.055677881811718, -16.539481770295613 ], [ -68.055677802664022, -16.539498039987031 ], [ -68.055680613907526, -16.539498052710819 ], [ -68.055680587525018, -16.539503475941299 ], [ -68.055677776281442, -16.539503463217514 ], [ -68.05567765755967, -16.539527867754583 ], [ -68.055680468803615, -16.539527880478396 ], [ -68.055680363273311, -16.539549573400201 ], [ -68.055683174517569, -16.539549586123986 ], [ -68.055683003030992, -16.539584837121861 ], [ -68.055685814275762, -16.539584849845639 ], [ -68.055685735128208, -16.53960111953694 ], [ -68.05566605641323, -16.539601030469612 ], [ -68.055666043221692, -16.539603742084811 ], [ -68.055660407540017, -16.539606428251851 ], [ -68.055660381156756, -16.539611851482238 ], [ -68.055665990455509, -16.539614588545604 ], [ -68.055663152827123, -16.539619999051911 ], [ -68.055657530336603, -16.539619973603656 ], [ -68.055657543528284, -16.539617261988472 ], [ -68.055654732283074, -16.539617249264289 ], [ -68.055654771858201, -16.539609114418731 ], [ -68.055646338122926, -16.539609076245981 ], [ -68.055646351314749, -16.539606364630789 ], [ -68.05564074201655, -16.539603627566926 ], [ -68.055638300144807, -16.539527689617316 ], [ -68.055635488900904, -16.539527676892941 ], [ -68.055635739546673, -16.539476156204124 ], [ -68.055641375224781, -16.539473470037539 ] ] ] } },
{ "type": "Feature", "properties": { "id": 100, "instance": 127, "mean_prob": 0.964, "area_m2": 142.4, "rgb_split": false, "needs_review": false, "split_confidence": "unsplit" }, "geometry": { "type": "Polygon", "coordinates": [ [ [ -68.055062193195212, -16.539484406107473 ], [ -68.055062179995318, -16.539487117722224 ], [ -68.055064991238169, -16.539487130454294 ], [ -68.055064780040396, -16.539530516290309 ], [ -68.055067591283887, -16.539530529022375 ], [ -68.055067578084035, -16.539533240637127 ], [ -68.055078823058139, -16.539533291565014 ], [ -68.055078809858443, -16.539536003179773 ], [ -68.055081621102005, -16.539536015911654 ], [ -68.055081462706028, -16.539568555288692 ], [ -68.055078651461997, -16.53956854255679 ], [ -68.055078625062549, -16.539573965786275 ], [ -68.055070191330216, -16.539573927590311 ], [ -68.055070178130364, -16.539576639205048 ], [ -68.05506736688622, -16.539576626472982 ], [ -68.055067327286565, -16.539584761317187 ], [ -68.055064516042307, -16.539584748585082 ], [ -68.05506450284237, -16.539587460199808 ], [ -68.055033579155207, -16.539587320144083 ], [ -68.055033565954844, -16.539590031758777 ], [ -68.055008264756125, -16.539589917164296 ], [ -68.055008277956844, -16.539587205549612 ], [ -68.055002655468343, -16.53958718008376 ], [ -68.055002642267553, -16.539589891698441 ], [ -68.054999831023267, -16.539589878965455 ], [ -68.054999791420741, -16.539598013809496 ], [ -68.055002602665141, -16.539598026542485 ], [ -68.055002510259442, -16.539617007845216 ], [ -68.054974397812771, -16.539616880513435 ], [ -68.054974384611555, -16.539619592128101 ], [ -68.054965950877488, -16.539619553927821 ], [ -68.054965964078818, -16.539616842313166 ], [ -68.054963152834191, -16.539616829579668 ], [ -68.054963562075542, -16.539532769525383 ], [ -68.054960750832123, -16.539532756791917 ], [ -68.054960909247981, -16.53950021741591 ], [ -68.054963720490917, -16.539500230149351 ], [ -68.05496373369219, -16.539497518534674 ], [ -68.054983412392673, -16.539497607667702 ], [ -68.054983425593662, -16.539494896053007 ], [ -68.054994683766083, -16.53949223537062 ], [ -68.054994710167733, -16.539486812141224 ], [ -68.055000332653307, -16.539486837607139 ], [ -68.055000345854054, -16.539484125992431 ], [ -68.055008779582323, -16.53948416419102 ], [ -68.05500876638169, -16.539486875805732 ], [ -68.055014388867292, -16.539486901271268 ], [ -68.05501440206784, -16.539484189656548 ], [ -68.055062193195212, -16.539484406107473 ] ] ] } },
{ "type": "Feature", "properties": { "id": 101, "instance": 148, "mean_prob": 0.748, "area_m2": 21.6, "rgb_split": false, "needs_review": false, "split_confidence": "unsplit" }, "geometry": { "type": "Polygon", "coordinates": [ [ [ -68.055938826314943, -16.539585994830531 ], [ -68.055941584809204, -16.539596854012537 ], [ -68.055947207299511, -16.539596879453104 ], [ -68.055949992169516, -16.539602315404174 ], [ -68.055952803414755, -16.539602328124367 ], [ -68.055949939419193, -16.539613161865848 ], [ -68.055947128173798, -16.539613149145609 ], [ -68.055947114986182, -16.539615860761025 ], [ -68.055941492495307, -16.539615835320429 ], [ -68.055938654874396, -16.539621245830887 ], [ -68.055935843628902, -16.539621233110491 ], [ -68.055935830441115, -16.539623944725903 ], [ -68.055930207950041, -16.539623919284992 ], [ -68.055924532707152, -16.539634740305491 ], [ -68.055918910215794, -16.53963471486426 ], [ -68.055918897027752, -16.539637426479654 ], [ -68.055916085782044, -16.539637413758978 ], [ -68.055916072593959, -16.539640125374365 ], [ -68.055910436914289, -16.539642811548269 ], [ -68.055907572915672, -16.539653645288983 ], [ -68.055899139177839, -16.539653607126347 ], [ -68.055899152366166, -16.539650895510977 ], [ -68.055896341120274, -16.539650882790028 ], [ -68.055896380685354, -16.539642747943923 ], [ -68.055899191931147, -16.539642760664865 ], [ -68.055899218307772, -16.539637337434122 ], [ -68.055902029553479, -16.539637350155026 ], [ -68.055902069118289, -16.539629215308896 ], [ -68.05589925787271, -16.539629202588003 ], [ -68.055896473003813, -16.539623766636325 ], [ -68.055893661758319, -16.539623753915354 ], [ -68.055893701323456, -16.539615619069238 ], [ -68.055896512568822, -16.539615631790198 ], [ -68.055899350190813, -16.539610221280363 ], [ -68.055904972681432, -16.539610246722084 ], [ -68.055904985869645, -16.5396075351067 ], [ -68.055913419605474, -16.539607573268992 ], [ -68.055913432793574, -16.539604861653608 ], [ -68.055916244038812, -16.539604874374291 ], [ -68.055916257226869, -16.5396021627589 ], [ -68.055921892905246, -16.539599476584755 ], [ -68.055921919281175, -16.539594053353948 ], [ -68.055924730526272, -16.539594066074518 ], [ -68.055924743714201, -16.539591354459116 ], [ -68.055930379392152, -16.539588668284722 ], [ -68.055930392579995, -16.53958595666931 ], [ -68.055938826314943, -16.539585994830531 ] ] ] } },
{ "type": "Feature", "properties": { "id": 102, "instance": 150, "mean_prob": 0.837, "area_m2": 11.2, "rgb_split": true, "needs_review": true, "split_confidence": "medium" }, "geometry": { "type": "Polygon", "coordinates": [ [ [ -68.055829135005155, -16.539596345169393 ], [ -68.055829042680287, -16.539615326476671 ], [ -68.055831853925611, -16.539615339198505 ], [ -68.055831774790136, -16.539631608890438 ], [ -68.055834586035701, -16.539631621612248 ], [ -68.055834533278841, -16.539642468073534 ], [ -68.055831722033105, -16.539642455351718 ], [ -68.05583170884384, -16.539645166967034 ], [ -68.055826086352326, -16.539645141523284 ], [ -68.05582605997364, -16.539650564753916 ], [ -68.055820424292548, -16.539653250925308 ], [ -68.055820437481984, -16.539650539309999 ], [ -68.055814814990327, -16.53965051386594 ], [ -68.055814828179834, -16.539647802250627 ], [ -68.055812016934041, -16.539647789528548 ], [ -68.055812043313125, -16.539642366297944 ], [ -68.055817678993989, -16.539639680126768 ], [ -68.055817692183439, -16.539636968511452 ], [ -68.055820503429075, -16.539636981233457 ], [ -68.055820516618496, -16.539634269618137 ], [ -68.055817705372903, -16.539634256896143 ], [ -68.055817731751802, -16.539628833665525 ], [ -68.055814920506279, -16.539628820943491 ], [ -68.055814960074727, -16.539620686097557 ], [ -68.055812148829347, -16.539620673375492 ], [ -68.055809443100316, -16.539598967730925 ], [ -68.055812254345398, -16.539598980453007 ], [ -68.05581226753489, -16.539596268837695 ], [ -68.055829135005155, -16.539596345169393 ] ] ] } },
{ "type": "Feature", "properties": { "id": 103, "instance": 153, "mean_prob": 0.753, "area_m2": 13.8, "rgb_split": false, "needs_review": false, "split_confidence": "unsplit" }, "geometry": { "type": "Polygon", "coordinates": [ [ [ -68.05474111733291, -16.539604977055671 ], [ -68.054741038106087, -16.539621246742492 ], [ -68.054743849350601, -16.539621259478984 ], [ -68.054743704101625, -16.539651087238102 ], [ -68.054740892856671, -16.539651074501585 ], [ -68.054740853243132, -16.539659209344968 ], [ -68.054721174527671, -16.539659120188222 ], [ -68.054721253756355, -16.539642850501551 ], [ -68.054724065001167, -16.539642863238328 ], [ -68.054724078205908, -16.539640151623878 ], [ -68.054721266961124, -16.539640138887105 ], [ -68.054721293370662, -16.539634715658217 ], [ -68.054718482125949, -16.539634702921408 ], [ -68.054718508535544, -16.539629279692498 ], [ -68.054721319780185, -16.539629292429307 ], [ -68.054721385803958, -16.539615734357046 ], [ -68.05471857455953, -16.539615721620251 ], [ -68.054718614173879, -16.539607586776899 ], [ -68.054727047906837, -16.539607624987148 ], [ -68.054727061111493, -16.539604913372688 ], [ -68.05474111733291, -16.539604977055671 ] ] ] } },
{ "type": "Feature", "properties": { "id": 104, "instance": 133, "mean_prob": 0.89, "area_m2": 33.8, "rgb_split": true, "needs_review": true, "split_confidence": "medium" }, "geometry": { "type": "Polygon", "coordinates": [ [ [ -68.054493912755461, -16.539565893496992 ], [ -68.05449389954758, -16.53956860511127 ], [ -68.054502333278279, -16.539568643330519 ], [ -68.054502320070512, -16.539571354944808 ], [ -68.054505131314116, -16.539571367684481 ], [ -68.054504959613396, -16.539606618670266 ], [ -68.054507770857512, -16.539606631409928 ], [ -68.054507744442063, -16.539612054638503 ], [ -68.054510555686278, -16.539612067378133 ], [ -68.054510542478567, -16.539614778992423 ], [ -68.054513353722825, -16.539614791732017 ], [ -68.054513366930479, -16.539612080117731 ], [ -68.054563969326637, -16.539612309423944 ], [ -68.054563956119694, -16.539615021038273 ], [ -68.054561144875393, -16.539615008299354 ], [ -68.054561131668407, -16.539617719913693 ], [ -68.054544264202477, -16.539617643479399 ], [ -68.054541426543636, -16.539623053968835 ], [ -68.054538615299236, -16.539623041229614 ], [ -68.054541373714542, -16.539633900426079 ], [ -68.054535738018089, -16.539636586561873 ], [ -68.054535711603364, -16.53964200979047 ], [ -68.054524466624741, -16.539641958832981 ], [ -68.054524479832267, -16.539639247218688 ], [ -68.054518857343055, -16.539639221739726 ], [ -68.054518844135458, -16.539641933354009 ], [ -68.054499165422996, -16.539641844176423 ], [ -68.054499152215115, -16.539644555790701 ], [ -68.054490718481134, -16.539644517571162 ], [ -68.05449069206513, -16.539649940799681 ], [ -68.054487880820389, -16.539649928059752 ], [ -68.05448781478016, -16.539663486131055 ], [ -68.054485003535234, -16.539663473391077 ], [ -68.054485175240202, -16.539628222405685 ], [ -68.054482363995788, -16.5396282096657 ], [ -68.054482496076645, -16.539601093523043 ], [ -68.054485307320661, -16.539601106263003 ], [ -68.054485320528713, -16.539598394648731 ], [ -68.054482509284725, -16.539598381908775 ], [ -68.054482614949208, -16.53957668899459 ], [ -68.054479803705533, -16.539576676254608 ], [ -68.054479816913613, -16.539573964640326 ], [ -68.054482628157245, -16.539573977380304 ], [ -68.054482654573349, -16.539568554151749 ], [ -68.054491088304019, -16.539568592371449 ], [ -68.054491101511942, -16.539565880757166 ], [ -68.054493912755461, -16.539565893496992 ] ] ] } },
{ "type": "Feature", "properties": { "id": 105, "instance": 134, "mean_prob": 0.929, "area_m2": 138.5, "rgb_split": true, "needs_review": true, "split_confidence": "medium" }, "geometry": { "type": "Polygon", "coordinates": [ [ [ -68.054623573317386, -16.539495977513475 ], [ -68.054623546905361, -16.539501400742285 ], [ -68.054626358148056, -16.539501413480274 ], [ -68.054629142978868, -16.539506849447044 ], [ -68.054660066649589, -16.539506989562057 ], [ -68.054660053444081, -16.539509701176492 ], [ -68.054662864686918, -16.53950971391399 ], [ -68.054662732632039, -16.539536830058314 ], [ -68.054665543875274, -16.539536842795798 ], [ -68.054665491053413, -16.539547689253514 ], [ -68.054662679810008, -16.539547676516015 ], [ -68.054662640193456, -16.539555811359289 ], [ -68.054665451436975, -16.539555824096794 ], [ -68.054665398615043, -16.539566670554496 ], [ -68.054668209858704, -16.539566683291962 ], [ -68.054668183447802, -16.539572106520808 ], [ -68.054670994691563, -16.539572119258249 ], [ -68.054670796610054, -16.53961279347455 ], [ -68.054667985365711, -16.539612780737073 ], [ -68.054667945749216, -16.539620915580315 ], [ -68.054670756993673, -16.539620928317795 ], [ -68.054670717377292, -16.539629063161023 ], [ -68.054667906132707, -16.539629050423535 ], [ -68.054667813694095, -16.539648031724383 ], [ -68.05467062493895, -16.539648044461888 ], [ -68.054670519295001, -16.539669737377103 ], [ -68.05466770804982, -16.539669724639587 ], [ -68.054667681638733, -16.53967514786838 ], [ -68.054664870393481, -16.539675135130818 ], [ -68.054664857187888, -16.539677846745214 ], [ -68.054614254773171, -16.53967761746258 ], [ -68.054614267979474, -16.53967490584823 ], [ -68.054605834243873, -16.539674867633273 ], [ -68.054605900275902, -16.539661309561527 ], [ -68.054603089030905, -16.539661296823141 ], [ -68.054603168269509, -16.539645027137038 ], [ -68.054600357024754, -16.539645014398626 ], [ -68.054600396644133, -16.539636879555569 ], [ -68.054594774154864, -16.539636854078651 ], [ -68.054594826980974, -16.539626007621251 ], [ -68.054597638225459, -16.539626020359716 ], [ -68.054597664638422, -16.539620597131009 ], [ -68.054611720860464, -16.539620660822763 ], [ -68.054611707654175, -16.539623372437131 ], [ -68.054631386365401, -16.539623461604009 ], [ -68.054631399571406, -16.539620749989631 ], [ -68.054634210815848, -16.539620762727605 ], [ -68.054634237227788, -16.539615339498823 ], [ -68.05463142598343, -16.53961532676086 ], [ -68.054631439189436, -16.539612615146478 ], [ -68.054611760479304, -16.53961252597966 ], [ -68.054611747273015, -16.539615237594024 ], [ -68.054600502295699, -16.539615186640713 ], [ -68.054600489089268, -16.539617898255084 ], [ -68.054577999134438, -16.539617796346626 ], [ -68.054578012341196, -16.539615084732272 ], [ -68.054575201096881, -16.539615071993548 ], [ -68.054575214303682, -16.539612360379216 ], [ -68.054594893013572, -16.539612449549477 ], [ -68.054594906220089, -16.53960973793513 ], [ -68.054600541915008, -16.539607051797638 ], [ -68.054600713598376, -16.539571800810879 ], [ -68.054597902354686, -16.539571788072493 ], [ -68.054597928767549, -16.539566364843761 ], [ -68.054595117523931, -16.539566352105343 ], [ -68.054595170349799, -16.539555505647865 ], [ -68.054592359106351, -16.539555492909415 ], [ -68.054592398725831, -16.539547358066308 ], [ -68.054589587482496, -16.539547345327826 ], [ -68.054589600689027, -16.539544633713454 ], [ -68.05459803441893, -16.539544671928777 ], [ -68.054598047625333, -16.539541960314402 ], [ -68.054600858868596, -16.539541973052764 ], [ -68.054600872074971, -16.539539261438389 ], [ -68.054598060831736, -16.539539248700031 ], [ -68.054600898487706, -16.539533838209621 ], [ -68.054595276001407, -16.539533812732877 ], [ -68.054595302414285, -16.539528389504124 ], [ -68.054598113657349, -16.53952840224251 ], [ -68.054598126863738, -16.539525690628135 ], [ -68.054595315620716, -16.539525677889745 ], [ -68.054592557203563, -16.53951481869381 ], [ -68.054595368446442, -16.539514831432228 ], [ -68.054595381652859, -16.53951211981785 ], [ -68.054601017344865, -16.539509433680177 ], [ -68.054601030551197, -16.539506722065784 ], [ -68.054612275522231, -16.539506773018747 ], [ -68.054612288728421, -16.539504061404344 ], [ -68.054606679449222, -16.539501324313555 ], [ -68.054603894619135, -16.539495888346522 ], [ -68.054623573317386, -16.539495977513475 ] ] ] } },
{ "type": "Feature", "properties": { "id": 106, "instance": 149, "mean_prob": 0.911, "area_m2": 49.1, "rgb_split": true, "needs_review": true, "split_confidence": "medium" }, "geometry": { "type": "Polygon", "coordinates": [ [ [ -68.055879763793598, -16.539591150925563 ], [ -68.055879684662258, -16.539607420617767 ], [ -68.055882495907511, -16.539607433338908 ], [ -68.055885175267804, -16.539634562213678 ], [ -68.055882364022153, -16.539634549492543 ], [ -68.055882350833613, -16.539637261107909 ], [ -68.055876728342227, -16.539637235665531 ], [ -68.055876715153602, -16.539639947280889 ], [ -68.05587390390788, -16.539639934559645 ], [ -68.055873877530544, -16.539645357790342 ], [ -68.055871066284737, -16.539645345069051 ], [ -68.055871053096027, -16.539648056684399 ], [ -68.055873864341862, -16.53964806940569 ], [ -68.055873824775816, -16.539656204251735 ], [ -68.055871013529867, -16.539656191530437 ], [ -68.055870960774939, -16.539667037991826 ], [ -68.055873772021044, -16.539667050713131 ], [ -68.055873692888838, -16.539683320405185 ], [ -68.055870881642491, -16.539683307683866 ], [ -68.055870868453738, -16.539686019299197 ], [ -68.055859623468223, -16.539685968413529 ], [ -68.055859610279313, -16.539688680028856 ], [ -68.055856799032895, -16.539688667307345 ], [ -68.055854014164453, -16.539683231355152 ], [ -68.055845580425483, -16.539683193190285 ], [ -68.055845593614592, -16.539680481574965 ], [ -68.055839971122012, -16.539680456131535 ], [ -68.055839984311191, -16.539677744516226 ], [ -68.055837173064958, -16.539677731794455 ], [ -68.055837239011012, -16.539664173717878 ], [ -68.055840050257061, -16.539664186439637 ], [ -68.055840076635377, -16.53965876320899 ], [ -68.0558372653894, -16.539658750487238 ], [ -68.055834480521924, -16.539653314534817 ], [ -68.055823235538426, -16.539653263647285 ], [ -68.055823248727805, -16.539650552031979 ], [ -68.05582605997364, -16.539650564753916 ], [ -68.055826086352326, -16.539645141523284 ], [ -68.05583170884384, -16.539645166967034 ], [ -68.055831722033105, -16.539642455351718 ], [ -68.055834533278841, -16.539642468073534 ], [ -68.055834586035701, -16.539631621612248 ], [ -68.055831774790136, -16.539631608890438 ], [ -68.055831853925611, -16.539615339198505 ], [ -68.055829042680287, -16.539615326476671 ], [ -68.05582914819442, -16.539593633554052 ], [ -68.055837581929467, -16.539593671719384 ], [ -68.055837595118604, -16.539590960104054 ], [ -68.055879763793598, -16.539591150925563 ] ] ] } },
{ "type": "Feature", "properties": { "id": 107, "instance": 155, "mean_prob": 0.885, "area_m2": 36.8, "rgb_split": false, "needs_review": false, "split_confidence": "unsplit" }, "geometry": { "type": "Polygon", "coordinates": [ [ [ -68.055100890625255, -16.539620165091375 ], [ -68.055100877425801, -16.539622876706126 ], [ -68.055103688670641, -16.539622889437773 ], [ -68.055103622673528, -16.539636447511526 ], [ -68.055100811428503, -16.539636434779869 ], [ -68.055100798229034, -16.539639146394613 ], [ -68.055103609474102, -16.539639159126271 ], [ -68.055103583075237, -16.539644582355763 ], [ -68.055106394320404, -16.539644595087392 ], [ -68.055106381120993, -16.539647306702147 ], [ -68.055103569875797, -16.539647293970514 ], [ -68.055106249126894, -16.53967442284959 ], [ -68.0551034378813, -16.539674410117939 ], [ -68.055103424681846, -16.539677121732673 ], [ -68.055089368453721, -16.539677058073831 ], [ -68.055086530808694, -16.539682468571392 ], [ -68.055080908317308, -16.539682443107505 ], [ -68.055080895117527, -16.539685154722221 ], [ -68.055072461380348, -16.539685116526101 ], [ -68.055072448180454, -16.539687828140824 ], [ -68.05505276946019, -16.5396877390152 ], [ -68.055052782660368, -16.539685027400498 ], [ -68.055047160168954, -16.539685001935702 ], [ -68.055047173369204, -16.539682290321004 ], [ -68.055041564078223, -16.539679553241378 ], [ -68.055041590478879, -16.539674130011996 ], [ -68.05504440172443, -16.539674142744484 ], [ -68.055041748882616, -16.539641590635661 ], [ -68.055044560127683, -16.539641603368118 ], [ -68.05504739777318, -16.539636192871146 ], [ -68.055050209018177, -16.539636205603518 ], [ -68.055050195817998, -16.539638917218223 ], [ -68.055055818308077, -16.539638942682874 ], [ -68.055055805107969, -16.539641654297579 ], [ -68.055072672578504, -16.539641730690629 ], [ -68.055072685778356, -16.539639019075913 ], [ -68.055086742003667, -16.539639082735732 ], [ -68.05508675520332, -16.539636371120999 ], [ -68.055075510223233, -16.539636320193228 ], [ -68.055075523423056, -16.539633608578498 ], [ -68.055072712178074, -16.53963359584646 ], [ -68.055075576222308, -16.539622762119585 ], [ -68.055084009956786, -16.539622800315442 ], [ -68.055083996757091, -16.539625511930176 ], [ -68.055089619246829, -16.539625537393889 ], [ -68.055089632446439, -16.539622825779151 ], [ -68.055098066180946, -16.53962286397444 ], [ -68.055098079380443, -16.539620152359692 ], [ -68.055100890625255, -16.539620165091375 ] ] ] } },
{ "type": "Feature", "properties": { "id": 108, "instance": 156, "mean_prob": 0.892, "area_m2": 31.9, "rgb_split": false, "needs_review": false, "split_confidence": "unsplit" }, "geometry": { "type": "Polygon", "coordinates": [ [ [ -68.054932189537837, -16.539624824352529 ], [ -68.05493217633601, -16.539627535967153 ], [ -68.054934987580793, -16.539627548701073 ], [ -68.054934974379009, -16.539630260315686 ], [ -68.054932163134197, -16.539630247581758 ], [ -68.054932123528744, -16.539638382425608 ], [ -68.054934934773669, -16.539638395159546 ], [ -68.054934908370086, -16.539643818388768 ], [ -68.054940530860122, -16.539643843856531 ], [ -68.054940517658409, -16.539646555471155 ], [ -68.054943328903462, -16.539646568204986 ], [ -68.054943289298421, -16.539654703048836 ], [ -68.054946100543603, -16.539654715782628 ], [ -68.054945968527051, -16.539681831928796 ], [ -68.05494877977263, -16.539681844662571 ], [ -68.054948753369359, -16.539687267891807 ], [ -68.054943130878058, -16.539687242424204 ], [ -68.054943117676345, -16.53968995403881 ], [ -68.054937495184987, -16.53968992857105 ], [ -68.054937481983188, -16.539692640185649 ], [ -68.054917803263194, -16.539692551047274 ], [ -68.054917816465277, -16.539689839432686 ], [ -68.054909382728297, -16.539689801229972 ], [ -68.054909395930466, -16.539687089615388 ], [ -68.05490377343925, -16.539687064146719 ], [ -68.054903786641503, -16.539684352532134 ], [ -68.054898164150373, -16.539684327063323 ], [ -68.054898203757375, -16.539676192219595 ], [ -68.054895392511924, -16.539676179485138 ], [ -68.054895550940174, -16.539643640110189 ], [ -68.054906822324469, -16.5396382678185 ], [ -68.054906848728805, -16.539632844589313 ], [ -68.054915282463298, -16.539632882792009 ], [ -68.054915295665367, -16.5396301711774 ], [ -68.054920918154963, -16.539630196645675 ], [ -68.054923755803642, -16.539624786150533 ], [ -68.054932189537837, -16.539624824352529 ] ] ] } },
{ "type": "Feature", "properties": { "id": 109, "instance": 147, "mean_prob": 0.825, "area_m2": 64.8, "rgb_split": true, "needs_review": true, "split_confidence": "medium" }, "geometry": { "type": "Polygon", "coordinates": [ [ [ -68.054859585678685, -16.539524163518063 ], [ -68.054859572475948, -16.539526875132644 ], [ -68.054865181759794, -16.539529612216846 ], [ -68.054865115746423, -16.539543170289779 ], [ -68.054862304502919, -16.539543157554981 ], [ -68.054862264894751, -16.53955129239873 ], [ -68.054859453651147, -16.539551279663883 ], [ -68.054856616001928, -16.539556690158147 ], [ -68.054853804758238, -16.539556677423224 ], [ -68.054853765149673, -16.539564812266939 ], [ -68.05485657639349, -16.539564825001872 ], [ -68.054856563190654, -16.539567536616445 ], [ -68.05486218567836, -16.539567562086201 ], [ -68.054862119664605, -16.539581120159077 ], [ -68.05485649717653, -16.539581094689293 ], [ -68.054856483973708, -16.539583806303863 ], [ -68.054850861485548, -16.539583780833926 ], [ -68.054850848282626, -16.539586492448485 ], [ -68.054862066853588, -16.539591966617365 ], [ -68.054864798881397, -16.539608249039635 ], [ -68.05486198763694, -16.539608236304773 ], [ -68.054861974434175, -16.539610947919339 ], [ -68.054836673233993, -16.539610833303914 ], [ -68.054836646827724, -16.539616256532998 ], [ -68.054833835583182, -16.539616243797756 ], [ -68.054833822380004, -16.539618955412301 ], [ -68.054839431666039, -16.539621692497295 ], [ -68.054839365650494, -16.539635250570015 ], [ -68.054842176895292, -16.539635263305197 ], [ -68.05484219009837, -16.539632551690648 ], [ -68.054856246322274, -16.539632615365974 ], [ -68.054856233119381, -16.539635326980537 ], [ -68.054859044364221, -16.539635339715488 ], [ -68.05485901795852, -16.53964076294459 ], [ -68.054864627245578, -16.539643500028955 ], [ -68.05486460084002, -16.539648923258078 ], [ -68.054867412085059, -16.539648935992929 ], [ -68.054864495217728, -16.539670616174515 ], [ -68.054867306463066, -16.539670628909381 ], [ -68.05486722724649, -16.539686898596699 ], [ -68.054870038492069, -16.539686911331536 ], [ -68.054869998883859, -16.539695046175193 ], [ -68.054867187638152, -16.539695033440342 ], [ -68.054867174435387, -16.539697745054884 ], [ -68.054850306961001, -16.539697668644973 ], [ -68.054850320164022, -16.539694957030434 ], [ -68.054830641444298, -16.539694867883828 ], [ -68.054830654647589, -16.539692156269314 ], [ -68.05482503215633, -16.539692130798517 ], [ -68.054825045359692, -16.539689419184004 ], [ -68.054822234114113, -16.539689406448552 ], [ -68.054822220910722, -16.539692118063059 ], [ -68.054816611622954, -16.539689380977528 ], [ -68.054816651233395, -16.539681246133995 ], [ -68.054819462478861, -16.539681258869514 ], [ -68.054819488885713, -16.539675835640491 ], [ -68.054825124579835, -16.539673149496899 ], [ -68.054825137783183, -16.539670437882371 ], [ -68.054830760273802, -16.539670463353129 ], [ -68.054830773477065, -16.539667751738605 ], [ -68.054833584722331, -16.539667764473922 ], [ -68.054833637535225, -16.539656918015805 ], [ -68.054830826290114, -16.539656905280491 ], [ -68.054828041451586, -16.539651469316091 ], [ -68.054825230206532, -16.53965145658071 ], [ -68.054825256613199, -16.539646033351655 ], [ -68.054822445368231, -16.539646020616235 ], [ -68.054822484978317, -16.539637885772656 ], [ -68.054825296223143, -16.539637898508065 ], [ -68.054825415052889, -16.539613493977267 ], [ -68.054828226297374, -16.53961350671262 ], [ -68.054828239500637, -16.539610795098085 ], [ -68.054833861989536, -16.539610820568672 ], [ -68.054833888395876, -16.539605397339585 ], [ -68.054831077151505, -16.539605384604322 ], [ -68.05483109035471, -16.539602672989773 ], [ -68.054825467866053, -16.539602647519118 ], [ -68.054825639508536, -16.539567396530053 ], [ -68.054828450752353, -16.53956740926537 ], [ -68.054831367621489, -16.539545729084203 ], [ -68.054834178864994, -16.53954574181942 ], [ -68.054834192068114, -16.539543030204864 ], [ -68.054831380824623, -16.539543017469651 ], [ -68.05483142043407, -16.539534882625965 ], [ -68.054834231677432, -16.539534895361179 ], [ -68.054834258083631, -16.539529472132049 ], [ -68.054839880570185, -16.539529497602352 ], [ -68.054839893773206, -16.539526785987789 ], [ -68.054845516259689, -16.539526811457939 ], [ -68.054845529462625, -16.539524099843369 ], [ -68.054859585678685, -16.539524163518063 ] ] ] } },
{ "type": "Feature", "properties": { "id": 110, "instance": 157, "mean_prob": 0.887, "area_m2": 55.7, "rgb_split": true, "needs_review": true, "split_confidence": "medium" }, "geometry": { "type": "Polygon", "coordinates": [ [ [ -68.055688388078309, -16.539633671643237 ], [ -68.05568837488704, -16.539636383258451 ], [ -68.055691186132563, -16.539636395982196 ], [ -68.055691146558885, -16.539644530827815 ], [ -68.055688335313263, -16.539644518104065 ], [ -68.055688282548175, -16.539655364564883 ], [ -68.05569390503976, -16.53965539001236 ], [ -68.055693918230958, -16.539652678397157 ], [ -68.055696729476708, -16.539652691120835 ], [ -68.055696755859017, -16.539647267890409 ], [ -68.055708000841776, -16.539647318784741 ], [ -68.05570801403276, -16.539644607169521 ], [ -68.055722070261055, -16.539644670786565 ], [ -68.055722057070255, -16.5396473824018 ], [ -68.05572767956167, -16.539647407848356 ], [ -68.055727666370956, -16.539650119463598 ], [ -68.055733275671798, -16.539652856525244 ], [ -68.055733222909197, -16.539663702986196 ], [ -68.055736034155146, -16.539663715709352 ], [ -68.055735928630128, -16.539685408631225 ], [ -68.055738739876404, -16.53968542135437 ], [ -68.055738634351556, -16.539707114276219 ], [ -68.055735823104968, -16.539707101553059 ], [ -68.055735783532981, -16.539715236398731 ], [ -68.055693614832805, -16.539715045546732 ], [ -68.055693588450296, -16.539720468777126 ], [ -68.05568234346336, -16.539720417881803 ], [ -68.055679558599522, -16.539714981927517 ], [ -68.055673936106245, -16.539714956479553 ], [ -68.05567396248928, -16.539709533249205 ], [ -68.05567115124272, -16.539709520525175 ], [ -68.055671296349757, -16.539679692758213 ], [ -68.055668485103624, -16.539679680034173 ], [ -68.055668656593866, -16.539644429036755 ], [ -68.055665845348258, -16.539644416312704 ], [ -68.055665884922988, -16.539636281467143 ], [ -68.055668696168482, -16.539636294191187 ], [ -68.05566870936002, -16.539633582575988 ], [ -68.055688388078309, -16.539633671643237 ] ], [ [ -68.055691054220233, -16.539663512134258 ], [ -68.055688242974327, -16.539663499410494 ], [ -68.055688190209167, -16.53967434587128 ], [ -68.055691001455244, -16.539674358595054 ], [ -68.055690975072721, -16.539679781825456 ], [ -68.055693786318869, -16.539679794549201 ], [ -68.055693852274956, -16.539666236473188 ], [ -68.055691041028993, -16.539666223749464 ], [ -68.055691054220233, -16.539663512134258 ] ], [ [ -68.055693654406554, -16.539706910701167 ], [ -68.055690843160008, -16.539706897977403 ], [ -68.055690816777428, -16.539712321207784 ], [ -68.055696439270676, -16.539712346655278 ], [ -68.055693654406554, -16.539706910701167 ] ] ] } },
{ "type": "Feature", "properties": { "id": 111, "instance": 158, "mean_prob": 0.89, "area_m2": 64.2, "rgb_split": true, "needs_review": true, "split_confidence": "medium" }, "geometry": { "type": "Polygon", "coordinates": [ [ [ -68.055800481776956, -16.539707394176087 ], [ -68.055800468587208, -16.539710105791364 ], [ -68.055803279833881, -16.539710118513653 ], [ -68.055803253454428, -16.539715541744208 ], [ -68.05580887594796, -16.539715567188676 ], [ -68.055808889137609, -16.539712855573399 ], [ -68.055814498441478, -16.539715592632998 ], [ -68.055820015419044, -16.53973731099947 ], [ -68.055817204171973, -16.539737298277387 ], [ -68.055817177792875, -16.539742721507945 ], [ -68.055808744051404, -16.539742683341458 ], [ -68.055808757241067, -16.539739971726185 ], [ -68.055805945993953, -16.539739959003946 ], [ -68.055805893235117, -16.539750805465037 ], [ -68.055803081987847, -16.539750792742751 ], [ -68.055803055608337, -16.539756215973284 ], [ -68.055797433113653, -16.539756190528589 ], [ -68.055797419923806, -16.539758902143863 ], [ -68.055783363686942, -16.539758838531462 ], [ -68.05578335049691, -16.539761550146707 ], [ -68.055738370538705, -16.539761346580647 ], [ -68.055738383729377, -16.539758634965438 ], [ -68.055724327492769, -16.539758571349065 ], [ -68.055724340683625, -16.539755859733852 ], [ -68.055707473200016, -16.539755783392966 ], [ -68.055707486391114, -16.539753071777778 ], [ -68.055699052649445, -16.539753033606832 ], [ -68.055699065840656, -16.539750321991647 ], [ -68.055696254593485, -16.53975030926793 ], [ -68.055696320549686, -16.539736751191999 ], [ -68.055693509302699, -16.53973673846825 ], [ -68.055693614832805, -16.539715045546732 ], [ -68.055735783532981, -16.539715236398731 ], [ -68.055735796723653, -16.539712524783511 ], [ -68.055755475450312, -16.539712613844848 ], [ -68.055755488640699, -16.53970990222961 ], [ -68.055789223600513, -16.539710054901835 ], [ -68.055789236790432, -16.539707343286569 ], [ -68.055800481776956, -16.539707394176087 ] ] ] } },
{ "type": "Feature", "properties": { "id": 112, "instance": 136, "mean_prob": 0.93, "area_m2": 22.7, "rgb_split": true, "needs_review": true, "split_confidence": "medium" }, "geometry": { "type": "Polygon", "coordinates": [ [ [ -68.054630976977833, -16.539707521649479 ], [ -68.054630950565638, -16.539712944878204 ], [ -68.054633761811402, -16.539712957616249 ], [ -68.05463372219323, -16.539721092459317 ], [ -68.054636533439123, -16.539721105197337 ], [ -68.05463650702707, -16.539726528426055 ], [ -68.054639318273033, -16.53972654116404 ], [ -68.054639305067056, -16.539729252778397 ], [ -68.054636493821036, -16.539729240040408 ], [ -68.054636427790854, -16.539742798112187 ], [ -68.054633616544649, -16.539742785374159 ], [ -68.054633603338573, -16.539745496988512 ], [ -68.054627967639945, -16.539748183126672 ], [ -68.054627954433769, -16.539750894741008 ], [ -68.054616696242206, -16.539753555402513 ], [ -68.054616683035889, -16.539756267016852 ], [ -68.054608249296749, -16.539756228801803 ], [ -68.054608262503194, -16.539753517187474 ], [ -68.054597017517878, -16.539753466233567 ], [ -68.054597004311276, -16.539756177847888 ], [ -68.054591381818554, -16.5397561523707 ], [ -68.054591368611881, -16.539758863985011 ], [ -68.054580136833152, -16.539756101415872 ], [ -68.054580176453641, -16.539747966572943 ], [ -68.054582987699888, -16.539747979311702 ], [ -68.054583027320248, -16.53973984446877 ], [ -68.054585838566368, -16.539739857207483 ], [ -68.054585891393344, -16.539729010750214 ], [ -68.054583080147381, -16.539728998011505 ], [ -68.054583093354154, -16.539726286397197 ], [ -68.054585904600074, -16.5397262991359 ], [ -68.054585931013534, -16.539720875907257 ], [ -68.054591553505233, -16.539720901384541 ], [ -68.054594391164301, -16.539715490894466 ], [ -68.054597202410065, -16.539715503633008 ], [ -68.054597189203506, -16.539718215247333 ], [ -68.054622490415937, -16.539718329892526 ], [ -68.054622503622141, -16.539715618278176 ], [ -68.054625314867934, -16.539715631016342 ], [ -68.054625354486447, -16.539707496173282 ], [ -68.054630976977833, -16.539707521649479 ] ] ] } },
{ "type": "Feature", "properties": { "id": 113, "instance": 135, "mean_prob": 0.955, "area_m2": 115.9, "rgb_split": true, "needs_review": true, "split_confidence": "medium" }, "geometry": { "type": "Polygon", "coordinates": [ [ [ -68.054524479832267, -16.539639247218688 ], [ -68.054524466624741, -16.539641958832981 ], [ -68.05454414533736, -16.539642048008186 ], [ -68.054544132130104, -16.539644759622501 ], [ -68.054549754619529, -16.539644785100794 ], [ -68.054549741412359, -16.539647496715109 ], [ -68.054552552657114, -16.539647509454202 ], [ -68.054552513035702, -16.539655644297131 ], [ -68.054549701790833, -16.539655631558031 ], [ -68.054549569718901, -16.539682747701082 ], [ -68.054555192209435, -16.539682773179287 ], [ -68.054555179002307, -16.539685484793594 ], [ -68.054566423983545, -16.539685535749562 ], [ -68.054566410776573, -16.539688247363873 ], [ -68.05457765575801, -16.539688298319238 ], [ -68.054577642551195, -16.539691009933556 ], [ -68.054591698778253, -16.539691073626923 ], [ -68.054591685571623, -16.539693785241255 ], [ -68.054628231762749, -16.539693950839606 ], [ -68.05462821855663, -16.539696662453967 ], [ -68.054631029802167, -16.539696675192037 ], [ -68.054630990183909, -16.539704810035122 ], [ -68.054625354486447, -16.539707496173282 ], [ -68.054625314867934, -16.539715631016342 ], [ -68.054622503622141, -16.539715618278176 ], [ -68.054622490415937, -16.539718329892526 ], [ -68.054597189203506, -16.539718215247333 ], [ -68.054597202410065, -16.539715503633008 ], [ -68.054594391164301, -16.539715490894466 ], [ -68.054591553505233, -16.539720901384541 ], [ -68.054585931013534, -16.539720875907257 ], [ -68.054585904600074, -16.5397262991359 ], [ -68.054583093354154, -16.539726286397197 ], [ -68.054583080147381, -16.539728998011505 ], [ -68.054585891393344, -16.539729010750214 ], [ -68.054585838566368, -16.539739857207483 ], [ -68.054583027320248, -16.53973984446877 ], [ -68.054582987699888, -16.539747979311702 ], [ -68.054580176453641, -16.539747966572943 ], [ -68.054580136833152, -16.539756101415872 ], [ -68.054554835616102, -16.539755986765289 ], [ -68.054554822408903, -16.539758698379575 ], [ -68.054540766177098, -16.539758634683469 ], [ -68.054540752969714, -16.539761346297741 ], [ -68.054529507984157, -16.539761295340167 ], [ -68.054529494776617, -16.539764006954428 ], [ -68.054521061037349, -16.539763968735851 ], [ -68.054521074245031, -16.53976125712159 ], [ -68.054509842467368, -16.539758494548714 ], [ -68.054507057636769, -16.539753058580466 ], [ -68.054501435144289, -16.539753033100855 ], [ -68.054501448352227, -16.539750321486608 ], [ -68.054498637106022, -16.539750308746747 ], [ -68.054498689937901, -16.539739462289774 ], [ -68.054501501183935, -16.539739475029624 ], [ -68.054501567223539, -16.539725916958368 ], [ -68.05449875597769, -16.539725904218535 ], [ -68.054498888057083, -16.539698788075995 ], [ -68.054496076811631, -16.539698775336138 ], [ -68.054496129643468, -16.539687928879111 ], [ -68.054490520360915, -16.539685191785054 ], [ -68.054490573193021, -16.539674345328027 ], [ -68.054487761947939, -16.539674332588081 ], [ -68.054487880820389, -16.539649928059752 ], [ -68.05449069206513, -16.539649940799681 ], [ -68.054490718481134, -16.539644517571162 ], [ -68.054499152215115, -16.539644555790701 ], [ -68.054499165422996, -16.539641844176423 ], [ -68.054518844135458, -16.539641933354009 ], [ -68.054518857343055, -16.539639221739726 ], [ -68.054524479832267, -16.539639247218688 ] ], [ [ -68.054586063080706, -16.539693759764017 ], [ -68.05458042738303, -16.539696445900951 ], [ -68.054580400969442, -16.539701869129594 ], [ -68.054583212215007, -16.539701881868314 ], [ -68.054583199008263, -16.539704593482639 ], [ -68.054586010253871, -16.539704606221321 ], [ -68.054586063080706, -16.539693759764017 ] ] ] } },
{ "type": "Feature", "properties": { "id": 114, "instance": 161, "mean_prob": 0.844, "area_m2": 55.8, "rgb_split": true, "needs_review": true, "split_confidence": "medium" }, "geometry": { "type": "Polygon", "coordinates": [ [ [ -68.054757562262111, -16.539691825137151 ], [ -68.054757549057811, -16.539694536751611 ], [ -68.054765982794635, -16.539694574960485 ], [ -68.054765969590449, -16.539697286574953 ], [ -68.05477159208175, -16.539697312047348 ], [ -68.054774350511067, -16.539708171241376 ], [ -68.054779959798694, -16.539710908328033 ], [ -68.054779880574571, -16.539727178014882 ], [ -68.054785503066768, -16.539727203486947 ], [ -68.054785489862823, -16.539729915101415 ], [ -68.054796734847386, -16.539729966045101 ], [ -68.054796748051174, -16.53972725443062 ], [ -68.054802370543399, -16.53972727990223 ], [ -68.054802449765617, -16.539711010215282 ], [ -68.054808085461005, -16.539708324072219 ], [ -68.05481092311399, -16.539702913578871 ], [ -68.054819356851297, -16.539702951785607 ], [ -68.054819330444388, -16.539708375014619 ], [ -68.054824952936102, -16.539708400485594 ], [ -68.054824939732711, -16.5397111121001 ], [ -68.054827750978603, -16.539711124835531 ], [ -68.054827724571922, -16.539716548064561 ], [ -68.054822088876548, -16.539719234208153 ], [ -68.054822062469682, -16.539724657437166 ], [ -68.054819251223591, -16.539724644701643 ], [ -68.054816387163427, -16.539735478424085 ], [ -68.054819198409675, -16.539735491159654 ], [ -68.054819185206199, -16.539738202774146 ], [ -68.054824807698765, -16.539738228245167 ], [ -68.05482479449536, -16.539740939859684 ], [ -68.054833228234344, -16.539740978065943 ], [ -68.054833267844216, -16.539732843222406 ], [ -68.054836079090435, -16.539732855957741 ], [ -68.0548361319034, -16.539722009499677 ], [ -68.054833320657337, -16.539721996764353 ], [ -68.054833347063891, -16.539716573535323 ], [ -68.054836158309868, -16.539716586270643 ], [ -68.054836171513088, -16.539713874656133 ], [ -68.054841794004986, -16.539713900126657 ], [ -68.054841807208135, -16.539711188512122 ], [ -68.054847429699976, -16.539711213982496 ], [ -68.054847416496898, -16.539713925597034 ], [ -68.054850227742847, -16.539713938332167 ], [ -68.054850174930706, -16.53972478479027 ], [ -68.054852986176826, -16.539724797525373 ], [ -68.054852959770813, -16.539730220754436 ], [ -68.054855771017017, -16.5397302334895 ], [ -68.054855744611075, -16.539735656718562 ], [ -68.054861353900733, -16.539738393803123 ], [ -68.054861327494933, -16.539743817032189 ], [ -68.05485851624853, -16.539743804297181 ], [ -68.054858503045594, -16.539746515911709 ], [ -68.054855691799162, -16.539746503176666 ], [ -68.054855665393191, -16.539751926405714 ], [ -68.054852854146674, -16.539751913670624 ], [ -68.054852788131498, -16.539765471743227 ], [ -68.054855599378214, -16.539765484478323 ], [ -68.054855559769209, -16.539773619321885 ], [ -68.054852748522379, -16.539773606586778 ], [ -68.054852722116266, -16.539779029815808 ], [ -68.054849910869379, -16.539779017080662 ], [ -68.054849897666287, -16.539781728695175 ], [ -68.054844288375577, -16.539778991610248 ], [ -68.054844314781917, -16.539773568381236 ], [ -68.054841503535101, -16.539773555645986 ], [ -68.054841556347895, -16.539762709187947 ], [ -68.054835933854577, -16.539762683717342 ], [ -68.054835947057853, -16.539759972102836 ], [ -68.054830324564634, -16.539759946632085 ], [ -68.054830311361286, -16.539762658246584 ], [ -68.054824702071429, -16.539759921161178 ], [ -68.054821864417875, -16.53976533165465 ], [ -68.054819053171201, -16.539765318919105 ], [ -68.054819039967697, -16.539768030533594 ], [ -68.054816228720981, -16.539768017798007 ], [ -68.054816189110312, -16.539776152641462 ], [ -68.054813377863468, -16.539776139905829 ], [ -68.054813364659879, -16.53977885152031 ], [ -68.054807742166147, -16.539778826048916 ], [ -68.054807755369822, -16.539776114434439 ], [ -68.054804944123006, -16.539776101698692 ], [ -68.054802185691187, -16.539765242504995 ], [ -68.054782506964614, -16.539765153353478 ], [ -68.054779801350378, -16.539743447701689 ], [ -68.054776990104045, -16.53974343496559 ], [ -68.054777003308132, -16.53974072335113 ], [ -68.054768569569276, -16.539740685142597 ], [ -68.054768556365076, -16.539743396757054 ], [ -68.054762933872453, -16.539743371284509 ], [ -68.054762947076725, -16.539740659670056 ], [ -68.054760135830449, -16.539740646933733 ], [ -68.054760162239077, -16.53973522370482 ], [ -68.054757350992887, -16.539735210968459 ], [ -68.054757364197229, -16.539732499354017 ], [ -68.054751741704933, -16.53973247388118 ], [ -68.054751847340242, -16.539710780965574 ], [ -68.054749036094407, -16.539710768229117 ], [ -68.054749102116602, -16.539697210156863 ], [ -68.054751913362225, -16.539697222893302 ], [ -68.05475475101656, -16.53969181240079 ], [ -68.054757562262111, -16.539691825137151 ] ], [ [ -68.054816505995035, -16.539711073893578 ], [ -68.054813694749143, -16.539711061157995 ], [ -68.05481368154561, -16.539713772772505 ], [ -68.054816492791531, -16.539713785508091 ], [ -68.054816505995035, -16.539711073893578 ] ] ] } },
{ "type": "Feature", "properties": { "id": 115, "instance": 162, "mean_prob": 0.877, "area_m2": 43.8, "rgb_split": true, "needs_review": true, "split_confidence": "medium" }, "geometry": { "type": "Polygon", "coordinates": [ [ [ -68.054864323581171, -16.539705867163626 ], [ -68.054867108421448, -16.539711303127607 ], [ -68.054869919667382, -16.539711315862469 ], [ -68.054867055610245, -16.539722149585785 ], [ -68.05486986685635, -16.539722162320654 ], [ -68.054872493264043, -16.539760137659048 ], [ -68.054875304510688, -16.539760150393874 ], [ -68.05487522529431, -16.539776420081086 ], [ -68.054878036541197, -16.539776432815888 ], [ -68.054877983730393, -16.539787279274027 ], [ -68.054875172483349, -16.539787266539211 ], [ -68.054875132875111, -16.539795401382804 ], [ -68.054863874683576, -16.539798062057663 ], [ -68.054863887886484, -16.539795350443146 ], [ -68.054855454145056, -16.539795312238006 ], [ -68.054855467348091, -16.539792600623489 ], [ -68.054844222359705, -16.539792549682787 ], [ -68.054844209156514, -16.539795261297293 ], [ -68.054832964168, -16.539795210355969 ], [ -68.054832950964666, -16.539797921970468 ], [ -68.054824517223196, -16.539797883764074 ], [ -68.054824530426657, -16.539795172149585 ], [ -68.054813285438215, -16.539795121207202 ], [ -68.054813272234611, -16.539797832821687 ], [ -68.05479359350467, -16.539797743671045 ], [ -68.054793606708557, -16.539795032056581 ], [ -68.054787984214386, -16.539795006584633 ], [ -68.054787997418359, -16.539792294970169 ], [ -68.054785186171316, -16.539792282234139 ], [ -68.054785212579318, -16.539786859005229 ], [ -68.054782401332375, -16.539786846269163 ], [ -68.054782427740435, -16.53978142304025 ], [ -68.054779616493562, -16.539781410304155 ], [ -68.05477968251391, -16.539767852231861 ], [ -68.054782493760584, -16.539767864967949 ], [ -68.054782506964614, -16.539765153353478 ], [ -68.054802185691187, -16.539765242504995 ], [ -68.054804944123006, -16.539776101698692 ], [ -68.054807755369822, -16.539776114434439 ], [ -68.054807742166147, -16.539778826048916 ], [ -68.054813364659879, -16.53977885152031 ], [ -68.054813377863468, -16.539776139905829 ], [ -68.054816189110312, -16.539776152641462 ], [ -68.054816228720981, -16.539768017798007 ], [ -68.054819039967697, -16.539768030533594 ], [ -68.054819053171201, -16.539765318919105 ], [ -68.054821864417875, -16.53976533165465 ], [ -68.054824702071429, -16.539759921161178 ], [ -68.054827513318017, -16.539759933896651 ], [ -68.054827500114641, -16.539762645511143 ], [ -68.054830311361286, -16.539762658246584 ], [ -68.054830324564634, -16.539759946632085 ], [ -68.054835947057853, -16.539759972102836 ], [ -68.054835933854577, -16.539762683717342 ], [ -68.054841556347895, -16.539762709187947 ], [ -68.054841503535101, -16.539773555645986 ], [ -68.054844314781917, -16.539773568381236 ], [ -68.054844288375577, -16.539778991610248 ], [ -68.054847099622478, -16.539779004345473 ], [ -68.054847086419343, -16.53978171595999 ], [ -68.054852722116266, -16.539779029815808 ], [ -68.054852748522379, -16.539773606586778 ], [ -68.054855559769209, -16.539773619321885 ], [ -68.054855599378214, -16.539765484478323 ], [ -68.054852788131498, -16.539765471743227 ], [ -68.054852854146674, -16.539751913670624 ], [ -68.054855665393191, -16.539751926405714 ], [ -68.054855691799162, -16.539746503176666 ], [ -68.054861327494933, -16.539743817032189 ], [ -68.054861353900733, -16.539738393803123 ], [ -68.054858542654415, -16.539738381068123 ], [ -68.054858555857351, -16.539735669453595 ], [ -68.054855744611075, -16.539735656718562 ], [ -68.054855771017017, -16.5397302334895 ], [ -68.054852959770813, -16.539730220754436 ], [ -68.054852986176826, -16.539724797525373 ], [ -68.054850174930706, -16.53972478479027 ], [ -68.054850227742847, -16.539713938332167 ], [ -68.054847416496898, -16.539713925597034 ], [ -68.054847429699976, -16.539711213982496 ], [ -68.054841807208135, -16.539711188512122 ], [ -68.054841794004986, -16.539713900126657 ], [ -68.054836171513088, -16.539713874656133 ], [ -68.054836158309868, -16.539716586270643 ], [ -68.054833347063891, -16.539716573535323 ], [ -68.054833373470416, -16.539711150306285 ], [ -68.054836184716322, -16.539711163041606 ], [ -68.054836197919542, -16.539708451427089 ], [ -68.054841820411283, -16.539708476897609 ], [ -68.054841833614418, -16.539705765283085 ], [ -68.054864323581171, -16.539705867163626 ] ] ] } },
{ "type": "Feature", "properties": { "id": 116, "instance": 167, "mean_prob": 0.866, "area_m2": 15.7, "rgb_split": false, "needs_review": false, "split_confidence": "unsplit" }, "geometry": { "type": "Polygon", "coordinates": [ [ [ -68.055322213580013, -16.5397784444392 ], [ -68.055322200383515, -16.53978115605408 ], [ -68.055325011630828, -16.539781168782859 ], [ -68.055324945648522, -16.539794726857281 ], [ -68.055327756896034, -16.539794739586039 ], [ -68.055327717306724, -16.539802874430684 ], [ -68.055324906059099, -16.539802861701926 ], [ -68.055322068418434, -16.539808272202869 ], [ -68.0552883334461, -16.539808119454236 ], [ -68.05528834664311, -16.539805407839381 ], [ -68.05528272414783, -16.539805382380752 ], [ -68.055282750541963, -16.539799959151065 ], [ -68.055279939294394, -16.539799946421692 ], [ -68.055280005279883, -16.539786388347466 ], [ -68.055277194032527, -16.539786375618071 ], [ -68.055277233623912, -16.539778240773522 ], [ -68.055322213580013, -16.5397784444392 ] ] ] } },
{ "type": "Feature", "properties": { "id": 117, "instance": 137, "mean_prob": 0.808, "area_m2": 63.2, "rgb_split": true, "needs_review": true, "split_confidence": "high" }, "geometry": { "type": "Polygon", "coordinates": [ [ [ -68.054684166155127, -16.539753861110533 ], [ -68.054686950990828, -16.539759297076671 ], [ -68.054684139744353, -16.539759284339308 ], [ -68.054684113333565, -16.539764707568079 ], [ -68.054681302087005, -16.539764694830669 ], [ -68.054681288881582, -16.539767406445058 ], [ -68.054684100128171, -16.539767419182468 ], [ -68.054684034101143, -16.539780977254381 ], [ -68.054686845347945, -16.539780989991762 ], [ -68.054686686883329, -16.539813529364316 ], [ -68.054683875636044, -16.539813516626904 ], [ -68.054683822814283, -16.539824363084396 ], [ -68.054681011566856, -16.539824350346937 ], [ -68.054680998361363, -16.539827061961304 ], [ -68.054678187113907, -16.539827049223806 ], [ -68.054678213524966, -16.539821625995081 ], [ -68.054675402277596, -16.539821613257548 ], [ -68.054675428688711, -16.539816190028812 ], [ -68.054672617441412, -16.539816177291247 ], [ -68.054672630647019, -16.53981346567689 ], [ -68.054664196905264, -16.539813427463987 ], [ -68.054664183699543, -16.539816139078329 ], [ -68.054658547999182, -16.539818825217221 ], [ -68.054658534793376, -16.539821536831578 ], [ -68.054630422319903, -16.539821409451932 ], [ -68.054630435526093, -16.539818697837596 ], [ -68.054624813031509, -16.539818672361214 ], [ -68.054622028196817, -16.53981323639432 ], [ -68.054616405702404, -16.539813210917721 ], [ -68.054613620868039, -16.539807774950742 ], [ -68.054602375879568, -16.539807723996951 ], [ -68.054602389086142, -16.539805012382633 ], [ -68.054599577839056, -16.539804999644094 ], [ -68.054599564632454, -16.539807711258412 ], [ -68.054593942138226, -16.53980768578122 ], [ -68.054593955344927, -16.539804974166898 ], [ -68.054588332850784, -16.539804948689557 ], [ -68.054588398884604, -16.539791390618049 ], [ -68.054591210131463, -16.53979140335673 ], [ -68.054591223338178, -16.539788691742423 ], [ -68.054588412091363, -16.539788679003749 ], [ -68.054588504538557, -16.539769697703605 ], [ -68.054591315785117, -16.539769710442265 ], [ -68.054591355405179, -16.539761575599321 ], [ -68.054594166651626, -16.539761588337939 ], [ -68.054591381818554, -16.5397561523707 ], [ -68.054597004311276, -16.539756177847888 ], [ -68.054597017517878, -16.539753466233567 ], [ -68.054608262503194, -16.539753517187474 ], [ -68.054608249296749, -16.539756228801803 ], [ -68.054616683035889, -16.539756267016852 ], [ -68.054616669829542, -16.539758978631184 ], [ -68.054622279116131, -16.539761715722026 ], [ -68.054622265909885, -16.539764427336358 ], [ -68.054627888402891, -16.539764452812729 ], [ -68.054627901609081, -16.53976174119839 ], [ -68.054633524102016, -16.539761766674602 ], [ -68.054636361760615, -16.53975635618395 ], [ -68.054644795499826, -16.539756394397859 ], [ -68.054644782293877, -16.539759106012216 ], [ -68.05465040478677, -16.539759131487969 ], [ -68.054650391580921, -16.539761843102326 ], [ -68.05466444781338, -16.539761906791057 ], [ -68.05466728547114, -16.539756496299944 ], [ -68.054684166155127, -16.539753861110533 ] ], [ [ -68.054669991072814, -16.539778201952522 ], [ -68.054664368579338, -16.539778176477267 ], [ -68.054664355373646, -16.539780888091641 ], [ -68.054661544126873, -16.539780875353951 ], [ -68.054661517715417, -16.53978629858268 ], [ -68.054664328962275, -16.539786311320373 ], [ -68.054664302550904, -16.539791734549098 ], [ -68.054667113797819, -16.539791747286753 ], [ -68.05466708738652, -16.539797170515484 ], [ -68.054669898633534, -16.539797183253111 ], [ -68.054669885427899, -16.539799894867471 ], [ -68.054675507922028, -16.539799920342613 ], [ -68.054675573949723, -16.539786362270753 ], [ -68.05467276270285, -16.539786349533212 ], [ -68.054672789113994, -16.53978092630447 ], [ -68.054669977867221, -16.539780913566901 ], [ -68.054669991072814, -16.539778201952522 ] ] ] } },
{ "type": "Feature", "properties": { "id": 118, "instance": 164, "mean_prob": 0.803, "area_m2": 25.4, "rgb_split": true, "needs_review": true, "split_confidence": "medium" }, "geometry": { "type": "Polygon", "coordinates": [ [ [ -68.054740377879043, -16.539756827464984 ], [ -68.054740325060607, -16.539767673922707 ], [ -68.05474593434937, -16.539770411010331 ], [ -68.05474589473576, -16.539778545853622 ], [ -68.054748705982576, -16.539778558590161 ], [ -68.054748600346457, -16.539800251505611 ], [ -68.054751411593571, -16.539800264242139 ], [ -68.054751371980103, -16.53980839908543 ], [ -68.054745749485619, -16.53980837361232 ], [ -68.054745736281049, -16.539811085226745 ], [ -68.054723246302899, -16.539810983332789 ], [ -68.054720461465479, -16.539805547367063 ], [ -68.054714838971123, -16.539805521893133 ], [ -68.05471479935612, -16.539813656736325 ], [ -68.054711988108821, -16.539813643999295 ], [ -68.054711922083555, -16.539827202071262 ], [ -68.054709110836072, -16.539827189334183 ], [ -68.054709124041167, -16.539824477719794 ], [ -68.054706312793726, -16.539824464982679 ], [ -68.054706339203989, -16.539819041753898 ], [ -68.054700729914472, -16.539816304665173 ], [ -68.05469810354036, -16.539778329326516 ], [ -68.054700914787134, -16.539778342063713 ], [ -68.054700941197467, -16.53977291883492 ], [ -68.054703752444169, -16.53977293157207 ], [ -68.054703765649293, -16.539770219957678 ], [ -68.054709374937545, -16.53977295704625 ], [ -68.05470930891228, -16.539786515118262 ], [ -68.054706497665379, -16.539786502381176 ], [ -68.054706444844953, -16.539797348838764 ], [ -68.054712054134029, -16.539800085927315 ], [ -68.054712067339054, -16.539797374312915 ], [ -68.054714878586111, -16.53979738704993 ], [ -68.054714997430949, -16.53977298252029 ], [ -68.054717808677665, -16.539772995257245 ], [ -68.054717835087516, -16.539767572028431 ], [ -68.054720646334147, -16.539767584765347 ], [ -68.054720699153663, -16.53975673830768 ], [ -68.054740377879043, -16.539756827464984 ] ] ] } },
{ "type": "Feature", "properties": { "id": 119, "instance": 165, "mean_prob": 0.887, "area_m2": 12.8, "rgb_split": true, "needs_review": true, "split_confidence": "medium" }, "geometry": { "type": "Polygon", "coordinates": [ [ [ -68.054720461465479, -16.539805547367063 ], [ -68.054723246302899, -16.539810983332789 ], [ -68.054745736281049, -16.539811085226745 ], [ -68.054745749485619, -16.53980837361232 ], [ -68.054751371980103, -16.53980839908543 ], [ -68.05475129275311, -16.539824668771971 ], [ -68.05475690204365, -16.539827405859384 ], [ -68.05475687563478, -16.53983282908823 ], [ -68.054754064387168, -16.539832816351755 ], [ -68.054751226730531, -16.539838226844083 ], [ -68.054748415482862, -16.539838214107526 ], [ -68.054748428687418, -16.539835502493112 ], [ -68.054731561201649, -16.539835426072976 ], [ -68.054731547996852, -16.539838137687383 ], [ -68.054720289801281, -16.539840798354252 ], [ -68.054720303006235, -16.539838086739866 ], [ -68.054717491758595, -16.539838074002887 ], [ -68.054717518168573, -16.539832650774091 ], [ -68.05471470692099, -16.539832638037087 ], [ -68.054714733331039, -16.539827214808305 ], [ -68.054711922083555, -16.539827202071262 ], [ -68.054711988108821, -16.539813643999295 ], [ -68.05471479935612, -16.539813656736325 ], [ -68.054714838971123, -16.539805521893133 ], [ -68.054720461465479, -16.539805547367063 ] ] ] } },
{ "type": "Feature", "properties": { "id": 120, "instance": 139, "mean_prob": 0.958, "area_m2": 337.6, "rgb_split": true, "needs_review": true, "split_confidence": "medium" }, "geometry": { "type": "Polygon", "coordinates": [ [ [ -68.05520237259806, -16.539563679495203 ], [ -68.055202306608095, -16.539577237569414 ], [ -68.055210740340897, -16.539577275760045 ], [ -68.05521072714302, -16.539579987374896 ], [ -68.055213538387335, -16.539580000105037 ], [ -68.055213511991639, -16.539585423334728 ], [ -68.055216323236039, -16.539585436064833 ], [ -68.055216336433844, -16.539582724449982 ], [ -68.055230392655659, -16.539582788099917 ], [ -68.055230366260417, -16.539588211329637 ], [ -68.055233177504874, -16.539588224059518 ], [ -68.055232900355222, -16.539645167971475 ], [ -68.055230089109941, -16.539645155241551 ], [ -68.055230049516936, -16.539653290086083 ], [ -68.055232860762317, -16.539653302816017 ], [ -68.055232491227528, -16.539729228031419 ], [ -68.055215623748637, -16.539729151650892 ], [ -68.05521561055069, -16.539731863265697 ], [ -68.055198743071642, -16.539731786883802 ], [ -68.055198729873467, -16.5397344984986 ], [ -68.055195918626922, -16.539734485768147 ], [ -68.055195905428704, -16.539737197382941 ], [ -68.055198716675292, -16.539737210113394 ], [ -68.055198465909342, -16.53978873079441 ], [ -68.055201277156655, -16.539788743524866 ], [ -68.055201145174621, -16.539815859672682 ], [ -68.05519833392691, -16.539815846942208 ], [ -68.055198294332129, -16.53982398178654 ], [ -68.05519548308429, -16.539823969056016 ], [ -68.055195337902816, -16.539853796818463 ], [ -68.055198149151082, -16.539853809549012 ], [ -68.055198109556201, -16.539861944393301 ], [ -68.055195298307822, -16.539861931662742 ], [ -68.055195285109477, -16.539864643277514 ], [ -68.055184040115805, -16.53986459235491 ], [ -68.055184000520313, -16.539872727199157 ], [ -68.055178378023257, -16.539872701737611 ], [ -68.055178404420417, -16.539867278508119 ], [ -68.055175593171981, -16.539867265777293 ], [ -68.055175579973351, -16.539869977392041 ], [ -68.055172768724873, -16.539869964661175 ], [ -68.055172781923545, -16.539867253046435 ], [ -68.055113745706819, -16.539866985689574 ], [ -68.055113732507337, -16.539869697304276 ], [ -68.055102474314012, -16.539872357991943 ], [ -68.055099636666185, -16.539877768489461 ], [ -68.055077146677988, -16.539877666633249 ], [ -68.055077120277986, -16.539883089862585 ], [ -68.055071484580722, -16.539885776012792 ], [ -68.055071471380629, -16.539888487627454 ], [ -68.055068660131965, -16.539888474895172 ], [ -68.055068646931844, -16.539891186509831 ], [ -68.055063024434432, -16.539891161045155 ], [ -68.055063037634653, -16.539888449430492 ], [ -68.05506022638599, -16.539888436698099 ], [ -68.055060397988981, -16.53985318570761 ], [ -68.055063209237133, -16.539853198439975 ], [ -68.055063288438134, -16.539836928751999 ], [ -68.055060477190224, -16.539836916019652 ], [ -68.055060529990996, -16.539826069560991 ], [ -68.055066165686611, -16.539823383410969 ], [ -68.055066178886719, -16.539820671796292 ], [ -68.055071801382084, -16.539820697260787 ], [ -68.055071814582107, -16.539817985646106 ], [ -68.055091493315686, -16.539818074770611 ], [ -68.055091506515438, -16.539815363155924 ], [ -68.055113996496502, -16.539815465010214 ], [ -68.055114009695927, -16.539812753395505 ], [ -68.055116820943539, -16.539812766127117 ], [ -68.055116860541702, -16.539804631282973 ], [ -68.055114049294218, -16.539804618551365 ], [ -68.055114366079664, -16.539739539798042 ], [ -68.055111554833118, -16.539739527066448 ], [ -68.055111568032515, -16.539736815451725 ], [ -68.055114379279033, -16.539736828183315 ], [ -68.0551144716745, -16.539717846880183 ], [ -68.055111660428267, -16.539717834148608 ], [ -68.055111700026401, -16.539709699304403 ], [ -68.055114511272521, -16.539709712035968 ], [ -68.055114524471861, -16.539707000421231 ], [ -68.055137014440518, -16.539707102272388 ], [ -68.055137278420432, -16.539652869977118 ], [ -68.055140089665755, -16.5396528827083 ], [ -68.055140102864669, -16.53965017109353 ], [ -68.055171026562803, -16.539650311133993 ], [ -68.055171039761305, -16.539647599519192 ], [ -68.05517666225181, -16.539647624980603 ], [ -68.05517670184706, -16.539639490136189 ], [ -68.055171092555256, -16.539636753059998 ], [ -68.055171118952231, -16.539631329830385 ], [ -68.055168307707191, -16.539631317099641 ], [ -68.055165522859298, -16.539625881139262 ], [ -68.055159900369418, -16.539625855677585 ], [ -68.055159913568062, -16.539623144062798 ], [ -68.05515710232315, -16.539623131331904 ], [ -68.055157141919153, -16.539614996487511 ], [ -68.055154330674384, -16.539614983756593 ], [ -68.055154409866546, -16.539598714067818 ], [ -68.055157221111074, -16.539598726798726 ], [ -68.055157379494659, -16.539566187421073 ], [ -68.055160190738732, -16.539566200151917 ], [ -68.055160203937305, -16.539563488537098 ], [ -68.05520237259806, -16.539563679495203 ] ] ] } },
{ "type": "Feature", "properties": { "id": 121, "instance": 171, "mean_prob": 0.675, "area_m2": 26.3, "rgb_split": true, "needs_review": true, "split_confidence": "high" }, "geometry": { "type": "Polygon", "coordinates": [ [ [ -68.055471024967105, -16.539817081622431 ], [ -68.055470985383749, -16.539825216467403 ], [ -68.055476607879896, -16.539825241920994 ], [ -68.055476581491149, -16.539830665150973 ], [ -68.055479392739315, -16.53983067787771 ], [ -68.055479326767568, -16.539844235952668 ], [ -68.055482138015918, -16.539844248679383 ], [ -68.055482045655651, -16.539863229984302 ], [ -68.055479234407017, -16.539863217257572 ], [ -68.05547922121265, -16.539865928872565 ], [ -68.055473598715309, -16.539865903418988 ], [ -68.055473611909775, -16.539863191803999 ], [ -68.055462380109887, -16.539860429281426 ], [ -68.055462353720671, -16.53986585251138 ], [ -68.055467976217983, -16.539865877965251 ], [ -68.055467949828923, -16.539871301195198 ], [ -68.055465138580175, -16.539871288468277 ], [ -68.05546511219103, -16.539876711698206 ], [ -68.05546230094221, -16.539876698971241 ], [ -68.055462274552966, -16.539882122201181 ], [ -68.055473519548542, -16.539882173108847 ], [ -68.055473506354076, -16.539884884723822 ], [ -68.055470695105143, -16.539884871996961 ], [ -68.055467857467107, -16.539890282499996 ], [ -68.055465046218089, -16.53989026977305 ], [ -68.055465033023495, -16.539892981388029 ], [ -68.055442529836242, -16.539895591186053 ], [ -68.055442516641335, -16.539898302801003 ], [ -68.055428460395817, -16.539898239164174 ], [ -68.055428513176238, -16.539887392704429 ], [ -68.055431324425186, -16.539887405431859 ], [ -68.055431364010346, -16.539879270587033 ], [ -68.055428552761526, -16.53987925785961 ], [ -68.055428565956632, -16.539876546244663 ], [ -68.055431377205409, -16.53987655897209 ], [ -68.055431416790555, -16.53986842412726 ], [ -68.055434228039218, -16.53986843685464 ], [ -68.055434241234224, -16.539865725239697 ], [ -68.055431429985603, -16.539865712512317 ], [ -68.055431456375686, -16.539860289282412 ], [ -68.055428645127122, -16.539860276555011 ], [ -68.055428671517262, -16.539854853325117 ], [ -68.055431482765755, -16.539854866052529 ], [ -68.05543150915581, -16.539849442822618 ], [ -68.055434320404188, -16.53984945554998 ], [ -68.05543435998915, -16.539841320705129 ], [ -68.055439982485723, -16.539841346159722 ], [ -68.055439969290802, -16.53984405777468 ], [ -68.055442780539124, -16.539844070501925 ], [ -68.055442740954518, -16.539852205346811 ], [ -68.055445552202968, -16.539852218074024 ], [ -68.055445539008133, -16.539854929688985 ], [ -68.055451174699854, -16.539852243528337 ], [ -68.055451201089369, -16.539846820298404 ], [ -68.055454012337748, -16.5398468330255 ], [ -68.05545399914304, -16.539849544640468 ], [ -68.055462432888291, -16.539849582821532 ], [ -68.055462419693683, -16.539852294436511 ], [ -68.055465230942147, -16.539852307163457 ], [ -68.055465244136698, -16.539849595548478 ], [ -68.055468055385134, -16.539849608275389 ], [ -68.055468160941174, -16.539827915355534 ], [ -68.055465349693065, -16.539827902628645 ], [ -68.055465402471185, -16.539817056168701 ], [ -68.055471024967105, -16.539817081622431 ] ] ] } },
{ "type": "Feature", "properties": { "id": 122, "instance": 168, "mean_prob": 0.889, "area_m2": 102.9, "rgb_split": false, "needs_review": false, "split_confidence": "unsplit" }, "geometry": { "type": "Polygon", "coordinates": [ [ [ -68.055729752125387, -16.539799271023767 ], [ -68.055729738934573, -16.539801982638963 ], [ -68.055735361430479, -16.539802008085548 ], [ -68.055735321858236, -16.539810142931142 ], [ -68.055729686171276, -16.539812829099752 ], [ -68.055729659789606, -16.539818252330132 ], [ -68.055726848541426, -16.539818239606774 ], [ -68.055726835350555, -16.539820951221959 ], [ -68.055721199663154, -16.539823637390302 ], [ -68.055721186472198, -16.539826349005498 ], [ -68.05571837522389, -16.539826336282015 ], [ -68.055718362032906, -16.539829047897193 ], [ -68.055715550784555, -16.539829035173671 ], [ -68.055712713154065, -16.539834445680462 ], [ -68.055707077466096, -16.53983713184839 ], [ -68.055707064274927, -16.539839843463565 ], [ -68.055704253026462, -16.539839830739886 ], [ -68.055704239835251, -16.53984254235505 ], [ -68.05570142858673, -16.539842529631333 ], [ -68.055698590955643, -16.539847940137893 ], [ -68.055692955267091, -16.539850626305405 ], [ -68.055692942075709, -16.539853337920565 ], [ -68.055687306386929, -16.539856024087911 ], [ -68.055684468755231, -16.539861434594243 ], [ -68.055678846257692, -16.539861409146202 ], [ -68.055678833066111, -16.539864120761337 ], [ -68.055676021817305, -16.539864108037261 ], [ -68.055676008625667, -16.539866819652406 ], [ -68.055673197376834, -16.539866806928284 ], [ -68.055670359744582, -16.53987221743439 ], [ -68.055667548495663, -16.539872204710193 ], [ -68.055664710863169, -16.539877615216202 ], [ -68.055661899614179, -16.539877602491924 ], [ -68.055659061981444, -16.539883012997851 ], [ -68.055653439483308, -16.539882987549092 ], [ -68.055653413099407, -16.539888410779319 ], [ -68.055647777409092, -16.539891096945514 ], [ -68.055647764217042, -16.539893808560624 ], [ -68.05562808547262, -16.539893719488187 ], [ -68.0556280722803, -16.539896431103276 ], [ -68.055622436589445, -16.539899117268746 ], [ -68.05562519506924, -16.539909976453934 ], [ -68.055619559377945, -16.539912662619301 ], [ -68.05561953299302, -16.539918085849461 ], [ -68.05561672174349, -16.539918073124543 ], [ -68.055616708550986, -16.539920784739625 ], [ -68.055611072859264, -16.539923470904739 ], [ -68.055611059666674, -16.53992618251981 ], [ -68.055605423974711, -16.539928868684758 ], [ -68.05560541078205, -16.539931580299822 ], [ -68.055602599532321, -16.539931567574701 ], [ -68.055602586339617, -16.539934279189776 ], [ -68.055596950647299, -16.539936965354475 ], [ -68.05559693745451, -16.539939676969531 ], [ -68.055591301761979, -16.539942363134056 ], [ -68.055591288569104, -16.539945074749117 ], [ -68.055588477319205, -16.539945062023797 ], [ -68.055588464126288, -16.539947773638847 ], [ -68.055582828433387, -16.539950459803137 ], [ -68.055579990797341, -16.539955870307772 ], [ -68.055568745797132, -16.539955819405623 ], [ -68.055568758990347, -16.539953107790595 ], [ -68.055565947740334, -16.539953095064963 ], [ -68.055568811763109, -16.539942261330463 ], [ -68.055571623012966, -16.539942274056042 ], [ -68.055571675785529, -16.539931427595889 ], [ -68.055568864535843, -16.539931414870313 ], [ -68.055568904115361, -16.539923280025207 ], [ -68.055566092865789, -16.539923267299606 ], [ -68.055566119252205, -16.539917844069521 ], [ -68.055560509946503, -16.539915107003175 ], [ -68.055560536333061, -16.539909683773111 ], [ -68.055557725083688, -16.539909671047401 ], [ -68.055557751470303, -16.539904247817322 ], [ -68.055560562719606, -16.539904260543032 ], [ -68.055560602299408, -16.539896125697915 ], [ -68.055566237990931, -16.539893439534154 ], [ -68.055566251184118, -16.539890727919104 ], [ -68.055571886875427, -16.539888041755173 ], [ -68.055571900068529, -16.539885330140127 ], [ -68.055577535759596, -16.539882643976032 ], [ -68.055577548952613, -16.539879932360975 ], [ -68.055583171450522, -16.53987995781177 ], [ -68.055583184643453, -16.539877246196706 ], [ -68.055585995892386, -16.53987725892204 ], [ -68.055588833526997, -16.539871848417214 ], [ -68.055591644775845, -16.53987186114248 ], [ -68.055591657968662, -16.539869149527405 ], [ -68.055597293659005, -16.539866463362735 ], [ -68.055597306851737, -16.539863751747649 ], [ -68.055600118100472, -16.539863764472791 ], [ -68.055600131293147, -16.539861052857709 ], [ -68.055605766983163, -16.539858366692791 ], [ -68.055605780175753, -16.539855655077709 ], [ -68.055608591424388, -16.53985566780273 ], [ -68.05560860461695, -16.539852956187641 ], [ -68.055619849611318, -16.539853007087331 ], [ -68.055619862803724, -16.539850295472228 ], [ -68.055622674052273, -16.539850308197053 ], [ -68.055625511685463, -16.539844897691637 ], [ -68.055631134182448, -16.539844923141093 ], [ -68.055631147374683, -16.53984221152599 ], [ -68.055636783063733, -16.539839525360172 ], [ -68.055636796255882, -16.539836813745055 ], [ -68.055642431944719, -16.53983412757907 ], [ -68.055642445136783, -16.539831415963949 ], [ -68.055648067633399, -16.539831441412932 ], [ -68.055648080825378, -16.539828729797801 ], [ -68.055659339010319, -16.539826069080171 ], [ -68.055659352202127, -16.539823357465025 ], [ -68.055679030939601, -16.539823446534147 ], [ -68.055679044131139, -16.53982073491899 ], [ -68.055690289123874, -16.539820785814793 ], [ -68.05569030231527, -16.539818074199633 ], [ -68.055693113563422, -16.539818086923486 ], [ -68.055695951194181, -16.539812676416972 ], [ -68.055698762442262, -16.539812689140746 ], [ -68.05569877563353, -16.539809977525568 ], [ -68.055707209377658, -16.539810015696656 ], [ -68.055710047007892, -16.539804605189918 ], [ -68.055715669503854, -16.539804630637036 ], [ -68.055718507133776, -16.53979922013016 ], [ -68.055729752125387, -16.539799271023767 ] ] ] } },
{ "type": "Feature", "properties": { "id": 123, "instance": 140, "mean_prob": 0.984, "area_m2": 128.5, "rgb_split": true, "needs_review": true, "split_confidence": "medium" }, "geometry": { "type": "Polygon", "coordinates": [ [ [ -68.055178404420417, -16.539867278508119 ], [ -68.055178378023257, -16.539872701737611 ], [ -68.055184000520313, -16.539872727199157 ], [ -68.055183934527761, -16.539886285272903 ], [ -68.055186745776481, -16.539886298003623 ], [ -68.055189213865006, -16.539956812717605 ], [ -68.055192025114749, -16.539956825448311 ], [ -68.055191985519357, -16.539964960292512 ], [ -68.055189174269486, -16.539964947561796 ], [ -68.05518916107097, -16.539967659176526 ], [ -68.055180727321257, -16.539967620984147 ], [ -68.055180714122628, -16.53997033259887 ], [ -68.055138545373808, -16.539970141631841 ], [ -68.055138571772247, -16.539964718402462 ], [ -68.055141383022061, -16.539964731133857 ], [ -68.055141422619585, -16.53995659628977 ], [ -68.05513861136987, -16.539956583558386 ], [ -68.05513863776828, -16.539951160329004 ], [ -68.055133028468319, -16.539948423251428 ], [ -68.055133041667602, -16.539945711636737 ], [ -68.055127419168514, -16.539945686173713 ], [ -68.055127432367868, -16.539942974559018 ], [ -68.055121809868879, -16.539942949095849 ], [ -68.05512179666944, -16.539945660710533 ], [ -68.055113362920849, -16.539945622515486 ], [ -68.055113323322175, -16.539953757359502 ], [ -68.055110512072545, -16.539953744627734 ], [ -68.055110485673339, -16.539959167857084 ], [ -68.055104863173895, -16.539959142393428 ], [ -68.055104849974214, -16.539961854008091 ], [ -68.055073926227053, -16.539961713955261 ], [ -68.055071141377638, -16.539956277993674 ], [ -68.05506833012798, -16.539956265261338 ], [ -68.055068409329081, -16.539939995573498 ], [ -68.055065598079679, -16.539939982841137 ], [ -68.055065716881515, -16.539915578309351 ], [ -68.055062905632454, -16.539915565576969 ], [ -68.055063024434432, -16.539891161045155 ], [ -68.055068646931844, -16.539891186509831 ], [ -68.055068660131965, -16.539888474895172 ], [ -68.055071471380629, -16.539888487627454 ], [ -68.055071484580722, -16.539885776012792 ], [ -68.055077120277986, -16.539883089862585 ], [ -68.055077146677988, -16.539877666633249 ], [ -68.055099636666185, -16.539877768489461 ], [ -68.055102474314012, -16.539872357991943 ], [ -68.055108096810926, -16.539872383455528 ], [ -68.05510811001048, -16.53986967184084 ], [ -68.055113732507337, -16.539869697304276 ], [ -68.055113745706819, -16.539866985689574 ], [ -68.055172781923545, -16.539867253046435 ], [ -68.055172768724873, -16.539869964661175 ], [ -68.055178404420417, -16.539867278508119 ] ] ] } },
{ "type": "Feature", "properties": { "id": 124, "instance": 141, "mean_prob": 0.879, "area_m2": 25.5, "rgb_split": true, "needs_review": true, "split_confidence": "medium" }, "geometry": { "type": "Polygon", "coordinates": [ [ [ -68.055068409329081, -16.539939995573498 ], [ -68.05506833012798, -16.539956265261338 ], [ -68.055071141377638, -16.539956277993674 ], [ -68.055073926227053, -16.539961713955261 ], [ -68.055104849974214, -16.539961854008091 ], [ -68.055104863173895, -16.539959142393428 ], [ -68.055110485673339, -16.539959167857084 ], [ -68.055110512072545, -16.539953744627734 ], [ -68.055113323322175, -16.539953757359502 ], [ -68.055113362920849, -16.539945622515486 ], [ -68.05512179666944, -16.539945660710533 ], [ -68.055121809868879, -16.539942949095849 ], [ -68.055127432367868, -16.539942974559018 ], [ -68.055127419168514, -16.539945686173713 ], [ -68.055133041667602, -16.539945711636737 ], [ -68.055133028468319, -16.539948423251428 ], [ -68.05513863776828, -16.539951160329004 ], [ -68.05513861136987, -16.539956583558386 ], [ -68.055141422619585, -16.53995659628977 ], [ -68.055141383022061, -16.539964731133857 ], [ -68.055138571772247, -16.539964718402462 ], [ -68.055138545373808, -16.539970141631841 ], [ -68.055113244124783, -16.539970027047531 ], [ -68.055107568826401, -16.539980848042589 ], [ -68.055090701326236, -16.539980771650843 ], [ -68.055090688126342, -16.539983483265488 ], [ -68.055082254376174, -16.539983445069094 ], [ -68.055082241176152, -16.539986156683746 ], [ -68.055079429926067, -16.539986143951534 ], [ -68.055079469526234, -16.539978009107614 ], [ -68.055076658276278, -16.53997799637537 ], [ -68.055073873426579, -16.539972560413823 ], [ -68.055068250926794, -16.539972534949158 ], [ -68.055068264127001, -16.539969823334523 ], [ -68.055057019127659, -16.539969772404753 ], [ -68.055057032328023, -16.539967060790129 ], [ -68.055048598578651, -16.539967022592414 ], [ -68.055048611779128, -16.539964310977787 ], [ -68.055045800529385, -16.539964298245142 ], [ -68.055045853331407, -16.539953451786669 ], [ -68.05504304208182, -16.539953439053996 ], [ -68.05504310808449, -16.539939880980889 ], [ -68.055068409329081, -16.539939995573498 ] ] ] } },
{ "type": "Feature", "properties": { "id": 125, "instance": 174, "mean_prob": 0.959, "area_m2": 171.3, "rgb_split": false, "needs_review": false, "split_confidence": "unsplit" }, "geometry": { "type": "Polygon", "coordinates": [ [ [ -68.055293692002707, -16.539862377209637 ], [ -68.055293665608772, -16.539867800439325 ], [ -68.055304884209363, -16.53987327458572 ], [ -68.055304752241071, -16.539900390734129 ], [ -68.055307563490103, -16.539900403463243 ], [ -68.055307471112428, -16.53991938476711 ], [ -68.055310282361745, -16.539919397496195 ], [ -68.05531025596818, -16.539924820725869 ], [ -68.055313067217568, -16.539924833454926 ], [ -68.055313027627321, -16.539932968299436 ], [ -68.055301782629314, -16.53993291738297 ], [ -68.055301690250886, -16.539951898686738 ], [ -68.055304501500657, -16.53995191141593 ], [ -68.055304461909984, -16.539960046260404 ], [ -68.055310084409783, -16.539960071718678 ], [ -68.055310071212958, -16.5399627833335 ], [ -68.055315693712828, -16.539962808791632 ], [ -68.055315706909582, -16.539960097176802 ], [ -68.055324140659295, -16.53996013536371 ], [ -68.055324127462669, -16.539962846978543 ], [ -68.05533537246248, -16.53996289789389 ], [ -68.05533535926601, -16.539965609508737 ], [ -68.055340968569624, -16.539968346581038 ], [ -68.055340928980428, -16.539976481425587 ], [ -68.055338117730273, -16.539976468696867 ], [ -68.055338104533831, -16.539979180311711 ], [ -68.055340915784029, -16.539979193040431 ], [ -68.055340797016314, -16.540003597574014 ], [ -68.055273327003789, -16.540003292073838 ], [ -68.05527331380641, -16.540006003688625 ], [ -68.055264880054821, -16.540005965499564 ], [ -68.055264893252314, -16.540003253884787 ], [ -68.055256459500868, -16.540003215695393 ], [ -68.055256472698474, -16.540000504080616 ], [ -68.055253661448035, -16.540000491350742 ], [ -68.05525367464567, -16.53999777973597 ], [ -68.055250863395273, -16.53999776700606 ], [ -68.055248078540302, -16.539992331046577 ], [ -68.05524246923747, -16.539989593971818 ], [ -68.055242495633038, -16.539984170742283 ], [ -68.05523968438284, -16.539984158012228 ], [ -68.055239697580674, -16.539981446397473 ], [ -68.055234075080378, -16.539981420937263 ], [ -68.055234088278269, -16.539978709322504 ], [ -68.055225654527959, -16.539978671131916 ], [ -68.055225667725963, -16.539975959517164 ], [ -68.055220058423942, -16.539973222441841 ], [ -68.055220084820107, -16.539967799212327 ], [ -68.055211651070323, -16.539967761021199 ], [ -68.055211664268512, -16.539965049406447 ], [ -68.055208853018627, -16.539965036676001 ], [ -68.055209037793674, -16.539927074069489 ], [ -68.055203428493272, -16.539924336993789 ], [ -68.055200643640617, -16.539918901033762 ], [ -68.0551978323914, -16.539918888303198 ], [ -68.05519808315961, -16.539867367622836 ], [ -68.055214950650424, -16.539867444005392 ], [ -68.055214963848499, -16.539864732390619 ], [ -68.055226208842257, -16.539864783311561 ], [ -68.055226222040162, -16.539862071696767 ], [ -68.055293692002707, -16.539862377209637 ] ] ] } },
{ "type": "Feature", "properties": { "id": 126, "instance": 172, "mean_prob": 0.932, "area_m2": 127.6, "rgb_split": true, "needs_review": true, "split_confidence": "high" }, "geometry": { "type": "Polygon", "coordinates": [ [ [ -68.055487654958668, -16.539865967052652 ], [ -68.055487641764415, -16.539868678667638 ], [ -68.055490453013121, -16.539868691394258 ], [ -68.055490400236238, -16.539879537854219 ], [ -68.055493211485114, -16.53987955058081 ], [ -68.055493185096722, -16.539884973810793 ], [ -68.055495996345684, -16.539884986537352 ], [ -68.055495969957363, -16.539890409767331 ], [ -68.05549878120641, -16.539890422493858 ], [ -68.05549875481816, -16.539895845723844 ], [ -68.055501566067278, -16.539895858450336 ], [ -68.055501526485003, -16.539903993295308 ], [ -68.055504337734249, -16.539904006021771 ], [ -68.055501500096824, -16.539909416525298 ], [ -68.055504311346141, -16.539909429251765 ], [ -68.055504258569869, -16.539920275711722 ], [ -68.055507069819342, -16.539920288438161 ], [ -68.055507017043197, -16.539931134898112 ], [ -68.055504205793568, -16.539931122171669 ], [ -68.055504192599486, -16.539933833786659 ], [ -68.055507003849158, -16.539933846513104 ], [ -68.055506990655118, -16.539936558128097 ], [ -68.055509801904833, -16.539936570854504 ], [ -68.055512586766625, -16.539942006810854 ], [ -68.055518196072313, -16.539944743878493 ], [ -68.05551818287843, -16.539947455493497 ], [ -68.055520994128315, -16.539947468219761 ], [ -68.055523778990548, -16.539952904175983 ], [ -68.055529401490503, -16.539952929628342 ], [ -68.055529388296748, -16.539955641243335 ], [ -68.055532199546747, -16.539955653969461 ], [ -68.055534958022065, -16.539966513155559 ], [ -68.055540567328805, -16.53996925022264 ], [ -68.055540540941607, -16.539974673452651 ], [ -68.05554335219189, -16.539974686178642 ], [ -68.055543338998334, -16.539977397793649 ], [ -68.055548948305514, -16.539980134860514 ], [ -68.055548935112014, -16.539982846475525 ], [ -68.055546123861589, -16.539982833749608 ], [ -68.055546097474505, -16.539988256979626 ], [ -68.055543286224022, -16.539988244253664 ], [ -68.055543273030423, -16.53999095586866 ], [ -68.055537650529374, -16.539990930416621 ], [ -68.055537637335703, -16.539993642031614 ], [ -68.055532001640813, -16.539996328194416 ], [ -68.055531988447072, -16.539999039809405 ], [ -68.055526365945795, -16.539999014357047 ], [ -68.055526352751968, -16.540001725972036 ], [ -68.055520717056709, -16.540004412134508 ], [ -68.055520703862797, -16.540007123749479 ], [ -68.055517892612045, -16.540007111023165 ], [ -68.05551787941809, -16.54000982263814 ], [ -68.055512256916529, -16.540009797185391 ], [ -68.055509419277598, -16.540015207688903 ], [ -68.05549536302334, -16.540015144056145 ], [ -68.055495376217607, -16.540012432441181 ], [ -68.055489766910355, -16.540009695372866 ], [ -68.05548979329906, -16.540004272142962 ], [ -68.055486982048379, -16.540004259416229 ], [ -68.055487008437126, -16.539998836186307 ], [ -68.05548419718653, -16.539998823459552 ], [ -68.055481438713741, -16.539987964272942 ], [ -68.055478627463302, -16.539987951546117 ], [ -68.055478614268807, -16.539990663161056 ], [ -68.055475803018325, -16.539990650434188 ], [ -68.055475750240205, -16.540001496893982 ], [ -68.055470127738943, -16.540001471440107 ], [ -68.05547011454432, -16.54000418305505 ], [ -68.055458869541681, -16.54000413214683 ], [ -68.055458856346917, -16.540006843761756 ], [ -68.055456045096207, -16.54000683103461 ], [ -68.055453207455798, -16.540012241537273 ], [ -68.055450396205032, -16.540012228810042 ], [ -68.055450369815233, -16.540017652039889 ], [ -68.055447558564381, -16.540017639312623 ], [ -68.055444720923575, -16.540023049815137 ], [ -68.055436287170835, -16.540023011632965 ], [ -68.055436313561032, -16.540017588403146 ], [ -68.055433502310208, -16.540017575675684 ], [ -68.05543364745661, -16.539987747911656 ], [ -68.055430836206213, -16.53998773518418 ], [ -68.055431100108777, -16.539933502885749 ], [ -68.055428288859176, -16.539933490158283 ], [ -68.05542830205431, -16.539930778543347 ], [ -68.055431113303882, -16.539930791270809 ], [ -68.055431139694079, -16.539925368040958 ], [ -68.055433950943566, -16.539925380768384 ], [ -68.055434030113872, -16.539909111078778 ], [ -68.055431218864612, -16.539909098351362 ], [ -68.05543127164492, -16.539898251891614 ], [ -68.055453774832557, -16.539895642094827 ], [ -68.055453788027307, -16.539892930479869 ], [ -68.055465033023495, -16.539892981388029 ], [ -68.055465046218089, -16.53989026977305 ], [ -68.055467857467107, -16.539890282499996 ], [ -68.055467870661658, -16.539887570885025 ], [ -68.055473506354076, -16.539884884723822 ], [ -68.055473519548542, -16.539882173108847 ], [ -68.055479142046366, -16.539882198562452 ], [ -68.055479168435127, -16.539876775332488 ], [ -68.055476357186308, -16.539876762605708 ], [ -68.05547638357514, -16.539871339375754 ], [ -68.055473572326406, -16.539871326648942 ], [ -68.055473585520858, -16.53986861503396 ], [ -68.055479208018284, -16.539868640487548 ], [ -68.05547922121265, -16.539865928872565 ], [ -68.055487654958668, -16.539865967052652 ] ] ] } },
{ "type": "Feature", "properties": { "id": 127, "instance": 142, "mean_prob": 0.896, "area_m2": 20.7, "rgb_split": true, "needs_review": true, "split_confidence": "high" }, "geometry": { "type": "Polygon", "coordinates": [ [ [ -68.055166631475302, -16.53997569217357 ], [ -68.055166618276459, -16.539978403788272 ], [ -68.055172240776557, -16.53997842925029 ], [ -68.055172108788852, -16.540005545397396 ], [ -68.055169297538413, -16.540005532666381 ], [ -68.05516927114077, -16.540010955895788 ], [ -68.055166459890259, -16.540010943164731 ], [ -68.055166446691388, -16.54001365477944 ], [ -68.055158012939742, -16.540013616586037 ], [ -68.055157999740757, -16.540016328200725 ], [ -68.05515237723958, -16.54001630273827 ], [ -68.055152364040509, -16.540019014352961 ], [ -68.055146741539275, -16.540018988890342 ], [ -68.055146728340119, -16.540021700505022 ], [ -68.055135509736132, -16.540016226349984 ], [ -68.055135456938899, -16.540027072808673 ], [ -68.055132645688175, -16.540027060077158 ], [ -68.05513267208687, -16.540021636847808 ], [ -68.055129860836232, -16.540021624116257 ], [ -68.055129926833132, -16.540008066042898 ], [ -68.055127115582678, -16.540008053311318 ], [ -68.055127247576692, -16.539980937164572 ], [ -68.055124436326636, -16.539980924432978 ], [ -68.055124449526062, -16.539978212818301 ], [ -68.055152562026265, -16.53997834013256 ], [ -68.055152575225293, -16.539975628517865 ], [ -68.055166631475302, -16.53997569217357 ] ] ] } },
{ "type": "Feature", "properties": { "id": 128, "instance": 177, "mean_prob": 0.884, "area_m2": 37.2, "rgb_split": false, "needs_review": false, "split_confidence": "unsplit" }, "geometry": { "type": "Polygon", "coordinates": [ [ [ -68.055009175076762, -16.539980402404829 ], [ -68.05500913547364, -16.539988537248586 ], [ -68.055011946723695, -16.539988549981743 ], [ -68.055011880718638, -16.540002108054665 ], [ -68.054989390716628, -16.540002006188246 ], [ -68.054989324709936, -16.540015564261058 ], [ -68.054992135960376, -16.540015576994502 ], [ -68.054991964343202, -16.540050827983752 ], [ -68.054969474335664, -16.540050726114909 ], [ -68.054969487537321, -16.540048014500368 ], [ -68.054963865035546, -16.540047989032782 ], [ -68.05496387823726, -16.540045277418255 ], [ -68.054958268937369, -16.540042540335993 ], [ -68.054958282139168, -16.540039828721465 ], [ -68.05495265963765, -16.540039803253588 ], [ -68.054952686041403, -16.54003438002453 ], [ -68.054949874790722, -16.540034367290541 ], [ -68.054949980405922, -16.540012674374328 ], [ -68.054947169155554, -16.540012661640315 ], [ -68.054947221963246, -16.540001815182197 ], [ -68.054950033213458, -16.5400018279162 ], [ -68.054950125626561, -16.539982846614443 ], [ -68.05496137062633, -16.539982897550008 ], [ -68.054961357424617, -16.539985609164567 ], [ -68.054964168674601, -16.539985621898367 ], [ -68.054964181876272, -16.539982910283804 ], [ -68.054969804376171, -16.53998293575129 ], [ -68.054969817577742, -16.539980224136738 ], [ -68.055009175076762, -16.539980402404829 ] ] ] } },
{ "type": "Feature", "properties": { "id": 129, "instance": 143, "mean_prob": 0.953, "area_m2": 62.5, "rgb_split": true, "needs_review": true, "split_confidence": "high" }, "geometry": { "type": "Polygon", "coordinates": [ [ [ -68.055124449526062, -16.539978212818301 ], [ -68.055124436326636, -16.539980924432978 ], [ -68.055127247576692, -16.539980937164572 ], [ -68.055127115582678, -16.540008053311318 ], [ -68.055129926833132, -16.540008066042898 ], [ -68.055129860836232, -16.540021624116257 ], [ -68.05513267208687, -16.540021636847808 ], [ -68.055132645688175, -16.540027060077158 ], [ -68.055135456938899, -16.540027072808673 ], [ -68.055135179752796, -16.540084016716637 ], [ -68.0551295572497, -16.540083991253457 ], [ -68.055129570449139, -16.540081279638809 ], [ -68.055118325443146, -16.540081228712012 ], [ -68.055115487792378, -16.540086639209495 ], [ -68.055109865289225, -16.540086613745789 ], [ -68.05510702763813, -16.540092024243137 ], [ -68.05509859388323, -16.540091986047166 ], [ -68.055095809031428, -16.540086550085846 ], [ -68.055087375276784, -16.540086511889431 ], [ -68.055087388476807, -16.540083800274818 ], [ -68.055084577225301, -16.540083787542603 ], [ -68.055084735625982, -16.540051248167131 ], [ -68.055081924374946, -16.540051235434909 ], [ -68.055082109175828, -16.540013272830116 ], [ -68.055079297925346, -16.540013260097883 ], [ -68.055079429926067, -16.539986143951534 ], [ -68.055082241176152, -16.539986156683746 ], [ -68.055082254376174, -16.539983445069094 ], [ -68.055090688126342, -16.539983483265488 ], [ -68.055090701326236, -16.539980771650843 ], [ -68.055107568826401, -16.539980848042589 ], [ -68.055107582026054, -16.53997813642793 ], [ -68.055113204526037, -16.539978161891536 ], [ -68.055113191326456, -16.539980873506202 ], [ -68.055116002576511, -16.539980886237956 ], [ -68.055116015776051, -16.539978174623286 ], [ -68.055124449526062, -16.539978212818301 ] ] ] } },
{ "type": "Feature", "properties": { "id": 130, "instance": 179, "mean_prob": 0.724, "area_m2": 34.6, "rgb_split": false, "needs_review": false, "split_confidence": "unsplit" }, "geometry": { "type": "Polygon", "coordinates": [ [ [ -68.05532656920731, -16.540038784922647 ], [ -68.055326556010655, -16.540041496537473 ], [ -68.055340612266136, -16.540041560181699 ], [ -68.055340480301425, -16.540068676329955 ], [ -68.055337669049933, -16.540068663601161 ], [ -68.055337563477678, -16.540090356519698 ], [ -68.055340374729482, -16.540090369248507 ], [ -68.055340242764316, -16.540117485396639 ], [ -68.055337431512129, -16.540117472667806 ], [ -68.055337444708698, -16.540114761053001 ], [ -68.05533182220438, -16.540114735595228 ], [ -68.05533183540102, -16.540112023980427 ], [ -68.055326212896802, -16.540111998522509 ], [ -68.055323375251163, -16.540117409023086 ], [ -68.055312117045517, -16.540120069721407 ], [ -68.055312130242442, -16.540117358106624 ], [ -68.055309318990268, -16.540117345377414 ], [ -68.055309332187221, -16.540114633762627 ], [ -68.055303722879998, -16.540111896689325 ], [ -68.055303775668108, -16.540101050230184 ], [ -68.055300964416162, -16.540101037500879 ], [ -68.055301201962905, -16.540052228434664 ], [ -68.05529839071167, -16.540052215705352 ], [ -68.055298456696946, -16.540038657631378 ], [ -68.05532656920731, -16.540038784922647 ] ] ] } },
{ "type": "Feature", "properties": { "id": 131, "instance": 180, "mean_prob": 0.745, "area_m2": 17.7, "rgb_split": false, "needs_review": false, "split_confidence": "unsplit" }, "geometry": { "type": "Polygon", "coordinates": [ [ [ -68.055163424257998, -16.540057027883414 ], [ -68.055163411059056, -16.540059739498094 ], [ -68.055166222310277, -16.540059752229229 ], [ -68.055166143116764, -16.540076021917343 ], [ -68.055168954368241, -16.540076034648447 ], [ -68.055168835578158, -16.540100439180595 ], [ -68.05516602432634, -16.540100426449463 ], [ -68.055165984729499, -16.540108561293497 ], [ -68.055168795981416, -16.540108574024632 ], [ -68.055168769583588, -16.540113997253979 ], [ -68.055157498177408, -16.540119369558528 ], [ -68.055157511376493, -16.540116657943866 ], [ -68.055149077620371, -16.540116619749877 ], [ -68.055149090819569, -16.540113908135211 ], [ -68.05514627956758, -16.540113895403813 ], [ -68.055146332364501, -16.54010304894517 ], [ -68.055143521112669, -16.540103036213736 ], [ -68.055143547511193, -16.540097612984425 ], [ -68.055140736259432, -16.540097600252956 ], [ -68.055140762658027, -16.540092177023638 ], [ -68.055137951406351, -16.540092164292137 ], [ -68.055137925007685, -16.540097587521455 ], [ -68.055132302504205, -16.540097562058332 ], [ -68.055132315703617, -16.540094850443683 ], [ -68.055135126955321, -16.540094863175256 ], [ -68.055135166553427, -16.540086728331289 ], [ -68.055140802255892, -16.540084042179661 ], [ -68.055140881451564, -16.540067772491678 ], [ -68.055143692702885, -16.540067785223115 ], [ -68.055143719101352, -16.54006236199378 ], [ -68.055149354802978, -16.540059675841864 ], [ -68.055149368002134, -16.540056964227194 ], [ -68.055163424257998, -16.540057027883414 ] ] ] } },
{ "type": "Feature", "properties": { "id": 132, "instance": 181, "mean_prob": 0.766, "area_m2": 14.1, "rgb_split": false, "needs_review": false, "split_confidence": "unsplit" }, "geometry": { "type": "Polygon", "coordinates": [ [ [ -68.05524757702554, -16.540095372407311 ], [ -68.055247563827749, -16.540098084022052 ], [ -68.055250375079595, -16.540098096752079 ], [ -68.055250243101796, -16.540125212899483 ], [ -68.055247431849551, -16.540125200169435 ], [ -68.055247418651732, -16.540127911784165 ], [ -68.055219306129089, -16.540127784481566 ], [ -68.055219319327307, -16.540125072866857 ], [ -68.055213710021192, -16.540122335791178 ], [ -68.055213723219495, -16.540119624176466 ], [ -68.055210911967364, -16.540119611445931 ], [ -68.055210925165696, -16.540116899831222 ], [ -68.055205315859951, -16.540114162755337 ], [ -68.055205342256755, -16.54010873952593 ], [ -68.055208153508715, -16.54010875225654 ], [ -68.055208166707075, -16.54010604064182 ], [ -68.055213802409227, -16.540103354488195 ], [ -68.055216640057608, -16.540097943989252 ], [ -68.055227885064895, -16.540097994910802 ], [ -68.05522789826297, -16.540095283296075 ], [ -68.05524757702554, -16.540095372407311 ] ] ] } }
]
}
